Setting up Multi Scale Gradient loss...
Done
Path s2d_checkpoints/train_s2d_SpikeTransformer_rtx5090_20260305 already exists, auto-switching run name to train_s2d_SpikeTransformer_rtx5090_20260305_20260306_044356
Found 5 samples in /root/shared-nvme/spikemamba/DENSE-spike/DENSE/train
Found 1 samples in /root/shared-nvme/spikemamba/DENSE-spike/DENSE/validation
-----  [3, 6, 12]
Trainable parameters: 18105985
S2DepthTransformerUNetConv(
  (encoder): LongSpikeStreamEncoderConv(
    (backbone): Mamba3DEncoder(
      (patch_embed): Conv3d(1, 96, kernel_size=(32, 2, 2), stride=(32, 2, 2))
      (stages): ModuleList(
        (0): MambaStage(
          (blocks): Sequential(
            (0): ST_Mamba_Block(
              (norm1): LayerNorm((96,), eps=1e-05, elementwise_affine=True)
              (mamba): Mamba(
                (proj_in): Linear(in_features=96, out_features=96, bias=True)
                (act): GELU(approximate='none')
                (proj_out): Linear(in_features=96, out_features=96, bias=True)
              )
              (norm2): LayerNorm((96,), eps=1e-05, elementwise_affine=True)
              (mlp): Sequential(
                (0): Linear(in_features=96, out_features=384, bias=True)
                (1): GELU(approximate='none')
                (2): Linear(in_features=384, out_features=96, bias=True)
              )
            )
            (1): ST_Mamba_Block(
              (norm1): LayerNorm((96,), eps=1e-05, elementwise_affine=True)
              (mamba): Mamba(
                (proj_in): Linear(in_features=96, out_features=96, bias=True)
                (act): GELU(approximate='none')
                (proj_out): Linear(in_features=96, out_features=96, bias=True)
              )
              (norm2): LayerNorm((96,), eps=1e-05, elementwise_affine=True)
              (mlp): Sequential(
                (0): Linear(in_features=96, out_features=384, bias=True)
                (1): GELU(approximate='none')
                (2): Linear(in_features=384, out_features=96, bias=True)
              )
            )
          )
        )
        (1): MambaStage(
          (blocks): Sequential(
            (0): ST_Mamba_Block(
              (norm1): LayerNorm((192,), eps=1e-05, elementwise_affine=True)
              (mamba): Mamba(
                (proj_in): Linear(in_features=192, out_features=192, bias=True)
                (act): GELU(approximate='none')
                (proj_out): Linear(in_features=192, out_features=192, bias=True)
              )
              (norm2): LayerNorm((192,), eps=1e-05, elementwise_affine=True)
              (mlp): Sequential(
                (0): Linear(in_features=192, out_features=768, bias=True)
                (1): GELU(approximate='none')
                (2): Linear(in_features=768, out_features=192, bias=True)
              )
            )
            (1): ST_Mamba_Block(
              (norm1): LayerNorm((192,), eps=1e-05, elementwise_affine=True)
              (mamba): Mamba(
                (proj_in): Linear(in_features=192, out_features=192, bias=True)
                (act): GELU(approximate='none')
                (proj_out): Linear(in_features=192, out_features=192, bias=True)
              )
              (norm2): LayerNorm((192,), eps=1e-05, elementwise_affine=True)
              (mlp): Sequential(
                (0): Linear(in_features=192, out_features=768, bias=True)
                (1): GELU(approximate='none')
                (2): Linear(in_features=768, out_features=192, bias=True)
              )
            )
          )
        )
        (2): MambaStage(
          (blocks): Sequential(
            (0): ST_Mamba_Block(
              (norm1): LayerNorm((384,), eps=1e-05, elementwise_affine=True)
              (mamba): Mamba(
                (proj_in): Linear(in_features=384, out_features=384, bias=True)
                (act): GELU(approximate='none')
                (proj_out): Linear(in_features=384, out_features=384, bias=True)
              )
              (norm2): LayerNorm((384,), eps=1e-05, elementwise_affine=True)
              (mlp): Sequential(
                (0): Linear(in_features=384, out_features=1536, bias=True)
                (1): GELU(approximate='none')
                (2): Linear(in_features=1536, out_features=384, bias=True)
              )
            )
            (1): ST_Mamba_Block(
              (norm1): LayerNorm((384,), eps=1e-05, elementwise_affine=True)
              (mamba): Mamba(
                (proj_in): Linear(in_features=384, out_features=384, bias=True)
                (act): GELU(approximate='none')
                (proj_out): Linear(in_features=384, out_features=384, bias=True)
              )
              (norm2): LayerNorm((384,), eps=1e-05, elementwise_affine=True)
              (mlp): Sequential(
                (0): Linear(in_features=384, out_features=1536, bias=True)
                (1): GELU(approximate='none')
                (2): Linear(in_features=1536, out_features=384, bias=True)
              )
            )
            (2): ST_Mamba_Block(
              (norm1): LayerNorm((384,), eps=1e-05, elementwise_affine=True)
              (mamba): Mamba(
                (proj_in): Linear(in_features=384, out_features=384, bias=True)
                (act): GELU(approximate='none')
                (proj_out): Linear(in_features=384, out_features=384, bias=True)
              )
              (norm2): LayerNorm((384,), eps=1e-05, elementwise_affine=True)
              (mlp): Sequential(
                (0): Linear(in_features=384, out_features=1536, bias=True)
                (1): GELU(approximate='none')
                (2): Linear(in_features=1536, out_features=384, bias=True)
              )
            )
            (3): ST_Mamba_Block(
              (norm1): LayerNorm((384,), eps=1e-05, elementwise_affine=True)
              (mamba): Mamba(
                (proj_in): Linear(in_features=384, out_features=384, bias=True)
                (act): GELU(approximate='none')
                (proj_out): Linear(in_features=384, out_features=384, bias=True)
              )
              (norm2): LayerNorm((384,), eps=1e-05, elementwise_affine=True)
              (mlp): Sequential(
                (0): Linear(in_features=384, out_features=1536, bias=True)
                (1): GELU(approximate='none')
                (2): Linear(in_features=1536, out_features=384, bias=True)
              )
            )
            (4): ST_Mamba_Block(
              (norm1): LayerNorm((384,), eps=1e-05, elementwise_affine=True)
              (mamba): Mamba(
                (proj_in): Linear(in_features=384, out_features=384, bias=True)
                (act): GELU(approximate='none')
                (proj_out): Linear(in_features=384, out_features=384, bias=True)
              )
              (norm2): LayerNorm((384,), eps=1e-05, elementwise_affine=True)
              (mlp): Sequential(
                (0): Linear(in_features=384, out_features=1536, bias=True)
                (1): GELU(approximate='none')
                (2): Linear(in_features=1536, out_features=384, bias=True)
              )
            )
            (5): ST_Mamba_Block(
              (norm1): LayerNorm((384,), eps=1e-05, elementwise_affine=True)
              (mamba): Mamba(
                (proj_in): Linear(in_features=384, out_features=384, bias=True)
                (act): GELU(approximate='none')
                (proj_out): Linear(in_features=384, out_features=384, bias=True)
              )
              (norm2): LayerNorm((384,), eps=1e-05, elementwise_affine=True)
              (mlp): Sequential(
                (0): Linear(in_features=384, out_features=1536, bias=True)
                (1): GELU(approximate='none')
                (2): Linear(in_features=1536, out_features=384, bias=True)
              )
            )
          )
        )
      )
      (downsamples): ModuleList(
        (0): Conv3d(96, 192, kernel_size=(1, 2, 2), stride=(1, 2, 2))
        (1): Conv3d(192, 384, kernel_size=(1, 2, 2), stride=(1, 2, 2))
      )
    )
    (conv_layers): ModuleList(
      (0): ModuleList(
        (0-3): 4 x Conv2d(96, 24, kernel_size=(1, 1), stride=(1, 1))
      )
      (1): ModuleList(
        (0-3): 4 x Conv2d(192, 48, kernel_size=(1, 1), stride=(1, 1))
      )
      (2): ModuleList(
        (0-3): 4 x Conv2d(384, 96, kernel_size=(1, 1), stride=(1, 1))
      )
    )
  )
  (resblocks): ModuleList(
    (0-1): 2 x ResidualBlock(
      (conv1): Conv2d(384, 384, kernel_size=(3, 3), stride=(1, 1), padding=(1, 1))
      (relu): ReLU()
      (conv2): Conv2d(384, 384, kernel_size=(3, 3), stride=(1, 1), padding=(1, 1))
    )
  )
  (decoders): ModuleList(
    (0): UpsampleConvLayer(
      (conv2d): Conv2d(384, 192, kernel_size=(5, 5), stride=(1, 1), padding=(2, 2))
    )
    (1): UpsampleConvLayer(
      (conv2d): Conv2d(192, 96, kernel_size=(5, 5), stride=(1, 1), padding=(2, 2))
    )
    (2): UpsampleConvLayer(
      (conv2d): Conv2d(96, 48, kernel_size=(5, 5), stride=(1, 1), padding=(2, 2))
    )
  )
  (pred): ConvLayer(
    (conv2d): Conv2d(48, 1, kernel_size=(1, 1), stride=(1, 1))
  )
)
Model Initialized
Using scale_invariant_loss with config {'weight': 1.0, 'n_lambda': 1.0}
Will not use phased architecture
Using Multi Scale Gradient loss with weight=0.25
Will not use MSE loss
all losses in batch in validation:  {'loss': [0.267195463180542, 0.2726111114025116, 0.2625332772731781, 0.24356681108474731, 0.19093690812587738, 0.15953510999679565, 0.1557334065437317, 0.15023712813854218, 0.11699853092432022, 0.1227894276380539, 0.1056576818227768, 0.08035710453987122, 0.08549383282661438, 0.08411836624145508, 0.0793277695775032, 0.08037576079368591, 0.07575733959674835, 0.06863776594400406, 0.08138696849346161, 0.10081321746110916, 0.09802078455686569, 0.10123500227928162, 0.10857238620519638, 0.10923338681459427, 0.12194289267063141, 0.12383593618869781, 0.11756117641925812, 0.12474966049194336, 0.12741664052009583, 0.13633298873901367, 0.1464555859565735, 0.13568250834941864, 0.11496603488922119, 0.11212649941444397, 0.13120928406715393, 0.10201254487037659, 0.08066666126251221, 0.08962126076221466, 0.1062968522310257, 0.11456703394651413, 0.11904551833868027, 0.1269104778766632, 0.13462896645069122, 0.12495855987071991, 0.1265840381383896, 0.1278485804796219, 0.12666678428649902, 0.1250534951686859, 0.12140136957168579, 0.11556071788072586, 0.11325134336948395, 0.11680755019187927, 0.13492949306964874, 0.1613759547472, 0.17338891327381134, 0.1706855595111847, 0.16751369833946228, 0.16243068873882294, 0.1608418971300125, 0.16844892501831055, 0.1628572791814804, 0.13958775997161865, 0.11965900659561157, 0.11822474747896194, 0.11807720363140106, 0.12734587490558624, 0.1504388451576233, 0.16402697563171387, 0.16813355684280396, 0.16098357737064362, 0.1736810803413391, 0.16879937052726746, 0.17242273688316345, 0.24187880754470825, 0.2533256411552429, 0.24574586749076843, 0.19857628643512726, 0.19157689809799194, 0.18657928705215454, 0.15554195642471313, 0.1557275652885437, 0.1761610209941864, 0.12996260821819305, 0.10692346841096878, 0.09148731827735901, 0.07760170102119446, 0.08287887275218964, 0.08642818033695221, 0.09469310939311981, 0.11995179951190948, 0.1118755042552948, 0.09064266085624695, 0.0940542072057724, 0.09452295303344727, 0.08518533408641815, 0.11595571041107178, 0.15186262130737305, 0.16429144144058228, 0.15579240024089813, 0.13763751089572906, 0.1253831833600998, 0.14551296830177307, 0.18433904647827148, 0.1992601752281189, 0.19595973193645477, 0.1864374428987503, 0.18351781368255615, 0.17233848571777344, 0.17920124530792236, 0.1859460324048996, 0.19719025492668152, 0.20832638442516327, 0.23604264855384827, 0.2508966326713562, 0.24118846654891968, 0.23869264125823975, 0.24662619829177856, 0.258863627910614, 0.25572168827056885, 0.2275652289390564, 0.20837242901325226, 0.1966695487499237, 0.18270346522331238, 0.15418216586112976, 0.12760376930236816], 'L_si': [0.13592126965522766, 0.1366475522518158, 0.12685295939445496, 0.11136358976364136, 0.07825443148612976, 0.06337380409240723, 0.06113153696060181, 0.053808629512786865, 0.03520703315734863, 0.041801244020462036, 0.03369048237800598, 0.01962396502494812, 0.02206405997276306, 0.02051892876625061, 0.0190201997756958, 0.019234657287597656, 0.017186254262924194, 0.014256298542022705, 0.019830167293548584, 0.029034018516540527, 0.02606499195098877, 0.026607394218444824, 0.02742534875869751, 0.02823004126548767, 0.035971760749816895, 0.03555643558502197, 0.03233528137207031, 0.037303149700164795, 0.04242449998855591, 0.04656460881233215, 0.051735639572143555, 0.04470852017402649, 0.03267797827720642, 0.029669761657714844, 0.04359471797943115, 0.025607764720916748, 0.021199077367782593, 0.03310653567314148, 0.044111549854278564, 0.04890751838684082, 0.04960131645202637, 0.052617430686950684, 0.057068586349487305, 0.05117553472518921, 0.05152064561843872, 0.051350295543670654, 0.05073070526123047, 0.05030250549316406, 0.049637556076049805, 0.04674267768859863, 0.046676576137542725, 0.05060887336730957, 0.060828566551208496, 0.07821342349052429, 0.08543488383293152, 0.08353707194328308, 0.08030858635902405, 0.07586938142776489, 0.07530403137207031, 0.07842063903808594, 0.07404938340187073, 0.06059470772743225, 0.04947316646575928, 0.04860132932662964, 0.04551953077316284, 0.04842403531074524, 0.061523377895355225, 0.06961143016815186, 0.07050532102584839, 0.061393141746520996, 0.06589281558990479, 0.06306490302085876, 0.06546154618263245, 0.11615893244743347, 0.12891420722007751, 0.12010031938552856, 0.08451321721076965, 0.08039391040802002, 0.0754680335521698, 0.06279957294464111, 0.061882197856903076, 0.07289639115333557, 0.04546138644218445, 0.034314095973968506, 0.024312615394592285, 0.020798206329345703, 0.023322582244873047, 0.026280999183654785, 0.030097931623458862, 0.043451011180877686, 0.03976401686668396, 0.02770969271659851, 0.026379942893981934, 0.02530956268310547, 0.02540525794029236, 0.042664915323257446, 0.06427806615829468, 0.06993699073791504, 0.05927720665931702, 0.04911044239997864, 0.04425114393234253, 0.05572396516799927, 0.0805407464504242, 0.0896853506565094, 0.08559337258338928, 0.07896789908409119, 0.07430565357208252, 0.06492722034454346, 0.068428635597229, 0.0739605724811554, 0.08069616556167603, 0.08781620860099792, 0.10891380906105042, 0.1180030107498169, 0.11342588067054749, 0.11195948719978333, 0.11748334765434265, 0.12884047627449036, 0.12787777185440063, 0.10761499404907227, 0.094246506690979, 0.08718511462211609, 0.08004042506217957, 0.06557056307792664, 0.05417010188102722], 'L_grad': [0.13127420842647552, 0.1359635591506958, 0.13568031787872314, 0.13220322132110596, 0.11268247663974762, 0.09616130590438843, 0.09460186958312988, 0.09642849862575531, 0.08179149776697159, 0.08098818361759186, 0.07196719944477081, 0.060733139514923096, 0.06342977285385132, 0.06359943747520447, 0.060307569801807404, 0.06114109978079796, 0.058571089059114456, 0.054381467401981354, 0.061556801199913025, 0.07177919894456863, 0.07195579260587692, 0.07462760806083679, 0.08114703744649887, 0.0810033455491066, 0.08597113192081451, 0.08827950060367584, 0.0852258950471878, 0.08744651079177856, 0.08499214053153992, 0.08976838737726212, 0.09471995383501053, 0.09097398817539215, 0.08228805661201477, 0.08245673775672913, 0.08761455863714218, 0.07640478014945984, 0.059467583894729614, 0.05651472881436348, 0.06218530237674713, 0.06565951555967331, 0.0694442018866539, 0.07429304718971252, 0.07756038010120392, 0.0737830251455307, 0.07506339251995087, 0.07649828493595123, 0.07593607157468796, 0.07475098222494125, 0.07176381349563599, 0.06881804019212723, 0.06657476723194122, 0.0661986768245697, 0.07410092651844025, 0.08316253125667572, 0.08795402944087982, 0.08714849501848221, 0.08720511198043823, 0.08656130731105804, 0.0855378657579422, 0.09002827852964401, 0.08880789577960968, 0.0789930522441864, 0.0701858401298523, 0.0696234181523323, 0.07255767285823822, 0.078921839594841, 0.08891546726226807, 0.09441554546356201, 0.09762823581695557, 0.09959043562412262, 0.10778826475143433, 0.10573446750640869, 0.106961190700531, 0.12571987509727478, 0.1244114488363266, 0.12564554810523987, 0.1140630692243576, 0.11118298023939133, 0.11111125349998474, 0.09274238348007202, 0.09384536743164062, 0.10326462984085083, 0.0845012217760086, 0.07260937243700027, 0.06717470288276672, 0.056803494691848755, 0.05955629423260689, 0.06014718487858772, 0.06459517776966095, 0.0765007883310318, 0.07211148738861084, 0.06293296813964844, 0.06767426431179047, 0.0692133903503418, 0.059780072420835495, 0.07329079508781433, 0.08758454769849777, 0.09435445070266724, 0.09651519358158112, 0.08852706849575043, 0.08113203942775726, 0.0897890105843544, 0.1037982925772667, 0.1095748171210289, 0.11036635935306549, 0.10746954381465912, 0.10921216011047363, 0.10741126537322998, 0.11077261716127396, 0.1119854599237442, 0.1164940819144249, 0.12051017582416534, 0.12712883949279785, 0.1328936368227005, 0.1277625858783722, 0.12673315405845642, 0.1291428506374359, 0.13002315163612366, 0.1278439164161682, 0.11995023488998413, 0.11412592232227325, 0.10948444157838821, 0.10266304016113281, 0.08861160278320312, 0.07343367487192154]}
Saving current best: model_best.pth.tar ...
all losses in batch in validation:  {'loss': [0.110403873026371, 0.10998561978340149, 0.09862430393695831, 0.07677526772022247, 0.06172867864370346, 0.05818852037191391, 0.07417704164981842, 0.08545413613319397, 0.10007314383983612, 0.08933159708976746, 0.0823415070772171, 0.08198829740285873, 0.08732183277606964, 0.08198895305395126, 0.07324407994747162, 0.07731792330741882, 0.07926580309867859, 0.07877372950315475, 0.09357592463493347, 0.10762029886245728, 0.07786080241203308, 0.08104010671377182, 0.08399049937725067, 0.07473128288984299, 0.08135922253131866, 0.08847390115261078, 0.08852021396160126, 0.09269073605537415, 0.10083188116550446, 0.1258714199066162, 0.15538007020950317, 0.15597599744796753, 0.11989308893680573, 0.07405821979045868, 0.11059365421533585, 0.13350676000118256, 0.11078563332557678, 0.0700506716966629, 0.06180472671985626, 0.03748183697462082, 0.038784995675086975, 0.04300062358379364, 0.05927332490682602, 0.04354501888155937, 0.043178290128707886, 0.04533713310956955, 0.04737132042646408, 0.04403573274612427, 0.04161404073238373, 0.04178396612405777, 0.039071351289749146, 0.04131067544221878, 0.04979575425386429, 0.0638963133096695, 0.07122494280338287, 0.07207417488098145, 0.0682172104716301, 0.06648780405521393, 0.07037696242332458, 0.07268699258565903, 0.0637759193778038, 0.05398932099342346, 0.04815797880291939, 0.05031668022274971, 0.0570954792201519, 0.06241493672132492, 0.07945674657821655, 0.08769100904464722, 0.09984782338142395, 0.09666064381599426, 0.09719113260507584, 0.10868620872497559, 0.12604975700378418, 0.17032156884670258, 0.18525490164756775, 0.18489287793636322, 0.1575385481119156, 0.14754165709018707, 0.10577193647623062, 0.08338209986686707, 0.08696051687002182, 0.09786015003919601, 0.08309615403413773, 0.07224754244089127, 0.07263621687889099, 0.046310920268297195, 0.05382375419139862, 0.06642471998929977, 0.07847730815410614, 0.12108668684959412, 0.10015697032213211, 0.06386132538318634, 0.06890377402305603, 0.07823771238327026, 0.05189209803938866, 0.05175863951444626, 0.06746789067983627, 0.09827674180269241, 0.09674937278032303, 0.06575305759906769, 0.06615820527076721, 0.08344315737485886, 0.11669750511646271, 0.1219913586974144, 0.11412124335765839, 0.1019924208521843, 0.1004132628440857, 0.09446452558040619, 0.10729074478149414, 0.12562818825244904, 0.12417677789926529, 0.12023773789405823, 0.1316542774438858, 0.14509008824825287, 0.1303085833787918, 0.13596582412719727, 0.14158539474010468, 0.16606973111629486, 0.17139151692390442, 0.14603467285633087, 0.12603336572647095, 0.1273142248392105, 0.1187189370393753, 0.10685722529888153, 0.09171437472105026], 'L_si': [0.03586439788341522, 0.03498658537864685, 0.027375400066375732, 0.015025168657302856, 0.010511636734008789, 0.010413020849227905, 0.0152834951877594, 0.01877617835998535, 0.02697370946407318, 0.024940699338912964, 0.021448522806167603, 0.021039575338363647, 0.024590566754341125, 0.022092759609222412, 0.0174027681350708, 0.019834041595458984, 0.02147895097732544, 0.02263396978378296, 0.029769718647003174, 0.03424040973186493, 0.01657465100288391, 0.018511980772018433, 0.018938958644866943, 0.0146714448928833, 0.018393278121948242, 0.019170254468917847, 0.019644618034362793, 0.02296137809753418, 0.029765784740447998, 0.04579192399978638, 0.058138325810432434, 0.05673454701900482, 0.03584769368171692, 0.01324319839477539, 0.028036952018737793, 0.03415709733963013, 0.028194546699523926, 0.013313502073287964, 0.013117611408233643, 0.004202723503112793, 0.0044175684452056885, 0.005481451749801636, 0.010706573724746704, 0.005502074956893921, 0.005709230899810791, 0.006558030843734741, 0.007208913564682007, 0.006420642137527466, 0.005977213382720947, 0.0059368908405303955, 0.005216866731643677, 0.005701988935470581, 0.008528053760528564, 0.01331871747970581, 0.01651233434677124, 0.01648736000061035, 0.015229463577270508, 0.013184219598770142, 0.015764355659484863, 0.016022592782974243, 0.01164957880973816, 0.008616864681243896, 0.007567167282104492, 0.008705049753189087, 0.01090162992477417, 0.012856513261795044, 0.020262420177459717, 0.02348703145980835, 0.026492640376091003, 0.024890437722206116, 0.025751769542694092, 0.03041650354862213, 0.03746002912521362, 0.06945471465587616, 0.08517664670944214, 0.08342649042606354, 0.06247897446155548, 0.055160194635391235, 0.03382919728755951, 0.02639240026473999, 0.025919273495674133, 0.031571075320243835, 0.024420052766799927, 0.019763976335525513, 0.017662107944488525, 0.0071305930614471436, 0.008490949869155884, 0.013785958290100098, 0.021699219942092896, 0.04426558315753937, 0.030975282192230225, 0.01273810863494873, 0.015422523021697998, 0.019349336624145508, 0.009515076875686646, 0.01005294919013977, 0.016483306884765625, 0.03822970390319824, 0.030034363269805908, 0.014858663082122803, 0.015416860580444336, 0.024041354656219482, 0.04189552366733551, 0.043533921241760254, 0.03764520585536957, 0.030167698860168457, 0.02797044813632965, 0.024053260684013367, 0.0321962833404541, 0.042277708649635315, 0.039444416761398315, 0.03449350595474243, 0.04076412320137024, 0.0476408451795578, 0.043700382113456726, 0.04713498055934906, 0.04924175143241882, 0.06509099900722504, 0.06951090693473816, 0.05562658607959747, 0.04454733431339264, 0.04702463746070862, 0.04263399541378021, 0.03678172826766968, 0.033486396074295044], 'L_grad': [0.07453947514295578, 0.07499903440475464, 0.07124890387058258, 0.06175009906291962, 0.05121704190969467, 0.047775499522686005, 0.05889354646205902, 0.06667795777320862, 0.07309943437576294, 0.06439089775085449, 0.0608929842710495, 0.06094872206449509, 0.06273126602172852, 0.05989619344472885, 0.05584131181240082, 0.05748388171195984, 0.05778685212135315, 0.056139759719371796, 0.0638062059879303, 0.07337988913059235, 0.06128614768385887, 0.06252812594175339, 0.06505154073238373, 0.060059837996959686, 0.06296594440937042, 0.06930364668369293, 0.06887559592723846, 0.06972935795783997, 0.07106609642505646, 0.08007949590682983, 0.09724173694849014, 0.09924145042896271, 0.0840453952550888, 0.06081502139568329, 0.08255670219659805, 0.09934966266155243, 0.08259108662605286, 0.05673717334866524, 0.04868711531162262, 0.033279113471508026, 0.03436742722988129, 0.037519171833992004, 0.048566751182079315, 0.03804294392466545, 0.037469059228897095, 0.03877910226583481, 0.040162406861782074, 0.0376150906085968, 0.03563682734966278, 0.035847075283527374, 0.03385448455810547, 0.0356086865067482, 0.041267700493335724, 0.05057759955525398, 0.054712604731321335, 0.055586814880371094, 0.05298774689435959, 0.05330358445644379, 0.05461260676383972, 0.056664399802684784, 0.05212634056806564, 0.045372456312179565, 0.040590811520814896, 0.04161163046956062, 0.04619384929537773, 0.04955842345952988, 0.059194326400756836, 0.06420397758483887, 0.07335518300533295, 0.07177020609378815, 0.07143936306238174, 0.07826970517635345, 0.08858972787857056, 0.10086685419082642, 0.10007824748754501, 0.10146638751029968, 0.09505957365036011, 0.09238146245479584, 0.07194273918867111, 0.056989699602127075, 0.06104124337434769, 0.06628907471895218, 0.0586761012673378, 0.05248356610536575, 0.05497410520911217, 0.03918032720685005, 0.04533280432224274, 0.052638761699199677, 0.056778088212013245, 0.07682110369205475, 0.06918168812990189, 0.05112321674823761, 0.05348125100135803, 0.058888375759124756, 0.04237702116370201, 0.04170569032430649, 0.05098458379507065, 0.06004703789949417, 0.06671500951051712, 0.050894398242235184, 0.050741344690322876, 0.059401802718639374, 0.0748019814491272, 0.07845743745565414, 0.07647603750228882, 0.07182472199201584, 0.07244281470775604, 0.07041126489639282, 0.07509446144104004, 0.08335047960281372, 0.08473236113786697, 0.0857442319393158, 0.09089015424251556, 0.09744924306869507, 0.08660820126533508, 0.08883083611726761, 0.09234364330768585, 0.10097873210906982, 0.10188060998916626, 0.0904080867767334, 0.0814860388636589, 0.08028958737850189, 0.07608494162559509, 0.07007549703121185, 0.05822797864675522]}
Saving current best: model_best.pth.tar ...
all losses in batch in validation:  {'loss': [0.05483844131231308, 0.054230112582445145, 0.050895072519779205, 0.05291876196861267, 0.05369378998875618, 0.05768996477127075, 0.05835878103971481, 0.0667906254529953, 0.06911654770374298, 0.05855398625135422, 0.053143568336963654, 0.04488462582230568, 0.04810616001486778, 0.04552169516682625, 0.046476103365421295, 0.05238953232765198, 0.05032370612025261, 0.04000159353017807, 0.05213409289717674, 0.06327737867832184, 0.05093960836529732, 0.06554219871759415, 0.06499233841896057, 0.05496268346905708, 0.05698063224554062, 0.06320228427648544, 0.06144971400499344, 0.054122135043144226, 0.04991850256919861, 0.06085067614912987, 0.058713674545288086, 0.059910789132118225, 0.056662801653146744, 0.057206228375434875, 0.07410851120948792, 0.07678785920143127, 0.06231924891471863, 0.04174719750881195, 0.044153109192848206, 0.044410914182662964, 0.04965817555785179, 0.04950053244829178, 0.05143532156944275, 0.0533924400806427, 0.05198981240391731, 0.05836028605699539, 0.06388656049966812, 0.05819486826658249, 0.055968888103961945, 0.05590951070189476, 0.052621617913246155, 0.05582759529352188, 0.059525713324546814, 0.05749860033392906, 0.053530775010585785, 0.04681960493326187, 0.03960680216550827, 0.04023709148168564, 0.04055948927998543, 0.04048685356974602, 0.036887794733047485, 0.035611577332019806, 0.03634342551231384, 0.037971895188093185, 0.03864356130361557, 0.04147396236658096, 0.05051654204726219, 0.05189819261431694, 0.051856208592653275, 0.05841139703989029, 0.058718953281641006, 0.07101713865995407, 0.07711431384086609, 0.11716354638338089, 0.15440499782562256, 0.15474921464920044, 0.10647022724151611, 0.1064601019024849, 0.08567813038825989, 0.06908620148897171, 0.0699242353439331, 0.07190711796283722, 0.06248459964990616, 0.055911168456077576, 0.05807587504386902, 0.03748726472258568, 0.04015909507870674, 0.04274407774209976, 0.0494256354868412, 0.07311201095581055, 0.056002289056777954, 0.046080783009529114, 0.05574837699532509, 0.06459829211235046, 0.042243171483278275, 0.04184854030609131, 0.06215398386120796, 0.0813324972987175, 0.059222765266895294, 0.04616189002990723, 0.04964415729045868, 0.05098941922187805, 0.0814741849899292, 0.0842171236872673, 0.07743966579437256, 0.06534883379936218, 0.06179533153772354, 0.057703178375959396, 0.08070959150791168, 0.09286149591207504, 0.0839691162109375, 0.08560089766979218, 0.10668963938951492, 0.11077800393104553, 0.085370272397995, 0.09348968416452408, 0.11846683919429779, 0.1516832709312439, 0.14149822294712067, 0.1110461950302124, 0.09510256350040436, 0.09124765545129776, 0.08164642751216888, 0.07257293909788132, 0.05925171077251434], 'L_si': [0.010084420442581177, 0.010044306516647339, 0.008772969245910645, 0.009561270475387573, 0.009901762008666992, 0.011203944683074951, 0.010877758264541626, 0.013926446437835693, 0.0156724750995636, 0.012623578310012817, 0.010417133569717407, 0.00785982608795166, 0.009484052658081055, 0.007713377475738525, 0.008342862129211426, 0.010642051696777344, 0.00937458872795105, 0.005595743656158447, 0.009911268949508667, 0.015254199504852295, 0.008462786674499512, 0.013284862041473389, 0.012486368417739868, 0.009255379438400269, 0.009901046752929688, 0.011073291301727295, 0.01092800498008728, 0.008759021759033203, 0.007723361253738403, 0.0114249587059021, 0.01053762435913086, 0.01068606972694397, 0.009545654058456421, 0.009218782186508179, 0.013709187507629395, 0.014788687229156494, 0.011215269565582275, 0.006415247917175293, 0.0071890950202941895, 0.007647842168807983, 0.009215027093887329, 0.008771836757659912, 0.009296834468841553, 0.00964498519897461, 0.00943005084991455, 0.011672109365463257, 0.014239400625228882, 0.012901276350021362, 0.01281273365020752, 0.013173729181289673, 0.012181669473648071, 0.013674557209014893, 0.01509973406791687, 0.01297008991241455, 0.011319130659103394, 0.008325695991516113, 0.005680590867996216, 0.005825132131576538, 0.005854547023773193, 0.005836069583892822, 0.004539847373962402, 0.004452556371688843, 0.004798322916030884, 0.005323261022567749, 0.005834311246871948, 0.0065950751304626465, 0.009579837322235107, 0.010083168745040894, 0.009714573621749878, 0.011884033679962158, 0.012236148118972778, 0.017529577016830444, 0.02098444104194641, 0.042627960443496704, 0.06896646320819855, 0.0665082335472107, 0.03663244843482971, 0.03483080863952637, 0.025070995092391968, 0.019349783658981323, 0.019323378801345825, 0.020761340856552124, 0.01711207628250122, 0.01333087682723999, 0.011309385299682617, 0.0049919188022613525, 0.005214601755142212, 0.005647331476211548, 0.008321136236190796, 0.019874632358551025, 0.012497395277023315, 0.007913976907730103, 0.010969847440719604, 0.014156699180603027, 0.006730943918228149, 0.0061411261558532715, 0.013050705194473267, 0.0253961980342865, 0.012159526348114014, 0.007291346788406372, 0.008555382490158081, 0.009088575839996338, 0.02280065417289734, 0.024834811687469482, 0.020123988389968872, 0.013806581497192383, 0.01266932487487793, 0.011381030082702637, 0.0210149884223938, 0.027304619550704956, 0.021423369646072388, 0.02114158868789673, 0.029534071683883667, 0.030413031578063965, 0.022015273571014404, 0.027561813592910767, 0.03968462347984314, 0.060932427644729614, 0.05524328351020813, 0.037979066371917725, 0.030001401901245117, 0.02942526340484619, 0.024527251720428467, 0.019994020462036133, 0.016303032636642456], 'L_grad': [0.0447540208697319, 0.044185806065797806, 0.04212210327386856, 0.0433574914932251, 0.04379202798008919, 0.0464860200881958, 0.04748102277517319, 0.05286417528986931, 0.05344407632946968, 0.0459304079413414, 0.042726434767246246, 0.03702479973435402, 0.03862210735678673, 0.03780831769108772, 0.03813324123620987, 0.041747480630874634, 0.04094911739230156, 0.03440584987401962, 0.042222823947668076, 0.04802317917346954, 0.042476821690797806, 0.05225733667612076, 0.0525059700012207, 0.045707304030656815, 0.04707958549261093, 0.05212899297475815, 0.05052170902490616, 0.04536311328411102, 0.042195141315460205, 0.04942571744322777, 0.04817605018615723, 0.049224719405174255, 0.04711714759469032, 0.0479874461889267, 0.06039931997656822, 0.06199917569756508, 0.05110397934913635, 0.03533194959163666, 0.036964014172554016, 0.03676307201385498, 0.04044314846396446, 0.040728695690631866, 0.042138487100601196, 0.04374745488166809, 0.04255976155400276, 0.046688176691532135, 0.04964715987443924, 0.04529359191656113, 0.043156154453754425, 0.04273578152060509, 0.040439948439598083, 0.04215303808450699, 0.044425979256629944, 0.04452851042151451, 0.04221164435148239, 0.03849390894174576, 0.033926211297512054, 0.0344119593501091, 0.034704942256212234, 0.034650783985853195, 0.03234794735908508, 0.031159020960330963, 0.03154510259628296, 0.032648634165525436, 0.03280925005674362, 0.03487888723611832, 0.040936704725027084, 0.04181502386927605, 0.0421416349709034, 0.04652736335992813, 0.04648280516266823, 0.05348756164312363, 0.05612987279891968, 0.07453558593988419, 0.08543853461742401, 0.08824098110198975, 0.0698377788066864, 0.07162929326295853, 0.06060713529586792, 0.04973641782999039, 0.05060086026787758, 0.051145777106285095, 0.04537252336740494, 0.042580291628837585, 0.0467664897441864, 0.032495345920324326, 0.03494449332356453, 0.037096746265888214, 0.041104499250650406, 0.05323737859725952, 0.04350489377975464, 0.03816680610179901, 0.044778529554605484, 0.050441596657037735, 0.035512227565050125, 0.03570741415023804, 0.049103278666734695, 0.055936299264431, 0.04706323891878128, 0.038870543241500854, 0.0410887748003006, 0.041900843381881714, 0.05867352709174156, 0.05938231199979782, 0.057315677404403687, 0.0515422523021698, 0.04912600666284561, 0.04632214829325676, 0.05969460681080818, 0.06555687636137009, 0.06254574656486511, 0.06445930898189545, 0.07715556770563126, 0.08036497235298157, 0.06335499882698059, 0.06592787057161331, 0.07878221571445465, 0.09075083583593369, 0.08625493943691254, 0.07306712865829468, 0.06510116159915924, 0.06182239204645157, 0.05711917206645012, 0.052578918635845184, 0.04294867813587189]}
Saving current best: model_best.pth.tar ...
all losses in batch in validation:  {'loss': [0.038414910435676575, 0.039282720535993576, 0.03674895688891411, 0.0377105176448822, 0.038590725511312485, 0.042590513825416565, 0.05362483859062195, 0.06507305800914764, 0.06821523606777191, 0.05521823465824127, 0.04839742183685303, 0.042967088520526886, 0.043987762182950974, 0.04336521774530411, 0.045930810272693634, 0.04722464829683304, 0.041724443435668945, 0.03997797146439552, 0.05102258920669556, 0.060661740601062775, 0.048679545521736145, 0.05878031998872757, 0.05587220564484596, 0.05414048954844475, 0.05399883911013603, 0.05968395620584488, 0.05956548452377319, 0.05345223844051361, 0.04830273240804672, 0.05601771920919418, 0.05826482176780701, 0.05261896550655365, 0.05322001874446869, 0.05702558904886246, 0.06844335794448853, 0.0747452825307846, 0.059621796011924744, 0.043827835470438004, 0.03620338812470436, 0.02935284562408924, 0.02909456193447113, 0.029677489772439003, 0.03086339309811592, 0.03117876686155796, 0.029893264174461365, 0.032270416617393494, 0.03466629981994629, 0.029926098883152008, 0.02876630425453186, 0.028566397726535797, 0.026965631172060966, 0.03006003051996231, 0.035302452743053436, 0.0383933000266552, 0.03831694275140762, 0.03587404638528824, 0.032779887318611145, 0.0349634625017643, 0.034558314830064774, 0.036901943385601044, 0.03503464162349701, 0.03480249643325806, 0.035645611584186554, 0.03750433400273323, 0.03963777422904968, 0.041532743722200394, 0.0487380214035511, 0.048987675458192825, 0.04931498318910599, 0.05601711571216583, 0.05620836094021797, 0.06730222702026367, 0.07502901554107666, 0.11974380165338516, 0.16347633302211761, 0.16589486598968506, 0.12495747208595276, 0.1156432181596756, 0.11745457351207733, 0.09554437547922134, 0.09298588335514069, 0.09314879775047302, 0.06857628375291824, 0.052214451134204865, 0.04717088118195534, 0.03827347606420517, 0.04049312695860863, 0.04176376760005951, 0.04842240363359451, 0.06501193344593048, 0.05035322159528732, 0.04630263149738312, 0.052122000604867935, 0.05528688430786133, 0.042249519377946854, 0.03700003772974014, 0.044081129133701324, 0.06449013948440552, 0.05012383311986923, 0.03812495246529579, 0.04015272110700607, 0.04487452283501625, 0.08070526272058487, 0.08117128163576126, 0.0717182382941246, 0.05988268554210663, 0.05958627164363861, 0.053948648273944855, 0.0758681520819664, 0.08858752995729446, 0.07936756312847137, 0.07752315700054169, 0.08435522764921188, 0.08231455832719803, 0.06723253428936005, 0.07873480021953583, 0.11109577864408493, 0.13380800187587738, 0.13350442051887512, 0.10311960428953171, 0.07931609451770782, 0.0851680338382721, 0.07689247280359268, 0.06860820949077606, 0.055523552000522614], 'L_si': [0.005917996168136597, 0.006171435117721558, 0.005633354187011719, 0.005903780460357666, 0.006099402904510498, 0.0071103572845458984, 0.009551048278808594, 0.013166457414627075, 0.014951467514038086, 0.011321812868118286, 0.00891488790512085, 0.007413029670715332, 0.008294880390167236, 0.0071253180503845215, 0.007982432842254639, 0.008745700120925903, 0.0066498517990112305, 0.00565028190612793, 0.009469002485275269, 0.013569653034210205, 0.008068323135375977, 0.01118767261505127, 0.009792298078536987, 0.009043335914611816, 0.008993923664093018, 0.009947448968887329, 0.010153144598007202, 0.008449316024780273, 0.007324874401092529, 0.00981786847114563, 0.010490477085113525, 0.008930385112762451, 0.009122848510742188, 0.009747982025146484, 0.012376993894577026, 0.014688879251480103, 0.010082006454467773, 0.006599307060241699, 0.00469970703125, 0.003217041492462158, 0.0034245848655700684, 0.003656536340713501, 0.003945380449295044, 0.003927111625671387, 0.003678649663925171, 0.004023432731628418, 0.0047692954540252686, 0.003636598587036133, 0.003208637237548828, 0.003122478723526001, 0.002923935651779175, 0.003950268030166626, 0.005674272775650024, 0.006655991077423096, 0.006936401128768921, 0.005714207887649536, 0.004682958126068115, 0.005079984664916992, 0.004749476909637451, 0.005233794450759888, 0.004270613193511963, 0.0043433308601379395, 0.004840970039367676, 0.005540400743484497, 0.006384760141372681, 0.00701102614402771, 0.009017139673233032, 0.009105384349822998, 0.009076923131942749, 0.011064708232879639, 0.011253654956817627, 0.015314102172851562, 0.01920369267463684, 0.04423569142818451, 0.07482123374938965, 0.07409206032752991, 0.04618692398071289, 0.038069307804107666, 0.039449542760849, 0.027642130851745605, 0.02748212218284607, 0.02936956286430359, 0.01870143413543701, 0.011836588382720947, 0.008217543363571167, 0.005242079496383667, 0.005347222089767456, 0.005513906478881836, 0.008603721857070923, 0.01553809642791748, 0.009788423776626587, 0.008452683687210083, 0.010113298892974854, 0.01115390658378601, 0.006718933582305908, 0.0051694512367248535, 0.007592827081680298, 0.019553810358047485, 0.009681880474090576, 0.005402714014053345, 0.005977660417556763, 0.007608592510223389, 0.024200618267059326, 0.024829640984535217, 0.018502026796340942, 0.012489765882492065, 0.012187600135803223, 0.01009330153465271, 0.019629627466201782, 0.026978299021720886, 0.02077198028564453, 0.018483266234397888, 0.020587190985679626, 0.019188061356544495, 0.015406370162963867, 0.020114630460739136, 0.03792625665664673, 0.055223122239112854, 0.05339951813220978, 0.03615114092826843, 0.023537635803222656, 0.02823925018310547, 0.02452296018600464, 0.02038562297821045, 0.01616835594177246], 'L_grad': [0.03249691426753998, 0.03311128541827202, 0.03111560270190239, 0.031806737184524536, 0.03249132260680199, 0.035480156540870667, 0.044073790311813354, 0.05190660059452057, 0.053263768553733826, 0.043896421790122986, 0.03948253393173218, 0.035554058849811554, 0.03569288179278374, 0.036239899694919586, 0.037948377430438995, 0.038478948175907135, 0.035074591636657715, 0.03432768955826759, 0.04155358672142029, 0.04709208756685257, 0.04061122238636017, 0.0475926473736763, 0.046079907566308975, 0.04509715363383293, 0.045004915446043015, 0.04973650723695755, 0.04941233992576599, 0.04500292241573334, 0.04097785800695419, 0.04619985073804855, 0.04777434468269348, 0.0436885803937912, 0.0440971702337265, 0.04727760702371597, 0.0560663640499115, 0.060056403279304504, 0.04953978955745697, 0.037228528410196304, 0.03150368109345436, 0.026135804131627083, 0.025669977068901062, 0.026020953431725502, 0.026918012648820877, 0.027251655235886574, 0.026214614510536194, 0.028246983885765076, 0.02989700436592102, 0.026289500296115875, 0.025557667016983032, 0.025443919003009796, 0.02404169552028179, 0.026109762489795685, 0.029628179967403412, 0.0317373089492321, 0.0313805416226387, 0.030159838497638702, 0.02809692732989788, 0.029883477836847305, 0.029808837920427322, 0.031668148934841156, 0.030764028429985046, 0.030459167435765266, 0.03080463968217373, 0.031963933259248734, 0.033253014087677, 0.034521717578172684, 0.03972088173031807, 0.03988229110836983, 0.04023806005716324, 0.044952407479286194, 0.044954705983400345, 0.05198812484741211, 0.05582532286643982, 0.07550811022520065, 0.08865509927272797, 0.09180279821157455, 0.07877054810523987, 0.07757391035556793, 0.07800503075122833, 0.06790224462747574, 0.06550376117229462, 0.06377923488616943, 0.04987484961748123, 0.04037786275148392, 0.03895333781838417, 0.0330313965678215, 0.03514590486884117, 0.03624986112117767, 0.03981868177652359, 0.0494738332927227, 0.040564797818660736, 0.037849947810173035, 0.04200870171189308, 0.04413297772407532, 0.035530585795640945, 0.03183058649301529, 0.03648830205202103, 0.04493633285164833, 0.040441952645778656, 0.03272223845124245, 0.03417506068944931, 0.03726593032479286, 0.05650464445352554, 0.056341640651226044, 0.05321621149778366, 0.04739291965961456, 0.04739867150783539, 0.043855346739292145, 0.05623852461576462, 0.06160923093557358, 0.05859558284282684, 0.0590398907661438, 0.06376803666353226, 0.06312649697065353, 0.05182616412639618, 0.05862017348408699, 0.0731695219874382, 0.07858487963676453, 0.08010490238666534, 0.06696846336126328, 0.05577845871448517, 0.05692877992987633, 0.05236951261758804, 0.04822259023785591, 0.03935519605875015]}
Saving current best: model_best.pth.tar ...
all losses in batch in validation:  {'loss': [0.04968082532286644, 0.048940885812044144, 0.04427054524421692, 0.04678728058934212, 0.046426836401224136, 0.0502924881875515, 0.06288833916187286, 0.06401364505290985, 0.0692376121878624, 0.05614873021841049, 0.04563707113265991, 0.04157770425081253, 0.04195769131183624, 0.04060092940926552, 0.04302316904067993, 0.04599013924598694, 0.03937684744596481, 0.0361771397292614, 0.045163627713918686, 0.05497753620147705, 0.046541567891836166, 0.05739513784646988, 0.05687064304947853, 0.05493786931037903, 0.05423540249466896, 0.06184867396950722, 0.0627279281616211, 0.05565529316663742, 0.047387514263391495, 0.051296819001436234, 0.05885293334722519, 0.05628384277224541, 0.05406399816274643, 0.05564558506011963, 0.06951798498630524, 0.07681876420974731, 0.0703037902712822, 0.06721044331789017, 0.061688270419836044, 0.04676499962806702, 0.04602482542395592, 0.046169012784957886, 0.04705791175365448, 0.049021631479263306, 0.04718963801860809, 0.05057007074356079, 0.053858548402786255, 0.051637426018714905, 0.05083756148815155, 0.051328398287296295, 0.05021573230624199, 0.05288185924291611, 0.05569704622030258, 0.05650372803211212, 0.055876269936561584, 0.05317702144384384, 0.047284506261348724, 0.047748222947120667, 0.04264679178595543, 0.03771452233195305, 0.035448137670755386, 0.037066180258989334, 0.03772023692727089, 0.03968287631869316, 0.04260244220495224, 0.043877340853214264, 0.04782094061374664, 0.047178007662296295, 0.048993125557899475, 0.055247653275728226, 0.05414273589849472, 0.05620362609624863, 0.05791335552930832, 0.09047335386276245, 0.1216437816619873, 0.13188675045967102, 0.1175086498260498, 0.09818341583013535, 0.07217177748680115, 0.07159117609262466, 0.07213333249092102, 0.07155314832925797, 0.060098208487033844, 0.05123650282621384, 0.04857346788048744, 0.03567573055624962, 0.03849314898252487, 0.039871230721473694, 0.04297725111246109, 0.056897278875112534, 0.043828874826431274, 0.043565813452005386, 0.049949731677770615, 0.05608077347278595, 0.043488334864377975, 0.04084184765815735, 0.053324755281209946, 0.06803993880748749, 0.05253421887755394, 0.049088794738054276, 0.05364387482404709, 0.055540040135383606, 0.07451936602592468, 0.07776077091693878, 0.06811896711587906, 0.06321044266223907, 0.0620611310005188, 0.06361381709575653, 0.07938411831855774, 0.08768047392368317, 0.0755012109875679, 0.07228514552116394, 0.07933587580919266, 0.08121955394744873, 0.06536568701267242, 0.06858018040657043, 0.09257418662309647, 0.11540745198726654, 0.10593000054359436, 0.07453718036413193, 0.06590113043785095, 0.062458500266075134, 0.06254301220178604, 0.05490051954984665, 0.04790473356842995], 'L_si': [0.010041773319244385, 0.00944453477859497, 0.007730633020401001, 0.00845944881439209, 0.007938504219055176, 0.009239912033081055, 0.014006078243255615, 0.01301342248916626, 0.015481516718864441, 0.01160004734992981, 0.007785171270370483, 0.006680339574813843, 0.007699429988861084, 0.00630602240562439, 0.007258772850036621, 0.008751988410949707, 0.006005346775054932, 0.004812270402908325, 0.007335245609283447, 0.011330723762512207, 0.007664471864700317, 0.011335775256156921, 0.01010546088218689, 0.00912618637084961, 0.008685857057571411, 0.010061651468276978, 0.010684847831726074, 0.008831888437271118, 0.006529957056045532, 0.0078047215938568115, 0.010570704936981201, 0.010182112455368042, 0.00989377498626709, 0.009966760873794556, 0.012270301580429077, 0.01495632529258728, 0.012778699398040771, 0.0171164870262146, 0.01681143045425415, 0.009535998106002808, 0.009287267923355103, 0.009008169174194336, 0.009191632270812988, 0.010006964206695557, 0.009632974863052368, 0.010629475116729736, 0.01202315092086792, 0.012362271547317505, 0.013329237699508667, 0.014171451330184937, 0.014005005359649658, 0.014820009469985962, 0.015917211771011353, 0.015810906887054443, 0.015284538269042969, 0.013178050518035889, 0.010375171899795532, 0.009420543909072876, 0.007321387529373169, 0.005655854940414429, 0.00458642840385437, 0.004979163408279419, 0.005385935306549072, 0.006055325269699097, 0.007034003734588623, 0.007667899131774902, 0.008576542139053345, 0.008408457040786743, 0.009112298488616943, 0.011089995503425598, 0.011195316910743713, 0.012628227472305298, 0.013612091541290283, 0.0289735347032547, 0.04723554849624634, 0.05024328827857971, 0.04203100502490997, 0.0305231511592865, 0.021424949169158936, 0.022031575441360474, 0.02260001003742218, 0.02178022265434265, 0.0174989253282547, 0.012618735432624817, 0.00906360149383545, 0.004820793867111206, 0.005057573318481445, 0.005286455154418945, 0.006660819053649902, 0.011631309986114502, 0.007526099681854248, 0.007524013519287109, 0.009346574544906616, 0.011294931173324585, 0.007041305303573608, 0.00686413049697876, 0.0110645592212677, 0.0185575932264328, 0.010455042123794556, 0.009312987327575684, 0.011020153760910034, 0.012150496244430542, 0.020114660263061523, 0.022220730781555176, 0.017880499362945557, 0.015596091747283936, 0.014959067106246948, 0.01560249924659729, 0.021602392196655273, 0.02574843168258667, 0.020755678415298462, 0.019904211163520813, 0.022708863019943237, 0.023373574018478394, 0.019044622778892517, 0.01983751356601715, 0.03049914538860321, 0.043203458189964294, 0.037109509110450745, 0.02179233729839325, 0.018016591668128967, 0.01629556715488434, 0.015694066882133484, 0.013251617550849915, 0.012646704912185669], 'L_grad': [0.039639052003622055, 0.03949635103344917, 0.03653991222381592, 0.03832783177495003, 0.03848833218216896, 0.041052576154470444, 0.04888226091861725, 0.05100022628903389, 0.053756095468997955, 0.04454868286848068, 0.03785189986228943, 0.03489736467599869, 0.03425826132297516, 0.03429490700364113, 0.03576439619064331, 0.03723815083503723, 0.03337150067090988, 0.03136486932635307, 0.03782838210463524, 0.043646812438964844, 0.03887709602713585, 0.04605936259031296, 0.04676518216729164, 0.04581168293952942, 0.04554954543709755, 0.05178702250123024, 0.05204307660460472, 0.0468234047293663, 0.04085755720734596, 0.04349209740757942, 0.04828222841024399, 0.046101730316877365, 0.04417022317647934, 0.04567882418632507, 0.05724768340587616, 0.061862435191869736, 0.057525090873241425, 0.05009395629167557, 0.044876839965581894, 0.03722900152206421, 0.036737557500600815, 0.03716084361076355, 0.03786627948284149, 0.03901466727256775, 0.037556663155555725, 0.039940595626831055, 0.041835397481918335, 0.0392751544713974, 0.03750832378864288, 0.03715694695711136, 0.03621072694659233, 0.038061849772930145, 0.03977983444929123, 0.04069282114505768, 0.040591731667518616, 0.03999897092580795, 0.03690933436155319, 0.03832767903804779, 0.03532540425658226, 0.03205866739153862, 0.030861709266901016, 0.032087016850709915, 0.03233430162072182, 0.033627551048994064, 0.03556843847036362, 0.03620944172143936, 0.0392443984746933, 0.03876955062150955, 0.03988082706928253, 0.04415765777230263, 0.04294741898775101, 0.04357539862394333, 0.044301263988018036, 0.06149981915950775, 0.07440823316574097, 0.08164346218109131, 0.07547764480113983, 0.06766026467084885, 0.05074682831764221, 0.04955960065126419, 0.04953332245349884, 0.049772925674915314, 0.042599283158779144, 0.03861776739358902, 0.03950986638665199, 0.030854936689138412, 0.033435575664043427, 0.03458477556705475, 0.03631643205881119, 0.04526596888899803, 0.036302775144577026, 0.03604179993271828, 0.040603157132864, 0.044785842299461365, 0.03644702956080437, 0.03397771716117859, 0.042260196059942245, 0.04948234185576439, 0.042079176753759384, 0.03977580741047859, 0.042623721063137054, 0.043389543890953064, 0.05440470576286316, 0.055540040135383606, 0.0502384677529335, 0.04761435091495514, 0.04710206389427185, 0.04801131412386894, 0.05778172239661217, 0.0619320385158062, 0.05474553257226944, 0.05238093435764313, 0.05662701278924942, 0.05784597620368004, 0.04632106423377991, 0.048742666840553284, 0.062075041234493256, 0.07220399379730225, 0.06882049143314362, 0.05274484306573868, 0.047884538769721985, 0.046162933111190796, 0.04684894531965256, 0.041648901998996735, 0.03525802865624428]}
all losses in batch in validation:  {'loss': [0.042242005467414856, 0.0419454500079155, 0.03996653854846954, 0.04027114063501358, 0.04100358858704567, 0.0436527356505394, 0.0559653714299202, 0.06528634577989578, 0.06919924914836884, 0.05589620769023895, 0.04681111499667168, 0.0411156490445137, 0.042581260204315186, 0.04001715034246445, 0.04474571719765663, 0.04829069972038269, 0.037015967071056366, 0.03574752062559128, 0.03912863880395889, 0.04695162922143936, 0.04939340054988861, 0.05855350196361542, 0.05377664044499397, 0.051741406321525574, 0.049000322818756104, 0.05578687787055969, 0.058511488139629364, 0.051439959555864334, 0.04617203772068024, 0.049765609204769135, 0.052723340690135956, 0.04786518216133118, 0.05081290379166603, 0.053617704659700394, 0.0634734183549881, 0.07116656005382538, 0.059888314455747604, 0.06224209815263748, 0.0512668713927269, 0.04659184813499451, 0.047475095838308334, 0.04677606374025345, 0.048413947224617004, 0.05320722609758377, 0.05223605036735535, 0.05639606714248657, 0.061860933899879456, 0.05595880001783371, 0.05261853337287903, 0.051920030266046524, 0.0496232844889164, 0.05039890855550766, 0.05302899703383446, 0.05359132960438728, 0.050233494490385056, 0.04597003012895584, 0.039866432547569275, 0.03810557350516319, 0.035853367298841476, 0.03343311324715614, 0.032823871821165085, 0.033971551805734634, 0.03436809033155441, 0.0352679044008255, 0.03847961127758026, 0.04048789665102959, 0.044069766998291016, 0.04342126101255417, 0.044763147830963135, 0.050705403089523315, 0.0503167025744915, 0.05282912403345108, 0.05426052585244179, 0.06891480088233948, 0.08823730051517487, 0.06041374057531357, 0.056622400879859924, 0.05413549765944481, 0.058275800198316574, 0.06058473512530327, 0.06332580745220184, 0.06121184676885605, 0.05444454029202461, 0.049541909247636795, 0.04551880806684494, 0.03637658804655075, 0.03981448709964752, 0.04075317084789276, 0.04403197020292282, 0.05113207548856735, 0.05029192566871643, 0.048646606504917145, 0.05214947462081909, 0.052967190742492676, 0.045439139008522034, 0.040887244045734406, 0.04964987933635712, 0.06494567543268204, 0.043125733733177185, 0.040181685239076614, 0.046881746500730515, 0.04956503212451935, 0.057044532150030136, 0.05621598660945892, 0.05516630783677101, 0.05338268354535103, 0.0529390312731266, 0.05282239243388176, 0.06020030006766319, 0.06951626390218735, 0.05944650620222092, 0.0619688555598259, 0.07779552042484283, 0.08151035010814667, 0.05605858191847801, 0.0674629881978035, 0.07865830510854721, 0.10583911091089249, 0.09769292175769806, 0.05924518406391144, 0.05412359908223152, 0.049078959971666336, 0.04419448971748352, 0.044439636170864105, 0.04086416959762573], 'L_si': [0.006403088569641113, 0.006269857287406921, 0.005836546421051025, 0.006108343601226807, 0.0063457190990448, 0.007196933031082153, 0.010566741228103638, 0.013498574495315552, 0.015775933861732483, 0.011491388082504272, 0.008376210927963257, 0.006842315196990967, 0.007894515991210938, 0.006148874759674072, 0.007829025387763977, 0.009349793195724487, 0.005528509616851807, 0.0048892199993133545, 0.005498111248016357, 0.007246285676956177, 0.008160710334777832, 0.011462792754173279, 0.009487301111221313, 0.00860169529914856, 0.008061826229095459, 0.008944600820541382, 0.010088354349136353, 0.008244752883911133, 0.0067403316497802734, 0.008000046014785767, 0.008993178606033325, 0.007567018270492554, 0.008351832628250122, 0.008886337280273438, 0.010728597640991211, 0.013805598020553589, 0.010715395212173462, 0.01617303490638733, 0.010918498039245605, 0.008865326642990112, 0.009403407573699951, 0.00886508822441101, 0.009510397911071777, 0.011404424905776978, 0.011199921369552612, 0.012672007083892822, 0.014925271272659302, 0.013475596904754639, 0.012618929147720337, 0.01273372769355774, 0.012039333581924438, 0.012112230062484741, 0.012876927852630615, 0.013123512268066406, 0.011701911687850952, 0.00959157943725586, 0.007197260856628418, 0.0058498382568359375, 0.0050303637981414795, 0.004190385341644287, 0.003953814506530762, 0.004259169101715088, 0.00460052490234375, 0.004963427782058716, 0.006141930818557739, 0.006889164447784424, 0.007510244846343994, 0.007321774959564209, 0.007832437753677368, 0.009424164891242981, 0.00936824083328247, 0.010890290141105652, 0.012049615383148193, 0.017548546195030212, 0.02615717053413391, 0.014697492122650146, 0.015114739537239075, 0.01436305046081543, 0.016104593873023987, 0.017012059688568115, 0.01789240539073944, 0.0161283016204834, 0.013706758618354797, 0.010789960622787476, 0.007706582546234131, 0.004760384559631348, 0.00530630350112915, 0.005659937858581543, 0.007062286138534546, 0.009781688451766968, 0.009510159492492676, 0.008852571249008179, 0.009959191083908081, 0.010295987129211426, 0.00802469253540039, 0.00628998875617981, 0.008932217955589294, 0.015319958329200745, 0.006860643625259399, 0.005960747599601746, 0.008893579244613647, 0.00985834002494812, 0.012518554925918579, 0.012289360165596008, 0.012017711997032166, 0.011086523532867432, 0.010800734162330627, 0.010709911584854126, 0.012705370783805847, 0.01614890992641449, 0.013154879212379456, 0.014549583196640015, 0.020088747143745422, 0.020956039428710938, 0.013576298952102661, 0.020179808139801025, 0.025551170110702515, 0.0367775559425354, 0.033218324184417725, 0.015170484781265259, 0.014184057712554932, 0.011910989880561829, 0.009647130966186523, 0.009579360485076904, 0.009917855262756348], 'L_grad': [0.03583891689777374, 0.035675592720508575, 0.03412999212741852, 0.034162797033786774, 0.03465786948800087, 0.036455802619457245, 0.04539863020181656, 0.05178777128458023, 0.05342331901192665, 0.04440481960773468, 0.03843490406870842, 0.034273333847522736, 0.03468674421310425, 0.033868275582790375, 0.036916691809892654, 0.0389409065246582, 0.03148745745420456, 0.030858300626277924, 0.033630527555942535, 0.039705343544483185, 0.04123269021511078, 0.04709070920944214, 0.04428933933377266, 0.043139711022377014, 0.040938496589660645, 0.04684227705001831, 0.04842313379049301, 0.0431952066719532, 0.03943170607089996, 0.04176556318998337, 0.04373016208410263, 0.04029816389083862, 0.04246107116341591, 0.044731367379426956, 0.052744824439287186, 0.05736096203327179, 0.04917291924357414, 0.04606906324625015, 0.04034837335348129, 0.037726521492004395, 0.03807168826460838, 0.03791097551584244, 0.03890354931354523, 0.04180280119180679, 0.041036128997802734, 0.04372406005859375, 0.046935662627220154, 0.04248320311307907, 0.03999960422515869, 0.039186302572488785, 0.03758395090699196, 0.03828667849302292, 0.04015206918120384, 0.04046781733632088, 0.0385315828025341, 0.03637845069169998, 0.03266917169094086, 0.032255735248327255, 0.030823003500699997, 0.029242727905511856, 0.028870057314634323, 0.029712382704019547, 0.029767565429210663, 0.030304476618766785, 0.03233768045902252, 0.03359873220324516, 0.03655952215194702, 0.03609948605298996, 0.03693071007728577, 0.041281238198280334, 0.04094846174120903, 0.04193883389234543, 0.042210910469293594, 0.051366254687309265, 0.062080126255750656, 0.04571624845266342, 0.04150766134262085, 0.03977244719862938, 0.04217120632529259, 0.04357267543673515, 0.0454334057867527, 0.04508354514837265, 0.040737781673669815, 0.03875194862484932, 0.03781222552061081, 0.0316162034869194, 0.03450818359851837, 0.03509323298931122, 0.036969684064388275, 0.041350387036800385, 0.040781766176223755, 0.039794035255908966, 0.04219028353691101, 0.04267120361328125, 0.03741444647312164, 0.034597255289554596, 0.04071766138076782, 0.04962571710348129, 0.036265090107917786, 0.03422093763947487, 0.03798816725611687, 0.03970669209957123, 0.04452597722411156, 0.043926626443862915, 0.043148595839738846, 0.0422961600124836, 0.042138297110795975, 0.042112480849027634, 0.047494929283857346, 0.05336735397577286, 0.04629162698984146, 0.04741927236318588, 0.05770677328109741, 0.06055431440472603, 0.04248228296637535, 0.04728318005800247, 0.053107134997844696, 0.06906155496835709, 0.06447459757328033, 0.04407469928264618, 0.03993954136967659, 0.03716797009110451, 0.034547358751297, 0.0348602756857872, 0.030946312472224236]}
Saving current best: model_best.pth.tar ...
all losses in batch in validation:  {'loss': [0.045725930482149124, 0.04494745284318924, 0.04136224836111069, 0.042410701513290405, 0.043810948729515076, 0.045188888907432556, 0.056376777589321136, 0.0628138929605484, 0.06554560363292694, 0.055380940437316895, 0.04492184519767761, 0.04092622548341751, 0.04183671623468399, 0.04036962613463402, 0.04337148740887642, 0.046977296471595764, 0.03686118125915527, 0.03662969917058945, 0.04427346587181091, 0.05559752136468887, 0.04589229077100754, 0.05538460984826088, 0.05187835916876793, 0.05013459548354149, 0.04676060006022453, 0.055147685110569, 0.058428071439266205, 0.05224359408020973, 0.04612772911787033, 0.05850796401500702, 0.05557648837566376, 0.04598678648471832, 0.04926407337188721, 0.04992600530385971, 0.06201114505529404, 0.075735904276371, 0.06854363530874252, 0.06574918329715729, 0.06053164601325989, 0.05064936727285385, 0.05022894963622093, 0.04983513057231903, 0.049773767590522766, 0.054496243596076965, 0.05399832874536514, 0.058523595333099365, 0.06318087875843048, 0.05864210054278374, 0.05846566706895828, 0.058091290295124054, 0.05557255446910858, 0.05653103440999985, 0.05851113051176071, 0.057760290801525116, 0.053369466215372086, 0.04621588811278343, 0.03838604316115379, 0.036456961184740067, 0.03322039917111397, 0.0328991636633873, 0.03213534504175186, 0.033196792006492615, 0.03417132794857025, 0.03480891138315201, 0.037255823612213135, 0.038551654666662216, 0.04220160096883774, 0.04204129800200462, 0.044935282319784164, 0.05049881339073181, 0.04926939681172371, 0.051860660314559937, 0.05236085504293442, 0.0732673853635788, 0.11888661235570908, 0.11198883503675461, 0.09312134236097336, 0.0753999724984169, 0.06087420880794525, 0.061676397919654846, 0.06454155594110489, 0.06627781689167023, 0.05681799352169037, 0.04977327585220337, 0.043871380388736725, 0.036010485142469406, 0.03897017613053322, 0.03965369239449501, 0.04379699379205704, 0.05850697308778763, 0.04784715920686722, 0.04292754456400871, 0.046986401081085205, 0.049059368669986725, 0.04031950235366821, 0.040964215993881226, 0.05646798014640808, 0.07088792324066162, 0.044467743486166, 0.04017285257577896, 0.045818429440259933, 0.04751564562320709, 0.06336003541946411, 0.06456536054611206, 0.061467647552490234, 0.058988407254219055, 0.05973733216524124, 0.05942521244287491, 0.07451687753200531, 0.0945526510477066, 0.08250707387924194, 0.07565321773290634, 0.06821102648973465, 0.0741792619228363, 0.058160923421382904, 0.059724800288677216, 0.07057488709688187, 0.10914953052997589, 0.10870121419429779, 0.06585192680358887, 0.04731864109635353, 0.053151149302721024, 0.05572216957807541, 0.05502398684620857, 0.04837010055780411], 'L_si': [0.007585257291793823, 0.007284775376319885, 0.006258249282836914, 0.006490528583526611, 0.006910443305969238, 0.007600277662277222, 0.011258065700531006, 0.012831568717956543, 0.014464080333709717, 0.011676013469696045, 0.007833659648895264, 0.006829649209976196, 0.0076452940702438354, 0.006090641021728516, 0.00755445659160614, 0.00909954309463501, 0.005242645740509033, 0.004858046770095825, 0.007139354944229126, 0.011324465274810791, 0.007343456149101257, 0.010479956865310669, 0.008939236402511597, 0.00806349515914917, 0.007039904594421387, 0.008496224880218506, 0.009832590818405151, 0.008232802152633667, 0.006539076566696167, 0.010832861065864563, 0.009931325912475586, 0.006942421197891235, 0.007899314165115356, 0.0077512264251708984, 0.010416418313980103, 0.016603469848632812, 0.012741774320602417, 0.016307979822158813, 0.014850646257400513, 0.011063456535339355, 0.010973811149597168, 0.010438859462738037, 0.010463148355484009, 0.012261927127838135, 0.012290656566619873, 0.013980299234390259, 0.01629355549812317, 0.0152415931224823, 0.01584717631340027, 0.015941351652145386, 0.01511034369468689, 0.014863044023513794, 0.015821784734725952, 0.015088886022567749, 0.01299247145652771, 0.00956493616104126, 0.006499201059341431, 0.005554646253585815, 0.004528403282165527, 0.0043104588985443115, 0.004041910171508789, 0.004381716251373291, 0.0049502551555633545, 0.005369126796722412, 0.0061251819133758545, 0.006518647074699402, 0.007227376103401184, 0.007241308689117432, 0.008195385336875916, 0.009911105036735535, 0.009815812110900879, 0.011490300297737122, 0.01220974326133728, 0.02149854600429535, 0.04518163204193115, 0.03868648409843445, 0.030858561396598816, 0.02212691307067871, 0.017611786723136902, 0.01818138360977173, 0.0194828063249588, 0.019090086221694946, 0.015454545617103577, 0.011472895741462708, 0.007341176271438599, 0.004700422286987305, 0.005170226097106934, 0.005237072706222534, 0.006806552410125732, 0.012343481183052063, 0.008511781692504883, 0.0067733824253082275, 0.008009731769561768, 0.008516192436218262, 0.0061187744140625, 0.006277233362197876, 0.01118825376033783, 0.01790669560432434, 0.007428944110870361, 0.006529867649078369, 0.008188620209693909, 0.009168192744255066, 0.014579415321350098, 0.015404850244522095, 0.014856800436973572, 0.01371791958808899, 0.013803169131278992, 0.01394285261631012, 0.01958046853542328, 0.029609352350234985, 0.023694604635238647, 0.020860865712165833, 0.01812046766281128, 0.019820362329483032, 0.015150129795074463, 0.015561550855636597, 0.019435226917266846, 0.038629695773124695, 0.03894719481468201, 0.01799061894416809, 0.010683566331863403, 0.012792438268661499, 0.013477042317390442, 0.012966886162757874, 0.012681588530540466], 'L_grad': [0.0381406731903553, 0.037662677466869354, 0.03510399907827377, 0.035920172929763794, 0.03690050542354584, 0.037588611245155334, 0.04511871188879013, 0.04998232424259186, 0.051081519573926926, 0.04370492696762085, 0.03708818554878235, 0.034096576273441315, 0.034191422164440155, 0.0342789851129055, 0.03581703081727028, 0.037877753376960754, 0.03161853551864624, 0.03177165240049362, 0.03713411092758179, 0.04427305608987808, 0.03854883462190628, 0.04490465298295021, 0.04293912276625633, 0.04207110032439232, 0.039720695465803146, 0.046651460230350494, 0.04859548062086105, 0.044010791927576065, 0.039588652551174164, 0.047675102949142456, 0.04564516246318817, 0.03904436528682709, 0.04136475920677185, 0.04217477887868881, 0.051594726741313934, 0.05913243442773819, 0.055801860988140106, 0.049441203474998474, 0.045680999755859375, 0.039585910737514496, 0.039255138486623764, 0.039396271109580994, 0.03931061923503876, 0.04223431646823883, 0.04170767217874527, 0.044543296098709106, 0.04688732326030731, 0.04340050742030144, 0.042618490755558014, 0.04214993864297867, 0.04046221077442169, 0.04166799038648605, 0.04268934577703476, 0.04267140477895737, 0.040376994758844376, 0.03665095195174217, 0.03188684210181236, 0.03090231493115425, 0.02869199588894844, 0.028588704764842987, 0.028093434870243073, 0.028815077617764473, 0.029221070930361748, 0.029439784586429596, 0.03113063983619213, 0.032033007591962814, 0.034974224865436554, 0.03479998931288719, 0.03673989698290825, 0.04058770835399628, 0.03945358470082283, 0.040370360016822815, 0.04015111178159714, 0.05176883935928345, 0.07370498031377792, 0.07330235093832016, 0.06226278096437454, 0.05327305942773819, 0.04326242208480835, 0.04349501430988312, 0.04505874961614609, 0.04718773066997528, 0.04136344790458679, 0.03830038011074066, 0.036530204117298126, 0.0313100628554821, 0.033799950033426285, 0.034416619688272476, 0.036990441381931305, 0.046163491904735565, 0.039335377514362335, 0.036154162138700485, 0.03897666931152344, 0.04054317623376846, 0.03420072793960571, 0.03468698263168335, 0.04527972638607025, 0.05298123136162758, 0.03703879937529564, 0.03364298492670059, 0.037629809230566025, 0.038347452878952026, 0.048780616372823715, 0.049160510301589966, 0.04661084711551666, 0.045270487666130066, 0.04593416303396225, 0.04548235982656479, 0.05493640899658203, 0.06494329869747162, 0.058812469244003296, 0.05479235202074051, 0.05009055882692337, 0.05435889959335327, 0.04301079362630844, 0.04416324943304062, 0.05113966017961502, 0.0705198347568512, 0.06975401937961578, 0.047861307859420776, 0.03663507476449013, 0.040358711034059525, 0.04224512726068497, 0.0420571006834507, 0.03568851202726364]}
all losses in batch in validation:  {'loss': [0.03822201490402222, 0.039335135370492935, 0.03864660859107971, 0.038756635040044785, 0.04075249284505844, 0.04361413046717644, 0.0529918447136879, 0.06342437863349915, 0.06385231018066406, 0.04691504314541817, 0.043287478387355804, 0.04017394781112671, 0.03835165128111839, 0.03849698603153229, 0.04116686061024666, 0.04195692390203476, 0.033841535449028015, 0.03550918400287628, 0.040426936000585556, 0.052165232598781586, 0.0448310449719429, 0.05280224606394768, 0.0494924858212471, 0.05122403800487518, 0.04735848307609558, 0.057912539690732956, 0.06000663340091705, 0.054641157388687134, 0.05003075301647186, 0.062470704317092896, 0.0629415437579155, 0.04185127839446068, 0.04542206972837448, 0.04802508279681206, 0.06478705257177353, 0.07706338167190552, 0.06732532382011414, 0.05531507730484009, 0.04204614832997322, 0.035885002464056015, 0.039123013615608215, 0.03961796686053276, 0.03990045562386513, 0.041204746812582016, 0.039604317396879196, 0.04412733390927315, 0.04702894389629364, 0.041286397725343704, 0.04116865247488022, 0.0414234884083271, 0.03992414474487305, 0.04171815887093544, 0.0443788506090641, 0.04541110619902611, 0.0426005944609642, 0.037333644926548004, 0.03174345940351486, 0.0332985445857048, 0.03205188736319542, 0.03325686603784561, 0.03409617021679878, 0.03502754122018814, 0.034803830087184906, 0.03474610298871994, 0.03693624213337898, 0.03669566288590431, 0.04081513360142708, 0.04113529995083809, 0.04424763098359108, 0.04990163445472717, 0.04898526892066002, 0.051993533968925476, 0.050939399749040604, 0.04419837146997452, 0.04195971041917801, 0.047993868589401245, 0.05624868720769882, 0.05658038705587387, 0.060325004160404205, 0.060793302953243256, 0.06391119956970215, 0.062096789479255676, 0.05403650552034378, 0.04673996567726135, 0.04386585205793381, 0.03783806785941124, 0.043829917907714844, 0.04189359396696091, 0.042831357568502426, 0.062201518565416336, 0.047377679497003555, 0.0429811030626297, 0.046347588300704956, 0.047583937644958496, 0.043663389980793, 0.038341835141181946, 0.04990686476230621, 0.06810950487852097, 0.05087608844041824, 0.036846064031124115, 0.039374154061079025, 0.041274573653936386, 0.04463192820549011, 0.04769224673509598, 0.04950423166155815, 0.04904099181294441, 0.04824187234044075, 0.04979689419269562, 0.05181576684117317, 0.05538046360015869, 0.05449327826499939, 0.05286605283617973, 0.05248406529426575, 0.053156230598688126, 0.04276497662067413, 0.0395471453666687, 0.039153363555669785, 0.04500178247690201, 0.04811760038137436, 0.0402916744351387, 0.039157040417194366, 0.0424182265996933, 0.04369403421878815, 0.0481184720993042, 0.043077774345874786], 'L_si': [0.006010264158248901, 0.006270602345466614, 0.006244659423828125, 0.00630524754524231, 0.006990760564804077, 0.00784716010093689, 0.010073363780975342, 0.013147905468940735, 0.013925880193710327, 0.008312433958053589, 0.007307589054107666, 0.006424322724342346, 0.006332829594612122, 0.005534723401069641, 0.006686016917228699, 0.007070139050483704, 0.00466802716255188, 0.004703223705291748, 0.005798891186714172, 0.009752750396728516, 0.006913736462593079, 0.009243056178092957, 0.007892325520515442, 0.00837048888206482, 0.0070618391036987305, 0.00915364921092987, 0.010192379355430603, 0.008929327130317688, 0.007623270153999329, 0.012212693691253662, 0.012418508529663086, 0.005976974964141846, 0.006765544414520264, 0.007261067628860474, 0.01069977879524231, 0.015202224254608154, 0.01189209520816803, 0.011089444160461426, 0.006810039281845093, 0.004879355430603027, 0.0058402419090271, 0.005764007568359375, 0.0059074461460113525, 0.0065788328647613525, 0.0063568949699401855, 0.007563412189483643, 0.00858461856842041, 0.007056146860122681, 0.007388323545455933, 0.00779879093170166, 0.007601678371429443, 0.008425295352935791, 0.009259223937988281, 0.009463459253311157, 0.008311405777931213, 0.006192982196807861, 0.004083871841430664, 0.004202917218208313, 0.003968045115470886, 0.00424569845199585, 0.0044676512479782104, 0.004899844527244568, 0.005134165287017822, 0.005438625812530518, 0.006067484617233276, 0.006019651889801025, 0.006784558296203613, 0.00711841881275177, 0.008178278803825378, 0.009879648685455322, 0.009894683957099915, 0.0116177499294281, 0.01175948977470398, 0.009897366166114807, 0.009139463305473328, 0.010996639728546143, 0.0146799236536026, 0.015592873096466064, 0.017707571387290955, 0.018272370100021362, 0.019596993923187256, 0.017788246273994446, 0.0143643319606781, 0.010482251644134521, 0.007449880242347717, 0.005319878458976746, 0.006608739495277405, 0.005963563919067383, 0.006651371717453003, 0.01380842924118042, 0.008391320705413818, 0.006928950548171997, 0.0077349841594696045, 0.008065015077590942, 0.007321745157241821, 0.006349056959152222, 0.009868025779724121, 0.019038721919059753, 0.010282084345817566, 0.00579853355884552, 0.006353303790092468, 0.006980001926422119, 0.008227840065956116, 0.009485259652137756, 0.009670957922935486, 0.009250596165657043, 0.00894443690776825, 0.00963449478149414, 0.010288357734680176, 0.011482849717140198, 0.01177629828453064, 0.011388242244720459, 0.011608093976974487, 0.01171255111694336, 0.009486541152000427, 0.008422121405601501, 0.008605852723121643, 0.010156095027923584, 0.011239394545555115, 0.009180590510368347, 0.008826673030853271, 0.009682774543762207, 0.009894803166389465, 0.01076681911945343, 0.010990321636199951], 'L_grad': [0.032211750745773315, 0.03306453302502632, 0.03240194916725159, 0.032451387494802475, 0.033761732280254364, 0.03576697036623955, 0.042918480932712555, 0.05027647316455841, 0.049926433712244034, 0.03860260918736458, 0.03597988933324814, 0.03374962508678436, 0.03201882168650627, 0.032962262630462646, 0.03448084369301796, 0.034886784851551056, 0.029173510149121284, 0.030805960297584534, 0.034628044813871384, 0.04241248220205307, 0.03791730850934982, 0.04355918988585472, 0.04160016030073166, 0.042853549122810364, 0.04029664397239685, 0.048758890479803085, 0.04981425404548645, 0.045711830258369446, 0.042407482862472534, 0.05025801062583923, 0.05052303522825241, 0.03587430343031883, 0.03865652531385422, 0.040764015167951584, 0.05408727377653122, 0.06186115741729736, 0.055433228611946106, 0.04422563314437866, 0.03523610904812813, 0.031005647033452988, 0.033282771706581116, 0.033853959292173386, 0.033993009477853775, 0.03462591394782066, 0.03324742242693901, 0.036563921719789505, 0.03844432532787323, 0.034230250865221024, 0.033780328929424286, 0.03362469747662544, 0.032322466373443604, 0.03329286351799965, 0.03511962667107582, 0.03594764694571495, 0.03428918868303299, 0.031140662729740143, 0.027659587562084198, 0.02909562736749649, 0.028083842247724533, 0.02901116944849491, 0.029628518968820572, 0.030127696692943573, 0.029669664800167084, 0.029307475313544273, 0.030868757516145706, 0.030676010996103287, 0.034030575305223465, 0.03401688113808632, 0.0360693521797657, 0.04002198576927185, 0.039090584963560104, 0.040375784039497375, 0.039179909974336624, 0.03430100530385971, 0.03282024711370468, 0.0369972288608551, 0.04156876355409622, 0.040987513959407806, 0.04261743277311325, 0.04252093285322189, 0.04431420564651489, 0.04430854320526123, 0.03967217355966568, 0.03625771403312683, 0.03641597181558609, 0.032518189400434494, 0.03722117841243744, 0.035930030047893524, 0.03617998585104942, 0.048393089324235916, 0.03898635879158974, 0.0360521525144577, 0.03861260414123535, 0.039518922567367554, 0.03634164482355118, 0.031992778182029724, 0.04003883898258209, 0.04907078295946121, 0.04059400409460068, 0.031047530472278595, 0.03302085027098656, 0.03429457172751427, 0.036404088139534, 0.03820698708295822, 0.039833273738622665, 0.03979039564728737, 0.0392974354326725, 0.04016239941120148, 0.041527409106492996, 0.043897613883018494, 0.04271697998046875, 0.041477810591459274, 0.04087597131729126, 0.041443679481744766, 0.033278435468673706, 0.0311250239610672, 0.03054751083254814, 0.034845687448978424, 0.036878205835819244, 0.031111085787415504, 0.030330369248986244, 0.03273545205593109, 0.03379923105239868, 0.03735165297985077, 0.032087452709674835]}
Saving current best: model_best.pth.tar ...
Saving checkpoint: s2d_checkpoints/train_s2d_SpikeTransformer_rtx5090_20260305_20260306_044356/checkpoint-epoch008-loss-0.0201.pth.tar ...
all losses in batch in validation:  {'loss': [0.03874316066503525, 0.04009746015071869, 0.038581352680921555, 0.038460347801446915, 0.03956262394785881, 0.04205901175737381, 0.050322867929935455, 0.06176254153251648, 0.06288238614797592, 0.04738141596317291, 0.042376935482025146, 0.03941640630364418, 0.03835964947938919, 0.037480492144823074, 0.039294514805078506, 0.04210636764764786, 0.03453749790787697, 0.03462063893675804, 0.03808962553739548, 0.04260846972465515, 0.0461747869849205, 0.052215252071619034, 0.04810827597975731, 0.04844364896416664, 0.046563614159822464, 0.05627436935901642, 0.05994360148906708, 0.051156651228666306, 0.044950176030397415, 0.04533994197845459, 0.045677341520786285, 0.044520825147628784, 0.04818782955408096, 0.05000082775950432, 0.06374603509902954, 0.07114127278327942, 0.0603952631354332, 0.05828284099698067, 0.04350631311535835, 0.038891300559043884, 0.04105140641331673, 0.04139089211821556, 0.04035641998052597, 0.04312044382095337, 0.04110649228096008, 0.04450453072786331, 0.045427367091178894, 0.04125192388892174, 0.040246810764074326, 0.0422426201403141, 0.04236369952559471, 0.04457530006766319, 0.046050965785980225, 0.046388477087020874, 0.04352721571922302, 0.03958284482359886, 0.03300389647483826, 0.035601869225502014, 0.03366563469171524, 0.0329456701874733, 0.03191744536161423, 0.032989926636219025, 0.03274504840373993, 0.0326671227812767, 0.034886378794908524, 0.03468246012926102, 0.03869616985321045, 0.03816986083984375, 0.04060742259025574, 0.04646846279501915, 0.04618373513221741, 0.04906412959098816, 0.04804482311010361, 0.041359834372997284, 0.04708808287978172, 0.045353829860687256, 0.05147036910057068, 0.051709212362766266, 0.05498626083135605, 0.05669378116726875, 0.059475578367710114, 0.059286318719387054, 0.0522383451461792, 0.04584807530045509, 0.042680419981479645, 0.03713113069534302, 0.0429132878780365, 0.03911323845386505, 0.03848939761519432, 0.04393881559371948, 0.04509459808468819, 0.043853309005498886, 0.04615829512476921, 0.04744723066687584, 0.04335565119981766, 0.0374482087790966, 0.0464043915271759, 0.054486680775880814, 0.039926737546920776, 0.03673466295003891, 0.038209013640880585, 0.0404352992773056, 0.04306253790855408, 0.045655976980924606, 0.04796808585524559, 0.048933543264865875, 0.04917632043361664, 0.051405008882284164, 0.05449209362268448, 0.06403064727783203, 0.055741678923368454, 0.05397964268922806, 0.052455540746450424, 0.05358927324414253, 0.04269923269748688, 0.04083049297332764, 0.04106999188661575, 0.054855793714523315, 0.05835076421499252, 0.03938402608036995, 0.03865297883749008, 0.041022300720214844, 0.04229217395186424, 0.04394378885626793, 0.040991783142089844], 'L_si': [0.006082877516746521, 0.006376832723617554, 0.006073549389839172, 0.006067916750907898, 0.006391793489456177, 0.007103919982910156, 0.009025812149047852, 0.01241995394229889, 0.013476133346557617, 0.008735686540603638, 0.007327675819396973, 0.006357342004776001, 0.00627271831035614, 0.005456879734992981, 0.006222397089004517, 0.00709456205368042, 0.004935652017593384, 0.0047636330127716064, 0.0053403377532958984, 0.006169348955154419, 0.0073226988315582275, 0.009143590927124023, 0.007804155349731445, 0.007760345935821533, 0.007038474082946777, 0.008809924125671387, 0.010218486189842224, 0.008058041334152222, 0.006334871053695679, 0.006783977150917053, 0.00717887282371521, 0.006922245025634766, 0.007811367511749268, 0.007945895195007324, 0.010712116956710815, 0.013529062271118164, 0.010720163583755493, 0.01250147819519043, 0.007408320903778076, 0.006507843732833862, 0.007095456123352051, 0.007087826728820801, 0.006828814744949341, 0.007795542478561401, 0.007176518440246582, 0.008009195327758789, 0.008405834436416626, 0.00750422477722168, 0.007484793663024902, 0.008331775665283203, 0.008790850639343262, 0.009621530771255493, 0.010259300470352173, 0.010447561740875244, 0.009507417678833008, 0.007668554782867432, 0.00505751371383667, 0.005231201648712158, 0.0047893226146698, 0.004419296979904175, 0.004062637686729431, 0.004318803548812866, 0.0044981688261032104, 0.004738286137580872, 0.00543627142906189, 0.005431801080703735, 0.006257578730583191, 0.006320297718048096, 0.007090091705322266, 0.008709847927093506, 0.008939415216445923, 0.010548189282417297, 0.010658025741577148, 0.008851021528244019, 0.009749382734298706, 0.010080769658088684, 0.013517245650291443, 0.014055266976356506, 0.015836670994758606, 0.016781702637672424, 0.01793728768825531, 0.016747355461120605, 0.01381981372833252, 0.010280653834342957, 0.0071800947189331055, 0.005045562982559204, 0.006190776824951172, 0.005241215229034424, 0.005442500114440918, 0.007327422499656677, 0.007779166102409363, 0.007252827286720276, 0.007787540555000305, 0.008325576782226562, 0.007316648960113525, 0.006261751055717468, 0.009042024612426758, 0.013342991471290588, 0.007081389427185059, 0.0059051513671875, 0.00612930953502655, 0.006930842995643616, 0.007947728037834167, 0.008939072489738464, 0.00948438048362732, 0.009619757533073425, 0.009601280093193054, 0.010409891605377197, 0.01128871738910675, 0.014757752418518066, 0.012392371892929077, 0.012202814221382141, 0.012140244245529175, 0.012130975723266602, 0.00965029001235962, 0.008806794881820679, 0.009013548493385315, 0.013924404978752136, 0.015062302350997925, 0.00880277156829834, 0.008676707744598389, 0.009451344609260559, 0.009757652878761292, 0.009876549243927002, 0.010543078184127808], 'L_grad': [0.03266028314828873, 0.033720627427101135, 0.03250780329108238, 0.03239243105053902, 0.033170830458402634, 0.034955091774463654, 0.041297055780887604, 0.04934258759021759, 0.049406252801418304, 0.038645729422569275, 0.035049259662628174, 0.03305906429886818, 0.03208693116903305, 0.03202361240983009, 0.03307211771607399, 0.03501180559396744, 0.029601845890283585, 0.029857005923986435, 0.03274928778409958, 0.03643912076950073, 0.038852088153362274, 0.04307166114449501, 0.040304120630025864, 0.04068330302834511, 0.03952514007687569, 0.04746444523334503, 0.049725115299224854, 0.043098609894514084, 0.038615304976701736, 0.03855596482753754, 0.038498468697071075, 0.03759858012199402, 0.040376462042331696, 0.042054932564496994, 0.053033918142318726, 0.057612206786870956, 0.049675099551677704, 0.04578136280179024, 0.036097992211580276, 0.03238345682621002, 0.033955950289964676, 0.03430306538939476, 0.03352760523557663, 0.03532490134239197, 0.0339299738407135, 0.03649533540010452, 0.03702153265476227, 0.03374769911170006, 0.03276201710104942, 0.0339108444750309, 0.03357284888625145, 0.0349537692964077, 0.03579166531562805, 0.03594091534614563, 0.034019798040390015, 0.03191429004073143, 0.027946382761001587, 0.030370667576789856, 0.02887631207704544, 0.028526373207569122, 0.027854807674884796, 0.02867112122476101, 0.028246881440281868, 0.02792883850634098, 0.029450107365846634, 0.02925065904855728, 0.03243859112262726, 0.031849563121795654, 0.03351733088493347, 0.037758614867925644, 0.037244319915771484, 0.03851594030857086, 0.03738679736852646, 0.032508812844753265, 0.03733870014548302, 0.03527306020259857, 0.037953123450279236, 0.03765394538640976, 0.03914958983659744, 0.03991207852959633, 0.0415382906794548, 0.04253896325826645, 0.03841853141784668, 0.03556742146611214, 0.03550032526254654, 0.032085567712783813, 0.03672251105308533, 0.03387202322483063, 0.0330468975007534, 0.036611393094062805, 0.037315431982278824, 0.03660048171877861, 0.038370754569768906, 0.03912165388464928, 0.03603900223970413, 0.031186457723379135, 0.037362366914749146, 0.041143689304590225, 0.03284534811973572, 0.03082951158285141, 0.032079704105854034, 0.03350445628166199, 0.03511480987071991, 0.03671690449118614, 0.03848370537161827, 0.03931378573179245, 0.039575040340423584, 0.04099511727690697, 0.04320337623357773, 0.049272894859313965, 0.04334930703043938, 0.04177682846784592, 0.04031529650092125, 0.04145829752087593, 0.03304894268512726, 0.03202369809150696, 0.03205644339323044, 0.04093138873577118, 0.0432884618639946, 0.03058125451207161, 0.029976271092891693, 0.031570956110954285, 0.03253452107310295, 0.03406723961234093, 0.030448703095316887]}
Saving current best: model_best.pth.tar ...
all losses in batch in validation:  {'loss': [0.046081386506557465, 0.04693455621600151, 0.044097721576690674, 0.043807730078697205, 0.04421033337712288, 0.04682024568319321, 0.056987371295690536, 0.06314343959093094, 0.06332406401634216, 0.048568181693553925, 0.042853109538555145, 0.0402313694357872, 0.03963402658700943, 0.03891024366021156, 0.04189988225698471, 0.04398234188556671, 0.034624841064214706, 0.03484746813774109, 0.04276067763566971, 0.052081674337387085, 0.04313623160123825, 0.04920383542776108, 0.0488758385181427, 0.051921989768743515, 0.04733191058039665, 0.05981764197349548, 0.0629262700676918, 0.05643913149833679, 0.053389426320791245, 0.06207283213734627, 0.04832696542143822, 0.041860368102788925, 0.045044682919979095, 0.04813128709793091, 0.06544612348079681, 0.07823701202869415, 0.07000327855348587, 0.07401660084724426, 0.06998594850301743, 0.06385540962219238, 0.06452343612909317, 0.06640564650297165, 0.06549781560897827, 0.06695907562971115, 0.06453324854373932, 0.06936638057231903, 0.0718863382935524, 0.06715653091669083, 0.06643811613321304, 0.0662621408700943, 0.0641753077507019, 0.06420069187879562, 0.0636882558465004, 0.06347054243087769, 0.05824431777000427, 0.050796471536159515, 0.04167153313755989, 0.042576830834150314, 0.039063628762960434, 0.03746359050273895, 0.03607288375496864, 0.03670679032802582, 0.03656351938843727, 0.03649058938026428, 0.040266335010528564, 0.04232637584209442, 0.046177614480257034, 0.04397263377904892, 0.04642096906900406, 0.051978904753923416, 0.051397696137428284, 0.05414687097072601, 0.05233103781938553, 0.048187121748924255, 0.07265309989452362, 0.06384722888469696, 0.08228319138288498, 0.08665842562913895, 0.06804725527763367, 0.06059197336435318, 0.06343880295753479, 0.06259898841381073, 0.054057709872722626, 0.045002423226833344, 0.0412578210234642, 0.037254273891448975, 0.04257003217935562, 0.03973470628261566, 0.04509665071964264, 0.06638367474079132, 0.04730977118015289, 0.041757047176361084, 0.043341297656297684, 0.04552394524216652, 0.042652081698179245, 0.040066078305244446, 0.06092575192451477, 0.08287389576435089, 0.057669684290885925, 0.04757358878850937, 0.04986134171485901, 0.05220832675695419, 0.05902435630559921, 0.06161770224571228, 0.06258349120616913, 0.061542809009552, 0.06016986817121506, 0.06136930733919144, 0.06327847391366959, 0.07328995317220688, 0.06837960332632065, 0.06684533506631851, 0.06460817903280258, 0.06597242504358292, 0.054098986089229584, 0.050452522933483124, 0.04969077929854393, 0.05972406268119812, 0.06298995018005371, 0.042866405099630356, 0.04065548628568649, 0.04320485144853592, 0.04443805664777756, 0.046235986053943634, 0.04313510283827782], 'L_si': [0.007380649447441101, 0.007561668753623962, 0.006868690252304077, 0.00679248571395874, 0.007050171494483948, 0.007886677980422974, 0.011071562767028809, 0.012553170323371887, 0.013312265276908875, 0.008888885378837585, 0.007239162921905518, 0.006470933556556702, 0.00665755569934845, 0.005852818489074707, 0.006963789463043213, 0.007585659623146057, 0.004921406507492065, 0.004815131425857544, 0.00663873553276062, 0.010086432099342346, 0.006451129913330078, 0.008189737796783447, 0.007979854941368103, 0.008793041110038757, 0.00729350745677948, 0.009959295392036438, 0.011218875646591187, 0.009821519255638123, 0.00902363657951355, 0.012453153729438782, 0.007907450199127197, 0.006343379616737366, 0.00701490044593811, 0.007501870393753052, 0.011113941669464111, 0.015174001455307007, 0.012861892580986023, 0.019185364246368408, 0.019339054822921753, 0.017343133687973022, 0.017227649688720703, 0.017636477947235107, 0.01734215021133423, 0.01827368140220642, 0.01748630404472351, 0.0192432701587677, 0.02085229754447937, 0.019768953323364258, 0.02034914493560791, 0.020583301782608032, 0.019616663455963135, 0.019221067428588867, 0.018419116735458374, 0.01778513193130493, 0.015210583806037903, 0.01168881356716156, 0.0077729374170303345, 0.007233113050460815, 0.006235763430595398, 0.005383715033531189, 0.004906013607978821, 0.005143970251083374, 0.005443871021270752, 0.005748361349105835, 0.006781265139579773, 0.007338881492614746, 0.008166655898094177, 0.007634967565536499, 0.008479952812194824, 0.010162904858589172, 0.010461002588272095, 0.012209370732307434, 0.011856094002723694, 0.010380581021308899, 0.019299164414405823, 0.015934303402900696, 0.02468624711036682, 0.026132583618164062, 0.01945546269416809, 0.017575860023498535, 0.01883089542388916, 0.017371729016304016, 0.014173701405525208, 0.010016530752182007, 0.007080823183059692, 0.005418881773948669, 0.006308242678642273, 0.0056530386209487915, 0.007855921983718872, 0.016384854912757874, 0.008384793996810913, 0.006560713052749634, 0.006860017776489258, 0.007523670792579651, 0.007040336728096008, 0.006620422005653381, 0.012879252433776855, 0.02199530601501465, 0.011771947145462036, 0.009178951382637024, 0.010238811373710632, 0.011344283819198608, 0.013948693871498108, 0.015375584363937378, 0.016064181923866272, 0.015329942107200623, 0.01472543179988861, 0.0149146169424057, 0.015703454613685608, 0.019072309136390686, 0.018070176243782043, 0.017810508608818054, 0.017471477389335632, 0.017475023865699768, 0.014009416103363037, 0.012352943420410156, 0.011775240302085876, 0.0150022953748703, 0.016029417514801025, 0.009343594312667847, 0.008782431483268738, 0.009702935814857483, 0.010007068514823914, 0.01010778546333313, 0.010945186018943787], 'L_grad': [0.038700737059116364, 0.03937288746237755, 0.0372290313243866, 0.037015244364738464, 0.03716016188263893, 0.03893356770277023, 0.04591580852866173, 0.05059026926755905, 0.05001179873943329, 0.03967929631471634, 0.03561394661664963, 0.0337604358792305, 0.03297647088766098, 0.033057425171136856, 0.0349360927939415, 0.036396682262420654, 0.02970343455672264, 0.030032334849238396, 0.03612194210290909, 0.04199524223804474, 0.03668510168790817, 0.04101409763097763, 0.0408959835767746, 0.04312894865870476, 0.04003840312361717, 0.049858346581459045, 0.051707394421100616, 0.04661761224269867, 0.044365789741277695, 0.049619678407907486, 0.04041951522231102, 0.03551698848605156, 0.038029782474040985, 0.040629416704177856, 0.054332178086042404, 0.06306301057338715, 0.05714138597249985, 0.054831236600875854, 0.05064689368009567, 0.04651227220892906, 0.04729578644037247, 0.04876916855573654, 0.04815566539764404, 0.04868539422750473, 0.04704694077372551, 0.05012311413884163, 0.05103404074907303, 0.04738757759332657, 0.04608897119760513, 0.04567883908748627, 0.04455864056944847, 0.04497962445020676, 0.04526913911104202, 0.045685410499572754, 0.04303373396396637, 0.039107657968997955, 0.033898595720529556, 0.0353437177836895, 0.032827865332365036, 0.032079875469207764, 0.031166870146989822, 0.031562820076942444, 0.03111964836716652, 0.030742228031158447, 0.03348506987094879, 0.034987494349479675, 0.03801095858216286, 0.03633766621351242, 0.037941016256809235, 0.041815999895334244, 0.04093669354915619, 0.04193750023841858, 0.040474943816661835, 0.037806540727615356, 0.0533539354801178, 0.047912925481796265, 0.05759694427251816, 0.060525842010974884, 0.048591792583465576, 0.043016113340854645, 0.04460790753364563, 0.045227259397506714, 0.03988400846719742, 0.03498589247465134, 0.03417699784040451, 0.031835392117500305, 0.03626178950071335, 0.03408166766166687, 0.03724072873592377, 0.04999881982803345, 0.03892497718334198, 0.03519633412361145, 0.036481279879808426, 0.03800027444958687, 0.03561174497008324, 0.033445656299591064, 0.048046499490737915, 0.06087858974933624, 0.04589773714542389, 0.038394637405872345, 0.039622530341148376, 0.040864042937755585, 0.045075662434101105, 0.0462421178817749, 0.046519309282302856, 0.04621286690235138, 0.04544443637132645, 0.046454690396785736, 0.04757501929998398, 0.05421764403581619, 0.050309427082538605, 0.04903482645750046, 0.04713670164346695, 0.04849740117788315, 0.04008956998586655, 0.03809957951307297, 0.037915538996458054, 0.04472176730632782, 0.046960532665252686, 0.03352281078696251, 0.031873054802417755, 0.033501915633678436, 0.034430988132953644, 0.036128200590610504, 0.03218991681933403]}
all losses in batch in validation:  {'loss': [0.048094090074300766, 0.04876375198364258, 0.04454071447253227, 0.04336640238761902, 0.04386907070875168, 0.047212567180395126, 0.06029980629682541, 0.0596088245511055, 0.058084115386009216, 0.044131405651569366, 0.040639787912368774, 0.03674660250544548, 0.03594910725951195, 0.03622617572546005, 0.03709394112229347, 0.038811296224594116, 0.033656373620033264, 0.033649470657110214, 0.03633735328912735, 0.04259106516838074, 0.0429365448653698, 0.04798184335231781, 0.04756636545062065, 0.04916180670261383, 0.04600495845079422, 0.055782072246074677, 0.05682755261659622, 0.05053924024105072, 0.044536516070365906, 0.04667208343744278, 0.04344168305397034, 0.04313839599490166, 0.04752887040376663, 0.0492812879383564, 0.06297207623720169, 0.07059559971094131, 0.06378832459449768, 0.06846833229064941, 0.06659752130508423, 0.06026562303304672, 0.06141394376754761, 0.06184481084346771, 0.05941057950258255, 0.06055307015776634, 0.05773550271987915, 0.059809744358062744, 0.06314338743686676, 0.060330502688884735, 0.05904839187860489, 0.058995552361011505, 0.05752260237932205, 0.05889761447906494, 0.061092644929885864, 0.0626499280333519, 0.06035987287759781, 0.05554608628153801, 0.0464203804731369, 0.04583175852894783, 0.04248839244246483, 0.0368032269179821, 0.03481663018465042, 0.0343046709895134, 0.033441945910453796, 0.03331346809864044, 0.03638596460223198, 0.036443162709474564, 0.03971526026725769, 0.03888937458395958, 0.040994931012392044, 0.04651603102684021, 0.045581646263599396, 0.04861138388514519, 0.048476941883563995, 0.04744061827659607, 0.07191941142082214, 0.06322766840457916, 0.06550952792167664, 0.06363403052091599, 0.057082463055849075, 0.057341352105140686, 0.06039947271347046, 0.05931893736124039, 0.05206726863980293, 0.04433610290288925, 0.04021559655666351, 0.036465223878622055, 0.040561921894550323, 0.03747895732522011, 0.03786538913846016, 0.04358382150530815, 0.04401495307683945, 0.04074627533555031, 0.04258192330598831, 0.04305148869752884, 0.03929752856492996, 0.03442630544304848, 0.04043395817279816, 0.05867321044206619, 0.04576084390282631, 0.041709333658218384, 0.0440368577837944, 0.04688968509435654, 0.050968024879693985, 0.054232075810432434, 0.05740504711866379, 0.058167800307273865, 0.05804487317800522, 0.06007170304656029, 0.06237111985683441, 0.07250674068927765, 0.06436986476182938, 0.062346331775188446, 0.06205657124519348, 0.06393812596797943, 0.05182486027479172, 0.04671161621809006, 0.04528374224901199, 0.06830909848213196, 0.06262475997209549, 0.0417235903441906, 0.03871751204133034, 0.04054605960845947, 0.04240565001964569, 0.044830333441495895, 0.04126593470573425], 'L_si': [0.008727282285690308, 0.008878648281097412, 0.007509753108024597, 0.007063701748847961, 0.0070550888776779175, 0.00796760618686676, 0.013082921504974365, 0.011373147368431091, 0.011675328016281128, 0.007542669773101807, 0.0068732500076293945, 0.005745068192481995, 0.005670234560966492, 0.0053587257862091064, 0.005687147378921509, 0.006181731820106506, 0.004828333854675293, 0.00464668869972229, 0.005097329616546631, 0.00638638436794281, 0.006558820605278015, 0.007764473557472229, 0.0074531883001327515, 0.007894381880760193, 0.00690363347530365, 0.008720353245735168, 0.009256839752197266, 0.007719665765762329, 0.006285235285758972, 0.007076561450958252, 0.006537288427352905, 0.006544679403305054, 0.007538974285125732, 0.007728129625320435, 0.010501161217689514, 0.012752234935760498, 0.011620104312896729, 0.019183188676834106, 0.019904613494873047, 0.016551554203033447, 0.016424745321273804, 0.016526341438293457, 0.015613794326782227, 0.016257047653198242, 0.015543520450592041, 0.0162028968334198, 0.017783701419830322, 0.01744614541530609, 0.01760515570640564, 0.017778858542442322, 0.017377600073814392, 0.017561674118041992, 0.01835426688194275, 0.018642961978912354, 0.017461642622947693, 0.014797389507293701, 0.010107144713401794, 0.008514970541000366, 0.007344573736190796, 0.005453065037727356, 0.004646137356758118, 0.004552066326141357, 0.004597127437591553, 0.004809260368347168, 0.0056623369455337524, 0.005747765302658081, 0.006413444876670837, 0.006361216306686401, 0.007079765200614929, 0.008624285459518433, 0.008650436997413635, 0.01033945381641388, 0.010846361517906189, 0.010534867644309998, 0.01860976219177246, 0.016477778553962708, 0.018713727593421936, 0.01769694685935974, 0.016687050461769104, 0.017299756407737732, 0.018584951758384705, 0.01744769513607025, 0.014364540576934814, 0.010148629546165466, 0.0068796128034591675, 0.005100354552268982, 0.0057315826416015625, 0.005153641104698181, 0.005526989698410034, 0.00719800591468811, 0.0075387656688690186, 0.006397470831871033, 0.00680813193321228, 0.007068902254104614, 0.006273284554481506, 0.0053419023752212524, 0.007009953260421753, 0.014427140355110168, 0.008639097213745117, 0.00768454372882843, 0.008660584688186646, 0.009645804762840271, 0.011510804295539856, 0.013045132160186768, 0.014102965593338013, 0.014182031154632568, 0.014234364032745361, 0.015128180384635925, 0.01611882448196411, 0.019485369324684143, 0.017337650060653687, 0.016928166151046753, 0.01738475263118744, 0.017704352736473083, 0.014201417565345764, 0.011734247207641602, 0.010730206966400146, 0.02015070617198944, 0.016944706439971924, 0.009341001510620117, 0.00847470760345459, 0.009190067648887634, 0.00973297655582428, 0.009981870651245117, 0.010387703776359558], 'L_grad': [0.03936680778861046, 0.039885103702545166, 0.037030961364507675, 0.03630270063877106, 0.03681398183107376, 0.039244960993528366, 0.047216884791851044, 0.04823567718267441, 0.04640878736972809, 0.03658873587846756, 0.03376653790473938, 0.031001534312963486, 0.030278872698545456, 0.030867449939250946, 0.031406793743371964, 0.03262956440448761, 0.02882803976535797, 0.029002781957387924, 0.03124002180993557, 0.03620468080043793, 0.03637772426009178, 0.04021736979484558, 0.0401131771504879, 0.04126742482185364, 0.03910132497549057, 0.04706171900033951, 0.047570712864398956, 0.04281957447528839, 0.038251280784606934, 0.03959552198648453, 0.03690439462661743, 0.0365937165915966, 0.0399898961186409, 0.041553158313035965, 0.052470915019512177, 0.05784336477518082, 0.05216822400689125, 0.04928514361381531, 0.04669290408492088, 0.043714068830013275, 0.044989198446273804, 0.045318469405174255, 0.043796785175800323, 0.0442960225045681, 0.04219198226928711, 0.043606847524642944, 0.04535968601703644, 0.042884357273578644, 0.04144323617219925, 0.04121669381856918, 0.04014500230550766, 0.04133594036102295, 0.042738378047943115, 0.044006966054439545, 0.042898230254650116, 0.04074869677424431, 0.03631323575973511, 0.037316787987947464, 0.03514381870627403, 0.031350161880254745, 0.030170492827892303, 0.02975260466337204, 0.028844818472862244, 0.028504207730293274, 0.030723627656698227, 0.030695397406816483, 0.03330181539058685, 0.03252815827727318, 0.033915165811777115, 0.03789174556732178, 0.03693120926618576, 0.03827193006873131, 0.037630580365657806, 0.03690575063228607, 0.05330964922904968, 0.046749893575906754, 0.0467958003282547, 0.045937083661556244, 0.04039541259407997, 0.040041595697402954, 0.041814520955085754, 0.041871242225170135, 0.03770272806286812, 0.034187473356723785, 0.033335983753204346, 0.03136486932635307, 0.03483033925294876, 0.03232531622052193, 0.032338399440050125, 0.03638581559062004, 0.03647618740797043, 0.034348804503679276, 0.03577379137277603, 0.035982586443424225, 0.033024244010448456, 0.029084403067827225, 0.033424004912376404, 0.044246070086956024, 0.03712174668908119, 0.034024789929389954, 0.03537627309560776, 0.037243880331516266, 0.03945722058415413, 0.041186943650245667, 0.043302081525325775, 0.043985769152641296, 0.04381050914525986, 0.04494352266192436, 0.0462522953748703, 0.053021371364593506, 0.04703221470117569, 0.04541816562414169, 0.04467181861400604, 0.04623377323150635, 0.03762344270944595, 0.034977369010448456, 0.03455353528261185, 0.04815839231014252, 0.045680053532123566, 0.03238258883357048, 0.030242804437875748, 0.03135599195957184, 0.03267267346382141, 0.03484846279025078, 0.030878230929374695]}
all losses in batch in validation:  {'loss': [0.04408787935972214, 0.04522938281297684, 0.04396969825029373, 0.04445910081267357, 0.046407658606767654, 0.051319219172000885, 0.05866875499486923, 0.06241833418607712, 0.060015976428985596, 0.04540272429585457, 0.040366776287555695, 0.03550345450639725, 0.034272290766239166, 0.036563873291015625, 0.036448124796152115, 0.03523091599345207, 0.03261696919798851, 0.03305409103631973, 0.036645736545324326, 0.03835775703191757, 0.039885811507701874, 0.043046485632658005, 0.04234902560710907, 0.04363133758306503, 0.04195043444633484, 0.048290401697158813, 0.0508892759680748, 0.042840518057346344, 0.03844338282942772, 0.04031261056661606, 0.04300278425216675, 0.04343248903751373, 0.04835997149348259, 0.05023082345724106, 0.06111077219247818, 0.06321912258863449, 0.05717827379703522, 0.0550939217209816, 0.04835802689194679, 0.05253695696592331, 0.05627971142530441, 0.05701075494289398, 0.05531103163957596, 0.05736643448472023, 0.055170558393001556, 0.060128677636384964, 0.06181056797504425, 0.05595533549785614, 0.05806596577167511, 0.05783200263977051, 0.0560484454035759, 0.05798035115003586, 0.058466196060180664, 0.057851146906614304, 0.05009385198354721, 0.04173620790243149, 0.03340096026659012, 0.03482908010482788, 0.03308380767703056, 0.03382377699017525, 0.032979816198349, 0.03410673141479492, 0.033775269985198975, 0.034206654876470566, 0.03623839467763901, 0.035941991955041885, 0.039016976952552795, 0.039009686559438705, 0.04056776687502861, 0.04675235599279404, 0.04649659991264343, 0.04895207658410072, 0.04916892573237419, 0.04094279929995537, 0.0370229035615921, 0.050003282725811005, 0.05695830658078194, 0.04746270552277565, 0.053985729813575745, 0.05616340413689613, 0.05919823423027992, 0.06500830501317978, 0.05220968648791313, 0.04368843138217926, 0.040781378746032715, 0.03822390362620354, 0.040604233741760254, 0.03854535520076752, 0.0392342209815979, 0.0421108715236187, 0.04075418785214424, 0.040076207369565964, 0.04109201952815056, 0.04260139912366867, 0.03968171030282974, 0.038529105484485626, 0.05752377212047577, 0.060557909309864044, 0.04031834006309509, 0.03675655275583267, 0.037195272743701935, 0.03739330172538757, 0.04084237292408943, 0.04345853626728058, 0.04370743781328201, 0.04533950984477997, 0.04592764377593994, 0.047713231295347214, 0.04732540622353554, 0.05106259509921074, 0.04824629798531532, 0.04737585410475731, 0.046753983944654465, 0.04772186279296875, 0.03857913985848427, 0.03691690042614937, 0.0379030704498291, 0.043059688061475754, 0.04276910051703453, 0.037488095462322235, 0.03771641477942467, 0.04116116464138031, 0.0433780774474144, 0.04696092754602432, 0.04275162145495415], 'L_si': [0.007158130407333374, 0.007413715124130249, 0.007171362638473511, 0.007296621799468994, 0.007984519004821777, 0.009342670440673828, 0.010963678359985352, 0.012527912855148315, 0.012893259525299072, 0.008097752928733826, 0.0063927918672561646, 0.005041524767875671, 0.004872187972068787, 0.00513865053653717, 0.005198553204536438, 0.004952549934387207, 0.004421815276145935, 0.004361644387245178, 0.004846096038818359, 0.0051065534353256226, 0.005558088421821594, 0.006302371621131897, 0.0063001662492752075, 0.006705522537231445, 0.006292060017585754, 0.007292315363883972, 0.007841810584068298, 0.006136059761047363, 0.0049507468938827515, 0.005535691976547241, 0.006350815296173096, 0.006482526659965515, 0.007717147469520569, 0.007902294397354126, 0.010130822658538818, 0.010907456278800964, 0.00999481976032257, 0.012653425335884094, 0.008138090372085571, 0.010142192244529724, 0.011390909552574158, 0.011475101113319397, 0.010841801762580872, 0.011612296104431152, 0.010693073272705078, 0.012316226959228516, 0.013025641441345215, 0.011225312948226929, 0.012473687529563904, 0.012472093105316162, 0.012175679206848145, 0.012501552700996399, 0.012592211365699768, 0.012419968843460083, 0.010055124759674072, 0.0071830302476882935, 0.004512280225753784, 0.004660084843635559, 0.004456952214241028, 0.004616081714630127, 0.004395872354507446, 0.004826188087463379, 0.005107581615447998, 0.005512923002243042, 0.0061079710721969604, 0.005926176905632019, 0.006527930498123169, 0.006695866584777832, 0.007373377680778503, 0.009138345718383789, 0.009389430284500122, 0.0109434574842453, 0.011343196034431458, 0.00931347906589508, 0.008101195096969604, 0.011791020631790161, 0.014958292245864868, 0.012530341744422913, 0.015408635139465332, 0.016652971506118774, 0.018118128180503845, 0.019164077937602997, 0.01398436725139618, 0.009779468178749084, 0.006807118654251099, 0.004945650696754456, 0.005205273628234863, 0.004900574684143066, 0.005290597677230835, 0.006530448794364929, 0.006346613168716431, 0.00606498122215271, 0.006306067109107971, 0.00677114725112915, 0.00627608597278595, 0.005903199315071106, 0.011371046304702759, 0.012454763054847717, 0.006092891097068787, 0.005352839827537537, 0.0054716914892196655, 0.005680456757545471, 0.006892010569572449, 0.007967352867126465, 0.0077095478773117065, 0.007987096905708313, 0.00795067846775055, 0.008579239249229431, 0.008325234055519104, 0.009716317057609558, 0.00922328233718872, 0.009208783507347107, 0.009556204080581665, 0.010062843561172485, 0.008306309580802917, 0.007508143782615662, 0.007914736866950989, 0.009504631161689758, 0.009559452533721924, 0.008188620209693909, 0.008059144020080566, 0.00915883481502533, 0.009874403476715088, 0.010823532938957214, 0.01119038462638855], 'L_grad': [0.03692974895238876, 0.03781566768884659, 0.03679833561182022, 0.037162479013204575, 0.03842313960194588, 0.04197654873132706, 0.04770507663488388, 0.0498904213309288, 0.04712271690368652, 0.03730497136712074, 0.03397398442029953, 0.030461927875876427, 0.02940010279417038, 0.031425222754478455, 0.031249571591615677, 0.030278366059064865, 0.028195153921842575, 0.028692446649074554, 0.031799640506505966, 0.03325120359659195, 0.03432772308588028, 0.03674411401152611, 0.03604885935783386, 0.03692581504583359, 0.035658374428749084, 0.04099808633327484, 0.0430474653840065, 0.03670445829629898, 0.03349263593554497, 0.03477691859006882, 0.03665196895599365, 0.03694996237754822, 0.04064282402396202, 0.04232852905988693, 0.05097994953393936, 0.05231166630983353, 0.047183454036712646, 0.042440496385097504, 0.04021993651986122, 0.042394764721393585, 0.044888801872730255, 0.045535653829574585, 0.04446922987699509, 0.04575413838028908, 0.04447748512029648, 0.04781245067715645, 0.048784926533699036, 0.04473002254962921, 0.045592278242111206, 0.045359909534454346, 0.04387276619672775, 0.04547879844903946, 0.045873984694480896, 0.04543117806315422, 0.04003872722387314, 0.034553177654743195, 0.028888680040836334, 0.030168995261192322, 0.028626855462789536, 0.02920769527554512, 0.028583945706486702, 0.029280543327331543, 0.028667690232396126, 0.028693731874227524, 0.030130423605442047, 0.030015815049409866, 0.032489046454429626, 0.03231381997466087, 0.03319438919425011, 0.03761401027441025, 0.03710716962814331, 0.03800861909985542, 0.037825729697942734, 0.03162932023406029, 0.028921708464622498, 0.038212262094020844, 0.04200001433491707, 0.03493236377835274, 0.03857709467411041, 0.03951043263077736, 0.04108010604977608, 0.04584422707557678, 0.03822531923651695, 0.033908963203430176, 0.033974260091781616, 0.03327825292944908, 0.03539896011352539, 0.03364478051662445, 0.033943623304367065, 0.03558042272925377, 0.03440757468342781, 0.034011226147413254, 0.03478595241904259, 0.03583025187253952, 0.03340562433004379, 0.03262590616941452, 0.04615272581577301, 0.04810314625501633, 0.034225448966026306, 0.031403712928295135, 0.03172358125448227, 0.0317128449678421, 0.03395036235451698, 0.035491183400154114, 0.035997889935970306, 0.037352412939071655, 0.03797696530818939, 0.03913399204611778, 0.039000172168016434, 0.04134627804160118, 0.0390230156481266, 0.0381670705974102, 0.0371977798640728, 0.037659019231796265, 0.03027283027768135, 0.029408756643533707, 0.029988331720232964, 0.033555056899785995, 0.03320964798331261, 0.029299473389983177, 0.0296572707593441, 0.03200232982635498, 0.03350367397069931, 0.03613739460706711, 0.0315612368285656]}
all losses in batch in validation:  {'loss': [0.03786874935030937, 0.038545358926057816, 0.037775736302137375, 0.038624003529548645, 0.03964858502149582, 0.04268205910921097, 0.050021495670080185, 0.059456780552864075, 0.05816292017698288, 0.042604126036167145, 0.038921840488910675, 0.03469445928931236, 0.0345621220767498, 0.03567409887909889, 0.037898968905210495, 0.03832605108618736, 0.032383911311626434, 0.03271978348493576, 0.03519574552774429, 0.037866558879613876, 0.04179593175649643, 0.046703264117240906, 0.04433673620223999, 0.04428551346063614, 0.04200996086001396, 0.04920951649546623, 0.05090096592903137, 0.04385964572429657, 0.03891025483608246, 0.03875064104795456, 0.040339238941669464, 0.042786967009305954, 0.04738214239478111, 0.05035256966948509, 0.06386321038007736, 0.06656678020954132, 0.05838259309530258, 0.05564077943563461, 0.041863735765218735, 0.03941962495446205, 0.04165831208229065, 0.043140262365341187, 0.041185177862644196, 0.042785510420799255, 0.04078418388962746, 0.04363628476858139, 0.04491931572556496, 0.04045011103153229, 0.04024699702858925, 0.038884252309799194, 0.038073815405368805, 0.040484268218278885, 0.04246079921722412, 0.0432002991437912, 0.04014047980308533, 0.036393482238054276, 0.03145886957645416, 0.03341923654079437, 0.032154783606529236, 0.032855674624443054, 0.03209807351231575, 0.0332011803984642, 0.033056214451789856, 0.03333060443401337, 0.034932635724544525, 0.035306744277477264, 0.03850233554840088, 0.03844635188579559, 0.04068494588136673, 0.04601839557290077, 0.04518657550215721, 0.04769013449549675, 0.04733499512076378, 0.040583670139312744, 0.03512755036354065, 0.038098834455013275, 0.053576305508613586, 0.046061206609010696, 0.0532161220908165, 0.05789118632674217, 0.060568917542696, 0.06524285674095154, 0.053911104798316956, 0.04597238078713417, 0.0416107103228569, 0.0388142392039299, 0.042353205382823944, 0.03741069883108139, 0.03713049739599228, 0.041523322463035583, 0.04042540118098259, 0.04067617654800415, 0.041576601564884186, 0.042133137583732605, 0.03809225559234619, 0.034076519310474396, 0.04044299200177193, 0.04276951774954796, 0.03498386591672897, 0.03396773338317871, 0.034904200583696365, 0.03776009753346443, 0.04088312387466431, 0.04383305460214615, 0.044822875410318375, 0.046821799129247665, 0.04627293348312378, 0.04824725165963173, 0.0475994274020195, 0.053302064538002014, 0.05088619515299797, 0.04926610738039017, 0.04814539849758148, 0.04793701320886612, 0.03829426318407059, 0.0361110121011734, 0.03677733987569809, 0.05449512600898743, 0.045462191104888916, 0.036918073892593384, 0.03762107342481613, 0.04072780907154083, 0.04336274415254593, 0.04607132077217102, 0.042743321508169174], 'L_si': [0.006041914224624634, 0.006258800625801086, 0.006143063306808472, 0.006283968687057495, 0.006592497229576111, 0.007447168231010437, 0.009023100137710571, 0.011642277240753174, 0.012089774012565613, 0.007230058312416077, 0.0063415467739105225, 0.005111217498779297, 0.005160972476005554, 0.005129411816596985, 0.005682215094566345, 0.005803555250167847, 0.004511311650276184, 0.0044477880001068115, 0.004837527871131897, 0.005248129367828369, 0.006202787160873413, 0.007459238171577454, 0.006947174668312073, 0.006903201341629028, 0.006344422698020935, 0.00737665593624115, 0.007702872157096863, 0.006244853138923645, 0.004937946796417236, 0.005242437124252319, 0.005832284688949585, 0.006401911377906799, 0.007536575198173523, 0.007896840572357178, 0.01058565080165863, 0.01114337146282196, 0.009939700365066528, 0.011971741914749146, 0.007114797830581665, 0.006712600588798523, 0.007422417402267456, 0.007710680365562439, 0.0070774853229522705, 0.0076860785484313965, 0.007045045495033264, 0.007719546556472778, 0.00804208219051361, 0.006935626268386841, 0.007119357585906982, 0.007034078240394592, 0.006889253854751587, 0.007673576474189758, 0.008492112159729004, 0.008678406476974487, 0.007523700594902039, 0.005946442484855652, 0.00423094630241394, 0.004301175475120544, 0.004175886511802673, 0.0042575448751449585, 0.004058316349983215, 0.004460647702217102, 0.0047505199909210205, 0.005061820149421692, 0.00548572838306427, 0.005544692277908325, 0.006209418177604675, 0.006247758865356445, 0.007040485739707947, 0.00859251618385315, 0.008727669715881348, 0.010246455669403076, 0.010477200150489807, 0.008648380637168884, 0.006977573037147522, 0.008153676986694336, 0.01384042203426361, 0.01217101514339447, 0.015065297484397888, 0.016744889318943024, 0.01772264391183853, 0.018363572657108307, 0.013715118169784546, 0.010182201862335205, 0.007081896066665649, 0.0053583234548568726, 0.0059417784214019775, 0.0051269084215164185, 0.005300447344779968, 0.006796494126319885, 0.006736248731613159, 0.00645996630191803, 0.006521061062812805, 0.0068285465240478516, 0.006001114845275879, 0.004984989762306213, 0.0064661502838134766, 0.008197128772735596, 0.005207076668739319, 0.004747986793518066, 0.0049964189529418945, 0.005796074867248535, 0.006920292973518372, 0.007790043950080872, 0.0077925026416778564, 0.008057981729507446, 0.00776517391204834, 0.008611515164375305, 0.008399799466133118, 0.010139718651771545, 0.009783893823623657, 0.009521961212158203, 0.009594619274139404, 0.009855985641479492, 0.007913216948509216, 0.007125049829483032, 0.007452115416526794, 0.014914646744728088, 0.010453522205352783, 0.007654055953025818, 0.007553473114967346, 0.00859174132347107, 0.00937853753566742, 0.010014504194259644, 0.01076681911945343], 'L_grad': [0.03182683512568474, 0.03228655830025673, 0.0316326729953289, 0.03234003484249115, 0.03305608779191971, 0.03523489087820053, 0.040998395532369614, 0.0478145033121109, 0.04607314616441727, 0.03537406772375107, 0.03258029371500015, 0.029583241790533066, 0.029401149600744247, 0.030544687062501907, 0.03221675381064415, 0.032522495836019516, 0.0278725977987051, 0.028271997347474098, 0.030358219519257545, 0.03261842951178551, 0.035593144595623016, 0.03924402594566345, 0.03738956153392792, 0.03738231211900711, 0.03566553816199303, 0.04183286055922508, 0.04319809377193451, 0.037614792585372925, 0.03397230803966522, 0.03350820392370224, 0.03450695425271988, 0.036385055631399155, 0.03984556719660759, 0.042455729097127914, 0.05327755957841873, 0.05542340874671936, 0.04844289273023605, 0.04366903752088547, 0.03474893793463707, 0.03270702436566353, 0.03423589468002319, 0.03542958199977875, 0.034107692539691925, 0.03509943187236786, 0.03373913839459419, 0.03591673821210861, 0.036877233535051346, 0.03351448476314545, 0.033127639442682266, 0.0318501740694046, 0.031184563413262367, 0.03281069174408913, 0.03396868705749512, 0.03452189266681671, 0.03261677920818329, 0.030447039753198624, 0.027227923274040222, 0.029118061065673828, 0.02797889895737171, 0.028598129749298096, 0.028039757162332535, 0.0287405326962471, 0.028305694460868835, 0.028268782421946526, 0.029446909204125404, 0.02976205199956894, 0.032292917370796204, 0.03219859302043915, 0.03364446014165878, 0.03742587938904762, 0.036458905786275864, 0.037443678826093674, 0.03685779497027397, 0.03193528950214386, 0.028149975463747978, 0.02994515933096409, 0.039735883474349976, 0.033890191465616226, 0.03815082460641861, 0.04114629700779915, 0.04284627363085747, 0.04687928408384323, 0.04019598662853241, 0.035790178924798965, 0.034528814256191254, 0.03345591574907303, 0.03641142696142197, 0.03228379040956497, 0.03183005005121231, 0.0347268283367157, 0.03368915244936943, 0.03421621024608612, 0.03505554050207138, 0.03530459105968475, 0.03209114074707031, 0.02909153141081333, 0.03397684171795845, 0.03457238897681236, 0.029776787385344505, 0.029219746589660645, 0.02990778163075447, 0.0319640226662159, 0.033962830901145935, 0.03604301065206528, 0.03703037276864052, 0.03876381739974022, 0.03850775957107544, 0.039635736495256424, 0.03919962793588638, 0.04316234588623047, 0.04110230132937431, 0.039744146168231964, 0.03855077922344208, 0.03808102756738663, 0.03038104623556137, 0.02898596227169037, 0.029325222596526146, 0.03958047926425934, 0.03500866889953613, 0.029264017939567566, 0.030067602172493935, 0.03213606774806976, 0.03398420661687851, 0.03605681657791138, 0.031976502388715744]}
Saving current best: model_best.pth.tar ...
all losses in batch in validation:  {'loss': [0.03933004289865494, 0.04163198918104172, 0.04085370898246765, 0.040536440908908844, 0.041524745523929596, 0.04462464153766632, 0.05297663435339928, 0.06307117640972137, 0.060440994799137115, 0.04376969486474991, 0.03958529233932495, 0.03489246591925621, 0.03381861746311188, 0.035143811255693436, 0.03631947934627533, 0.035759467631578445, 0.032589640468358994, 0.03302910923957825, 0.03571266308426857, 0.03847592696547508, 0.04188830405473709, 0.04455257207155228, 0.044087715446949005, 0.04559241235256195, 0.043837036937475204, 0.05119666829705238, 0.051667459309101105, 0.04505442827939987, 0.040035054087638855, 0.03912273421883583, 0.040633607655763626, 0.04254281520843506, 0.04856926575303078, 0.05118970200419426, 0.06419564038515091, 0.06918170303106308, 0.06433567404747009, 0.057998280972242355, 0.04215310886502266, 0.03860130161046982, 0.03992961347103119, 0.03977598994970322, 0.0387597382068634, 0.04080263525247574, 0.03999226912856102, 0.04425639286637306, 0.04401848092675209, 0.040739450603723526, 0.040417321026325226, 0.040348947048187256, 0.03983670473098755, 0.04352319985628128, 0.04593837261199951, 0.04600081965327263, 0.0423409566283226, 0.03932059556245804, 0.03366856276988983, 0.03675210848450661, 0.035277873277664185, 0.03611557185649872, 0.03591999411582947, 0.0366559699177742, 0.0355788953602314, 0.035230837762355804, 0.03694884851574898, 0.03720492869615555, 0.040786322206258774, 0.04087144136428833, 0.04275861755013466, 0.04858583211898804, 0.04811587929725647, 0.05089863762259483, 0.049874499440193176, 0.042394984513521194, 0.03749426081776619, 0.03987625986337662, 0.050889477133750916, 0.04705977439880371, 0.05451861768960953, 0.059393253177404404, 0.06156272441148758, 0.06289975345134735, 0.05334979295730591, 0.04394492134451866, 0.04150088131427765, 0.04003220051527023, 0.045538466423749924, 0.037845052778720856, 0.03758243843913078, 0.04210880398750305, 0.042926810681819916, 0.04277430474758148, 0.041638851165771484, 0.04212135076522827, 0.040437161922454834, 0.0358741357922554, 0.04221966117620468, 0.05204616114497185, 0.03927404060959816, 0.03593047335743904, 0.036326564848423004, 0.03870968520641327, 0.04039497673511505, 0.0420144759118557, 0.04398058354854584, 0.045503124594688416, 0.0465344563126564, 0.049372121691703796, 0.04793630540370941, 0.050762757658958435, 0.05016080662608147, 0.04840916022658348, 0.046017661690711975, 0.04590329900383949, 0.03737273067235947, 0.03575954958796501, 0.035836830735206604, 0.03867296501994133, 0.039486125111579895, 0.037717632949352264, 0.03899117931723595, 0.04207984358072281, 0.04526250809431076, 0.049194853752851486, 0.04439013451337814], 'L_si': [0.006462380290031433, 0.006989538669586182, 0.006909847259521484, 0.006800591945648193, 0.007112860679626465, 0.007975012063980103, 0.009892508387565613, 0.012698784470558167, 0.012910425662994385, 0.007637456059455872, 0.006563112139701843, 0.0050300657749176025, 0.004837855696678162, 0.00494714081287384, 0.005147680640220642, 0.005223333835601807, 0.0045989155769348145, 0.004510536789894104, 0.004875108599662781, 0.0053233802318573, 0.006136968731880188, 0.006808251142501831, 0.006905838847160339, 0.0072640180587768555, 0.0066907405853271484, 0.007827535271644592, 0.007871285080909729, 0.006544977426528931, 0.005268678069114685, 0.005356594920158386, 0.0059357136487960815, 0.006523609161376953, 0.008009672164916992, 0.008389905095100403, 0.010967791080474854, 0.012167736887931824, 0.012085914611816406, 0.012740224599838257, 0.007231175899505615, 0.006251394748687744, 0.0064231157302856445, 0.006221011281013489, 0.006046876311302185, 0.007109284400939941, 0.0067735761404037476, 0.007873430848121643, 0.007832244038581848, 0.007187455892562866, 0.0073424577713012695, 0.007542118430137634, 0.007541358470916748, 0.008748263120651245, 0.009815394878387451, 0.009786099195480347, 0.008397728204727173, 0.007043555378913879, 0.005004659295082092, 0.005171269178390503, 0.005003765225410461, 0.00494915246963501, 0.004743635654449463, 0.005028516054153442, 0.0051199644804000854, 0.005418136715888977, 0.005976364016532898, 0.006004408001899719, 0.0067314207553863525, 0.006767719984054565, 0.007489308714866638, 0.009232357144355774, 0.009455248713493347, 0.011196479201316833, 0.011187553405761719, 0.009222462773323059, 0.007908567786216736, 0.009229853749275208, 0.013322688639163971, 0.013033390045166016, 0.01591261476278305, 0.017305582761764526, 0.018332652747631073, 0.01778220385313034, 0.014406383037567139, 0.010105341672897339, 0.007414922118186951, 0.005660980939865112, 0.006564900279045105, 0.005215004086494446, 0.005653709173202515, 0.007190316915512085, 0.007541447877883911, 0.0070921629667282104, 0.006551921367645264, 0.0068582892417907715, 0.006474107503890991, 0.00572417676448822, 0.007364392280578613, 0.01110142469406128, 0.005974367260932922, 0.00508725643157959, 0.005271479487419128, 0.005999460816383362, 0.006691426038742065, 0.007426857948303223, 0.0077323466539382935, 0.007874280214309692, 0.008106827735900879, 0.00882844626903534, 0.00834481418132782, 0.009404093027114868, 0.009671881794929504, 0.009339690208435059, 0.00930747389793396, 0.009732916951179504, 0.008212804794311523, 0.0075677186250686646, 0.007705762982368469, 0.008469894528388977, 0.008616432547569275, 0.008038371801376343, 0.008008897304534912, 0.009081616997718811, 0.009772896766662598, 0.010825961828231812, 0.011236518621444702], 'L_grad': [0.032867662608623505, 0.034642450511455536, 0.03394386172294617, 0.03373584896326065, 0.03441188484430313, 0.03664962947368622, 0.043084125965833664, 0.05037239193916321, 0.04753056913614273, 0.03613223880529404, 0.03302218019962311, 0.029862400144338608, 0.028980761766433716, 0.030196670442819595, 0.031171798706054688, 0.03053613379597664, 0.02799072489142418, 0.028518572449684143, 0.03083755448460579, 0.03315254673361778, 0.0357513353228569, 0.037744320929050446, 0.037181876599788666, 0.038328394293785095, 0.037146296352148056, 0.04336913302540779, 0.043796174228191376, 0.03850945085287094, 0.03476637601852417, 0.033766139298677444, 0.034697894006967545, 0.036019206047058105, 0.040559593588113785, 0.04279979690909386, 0.053227849304676056, 0.057013966143131256, 0.052249759435653687, 0.0452580563724041, 0.034921932965517044, 0.032349906861782074, 0.033506497740745544, 0.03355497866868973, 0.03271286189556122, 0.0336933508515358, 0.03321869298815727, 0.03638296201825142, 0.03618623688817024, 0.03355199471116066, 0.033074863255023956, 0.03280682861804962, 0.0322953462600708, 0.034774936735630035, 0.03612297773361206, 0.03621472045779228, 0.03394322842359543, 0.03227704018354416, 0.02866390347480774, 0.031580839306116104, 0.030274109914898872, 0.03116641752421856, 0.031176360324025154, 0.03162745386362076, 0.030458930879831314, 0.029812702909111977, 0.03097248449921608, 0.03120052069425583, 0.03405490145087242, 0.034103721380233765, 0.03526930883526802, 0.03935347497463226, 0.03866063058376312, 0.039702158421278, 0.03868694603443146, 0.033172521740198135, 0.029585693031549454, 0.03064640797674656, 0.037566788494586945, 0.034026384353637695, 0.03860600292682648, 0.04208767041563988, 0.043230071663856506, 0.04511754959821701, 0.03894340991973877, 0.03383957967162132, 0.0340859591960907, 0.03437121957540512, 0.03897356614470482, 0.03263004869222641, 0.03192872926592827, 0.03491848707199097, 0.035385362803936005, 0.03568214178085327, 0.03508692979812622, 0.0352630615234375, 0.03396305441856384, 0.03014996089041233, 0.03485526889562607, 0.04094473645091057, 0.03329967334866524, 0.03084321692585945, 0.031055085361003876, 0.03271022439002991, 0.033703550696372986, 0.034587617963552475, 0.036248236894607544, 0.03762884438037872, 0.038427628576755524, 0.04054367542266846, 0.03959149122238159, 0.04135866463184357, 0.04048892483115196, 0.03906947001814842, 0.036710187792778015, 0.03617038205265999, 0.029159925878047943, 0.028191830962896347, 0.028131067752838135, 0.030203070491552353, 0.03086969256401062, 0.029679259285330772, 0.030982282012701035, 0.032998226583004, 0.03548961132764816, 0.038368891924619675, 0.03315361589193344]}
all losses in batch in validation:  {'loss': [0.037286072969436646, 0.04138115048408508, 0.04063039273023605, 0.03835365176200867, 0.039138857275247574, 0.04189551994204521, 0.05101679265499115, 0.06053413450717926, 0.06041464954614639, 0.045429788529872894, 0.04073213040828705, 0.035591207444667816, 0.03511809557676315, 0.036137014627456665, 0.03707223758101463, 0.036076512187719345, 0.032720789313316345, 0.03269027918577194, 0.03637159243226051, 0.04042724892497063, 0.04180825501680374, 0.044639647006988525, 0.04372728243470192, 0.04547968506813049, 0.04347087815403938, 0.05158906802535057, 0.053929105401039124, 0.04664158821105957, 0.0409853458404541, 0.043506160378456116, 0.04290596395730972, 0.04403587803244591, 0.04814338684082031, 0.05015042796730995, 0.06203174591064453, 0.06373097002506256, 0.05519276484847069, 0.0572226420044899, 0.04404322803020477, 0.03917548060417175, 0.040208473801612854, 0.04085136204957962, 0.03978578746318817, 0.04184700548648834, 0.04075927287340164, 0.04408456012606621, 0.04453762620687485, 0.04021502658724785, 0.03963920846581459, 0.03997468575835228, 0.03940986469388008, 0.04238986223936081, 0.043562695384025574, 0.04376603662967682, 0.04042284935712814, 0.03589346632361412, 0.030283570289611816, 0.031804025173187256, 0.03166648745536804, 0.03193356841802597, 0.03087855689227581, 0.0325806587934494, 0.03210528939962387, 0.03191279619932175, 0.03310123085975647, 0.03273077309131622, 0.0368368998169899, 0.03804826736450195, 0.040718596428632736, 0.046717673540115356, 0.045648738741874695, 0.048006534576416016, 0.04830264672636986, 0.05859040468931198, 0.08982785791158676, 0.07923514395952225, 0.0819208174943924, 0.08519798517227173, 0.07698319852352142, 0.06081900745630264, 0.06448661535978317, 0.07642295211553574, 0.05677325278520584, 0.04289064556360245, 0.040659695863723755, 0.03791366145014763, 0.0429515466094017, 0.038165368139743805, 0.03776530548930168, 0.042271703481674194, 0.04267998784780502, 0.04261438548564911, 0.042874451726675034, 0.04405390843749046, 0.041745375841856, 0.03622982278466225, 0.04664325714111328, 0.06495995074510574, 0.04512443765997887, 0.036696359515190125, 0.036948010325431824, 0.03807291388511658, 0.041374657303094864, 0.04819057136774063, 0.04724431782960892, 0.04889436811208725, 0.0525883287191391, 0.053709931671619415, 0.0588938407599926, 0.07964159548282623, 0.0663013681769371, 0.06613980233669281, 0.052052177488803864, 0.049300387501716614, 0.040305573493242264, 0.03899283707141876, 0.050129421055316925, 0.08211982995271683, 0.07550517469644547, 0.051069166511297226, 0.04022621363401413, 0.04448419436812401, 0.0465846061706543, 0.0487404391169548, 0.043373625725507736], 'L_si': [0.005721092224121094, 0.0068759918212890625, 0.006920814514160156, 0.0062439292669296265, 0.006360948085784912, 0.007063955068588257, 0.009192317724227905, 0.01183919608592987, 0.012851998209953308, 0.008356183767318726, 0.007051184773445129, 0.0054743289947509766, 0.005463361740112305, 0.005362078547477722, 0.005474463105201721, 0.005480095744132996, 0.004672586917877197, 0.004553094506263733, 0.005154162645339966, 0.006015881896018982, 0.006425425410270691, 0.007096529006958008, 0.006949469447135925, 0.007375925779342651, 0.006829544901847839, 0.008342742919921875, 0.008902490139007568, 0.007356733083724976, 0.005902200937271118, 0.006684690713882446, 0.006677448749542236, 0.007197454571723938, 0.008236169815063477, 0.008351266384124756, 0.011043891310691833, 0.011486098170280457, 0.010099098086357117, 0.013516202569007874, 0.007860615849494934, 0.006844043731689453, 0.007261887192726135, 0.007266387343406677, 0.0067277103662490845, 0.0074823349714279175, 0.007000446319580078, 0.007831215858459473, 0.007937446236610413, 0.006991833448410034, 0.0071748048067092896, 0.0074584633111953735, 0.007725268602371216, 0.008615240454673767, 0.009052738547325134, 0.009094208478927612, 0.007980376482009888, 0.006135344505310059, 0.004082545638084412, 0.004042983055114746, 0.004143968224525452, 0.004144906997680664, 0.0038551390171051025, 0.004242554306983948, 0.004355207085609436, 0.0046335309743881226, 0.005085676908493042, 0.005027636885643005, 0.005830451846122742, 0.006156414747238159, 0.006869375705718994, 0.008414387702941895, 0.00828920304775238, 0.009691029787063599, 0.010019287467002869, 0.013657242059707642, 0.026638656854629517, 0.021000750362873077, 0.02508597820997238, 0.025609783828258514, 0.022378556430339813, 0.016673557460308075, 0.01831560581922531, 0.024164743721485138, 0.01515302062034607, 0.009388402104377747, 0.007067829370498657, 0.0054525285959243774, 0.006420716643333435, 0.005447164177894592, 0.0054824501276016235, 0.0069897472858428955, 0.007441073656082153, 0.007130756974220276, 0.007156059145927429, 0.007543846964836121, 0.007039740681648254, 0.005756735801696777, 0.008695393800735474, 0.01618248224258423, 0.007586941123008728, 0.0052464306354522705, 0.005357399582862854, 0.00575612485408783, 0.006708428263664246, 0.00871025025844574, 0.00830453634262085, 0.00851556658744812, 0.00966574251651764, 0.010006308555603027, 0.011364966630935669, 0.02171553671360016, 0.015011236071586609, 0.015253946185112, 0.010525748133659363, 0.01028779149055481, 0.008391335606575012, 0.007826447486877441, 0.01180015504360199, 0.02890951931476593, 0.023003295063972473, 0.011739090085029602, 0.008063510060310364, 0.009392648935317993, 0.009901672601699829, 0.010659337043762207, 0.01062728464603424], 'L_grad': [0.03156498074531555, 0.03450515866279602, 0.0337095782160759, 0.03210972249507904, 0.03277790918946266, 0.034831564873456955, 0.041824474930763245, 0.04869493842124939, 0.047562651336193085, 0.03707360476255417, 0.03368094563484192, 0.03011687844991684, 0.02965473383665085, 0.030774936079978943, 0.03159777447581291, 0.03059641644358635, 0.028048202395439148, 0.02813718467950821, 0.031217429786920547, 0.034411367028951645, 0.03538282960653305, 0.03754311800003052, 0.036777812987565994, 0.03810375928878784, 0.036641333252191544, 0.043246325105428696, 0.045026615262031555, 0.039284855127334595, 0.03508314490318298, 0.03682146966457367, 0.03622851520776749, 0.03683842346072197, 0.039907217025756836, 0.041799161583185196, 0.0509878545999527, 0.052244871854782104, 0.04509366676211357, 0.043706439435482025, 0.03618261218070984, 0.0323314368724823, 0.03294658660888672, 0.03358497470617294, 0.03305807709693909, 0.034364670515060425, 0.033758826553821564, 0.036253344267606735, 0.036600179970264435, 0.033223193138837814, 0.0324644036591053, 0.032516222447156906, 0.031684596091508865, 0.03377462178468704, 0.03450995683670044, 0.03467182815074921, 0.032442472875118256, 0.029758121818304062, 0.026201024651527405, 0.02776104211807251, 0.02752251923084259, 0.027788661420345306, 0.027023417875170708, 0.028338106349110603, 0.027750082314014435, 0.027279263362288475, 0.02801555208861828, 0.027703136205673218, 0.031006447970867157, 0.031891852617263794, 0.03384922072291374, 0.03830328583717346, 0.037359535694122314, 0.03831550478935242, 0.03828335925936699, 0.04493316262960434, 0.06318920105695724, 0.05823439359664917, 0.05683483928442001, 0.059588201344013214, 0.05460464209318161, 0.04414544999599457, 0.04617100954055786, 0.0522582083940506, 0.04162023216485977, 0.0335022434592247, 0.0335918664932251, 0.03246113285422325, 0.03653082996606827, 0.03271820396184921, 0.03228285536170006, 0.0352819561958313, 0.03523891419172287, 0.03548362851142883, 0.035718392580747604, 0.03651006147265434, 0.03470563516020775, 0.03047308698296547, 0.03794786334037781, 0.048777468502521515, 0.03753749653697014, 0.031449928879737854, 0.03159061074256897, 0.03231678903102875, 0.03466622903943062, 0.03948032110929489, 0.03893978148698807, 0.04037880152463913, 0.04292258620262146, 0.04370362311601639, 0.04752887412905693, 0.057926058769226074, 0.051290132105350494, 0.05088585615158081, 0.0415264293551445, 0.039012596011161804, 0.03191423788666725, 0.03116638958454132, 0.038329266011714935, 0.0532103106379509, 0.05250187963247299, 0.039330076426267624, 0.032162703573703766, 0.035091545432806015, 0.03668293356895447, 0.038081102073192596, 0.032746341079473495]}
all losses in batch in validation:  {'loss': [0.03866226226091385, 0.04044090211391449, 0.03993136063218117, 0.03957350552082062, 0.039843298494815826, 0.04179594665765762, 0.05001002550125122, 0.059634435921907425, 0.05938439816236496, 0.042694754898548126, 0.03811059147119522, 0.03484608978033066, 0.03493370860815048, 0.035419121384620667, 0.03894452378153801, 0.038261864334344864, 0.032736897468566895, 0.03216294199228287, 0.03441731259226799, 0.03753972426056862, 0.04232471063733101, 0.046048689633607864, 0.042464811354875565, 0.043309107422828674, 0.04262837767601013, 0.0481715127825737, 0.049430981278419495, 0.043788500130176544, 0.03925435617566109, 0.039817050099372864, 0.040909867733716965, 0.04325646162033081, 0.04802924394607544, 0.05032026767730713, 0.06296595931053162, 0.06479950249195099, 0.05517757683992386, 0.052701860666275024, 0.04079972952604294, 0.038982369005680084, 0.0405416414141655, 0.04079269990324974, 0.03992820158600807, 0.04192149266600609, 0.04087457060813904, 0.04302890971302986, 0.04342668130993843, 0.03959348052740097, 0.03889859467744827, 0.03862882778048515, 0.03745727986097336, 0.04021460935473442, 0.04255848750472069, 0.0433504581451416, 0.04089752584695816, 0.037977322936058044, 0.0326002761721611, 0.034567829221487045, 0.03317919373512268, 0.033354856073856354, 0.03295629099011421, 0.034345678985118866, 0.033476054668426514, 0.03343130648136139, 0.03571581467986107, 0.03576177731156349, 0.038957156240940094, 0.03899760916829109, 0.04118945077061653, 0.04628205671906471, 0.04494784027338028, 0.04718032106757164, 0.04773397371172905, 0.03975619375705719, 0.03750602900981903, 0.04092378914356232, 0.04575033485889435, 0.043961912393569946, 0.0504576712846756, 0.05464073270559311, 0.05718938261270523, 0.06007898598909378, 0.051644861698150635, 0.0438702367246151, 0.040658287703990936, 0.03776607662439346, 0.04174845665693283, 0.036115337163209915, 0.03641410917043686, 0.041548702865839005, 0.04392550513148308, 0.041851066052913666, 0.0416928231716156, 0.0424896702170372, 0.03845338523387909, 0.03392038121819496, 0.038278281688690186, 0.04518774151802063, 0.03480471670627594, 0.0327279269695282, 0.03306298702955246, 0.03567320853471756, 0.0389665924012661, 0.04115920141339302, 0.042481910437345505, 0.04411002993583679, 0.04424048587679863, 0.04797039553523064, 0.04855865240097046, 0.0531364344060421, 0.04830639436841011, 0.04571486636996269, 0.044733889400959015, 0.04463440179824829, 0.03611873835325241, 0.03459521383047104, 0.040479667484760284, 0.06329484283924103, 0.0522242933511734, 0.03823935240507126, 0.03852825239300728, 0.04131019115447998, 0.04373232275247574, 0.04834301769733429, 0.04214885085821152], 'L_si': [0.006229117512702942, 0.006624072790145874, 0.006624996662139893, 0.006491571664810181, 0.006536051630973816, 0.0071741193532943726, 0.009082689881324768, 0.011715680360794067, 0.012729600071907043, 0.007495716214179993, 0.0061074793338775635, 0.0052587538957595825, 0.005407482385635376, 0.005189120769500732, 0.006006523966789246, 0.0059577226638793945, 0.004578843712806702, 0.004329711198806763, 0.004660576581954956, 0.00517602264881134, 0.0063598304986953735, 0.007347613573074341, 0.006531625986099243, 0.006645426154136658, 0.0063275545835494995, 0.007221817970275879, 0.007438182830810547, 0.006293252110481262, 0.005196690559387207, 0.00553111732006073, 0.005941897630691528, 0.006733834743499756, 0.008033141493797302, 0.008242353796958923, 0.010749414563179016, 0.01130695641040802, 0.009204715490341187, 0.010950088500976562, 0.006884083151817322, 0.006650403141975403, 0.007018640637397766, 0.00694902241230011, 0.00664868950843811, 0.007387697696685791, 0.006989717483520508, 0.007561221718788147, 0.007779151201248169, 0.006932511925697327, 0.007090866565704346, 0.007316425442695618, 0.0071489810943603516, 0.00783105194568634, 0.008602425456047058, 0.008722841739654541, 0.007680788636207581, 0.006486609578132629, 0.004441961646080017, 0.004454776644706726, 0.004396483302116394, 0.004225507378578186, 0.004131942987442017, 0.0045814961194992065, 0.0047006309032440186, 0.0049660950899124146, 0.005603030323982239, 0.005602508783340454, 0.006301790475845337, 0.006467372179031372, 0.0072517842054367065, 0.008782356977462769, 0.00882720947265625, 0.010221123695373535, 0.010758832097053528, 0.008811414241790771, 0.007707253098487854, 0.009148865938186646, 0.011795707046985626, 0.011954821646213531, 0.014626756310462952, 0.01615547388792038, 0.01752130687236786, 0.01766141504049301, 0.01427827775478363, 0.010119989514350891, 0.007215246558189392, 0.0052186548709869385, 0.00571034848690033, 0.0048762112855911255, 0.005304053425788879, 0.006810784339904785, 0.007897764444351196, 0.007032215595245361, 0.006864175200462341, 0.007206752896308899, 0.006196692585945129, 0.0050932615995407104, 0.006302446126937866, 0.008837342262268066, 0.004967138171195984, 0.004526779055595398, 0.004661768674850464, 0.005404740571975708, 0.0063495934009552, 0.007188677787780762, 0.007472485303878784, 0.007870316505432129, 0.007717594504356384, 0.008726030588150024, 0.008850470185279846, 0.010485589504241943, 0.009594008326530457, 0.009025856852531433, 0.009203076362609863, 0.009394168853759766, 0.007773593068122864, 0.0072282180190086365, 0.009189993143081665, 0.019625797867774963, 0.013016857206821442, 0.008198939263820648, 0.008069634437561035, 0.00910477340221405, 0.009750500321388245, 0.011308372020721436, 0.010855838656425476], 'L_grad': [0.03243314474821091, 0.033816829323768616, 0.033306363970041275, 0.03308193385601044, 0.03330724686384201, 0.03462182730436325, 0.04092733561992645, 0.04791875556111336, 0.046654798090457916, 0.035199038684368134, 0.03200311213731766, 0.029587335884571075, 0.029526226222515106, 0.030230000615119934, 0.032937999814748764, 0.03230414167046547, 0.028158053755760193, 0.027833232656121254, 0.029756736010313034, 0.03236370161175728, 0.035964880138635635, 0.038701076060533524, 0.03593318536877632, 0.03666368126869202, 0.03630082309246063, 0.04094969481229782, 0.04199279844760895, 0.03749524801969528, 0.03405766561627388, 0.034285932779312134, 0.034967970103025436, 0.036522626876831055, 0.03999610245227814, 0.042077913880348206, 0.0522165484726429, 0.05349254608154297, 0.04597286134958267, 0.04175177216529846, 0.033915646374225616, 0.03233196586370468, 0.03352300077676773, 0.03384367749094963, 0.03327951207756996, 0.0345337949693203, 0.03388485312461853, 0.035467687994241714, 0.03564753010869026, 0.032660968601703644, 0.03180772811174393, 0.031312402337789536, 0.030308298766613007, 0.03238355740904808, 0.03395606204867363, 0.03462761640548706, 0.03321673721075058, 0.031490713357925415, 0.028158312663435936, 0.03011305257678032, 0.028782710433006287, 0.029129348695278168, 0.028824348002672195, 0.02976418472826481, 0.028775423765182495, 0.028465213254094124, 0.03011278435587883, 0.030159268528223038, 0.03265536576509476, 0.03253023698925972, 0.033937666565179825, 0.037499699741601944, 0.03612063080072403, 0.036959197372198105, 0.03697514161467552, 0.03094477765262127, 0.029798775911331177, 0.03177492320537567, 0.03395462781190872, 0.032007090747356415, 0.035830914974212646, 0.03848525881767273, 0.03966807574033737, 0.04241757094860077, 0.037366583943367004, 0.033750247210264206, 0.033443041145801544, 0.032547421753406525, 0.0360381081700325, 0.03123912587761879, 0.03111005388200283, 0.03473791852593422, 0.03602774068713188, 0.034818850457668304, 0.03482864797115326, 0.0352829173207283, 0.03225669264793396, 0.02882711961865425, 0.03197583556175232, 0.036350399255752563, 0.029837578535079956, 0.02820114605128765, 0.028401220217347145, 0.030268469825387, 0.0326169990003109, 0.03397052362561226, 0.03500942513346672, 0.03623971343040466, 0.036522891372442245, 0.03924436494708061, 0.03970818221569061, 0.042650844901800156, 0.038712386041879654, 0.03668900951743126, 0.03553081303834915, 0.035240232944488525, 0.028345145285129547, 0.027366995811462402, 0.03128967434167862, 0.04366904869675636, 0.03920743614435196, 0.03004041500389576, 0.030458617955446243, 0.03220541775226593, 0.033981822431087494, 0.037034645676612854, 0.03129301220178604]}
Saving current best: model_best.pth.tar ...
Saving checkpoint: s2d_checkpoints/train_s2d_SpikeTransformer_rtx5090_20260305_20260306_044356/checkpoint-epoch016-loss-0.0152.pth.tar ...
all losses in batch in validation:  {'loss': [0.04013378545641899, 0.04199547320604324, 0.04112750291824341, 0.040589943528175354, 0.040910132229328156, 0.043169230222702026, 0.05120180547237396, 0.06082220748066902, 0.05980547145009041, 0.04284165799617767, 0.039400238543748856, 0.035614654421806335, 0.034434448927640915, 0.035004206001758575, 0.037411779165267944, 0.03663856163620949, 0.0315752811729908, 0.032023053616285324, 0.03520805388689041, 0.039360079914331436, 0.04146021977066994, 0.04487861692905426, 0.04349375143647194, 0.045705001801252365, 0.04347885027527809, 0.052346523851156235, 0.054274559020996094, 0.04684402793645859, 0.04260122776031494, 0.04425398260354996, 0.042241305112838745, 0.044212207198143005, 0.047568731009960175, 0.050126105546951294, 0.06175587326288223, 0.06366976350545883, 0.055670782923698425, 0.0513722263276577, 0.04061697795987129, 0.03802512213587761, 0.040168389678001404, 0.04084409773349762, 0.03994704782962799, 0.04202185943722725, 0.041650593280792236, 0.04446917772293091, 0.04466058686375618, 0.04137684777379036, 0.04031011462211609, 0.04049469158053398, 0.040107280015945435, 0.04156235605478287, 0.044219620525836945, 0.04585709422826767, 0.04484861344099045, 0.04142487421631813, 0.03568105027079582, 0.03768721967935562, 0.03562100604176521, 0.03482847288250923, 0.03324567899107933, 0.03507159650325775, 0.035497479140758514, 0.03547040745615959, 0.03725128620862961, 0.037743981927633286, 0.04080002009868622, 0.03963146358728409, 0.041818417608737946, 0.047396816313266754, 0.04655743017792702, 0.04891768842935562, 0.04916415363550186, 0.04092632234096527, 0.03521052747964859, 0.038019269704818726, 0.051956839859485626, 0.04482289403676987, 0.05245426669716835, 0.056835681200027466, 0.05891566723585129, 0.05866549164056778, 0.05134141817688942, 0.043946344405412674, 0.03992385417222977, 0.0379866287112236, 0.041747741401195526, 0.037284839898347855, 0.037154555320739746, 0.042065467685461044, 0.04217880964279175, 0.04126390069723129, 0.04154270514845848, 0.04193444550037384, 0.039196278899908066, 0.033294927328825, 0.03844298794865608, 0.04410789534449577, 0.036320120096206665, 0.03470000997185707, 0.03540347144007683, 0.03766017407178879, 0.04165957123041153, 0.044684190303087234, 0.047209665179252625, 0.046744659543037415, 0.04569321498274803, 0.0490616075694561, 0.050110429525375366, 0.057008277624845505, 0.05319448560476303, 0.052649639546871185, 0.04810703173279762, 0.04738178104162216, 0.03859672322869301, 0.03653337061405182, 0.03629593551158905, 0.04226958006620407, 0.040315669029951096, 0.03862838074564934, 0.03915661573410034, 0.04163436219096184, 0.04476616904139519, 0.04895564541220665, 0.04515663534402847], 'L_si': [0.006724059581756592, 0.007055371999740601, 0.006920084357261658, 0.0067137181758880615, 0.006909161806106567, 0.007722795009613037, 0.009474515914916992, 0.011898651719093323, 0.012472063302993774, 0.007334679365158081, 0.006439819931983948, 0.005303934216499329, 0.005203679203987122, 0.005034193396568298, 0.005604729056358337, 0.005477815866470337, 0.004345238208770752, 0.004355818033218384, 0.004823267459869385, 0.005475670099258423, 0.006072834134101868, 0.006903156638145447, 0.006581664085388184, 0.007081210613250732, 0.006596893072128296, 0.008075833320617676, 0.0085543692111969, 0.006806507706642151, 0.005822896957397461, 0.00643688440322876, 0.006235465407371521, 0.006897762417793274, 0.007737338542938232, 0.007934018969535828, 0.010372132062911987, 0.010916218161582947, 0.009373754262924194, 0.010412737727165222, 0.007042437791824341, 0.006645083427429199, 0.00702667236328125, 0.007055297493934631, 0.006748482584953308, 0.0075386762619018555, 0.007399424910545349, 0.008138015866279602, 0.008323833346366882, 0.007693663239479065, 0.007715657353401184, 0.007955968379974365, 0.00809517502784729, 0.008493930101394653, 0.00944460928440094, 0.00995740294456482, 0.009552448987960815, 0.007877781987190247, 0.005522504448890686, 0.005561321973800659, 0.005359724164009094, 0.00491119921207428, 0.004417553544044495, 0.004881471395492554, 0.005258187651634216, 0.005545273423194885, 0.006106585264205933, 0.006203904747962952, 0.006890773773193359, 0.006748765707015991, 0.007440701127052307, 0.009011119604110718, 0.009208843111991882, 0.010724261403083801, 0.011154219508171082, 0.00903649628162384, 0.00735868513584137, 0.008529558777809143, 0.013320714235305786, 0.011902250349521637, 0.014941073954105377, 0.01634557545185089, 0.017277605831623077, 0.016290538012981415, 0.01351173222064972, 0.009745568037033081, 0.006852775812149048, 0.005174681544303894, 0.005919009447097778, 0.005197212100028992, 0.00526997447013855, 0.0067870765924453735, 0.00690796971321106, 0.006491929292678833, 0.006423145532608032, 0.006627500057220459, 0.006147488951683044, 0.004882097244262695, 0.006105929613113403, 0.008060500025749207, 0.005259573459625244, 0.0050042420625686646, 0.005241319537162781, 0.005885452032089233, 0.007064163684844971, 0.008152171969413757, 0.008768618106842041, 0.00846010446548462, 0.008043766021728516, 0.009296625852584839, 0.009718909859657288, 0.011754170060157776, 0.01092730462551117, 0.010876908898353577, 0.009877055883407593, 0.009936317801475525, 0.008168227970600128, 0.007497876882553101, 0.007502317428588867, 0.00932881236076355, 0.008703894913196564, 0.008158199489116669, 0.008059144020080566, 0.009028047323226929, 0.009812384843826294, 0.011219218373298645, 0.011781379580497742], 'L_grad': [0.0334097258746624, 0.03494010120630264, 0.03420741856098175, 0.03387622535228729, 0.03400097042322159, 0.03544643521308899, 0.04172728955745697, 0.0489235557615757, 0.047333408147096634, 0.03550697863101959, 0.03296041861176491, 0.030310720205307007, 0.029230769723653793, 0.029970012605190277, 0.03180705010890961, 0.03116074576973915, 0.027230042964220047, 0.02766723558306694, 0.030384786427021027, 0.03388440981507301, 0.03538738563656807, 0.037975460290908813, 0.036912087351083755, 0.03862379118800163, 0.036881957203149796, 0.04427069053053856, 0.045720189809799194, 0.04003752022981644, 0.03677833080291748, 0.0378170982003212, 0.036005839705467224, 0.03731444478034973, 0.03983139246702194, 0.042192086577415466, 0.051383741199970245, 0.052753545343875885, 0.04629702866077423, 0.04095948860049248, 0.03357454016804695, 0.03138003870844841, 0.033141717314720154, 0.03378880023956299, 0.03319856524467468, 0.034483183175325394, 0.03425116837024689, 0.036331161856651306, 0.0363367535173893, 0.033683184534311295, 0.032594457268714905, 0.032538723200559616, 0.032012104988098145, 0.033068425953388214, 0.034775011241436005, 0.03589969128370285, 0.03529616445302963, 0.033547092229127884, 0.030158545821905136, 0.03212589770555496, 0.03026128187775612, 0.029917273670434952, 0.028828125447034836, 0.030190125107765198, 0.030239291489124298, 0.029925134032964706, 0.031144700944423676, 0.031540077179670334, 0.03390924632549286, 0.0328826978802681, 0.03437771648168564, 0.038385696709156036, 0.037348587065935135, 0.03819342702627182, 0.03800993412733078, 0.03188982605934143, 0.02785184048116207, 0.029489710927009583, 0.03863612562417984, 0.03292064368724823, 0.03751319274306297, 0.040490105748176575, 0.04163806140422821, 0.042374953627586365, 0.0378296859562397, 0.03420077636837959, 0.03307107836008072, 0.03281194716691971, 0.03582873195409775, 0.03208762779831886, 0.031884580850601196, 0.03527839109301567, 0.03527083992958069, 0.03477197140455246, 0.03511955961585045, 0.03530694544315338, 0.03304878994822502, 0.0284128300845623, 0.03233705833554268, 0.03604739531874657, 0.03106054663658142, 0.029695767909288406, 0.030162151902914047, 0.031774722039699554, 0.03459540754556656, 0.03653201833367348, 0.038441047072410583, 0.038284555077552795, 0.037649448961019516, 0.03976498171687126, 0.04039151966571808, 0.04525410756468773, 0.04226718097925186, 0.04177273064851761, 0.03822997584939003, 0.03744546324014664, 0.03042849525809288, 0.029035495594143867, 0.028793618083000183, 0.03294076770544052, 0.03161177411675453, 0.03047018125653267, 0.031097471714019775, 0.03260631486773491, 0.03495378419756889, 0.037736427038908005, 0.03337525576353073]}
all losses in batch in validation:  {'loss': [0.1692999005317688, 0.1706066131591797, 0.1666322946548462, 0.12112072110176086, 0.09333692491054535, 0.09525606036186218, 0.09700815379619598, 0.07906842231750488, 0.06313501298427582, 0.04603108763694763, 0.04368378967046738, 0.037716660648584366, 0.039180170744657516, 0.04665655642747879, 0.05578349530696869, 0.05385613813996315, 0.03867972642183304, 0.04045964032411575, 0.05514898896217346, 0.0722709447145462, 0.04561370238661766, 0.046154145151376724, 0.049518801271915436, 0.04896159470081329, 0.04676971584558487, 0.055636215955019, 0.05233212932944298, 0.04950863867998123, 0.05868539586663246, 0.060574084520339966, 0.07131852209568024, 0.09130071103572845, 0.09939809143543243, 0.057468853890895844, 0.0751197338104248, 0.07641583681106567, 0.051294535398483276, 0.046853967010974884, 0.059787556529045105, 0.06597717106342316, 0.06491719186306, 0.0651012659072876, 0.06649581342935562, 0.06466493010520935, 0.06540475785732269, 0.06864923983812332, 0.06689093261957169, 0.06218491494655609, 0.06111544743180275, 0.058464497327804565, 0.05527856945991516, 0.056790560483932495, 0.059157781302928925, 0.0635967031121254, 0.07026214152574539, 0.06684201210737228, 0.06469222158193588, 0.057482220232486725, 0.06186980381608009, 0.06695257127285004, 0.07423131167888641, 0.06456630676984787, 0.05827516317367554, 0.057415083050727844, 0.05682940036058426, 0.055529430508613586, 0.05651424825191498, 0.05672593414783478, 0.05992855876684189, 0.061030734330415726, 0.06206545978784561, 0.07208190113306046, 0.093379445374012, 0.12228427827358246, 0.1513250172138214, 0.15435640513896942, 0.13709011673927307, 0.14265000820159912, 0.1071213036775589, 0.06060822308063507, 0.061629533767700195, 0.05897638574242592, 0.05125908553600311, 0.04356531798839569, 0.043173301964998245, 0.0396626815199852, 0.042100097984075546, 0.042430393397808075, 0.05725070461630821, 0.08627747744321823, 0.07123506814241409, 0.04219674691557884, 0.04438301920890808, 0.04636383056640625, 0.04448486119508743, 0.06291127949953079, 0.11371594667434692, 0.176581472158432, 0.14861130714416504, 0.08955808728933334, 0.08931662142276764, 0.08419220894575119, 0.0918438583612442, 0.1003619059920311, 0.09306216239929199, 0.06613367050886154, 0.06931295990943909, 0.06277450919151306, 0.06320185214281082, 0.06732417643070221, 0.07799025624990463, 0.09284929931163788, 0.11776380240917206, 0.1376040130853653, 0.12830084562301636, 0.08771297335624695, 0.07755361497402191, 0.09971228986978531, 0.1316950023174286, 0.13227714598178864, 0.11288996040821075, 0.07414808869361877, 0.06142411381006241, 0.054712191224098206, 0.05230690911412239], 'L_si': [0.05989191681146622, 0.0618845671415329, 0.05734121799468994, 0.03396797925233841, 0.02486252784729004, 0.02531111240386963, 0.026210367679595947, 0.01782405376434326, 0.013902254402637482, 0.007936127483844757, 0.007036082446575165, 0.005313001573085785, 0.0060605332255363464, 0.00803392380475998, 0.010027207434177399, 0.01075553148984909, 0.00542779266834259, 0.005479246377944946, 0.011867254972457886, 0.02015397697687149, 0.006171979010105133, 0.006781734526157379, 0.007790692150592804, 0.007298380136489868, 0.006684154272079468, 0.008662685751914978, 0.007735848426818848, 0.0071187615394592285, 0.011620685458183289, 0.011810779571533203, 0.014650121331214905, 0.025622591376304626, 0.027761682868003845, 0.008954733610153198, 0.015467554330825806, 0.016611307859420776, 0.006937235593795776, 0.007973730564117432, 0.013310462236404419, 0.015533849596977234, 0.014397040009498596, 0.014417707920074463, 0.014565393328666687, 0.013724163174629211, 0.014202341437339783, 0.015273943543434143, 0.014776542782783508, 0.013818442821502686, 0.013634994626045227, 0.012693583965301514, 0.011672690510749817, 0.012666553258895874, 0.013090625405311584, 0.014060571789741516, 0.01682143658399582, 0.015385918319225311, 0.014319837093353271, 0.011367574334144592, 0.013018831610679626, 0.014738455414772034, 0.017912209033966064, 0.013906724750995636, 0.012254960834980011, 0.01227116584777832, 0.012003950774669647, 0.01170308142900467, 0.011301487684249878, 0.01110357791185379, 0.0121208056807518, 0.01278386265039444, 0.012767389416694641, 0.016640260815620422, 0.026051685214042664, 0.04262171685695648, 0.06508977711200714, 0.06309241056442261, 0.051260583102703094, 0.05637364089488983, 0.03730905428528786, 0.01783839613199234, 0.018785126507282257, 0.017107799649238586, 0.013713613152503967, 0.009868040680885315, 0.00705864280462265, 0.00522710382938385, 0.0056106895208358765, 0.0057421475648880005, 0.011267825961112976, 0.02974865585565567, 0.022151246666908264, 0.00611114501953125, 0.006786048412322998, 0.007353365421295166, 0.0073508620262146, 0.015157684683799744, 0.037849485874176025, 0.07460642606019974, 0.05408734083175659, 0.02588573843240738, 0.02548927068710327, 0.02235061675310135, 0.023277156054973602, 0.02738478034734726, 0.024264007806777954, 0.01250198483467102, 0.012922801077365875, 0.01164700835943222, 0.011786051094532013, 0.013090357184410095, 0.01702311635017395, 0.024459995329380035, 0.037636131048202515, 0.04979082942008972, 0.04689820110797882, 0.025451287627220154, 0.02096588909626007, 0.028243400156497955, 0.04704061150550842, 0.048358991742134094, 0.037654295563697815, 0.019703462719917297, 0.015191897749900818, 0.012879624962806702, 0.013933524489402771], 'L_grad': [0.10940798372030258, 0.10872204601764679, 0.10929107666015625, 0.08715274184942245, 0.06847439706325531, 0.06994494795799255, 0.07079778611660004, 0.06124436855316162, 0.049232758581638336, 0.038094960153102875, 0.03664770722389221, 0.03240365907549858, 0.03311963751912117, 0.03862263262271881, 0.04575628787279129, 0.04310060665011406, 0.03325193375349045, 0.03498039394617081, 0.043281733989715576, 0.05211696773767471, 0.03944172337651253, 0.039372410625219345, 0.04172810912132263, 0.041663214564323425, 0.0400855615735054, 0.04697353020310402, 0.04459628090262413, 0.042389877140522, 0.04706471040844917, 0.04876330494880676, 0.056668397039175034, 0.06567811965942383, 0.07163640856742859, 0.048514120280742645, 0.059652179479599, 0.0598045289516449, 0.0443572998046875, 0.03888023644685745, 0.046477094292640686, 0.05044332146644592, 0.0505201518535614, 0.050683557987213135, 0.051930420100688934, 0.05094077065587044, 0.05120241641998291, 0.05337529629468918, 0.05211438983678818, 0.048366472125053406, 0.04748045280575752, 0.04577091336250305, 0.043605878949165344, 0.04412400722503662, 0.04606715589761734, 0.04953613132238388, 0.05344070494174957, 0.05145609378814697, 0.05037238448858261, 0.04611464589834213, 0.04885097220540047, 0.0522141195833683, 0.05631909891963005, 0.050659582018852234, 0.046020202338695526, 0.045143917202949524, 0.04482544958591461, 0.04382634907960892, 0.0452127605676651, 0.04562235623598099, 0.04780775308609009, 0.048246871680021286, 0.04929807037115097, 0.05544164031744003, 0.06732776015996933, 0.07966256141662598, 0.08623523265123367, 0.09126399457454681, 0.08582952618598938, 0.08627635985612869, 0.06981225311756134, 0.04276982694864273, 0.04284440726041794, 0.04186858609318733, 0.037545472383499146, 0.033697277307510376, 0.036114659160375595, 0.03443557769060135, 0.03648940846323967, 0.036688245832920074, 0.045982878655195236, 0.05652882158756256, 0.04908382147550583, 0.03608560189604759, 0.03759697079658508, 0.039010465145111084, 0.03713399916887283, 0.04775359481573105, 0.0758664608001709, 0.10197503864765167, 0.09452396631240845, 0.06367234885692596, 0.06382735073566437, 0.06184159219264984, 0.0685667023062706, 0.07297712564468384, 0.06879815459251404, 0.05363168567419052, 0.05639016255736351, 0.05112750083208084, 0.05141580104827881, 0.054233819246292114, 0.06096713989973068, 0.06838930398225784, 0.08012767136096954, 0.08781318366527557, 0.08140264451503754, 0.062261685729026794, 0.05658772587776184, 0.07146888971328735, 0.08465439826250076, 0.08391815423965454, 0.07523566484451294, 0.054444629698991776, 0.04623221606016159, 0.041832566261291504, 0.03837338462471962]}
all losses in batch in validation:  {'loss': [0.03972998261451721, 0.0420478880405426, 0.03923925384879112, 0.039581846445798874, 0.04093969240784645, 0.04311000928282738, 0.052999213337898254, 0.05822712928056717, 0.05708139389753342, 0.04118569940328598, 0.0371401309967041, 0.03229154273867607, 0.03242721036076546, 0.03317132964730263, 0.03463830053806305, 0.03467259556055069, 0.031632330268621445, 0.03152497857809067, 0.033811572939157486, 0.03657739609479904, 0.0399082787334919, 0.04268717020750046, 0.041006188839673996, 0.04194675758481026, 0.040849678218364716, 0.04587704315781593, 0.04645555466413498, 0.042525582015514374, 0.036698780953884125, 0.03882846236228943, 0.04001476615667343, 0.043407317250967026, 0.05227220803499222, 0.05134286358952522, 0.06400615721940994, 0.06743422150611877, 0.05871373414993286, 0.05053628236055374, 0.042518842965364456, 0.03567067161202431, 0.03512979671359062, 0.03588294982910156, 0.034685347229242325, 0.036529406905174255, 0.035597771406173706, 0.038364309817552567, 0.03960137814283371, 0.0346243642270565, 0.03386765718460083, 0.03299688920378685, 0.030636470764875412, 0.0317113921046257, 0.0326787494122982, 0.03336872532963753, 0.03340306878089905, 0.03257078677415848, 0.02948906272649765, 0.030527960509061813, 0.029753347858786583, 0.03174398094415665, 0.03216145560145378, 0.03342698886990547, 0.033086661249399185, 0.03282560408115387, 0.034382376819849014, 0.03275688737630844, 0.03514458239078522, 0.03637252375483513, 0.038658056408166885, 0.04432928189635277, 0.044395811855793, 0.04724057763814926, 0.04760422557592392, 0.044959038496017456, 0.06288498640060425, 0.06295163929462433, 0.0609014630317688, 0.06390326470136642, 0.062079038470983505, 0.058192260563373566, 0.060592979192733765, 0.05858150124549866, 0.051397472620010376, 0.04269590973854065, 0.04015029966831207, 0.038971852511167526, 0.040650881826877594, 0.036754999309778214, 0.0367208868265152, 0.04106590151786804, 0.041731368750333786, 0.041866663843393326, 0.04226767271757126, 0.04220788925886154, 0.03885626047849655, 0.03531205654144287, 0.043809667229652405, 0.047318290919065475, 0.04168320447206497, 0.03689252585172653, 0.03730637580156326, 0.03724387288093567, 0.038968414068222046, 0.04089061915874481, 0.04466325417160988, 0.04724029079079628, 0.047207459807395935, 0.0525754913687706, 0.05401092767715454, 0.055309541523456573, 0.05322131887078285, 0.05104450136423111, 0.05095619708299637, 0.051687393337488174, 0.040003348141908646, 0.036882467567920685, 0.0371868871152401, 0.04283451288938522, 0.041780296713113785, 0.03866851329803467, 0.038535282015800476, 0.0401870459318161, 0.043285027146339417, 0.046517983078956604, 0.04207692667841911], 'L_si': [0.006403200328350067, 0.0070874616503715515, 0.006521850824356079, 0.00668112188577652, 0.0071753039956092834, 0.007665276527404785, 0.01002771407365799, 0.011182442307472229, 0.011682920157909393, 0.0070107728242874146, 0.0061101168394088745, 0.0047636330127716064, 0.004769623279571533, 0.00474315881729126, 0.004923522472381592, 0.004949703812599182, 0.004438549280166626, 0.004344075918197632, 0.004585012793540955, 0.004998788237571716, 0.005741491913795471, 0.006407827138900757, 0.006277129054069519, 0.0065581053495407104, 0.006238296627998352, 0.006971567869186401, 0.007056012749671936, 0.006284356117248535, 0.00491669774055481, 0.005432799458503723, 0.005914598703384399, 0.006755545735359192, 0.009071797132492065, 0.008461326360702515, 0.0111483633518219, 0.012410193681716919, 0.009531855583190918, 0.009260639548301697, 0.007141485810279846, 0.005515635013580322, 0.005288437008857727, 0.005551740527153015, 0.005297452211380005, 0.005769804120063782, 0.005230888724327087, 0.00568881630897522, 0.0060033053159713745, 0.005388900637626648, 0.005277007818222046, 0.004984229803085327, 0.004542291164398193, 0.0047985464334487915, 0.004986479878425598, 0.00520431250333786, 0.005356051027774811, 0.004828177392482758, 0.00370652973651886, 0.0037482604384422302, 0.0036980286240577698, 0.004026561975479126, 0.0043216124176979065, 0.004735767841339111, 0.004858925938606262, 0.005106620490550995, 0.005586162209510803, 0.0052603185176849365, 0.005762152373790741, 0.006167091429233551, 0.006892271339893341, 0.008476443588733673, 0.008770279586315155, 0.010239414870738983, 0.010678201913833618, 0.00952862948179245, 0.014442533254623413, 0.014679983258247375, 0.01624104380607605, 0.0179038867354393, 0.01737334579229355, 0.016831018030643463, 0.01780388504266739, 0.016205444931983948, 0.013292796909809113, 0.009581178426742554, 0.006900683045387268, 0.005254402756690979, 0.005698338150978088, 0.005092352628707886, 0.005327194929122925, 0.0066810548305511475, 0.007087439298629761, 0.006803423166275024, 0.006726741790771484, 0.006935924291610718, 0.006245225667953491, 0.005441650748252869, 0.007819980382919312, 0.009398579597473145, 0.0070274025201797485, 0.005521468818187714, 0.005704812705516815, 0.005918271839618683, 0.006510131061077118, 0.007135473191738129, 0.007823444902896881, 0.008262187242507935, 0.008199594914913177, 0.010063901543617249, 0.01035715639591217, 0.010843902826309204, 0.010619401931762695, 0.00999438762664795, 0.010698892176151276, 0.010969303548336029, 0.008431591093540192, 0.0072812288999557495, 0.007452584803104401, 0.008945606648921967, 0.00882808119058609, 0.00819658488035202, 0.007844455540180206, 0.008591115474700928, 0.009548917412757874, 0.010676547884941101, 0.01050521433353424], 'L_grad': [0.033326782286167145, 0.03496042639017105, 0.03271740302443504, 0.032900724560022354, 0.03376438841223717, 0.03544473275542259, 0.042971499264240265, 0.04704468697309494, 0.04539847373962402, 0.034174926578998566, 0.031030014157295227, 0.027527909725904465, 0.027657587081193924, 0.028428170830011368, 0.029714779928326607, 0.029722893610596657, 0.02719378098845482, 0.027180902659893036, 0.02922656014561653, 0.031578607857227325, 0.034166786819696426, 0.0362793430685997, 0.03472905978560448, 0.035388652235269547, 0.034611381590366364, 0.03890547528862953, 0.03939954191446304, 0.03624122589826584, 0.031782083213329315, 0.033395662903785706, 0.03410016745328903, 0.036651771515607834, 0.04320041090250015, 0.04288153722882271, 0.05285779386758804, 0.055024027824401855, 0.04918187856674194, 0.041275642812252045, 0.03537735715508461, 0.030155036598443985, 0.029841359704732895, 0.030331211164593697, 0.02938789501786232, 0.030759602785110474, 0.03036688268184662, 0.03267549350857735, 0.033598072826862335, 0.029235463589429855, 0.028590647503733635, 0.028012659400701523, 0.02609417960047722, 0.02691284567117691, 0.027692269533872604, 0.028164412826299667, 0.028047019615769386, 0.02774260938167572, 0.02578253298997879, 0.026779700070619583, 0.026055319234728813, 0.02771742083132267, 0.027839843183755875, 0.02869122102856636, 0.028227735310792923, 0.027718981727957726, 0.02879621461033821, 0.027496570721268654, 0.029382430016994476, 0.030205432325601578, 0.031765785068273544, 0.035852838307619095, 0.035625532269477844, 0.03700116276741028, 0.0369260236620903, 0.035430409014225006, 0.048442453145980835, 0.04827165603637695, 0.04466041922569275, 0.045999377965927124, 0.04470569267868996, 0.0413612425327301, 0.042789094150066376, 0.04237605631351471, 0.03810467571020126, 0.033114731311798096, 0.033249616622924805, 0.03371744975447655, 0.034952543675899506, 0.03166264668107033, 0.03139369189739227, 0.034384846687316895, 0.034643929451704025, 0.0350632406771183, 0.035540930926799774, 0.035271964967250824, 0.03261103481054306, 0.029870405793190002, 0.03598968684673309, 0.03791971132159233, 0.03465580195188522, 0.03137105703353882, 0.03160156309604645, 0.031325601041316986, 0.03245828300714493, 0.03375514596700668, 0.036839809268713, 0.038978103548288345, 0.03900786489248276, 0.04251158982515335, 0.04365377128124237, 0.04446563869714737, 0.04260191693902016, 0.04105011373758316, 0.04025730490684509, 0.040718089789152145, 0.031571757048368454, 0.029601238667964935, 0.029734302312135696, 0.03388890624046326, 0.032952215522527695, 0.030471930280327797, 0.03069082461297512, 0.03159593045711517, 0.03373610973358154, 0.0358414351940155, 0.03157171234488487]}
Saving current best: model_best.pth.tar ...
all losses in batch in validation:  {'loss': [0.04713167995214462, 0.04825560003519058, 0.04513504356145859, 0.04553914815187454, 0.04622313380241394, 0.04867912456393242, 0.06066616252064705, 0.05860808864235878, 0.05765652284026146, 0.041926294565200806, 0.03691592440009117, 0.0323258638381958, 0.032755687832832336, 0.033209241926670074, 0.03620852902531624, 0.0369059294462204, 0.03155740723013878, 0.031714338809251785, 0.03413504362106323, 0.03691621869802475, 0.041719503700733185, 0.04555270075798035, 0.042050670832395554, 0.04240674525499344, 0.04091871902346611, 0.045741304755210876, 0.046968329697847366, 0.042573731392621994, 0.0372065044939518, 0.038908373564481735, 0.04046517238020897, 0.04371785745024681, 0.0479244589805603, 0.05120880901813507, 0.06589630246162415, 0.06795608252286911, 0.055692996829748154, 0.05445467680692673, 0.04842105135321617, 0.043164417147636414, 0.04212315380573273, 0.04194589704275131, 0.04177674278616905, 0.04377707466483116, 0.04297131672501564, 0.045786961913108826, 0.04608994722366333, 0.04135848581790924, 0.04094875976443291, 0.04039625823497772, 0.038131989538669586, 0.039471399039030075, 0.04055662080645561, 0.039852291345596313, 0.037418682128190994, 0.035334791988134384, 0.03263533487915993, 0.03429560363292694, 0.03333406522870064, 0.033347759395837784, 0.03271174430847168, 0.033380430191755295, 0.03359381482005119, 0.03380183130502701, 0.03522137925028801, 0.03459130972623825, 0.037651967257261276, 0.03874067962169647, 0.041232794523239136, 0.046347592025995255, 0.04612477496266365, 0.04947382211685181, 0.05072696506977081, 0.0427960567176342, 0.038532108068466187, 0.041074033826589584, 0.047160156071186066, 0.0481448769569397, 0.054029930382966995, 0.05781622603535652, 0.060067787766456604, 0.05795842781662941, 0.05082599073648453, 0.04381028562784195, 0.04131518304347992, 0.03760718181729317, 0.03885054215788841, 0.03688032180070877, 0.03728248178958893, 0.04199361801147461, 0.04269566386938095, 0.04309946298599243, 0.043466001749038696, 0.04225127771496773, 0.03832724317908287, 0.034893542528152466, 0.04133916273713112, 0.04358886554837227, 0.042735807597637177, 0.039766158908605576, 0.04223679378628731, 0.042919911444187164, 0.04471094161272049, 0.04689083248376846, 0.05122700706124306, 0.05377287417650223, 0.05359300225973129, 0.05693609267473221, 0.05806342884898186, 0.060452815145254135, 0.05941515043377876, 0.05741722509264946, 0.057500749826431274, 0.05956078693270683, 0.04959005117416382, 0.0459001362323761, 0.04402345046401024, 0.04537823423743248, 0.04638499766588211, 0.04169170558452606, 0.040399499237537384, 0.04237261041998863, 0.04457227885723114, 0.04939302057027817, 0.04456311836838722], 'L_si': [0.008143939077854156, 0.008381843566894531, 0.007647529244422913, 0.007750451564788818, 0.008062012493610382, 0.00869005173444748, 0.012718617916107178, 0.011030562222003937, 0.01158163696527481, 0.006974868476390839, 0.00583881139755249, 0.0046502649784088135, 0.004705682396888733, 0.004685446619987488, 0.005115598440170288, 0.005303859710693359, 0.004345104098320007, 0.004320770502090454, 0.004600942134857178, 0.004972904920578003, 0.005933210253715515, 0.006873480975627899, 0.006339609622955322, 0.0066309720277786255, 0.006230965256690979, 0.006895691156387329, 0.0070403218269348145, 0.0060754865407943726, 0.004751116037368774, 0.005290240049362183, 0.0058133602142333984, 0.006734967231750488, 0.007824838161468506, 0.008413806557655334, 0.011250793933868408, 0.011904805898666382, 0.008999496698379517, 0.011789977550506592, 0.008993908762931824, 0.007704347372055054, 0.007316887378692627, 0.00706656277179718, 0.006968826055526733, 0.007538750767707825, 0.007054835557937622, 0.007632270455360413, 0.007888510823249817, 0.007024534046649933, 0.007119849324226379, 0.006854645907878876, 0.00638686865568161, 0.006861723959445953, 0.0072884634137153625, 0.007071264088153839, 0.006451845169067383, 0.00554502010345459, 0.004507198929786682, 0.004623733460903168, 0.004555642604827881, 0.004507899284362793, 0.004537351429462433, 0.004864729940891266, 0.005139380693435669, 0.005460880696773529, 0.005888201296329498, 0.0056740641593933105, 0.006166435778141022, 0.006402663886547089, 0.007325075566768646, 0.008953303098678589, 0.009324595332145691, 0.011100798845291138, 0.011811144649982452, 0.0095578134059906, 0.007980495691299438, 0.009601704776287079, 0.012172073125839233, 0.01316593587398529, 0.015622764825820923, 0.0169806070625782, 0.018047958612442017, 0.01664145290851593, 0.01348315179347992, 0.00992409884929657, 0.007195569574832916, 0.00494346022605896, 0.005252048373222351, 0.0049705058336257935, 0.005265980958938599, 0.00664694607257843, 0.006940081715583801, 0.006799161434173584, 0.0067622363567352295, 0.0068073570728302, 0.006093218922615051, 0.005029261112213135, 0.006435960531234741, 0.007636047899723053, 0.006753221154212952, 0.006020247936248779, 0.0067505985498428345, 0.0073098912835121155, 0.008063890039920807, 0.008871659636497498, 0.010078869760036469, 0.01081819087266922, 0.010544650256633759, 0.011725783348083496, 0.01204458624124527, 0.013096794486045837, 0.013151377439498901, 0.012886576354503632, 0.013688959181308746, 0.014643609523773193, 0.012167669832706451, 0.010447844862937927, 0.009909510612487793, 0.010416604578495026, 0.010493174195289612, 0.008945807814598083, 0.0083254873752594, 0.009177342057228088, 0.010006070137023926, 0.011675633490085602, 0.011470697820186615], 'L_grad': [0.038987740874290466, 0.03987375646829605, 0.037487514317035675, 0.037788696587085724, 0.03816112130880356, 0.03998907282948494, 0.04794754460453987, 0.04757752642035484, 0.04607488587498665, 0.03495142608880997, 0.03107711300253868, 0.027675598859786987, 0.028050003573298454, 0.028523795306682587, 0.03109293058514595, 0.03160206973552704, 0.02721230313181877, 0.02739356830716133, 0.029534101486206055, 0.03194331377744675, 0.03578629344701767, 0.03867921978235245, 0.03571106120944023, 0.03577577322721481, 0.03468775376677513, 0.03884561359882355, 0.03992800787091255, 0.03649824485182762, 0.03245538845658302, 0.03361813351511955, 0.03465181216597557, 0.03698289021849632, 0.0400996208190918, 0.042795002460479736, 0.05464550852775574, 0.05605127662420273, 0.04669350013136864, 0.042664699256420135, 0.03942714259028435, 0.03546006977558136, 0.0348062664270401, 0.03487933427095413, 0.03480791673064232, 0.03623832389712334, 0.03591648116707802, 0.03815469145774841, 0.03820143640041351, 0.03433395177125931, 0.03382891044020653, 0.033541612327098846, 0.031745120882987976, 0.03260967507958412, 0.03326815739274025, 0.032781027257442474, 0.03096683695912361, 0.029789771884679794, 0.028128135949373245, 0.029671870172023773, 0.028778422623872757, 0.02883986011147499, 0.028174392879009247, 0.02851570025086403, 0.028454434126615524, 0.02834095060825348, 0.02933317795395851, 0.02891724742949009, 0.031485531479120255, 0.032338015735149384, 0.03390771895647049, 0.037394288927316666, 0.03680017963051796, 0.03837302327156067, 0.03891582041978836, 0.0332382433116436, 0.030551614239811897, 0.031472329050302505, 0.03498808294534683, 0.03497894108295441, 0.03840716555714607, 0.04083561897277832, 0.04201982915401459, 0.04131697490811348, 0.03734283894300461, 0.03388618677854538, 0.034119613468647, 0.03266372159123421, 0.03359849378466606, 0.03190981596708298, 0.03201650083065033, 0.03534667193889618, 0.03575558215379715, 0.03630030155181885, 0.03670376539230347, 0.03544392064213753, 0.03223402425646782, 0.029864279553294182, 0.03490320220589638, 0.035952817648649216, 0.035982586443424225, 0.033745910972356796, 0.03548619523644447, 0.03561002016067505, 0.03664705157279968, 0.038019172847270966, 0.04114813730120659, 0.04295468330383301, 0.043048352003097534, 0.04521030932664871, 0.04601884260773659, 0.0473560206592083, 0.04626377299427986, 0.04453064873814583, 0.04381179064512253, 0.04491717740893364, 0.03742238134145737, 0.03545229136943817, 0.034113939851522446, 0.034961629658937454, 0.0358918234705925, 0.03274589776992798, 0.032074011862277985, 0.033195268362760544, 0.034566208720207214, 0.037717387080192566, 0.03309242054820061]}
all losses in batch in validation:  {'loss': [0.046640366315841675, 0.04650412127375603, 0.04405263811349869, 0.044790755957365036, 0.0450463630259037, 0.047623440623283386, 0.06027814745903015, 0.05739646032452583, 0.05599571764469147, 0.03926071152091026, 0.03650733083486557, 0.03231436014175415, 0.031813669949769974, 0.032971423119306564, 0.034903183579444885, 0.03610997274518013, 0.03156629949808121, 0.032394565641880035, 0.03471013531088829, 0.03592018038034439, 0.0395178347826004, 0.043187644332647324, 0.04177698865532875, 0.04298849776387215, 0.041394155472517014, 0.04733221232891083, 0.04958654195070267, 0.04403110593557358, 0.03904152661561966, 0.039983879774808884, 0.03994280844926834, 0.0415126234292984, 0.045980460941791534, 0.050559692084789276, 0.06543736159801483, 0.06717049330472946, 0.05765251815319061, 0.05559126287698746, 0.04906512051820755, 0.04248635843396187, 0.04239453002810478, 0.042265914380550385, 0.04136304557323456, 0.043440256267786026, 0.04258129745721817, 0.045717306435108185, 0.04653728008270264, 0.043354690074920654, 0.04312144219875336, 0.043804917484521866, 0.04255674034357071, 0.045299217104911804, 0.0469927117228508, 0.04536227881908417, 0.040973350405693054, 0.03822346776723862, 0.03496411815285683, 0.03634108603000641, 0.034498050808906555, 0.03428131341934204, 0.03381781280040741, 0.0354471355676651, 0.035079024732112885, 0.03484856337308884, 0.03622191399335861, 0.0363079309463501, 0.0386953130364418, 0.03830011934041977, 0.04195885360240936, 0.04687953740358353, 0.04661941900849342, 0.04940146207809448, 0.050210483372211456, 0.042834971100091934, 0.03666713833808899, 0.03931615874171257, 0.045954782515764236, 0.04539201036095619, 0.053281210362911224, 0.058140866458415985, 0.061078403145074844, 0.0596647746860981, 0.05212617665529251, 0.044079896062612534, 0.042088836431503296, 0.038552045822143555, 0.0396592952311039, 0.03743057698011398, 0.03830006718635559, 0.041862986981868744, 0.0430365614593029, 0.043677836656570435, 0.043092403560876846, 0.04273504391312599, 0.03894408792257309, 0.035305965691804886, 0.04443619027733803, 0.05129392817616463, 0.04983639717102051, 0.043626729398965836, 0.047069769352674484, 0.0475446842610836, 0.048953577876091, 0.05146104097366333, 0.05525140464305878, 0.05776042118668556, 0.054954495280981064, 0.05871172994375229, 0.05912330001592636, 0.06270302832126617, 0.062243275344371796, 0.05969465523958206, 0.05745575577020645, 0.05877663195133209, 0.047827355563640594, 0.04395893216133118, 0.04381610453128815, 0.05093788355588913, 0.045659057796001434, 0.03950781747698784, 0.040492452681064606, 0.04356559365987778, 0.04746469110250473, 0.05154840648174286, 0.04562089592218399], 'L_si': [0.008504614233970642, 0.008269175887107849, 0.00758381187915802, 0.00756286084651947, 0.007686443626880646, 0.008379682898521423, 0.01283668726682663, 0.010713644325733185, 0.01126096397638321, 0.006126269698143005, 0.005657307803630829, 0.004627697169780731, 0.004467472434043884, 0.004622571170330048, 0.004897184669971466, 0.005113221704959869, 0.004331424832344055, 0.004452653229236603, 0.004781961441040039, 0.004816785454750061, 0.005429655313491821, 0.0062758177518844604, 0.00624161958694458, 0.006641991436481476, 0.006274804472923279, 0.007136225700378418, 0.0076631903648376465, 0.006375640630722046, 0.005167610943317413, 0.005451284348964691, 0.005594246089458466, 0.005968958139419556, 0.007116295397281647, 0.008048713207244873, 0.011663079261779785, 0.01186583936214447, 0.010024666786193848, 0.01278531551361084, 0.009677112102508545, 0.007172971963882446, 0.006890460848808289, 0.006877332925796509, 0.006539486348628998, 0.007298067212104797, 0.006756424903869629, 0.007469207048416138, 0.007764376699924469, 0.0074881985783576965, 0.007688477635383606, 0.00794859230518341, 0.007905825972557068, 0.008929029107093811, 0.00974956899881363, 0.009049609303474426, 0.007676832377910614, 0.006409794092178345, 0.005204774439334869, 0.005320049822330475, 0.005046524107456207, 0.004849225282669067, 0.00476277619600296, 0.0051993727684021, 0.005369096994400024, 0.005578167736530304, 0.005960717797279358, 0.0059233978390693665, 0.006457537412643433, 0.006439700722694397, 0.00757966935634613, 0.009056709706783295, 0.00943870097398758, 0.010912761092185974, 0.011509090662002563, 0.009467989206314087, 0.00792994350194931, 0.009536825120449066, 0.011818625032901764, 0.012649863958358765, 0.015545696020126343, 0.017219945788383484, 0.018476128578186035, 0.01738956943154335, 0.014127686619758606, 0.01000949740409851, 0.0075653791427612305, 0.005260959267616272, 0.005407102406024933, 0.0051250159740448, 0.005590349435806274, 0.006972759962081909, 0.007353819906711578, 0.007128387689590454, 0.006760105490684509, 0.006878688931465149, 0.006137922406196594, 0.0054578110575675964, 0.00776296854019165, 0.011003457009792328, 0.009244896471500397, 0.007205642759799957, 0.008342713117599487, 0.008956164121627808, 0.0097685307264328, 0.010657265782356262, 0.011806771159172058, 0.012537054717540741, 0.011315248906612396, 0.012626878917217255, 0.012873075902462006, 0.01428356021642685, 0.01459028571844101, 0.014087140560150146, 0.014081694185733795, 0.01461503654718399, 0.011671021580696106, 0.00955016165971756, 0.0092843696475029, 0.011436477303504944, 0.009959489107131958, 0.008381761610507965, 0.008581392467021942, 0.009777918457984924, 0.011127717792987823, 0.012524157762527466, 0.012185618281364441], 'L_grad': [0.03813575208187103, 0.03823494538664818, 0.03646882623434067, 0.037227895110845566, 0.037359919399023056, 0.03924375772476196, 0.04744146019220352, 0.04668281599879265, 0.04473475366830826, 0.03313444182276726, 0.03085002303123474, 0.02768666297197342, 0.02734619751572609, 0.028348851948976517, 0.03000599890947342, 0.03099675104022026, 0.027234874665737152, 0.027941912412643433, 0.02992817386984825, 0.03110339492559433, 0.03408817946910858, 0.03691182658076286, 0.03553536906838417, 0.03634650632739067, 0.035119350999593735, 0.04019598662853241, 0.04192335158586502, 0.03765546530485153, 0.033873915672302246, 0.03453259542584419, 0.034348562359809875, 0.035543665289878845, 0.03886416554450989, 0.0425109788775444, 0.053774286061525345, 0.05530465394258499, 0.047627851366996765, 0.04280594736337662, 0.039388008415699005, 0.03531338647007942, 0.035504069179296494, 0.035388581454753876, 0.03482355922460556, 0.03614218905568123, 0.03582487255334854, 0.03824809938669205, 0.03877290338277817, 0.03586649149656296, 0.03543296456336975, 0.035856325179338455, 0.03465091437101364, 0.03637018799781799, 0.03724314272403717, 0.03631266951560974, 0.03329651802778244, 0.03181367367506027, 0.029759343713521957, 0.031021034345030785, 0.029451526701450348, 0.029432086274027824, 0.0290550347417593, 0.03024776466190815, 0.02970992587506771, 0.029270395636558533, 0.030261194333434105, 0.03038453496992588, 0.03223777562379837, 0.03186041861772537, 0.03437918424606323, 0.03782282769680023, 0.037180718034505844, 0.03848870098590851, 0.03870139271020889, 0.03336698189377785, 0.02873719483613968, 0.029779333621263504, 0.03413615748286247, 0.03274214640259743, 0.03773551434278488, 0.0409209206700325, 0.04260227456688881, 0.04227520525455475, 0.037998490035533905, 0.03407039865851402, 0.034523457288742065, 0.03329108655452728, 0.034252192825078964, 0.03230556100606918, 0.032709717750549316, 0.034890227019786835, 0.035682741552591324, 0.03654944896697998, 0.03633229807019234, 0.03585635498166084, 0.032806165516376495, 0.02984815463423729, 0.03667322173714638, 0.0402904711663723, 0.04059150069952011, 0.03642108663916588, 0.038727056235075, 0.038588520139455795, 0.0391850471496582, 0.04080377519130707, 0.04344463348388672, 0.04522336646914482, 0.04363924637436867, 0.046084851026535034, 0.046250224113464355, 0.04841947183012962, 0.047652989625930786, 0.045607514679431915, 0.043374061584472656, 0.0441615954041481, 0.03615633398294449, 0.03440877050161362, 0.03453173488378525, 0.039501406252384186, 0.035699568688869476, 0.031126055866479874, 0.031911060214042664, 0.03378767520189285, 0.03633697330951691, 0.03902424871921539, 0.03343527764081955]}
all losses in batch in validation:  {'loss': [0.04617658257484436, 0.0468851700425148, 0.0439310260117054, 0.042690396308898926, 0.041530728340148926, 0.04477006196975708, 0.060593001544475555, 0.054660502821207047, 0.05298428237438202, 0.03962548077106476, 0.03771798312664032, 0.032697975635528564, 0.03170645982027054, 0.033757396042346954, 0.03487250953912735, 0.033921532332897186, 0.031775958836078644, 0.032143477350473404, 0.034248702228069305, 0.03572763875126839, 0.03681110590696335, 0.03979498893022537, 0.041130080819129944, 0.04236622154712677, 0.04196874797344208, 0.04724445194005966, 0.04912862926721573, 0.044089142233133316, 0.039382319897413254, 0.04012680798768997, 0.040044963359832764, 0.04294401779770851, 0.04690305143594742, 0.050804875791072845, 0.06268711388111115, 0.06232389062643051, 0.05407634377479553, 0.05689215660095215, 0.05097563564777374, 0.04365023598074913, 0.042564235627651215, 0.042304281145334244, 0.04080534353852272, 0.04232977330684662, 0.04099278524518013, 0.04370705038309097, 0.04369499534368515, 0.04087187722325325, 0.040522173047065735, 0.040754590183496475, 0.04055459052324295, 0.04231762886047363, 0.04452523961663246, 0.0431138277053833, 0.04058360680937767, 0.03865152597427368, 0.03467922657728195, 0.03493791073560715, 0.03247861564159393, 0.0319950096309185, 0.031051211059093475, 0.03263910859823227, 0.031965479254722595, 0.031372323632240295, 0.032291900366544724, 0.03169400244951248, 0.034141525626182556, 0.035024821758270264, 0.037522803992033005, 0.042228296399116516, 0.04181448742747307, 0.04507313296198845, 0.046610862016677856, 0.03887376934289932, 0.035967178642749786, 0.03766300529241562, 0.04450683295726776, 0.04365720599889755, 0.05075005441904068, 0.05505799129605293, 0.057336047291755676, 0.055695097893476486, 0.04949185997247696, 0.041205424815416336, 0.03991463780403137, 0.03937796875834465, 0.04009024053812027, 0.03755493462085724, 0.03795982897281647, 0.040847621858119965, 0.04060744121670723, 0.0409860759973526, 0.04224057123064995, 0.04288679361343384, 0.03921053558588028, 0.03499111533164978, 0.04184276610612869, 0.05090859532356262, 0.04750313237309456, 0.04253412038087845, 0.04448118060827255, 0.04613617807626724, 0.04851241409778595, 0.050008706748485565, 0.052988722920417786, 0.056014109402894974, 0.053515903651714325, 0.056408245116472244, 0.05682157352566719, 0.059610702097415924, 0.058928318321704865, 0.056568048894405365, 0.0559089221060276, 0.056591879576444626, 0.04672910273075104, 0.043046124279499054, 0.04278413578867912, 0.04960112273693085, 0.04291321337223053, 0.036518462002277374, 0.03764708340167999, 0.04123200103640556, 0.04350941628217697, 0.04640483111143112, 0.0420999601483345], 'L_si': [0.008221954107284546, 0.008130401372909546, 0.007351420819759369, 0.006832286715507507, 0.006500184535980225, 0.007382333278656006, 0.01369187980890274, 0.01007554680109024, 0.010569348931312561, 0.006402455270290375, 0.006020471453666687, 0.004763394594192505, 0.004482761025428772, 0.004731521010398865, 0.004870861768722534, 0.004708871245384216, 0.004423409700393677, 0.004411734640598297, 0.004728555679321289, 0.004860684275627136, 0.005077026784420013, 0.005727559328079224, 0.006199993193149567, 0.006578817963600159, 0.00639893114566803, 0.007236376404762268, 0.0076239705085754395, 0.006582185626029968, 0.005401022732257843, 0.0056594908237457275, 0.005749717354774475, 0.006513781845569611, 0.007537655532360077, 0.008297137916088104, 0.010864421725273132, 0.010875195264816284, 0.009663008153438568, 0.013999804854393005, 0.010672807693481445, 0.008194006979465485, 0.0074960216879844666, 0.007562130689620972, 0.00686422735452652, 0.0072798654437065125, 0.006716921925544739, 0.007262594997882843, 0.00743190199136734, 0.0070552825927734375, 0.007420971989631653, 0.007593654096126556, 0.007968425750732422, 0.0085969939827919, 0.00954069197177887, 0.008790016174316406, 0.007841736078262329, 0.00668971985578537, 0.005278393626213074, 0.00500863790512085, 0.004543505609035492, 0.004240214824676514, 0.003999881446361542, 0.0043333545327186584, 0.004401408135890961, 0.0044872090220451355, 0.004861645400524139, 0.004733666777610779, 0.005392186343669891, 0.00558781623840332, 0.0062348321080207825, 0.007464483380317688, 0.007680885493755341, 0.009187459945678711, 0.009990423917770386, 0.008032798767089844, 0.006884463131427765, 0.008156374096870422, 0.011155415326356888, 0.011826932430267334, 0.014522016048431396, 0.016088765114545822, 0.017237678170204163, 0.01617678627371788, 0.013403862714767456, 0.009368173778057098, 0.006917119026184082, 0.005343452095985413, 0.005398474633693695, 0.005101189017295837, 0.005349695682525635, 0.006353721022605896, 0.006402648985385895, 0.006363406777381897, 0.00667080283164978, 0.0070779770612716675, 0.006312273442745209, 0.005343049764633179, 0.007211938500404358, 0.011576808989048004, 0.008794575929641724, 0.007059149444103241, 0.00791054219007492, 0.008994698524475098, 0.01027243584394455, 0.01097743958234787, 0.011967487633228302, 0.012781254947185516, 0.011886224150657654, 0.01276031881570816, 0.013022549450397491, 0.014017485082149506, 0.014198265969753265, 0.013627611100673676, 0.01397726684808731, 0.014035433530807495, 0.011386632919311523, 0.009493283927440643, 0.009243331849575043, 0.011289216578006744, 0.009256131947040558, 0.007639884948730469, 0.00782015174627304, 0.009080126881599426, 0.00985661894083023, 0.010696940124034882, 0.010727085173130035], 'L_grad': [0.037954628467559814, 0.038754768669605255, 0.03657960519194603, 0.03585810959339142, 0.0350305438041687, 0.037387728691101074, 0.046901121735572815, 0.044584956020116806, 0.04241493344306946, 0.033223025500774384, 0.03169751167297363, 0.02793458104133606, 0.027223696932196617, 0.02902587316930294, 0.030001647770404816, 0.02921266108751297, 0.027352547273039818, 0.027731742709875107, 0.029520146548748016, 0.03086695447564125, 0.031734079122543335, 0.03406742960214615, 0.03493008762598038, 0.03578740358352661, 0.03556981682777405, 0.040008075535297394, 0.04150465875864029, 0.03750695660710335, 0.03398129716515541, 0.034467317163944244, 0.03429524600505829, 0.0364302359521389, 0.03936539590358734, 0.04250773787498474, 0.05182269215583801, 0.05144869536161423, 0.044413335621356964, 0.04289235174655914, 0.0403028279542923, 0.035456229001283646, 0.03506821393966675, 0.03474215045571327, 0.0339411161839962, 0.035049907863140106, 0.03427586331963539, 0.03644445538520813, 0.03626309335231781, 0.03381659463047981, 0.03310120105743408, 0.03316093608736992, 0.03258616477251053, 0.03372063487768173, 0.03498454764485359, 0.034323811531066895, 0.03274187073111534, 0.03196180611848831, 0.029400832951068878, 0.02992927096784115, 0.02793511003255844, 0.02775479480624199, 0.027051329612731934, 0.02830575592815876, 0.027564069256186485, 0.02688511461019516, 0.027430254966020584, 0.026960337534546852, 0.028749339282512665, 0.029437005519866943, 0.03128797188401222, 0.03476381301879883, 0.03413360193371773, 0.03588567301630974, 0.03662043809890747, 0.03084097057580948, 0.02908271551132202, 0.029506629332900047, 0.03335141763091087, 0.03183027356863022, 0.03622803837060928, 0.03896922618150711, 0.040098369121551514, 0.039518311619758606, 0.0360879972577095, 0.03183725103735924, 0.03299751877784729, 0.03403451666235924, 0.034691765904426575, 0.0324537456035614, 0.03261013329029083, 0.03449390083551407, 0.034204792231321335, 0.0346226692199707, 0.03556976839900017, 0.03580881655216217, 0.03289826214313507, 0.029648063704371452, 0.034630827605724335, 0.03933178633451462, 0.038708556443452835, 0.03547497093677521, 0.03657063841819763, 0.037141479551792145, 0.0382399782538414, 0.039031267166137695, 0.041021235287189484, 0.04323285445570946, 0.04162967950105667, 0.043647926300764084, 0.0437990240752697, 0.04559321701526642, 0.0447300523519516, 0.04294043779373169, 0.04193165525794029, 0.04255644604563713, 0.035342469811439514, 0.03355284035205841, 0.03354080393910408, 0.0383119061589241, 0.03365708142518997, 0.028878578916192055, 0.029826929792761803, 0.03215187415480614, 0.03365279734134674, 0.03570789098739624, 0.03137287497520447]}
all losses in batch in validation:  {'loss': [0.0446423776447773, 0.044878050684928894, 0.04310828819870949, 0.04344218969345093, 0.04331715404987335, 0.045721061527729034, 0.05858976021409035, 0.05728963017463684, 0.05444572865962982, 0.03927745670080185, 0.03729166090488434, 0.0322742685675621, 0.03147139772772789, 0.03337104618549347, 0.035835132002830505, 0.03401558846235275, 0.03113419935107231, 0.03144406899809837, 0.03446001186966896, 0.037153929471969604, 0.03676977753639221, 0.03912537544965744, 0.0399802103638649, 0.04083528369665146, 0.04014826938509941, 0.04615103453397751, 0.04820070415735245, 0.04303361102938652, 0.038596831262111664, 0.04123033210635185, 0.03984455391764641, 0.04239124432206154, 0.04683883488178253, 0.04998207464814186, 0.06273665279150009, 0.06505345553159714, 0.05599553510546684, 0.06017862632870674, 0.0520985946059227, 0.048177316784858704, 0.04870738461613655, 0.04944320768117905, 0.047790925949811935, 0.04885847866535187, 0.04886554181575775, 0.05109511315822601, 0.052879393100738525, 0.04899197071790695, 0.04868454486131668, 0.04825544357299805, 0.046951405704021454, 0.048609137535095215, 0.05052180960774422, 0.04999164119362831, 0.04799544811248779, 0.04580748826265335, 0.04084700718522072, 0.04073499143123627, 0.037824105471372604, 0.03624941408634186, 0.03470415994524956, 0.03617643937468529, 0.036171287298202515, 0.03495584428310394, 0.037095680832862854, 0.03662436828017235, 0.039380304515361786, 0.039777547121047974, 0.041706524789333344, 0.046543776988983154, 0.04577864706516266, 0.047931086272001266, 0.04905577003955841, 0.04171120375394821, 0.0354226753115654, 0.037382304668426514, 0.041032057255506516, 0.043816640973091125, 0.05115465447306633, 0.05514312908053398, 0.05781236290931702, 0.057060569524765015, 0.04978310689330101, 0.04113416001200676, 0.0397319570183754, 0.03892277181148529, 0.03996283933520317, 0.036706265062093735, 0.03740014135837555, 0.04126593843102455, 0.0420895516872406, 0.04090287163853645, 0.042098432779312134, 0.04163482040166855, 0.03813629969954491, 0.03438856825232506, 0.040714848786592484, 0.05727633088827133, 0.04386885464191437, 0.040904782712459564, 0.04291262477636337, 0.04364459961652756, 0.04683439061045647, 0.051024265587329865, 0.052782412618398666, 0.05353614687919617, 0.05134851112961769, 0.054126884788274765, 0.05566072463989258, 0.059345364570617676, 0.05906388908624649, 0.05753617733716965, 0.05677320808172226, 0.05742770805954933, 0.047164436429739, 0.043858885765075684, 0.04471781104803085, 0.05518442764878273, 0.048159159719944, 0.038272958248853683, 0.03755902871489525, 0.04242715984582901, 0.045053694397211075, 0.04640640318393707, 0.043462254106998444], 'L_si': [0.00805363804101944, 0.008031174540519714, 0.007576696574687958, 0.007453463971614838, 0.007502220571041107, 0.00804091989994049, 0.012412570416927338, 0.010800905525684357, 0.010941870510578156, 0.006298623979091644, 0.006023608148097992, 0.004625558853149414, 0.00447428971529007, 0.004650585353374481, 0.005089141428470612, 0.004778802394866943, 0.004239901900291443, 0.004295967519283295, 0.004758954048156738, 0.005081728100776672, 0.005011476576328278, 0.0055552273988723755, 0.005868509411811829, 0.006100758910179138, 0.005843937397003174, 0.006857708096504211, 0.007408469915390015, 0.006216138601303101, 0.00515003502368927, 0.005798555910587311, 0.005564242601394653, 0.006263740360736847, 0.007392071187496185, 0.007971063256263733, 0.010575912892818451, 0.011457599699497223, 0.009827271103858948, 0.015075966715812683, 0.010755717754364014, 0.00970187783241272, 0.009800918400287628, 0.01003246009349823, 0.009368784725666046, 0.009653262794017792, 0.009494803845882416, 0.01007668673992157, 0.010742716491222382, 0.009990453720092773, 0.010344378650188446, 0.010318346321582794, 0.01031646877527237, 0.01089344173669815, 0.011813528835773468, 0.011490687727928162, 0.010553143918514252, 0.00924932211637497, 0.0070615410804748535, 0.006645753979682922, 0.006063446402549744, 0.00540556013584137, 0.004944987595081329, 0.005228444933891296, 0.005455128848552704, 0.005547270178794861, 0.00617082417011261, 0.0061200931668281555, 0.006646566092967987, 0.006748415529727936, 0.007413759827613831, 0.008824042975902557, 0.009017199277877808, 0.010439835488796234, 0.011115111410617828, 0.009200505912303925, 0.00765576958656311, 0.008878365159034729, 0.010599810630083084, 0.012097030878067017, 0.0147651806473732, 0.01614571362733841, 0.017397239804267883, 0.016529131680727005, 0.013482186943292618, 0.009408585727214813, 0.0069447532296180725, 0.005290970206260681, 0.005455389618873596, 0.005047626793384552, 0.005381345748901367, 0.0066656917333602905, 0.00681363046169281, 0.006468094885349274, 0.006781376898288727, 0.006836839020252228, 0.006051667034626007, 0.005338624119758606, 0.007178492844104767, 0.013809718191623688, 0.007625281810760498, 0.0066513121128082275, 0.0072622522711753845, 0.007925517857074738, 0.009340271353721619, 0.010751679539680481, 0.011156819760799408, 0.011365234851837158, 0.01048058271408081, 0.011593721807003021, 0.012019790709018707, 0.013447821140289307, 0.013882741332054138, 0.013590581715106964, 0.013913020491600037, 0.014513619244098663, 0.01182478666305542, 0.009935088455677032, 0.01021583378314972, 0.013872258365154266, 0.011194460093975067, 0.008135750889778137, 0.007765263319015503, 0.009227722883224487, 0.010010667145252228, 0.010459572076797485, 0.010970436036586761], 'L_grad': [0.03658873960375786, 0.03684687614440918, 0.03553159162402153, 0.03598872572183609, 0.035814933478832245, 0.037680141627788544, 0.04617718979716301, 0.046488724648952484, 0.043503858149051666, 0.032978832721710205, 0.031268052756786346, 0.02764870785176754, 0.02699710801243782, 0.028720462694764137, 0.030745988711714745, 0.02923678606748581, 0.02689429745078087, 0.02714810147881508, 0.029701057821512222, 0.03207220137119293, 0.031758300960063934, 0.033570148050785065, 0.03411170095205307, 0.03473452478647232, 0.03430433198809624, 0.0392933264374733, 0.04079223424196243, 0.03681747242808342, 0.033446796238422394, 0.03543177619576454, 0.034280311316251755, 0.03612750396132469, 0.039446763694286346, 0.04201101139187813, 0.05216073989868164, 0.053595855832099915, 0.046168264001607895, 0.04510265961289406, 0.041342876851558685, 0.038475438952445984, 0.03890646621584892, 0.03941074758768082, 0.03842214122414589, 0.039205215871334076, 0.039370737969875336, 0.04101842641830444, 0.042136676609516144, 0.03900151699781418, 0.038340166211128235, 0.03793709725141525, 0.036634936928749084, 0.037715695798397064, 0.03870828077197075, 0.03850095346570015, 0.03744230419397354, 0.03655816614627838, 0.033785466104745865, 0.034089237451553345, 0.03176065906882286, 0.03084385395050049, 0.029759172350168228, 0.03094799444079399, 0.03071615658700466, 0.029408574104309082, 0.030924858525395393, 0.030504275113344193, 0.0327337384223938, 0.03302913159132004, 0.03429276496171951, 0.0377197340130806, 0.03676144778728485, 0.03749125078320503, 0.03794065862894058, 0.03251069784164429, 0.02776690572500229, 0.028503939509391785, 0.03043224662542343, 0.03171961009502411, 0.03638947382569313, 0.03899741545319557, 0.04041512310504913, 0.04053143784403801, 0.03630091995000839, 0.031725574284791946, 0.032787203788757324, 0.03363180160522461, 0.034507449716329575, 0.03165863826870918, 0.03201879560947418, 0.03460024669766426, 0.03527592122554779, 0.03443477675318718, 0.03531705588102341, 0.03479798138141632, 0.0320846326649189, 0.029049944132566452, 0.03353635594248772, 0.043466612696647644, 0.03624357283115387, 0.03425347059965134, 0.03565037250518799, 0.03571908175945282, 0.03749411925673485, 0.040272586047649384, 0.04162559285759926, 0.04217091202735901, 0.04086792841553688, 0.042533162981271744, 0.04364093393087387, 0.04589754343032837, 0.04518114775419235, 0.04394559562206268, 0.04286018759012222, 0.04291408881545067, 0.03533964976668358, 0.03392379730939865, 0.034501977264881134, 0.041312169283628464, 0.03696469962596893, 0.030137207359075546, 0.029793765395879745, 0.03319943696260452, 0.03504302725195885, 0.03594683110713959, 0.03249181807041168]}
all losses in batch in validation:  {'loss': [0.04427987337112427, 0.04409830644726753, 0.04263966530561447, 0.0437961146235466, 0.043336302042007446, 0.04611505568027496, 0.05873199552297592, 0.0587218813598156, 0.058367207646369934, 0.04230663180351257, 0.039811085909605026, 0.03481981158256531, 0.03453421592712402, 0.035368528217077255, 0.03855551406741142, 0.038425274193286896, 0.03386583551764488, 0.03428241237998009, 0.03598823398351669, 0.03941521421074867, 0.04057160019874573, 0.04410436376929283, 0.043732091784477234, 0.04468023404479027, 0.04404933378100395, 0.05190908908843994, 0.05313357710838318, 0.04939775541424751, 0.044305071234703064, 0.04754989594221115, 0.0426991805434227, 0.043081529438495636, 0.0483790822327137, 0.052424781024456024, 0.06469472497701645, 0.06817752867937088, 0.05924924090504646, 0.058317266404628754, 0.050158459693193436, 0.04498391970992088, 0.04386533796787262, 0.04471321403980255, 0.04352578893303871, 0.04538597911596298, 0.04403122514486313, 0.04608061909675598, 0.046537891030311584, 0.04239429533481598, 0.04257778823375702, 0.04233595356345177, 0.041860342025756836, 0.043380942195653915, 0.043846286833286285, 0.042174916714429855, 0.04035893455147743, 0.0371391624212265, 0.034387629479169846, 0.03632860630750656, 0.034283000975847244, 0.03431675583124161, 0.034508682787418365, 0.036003030836582184, 0.03448167443275452, 0.033295609056949615, 0.03482753783464432, 0.035585977137088776, 0.03813585638999939, 0.038282107561826706, 0.040872782468795776, 0.04517614468932152, 0.043948326259851456, 0.04682048782706261, 0.04790407419204712, 0.04020025208592415, 0.037815310060977936, 0.039657045155763626, 0.04512413218617439, 0.044966571033000946, 0.0520486980676651, 0.05605669692158699, 0.05866210162639618, 0.05738603323698044, 0.05066419020295143, 0.04313665255904198, 0.040554117411375046, 0.037108637392520905, 0.03899510204792023, 0.037718385457992554, 0.03930264711380005, 0.04315998777747154, 0.04356570914387703, 0.04309045895934105, 0.04406177997589111, 0.04408962279558182, 0.03972872719168663, 0.03654727339744568, 0.04885847866535187, 0.06773994863033295, 0.05154845863580704, 0.04472699016332626, 0.044918306171894073, 0.04576127603650093, 0.04822119325399399, 0.051830194890499115, 0.054892413318157196, 0.05719655007123947, 0.054768212139606476, 0.05748159438371658, 0.05868463218212128, 0.062023624777793884, 0.061502013355493546, 0.059946343302726746, 0.05742716044187546, 0.05781840160489082, 0.047257132828235626, 0.04457027465105057, 0.04462775960564613, 0.0572575218975544, 0.04666230082511902, 0.03880400210618973, 0.038761503994464874, 0.04271247982978821, 0.045625850558280945, 0.047472525388002396, 0.04275672882795334], 'L_si': [0.00760650634765625, 0.00737202912569046, 0.006998986005783081, 0.0070931389927864075, 0.007126040756702423, 0.0078812837600708, 0.012190036475658417, 0.011254258453845978, 0.01216975599527359, 0.007244408130645752, 0.006783828139305115, 0.005313508212566376, 0.005262196063995361, 0.00526728481054306, 0.005782797932624817, 0.005890198051929474, 0.004895530641078949, 0.004849888384342194, 0.005115509033203125, 0.005758896470069885, 0.005945757031440735, 0.006726816296577454, 0.0068572163581848145, 0.007029935717582703, 0.006836257874965668, 0.008355163037776947, 0.008732788264751434, 0.007824026048183441, 0.006455734372138977, 0.007254160940647125, 0.006359316408634186, 0.006554722785949707, 0.007797248661518097, 0.00854281336069107, 0.011233754456043243, 0.011791661381721497, 0.010457061231136322, 0.013621717691421509, 0.00961720198392868, 0.008203946053981781, 0.007574103772640228, 0.0077400654554367065, 0.007394857704639435, 0.008099891245365143, 0.007506847381591797, 0.008071236312389374, 0.008140936493873596, 0.007369764149188995, 0.007845133543014526, 0.008006319403648376, 0.008127614855766296, 0.008427515625953674, 0.008432798087596893, 0.007748603820800781, 0.007319092750549316, 0.0060582756996154785, 0.004910975694656372, 0.005013063549995422, 0.004766695201396942, 0.004653766751289368, 0.004683487117290497, 0.005081281065940857, 0.004920385777950287, 0.0049771592020988464, 0.005532756447792053, 0.005709253251552582, 0.006281577050685883, 0.0063261836767196655, 0.007100611925125122, 0.008386977016925812, 0.008315235376358032, 0.009767942130565643, 0.010378174483776093, 0.008340001106262207, 0.0074039362370967865, 0.008325386792421341, 0.010885093361139297, 0.011616360396146774, 0.014424048364162445, 0.015978869050741196, 0.017025072127580643, 0.016122490167617798, 0.013570766896009445, 0.009857993572950363, 0.007302090525627136, 0.005243681371212006, 0.005563914775848389, 0.005426168441772461, 0.006087876856327057, 0.007148370146751404, 0.007508412003517151, 0.0071216970682144165, 0.007142744958400726, 0.0074522048234939575, 0.006518445909023285, 0.005930028855800629, 0.009193375706672668, 0.016811970621347427, 0.009974382817745209, 0.007687598466873169, 0.00784950703382492, 0.008418522775173187, 0.009498290717601776, 0.010672599077224731, 0.011567965149879456, 0.012335740029811859, 0.011319451034069061, 0.01237817108631134, 0.01290227472782135, 0.014219813048839569, 0.014678053557872772, 0.014263547956943512, 0.013968586921691895, 0.013853643089532852, 0.01088012009859085, 0.009540516883134842, 0.009578824043273926, 0.013944048434495926, 0.010286983102560043, 0.008029643446207047, 0.00793551281094551, 0.009189032018184662, 0.01016261801123619, 0.010706283152103424, 0.010674450546503067], 'L_grad': [0.03667336702346802, 0.03672627732157707, 0.03564067929983139, 0.03670297563076019, 0.03621026128530502, 0.03823377192020416, 0.046541959047317505, 0.04746762290596962, 0.046197451651096344, 0.03506222367286682, 0.03302725777029991, 0.029506303369998932, 0.029272018000483513, 0.030101243406534195, 0.032772716134786606, 0.03253507614135742, 0.028970304876565933, 0.029432523995637894, 0.030872724950313568, 0.03365631774067879, 0.03462584316730499, 0.03737754747271538, 0.03687487542629242, 0.037650298327207565, 0.037213075906038284, 0.043553926050662994, 0.044400788843631744, 0.04157372936606407, 0.03784933686256409, 0.040295735001564026, 0.03633986413478851, 0.03652680665254593, 0.0405818335711956, 0.043881967663764954, 0.053460970520973206, 0.056385867297649384, 0.04879217967391014, 0.044695548713207245, 0.040541257709264755, 0.0367799736559391, 0.03629123419523239, 0.036973148584365845, 0.03613093122839928, 0.03728608787059784, 0.03652437776327133, 0.03800938278436661, 0.03839695453643799, 0.035024531185626984, 0.03473265469074249, 0.03432963415980339, 0.03373272716999054, 0.03495342656970024, 0.03541348874568939, 0.034426312893629074, 0.033039841800928116, 0.031080884858965874, 0.029476653784513474, 0.03131554275751114, 0.029516305774450302, 0.02966299094259739, 0.029825197532773018, 0.030921749770641327, 0.02956128865480423, 0.02831844985485077, 0.029294779524207115, 0.029876725748181343, 0.03185427933931351, 0.03195592388510704, 0.033772170543670654, 0.036789167672395706, 0.03563309088349342, 0.037052545696496964, 0.03752589970827103, 0.03186025097966194, 0.0304113756865263, 0.031331658363342285, 0.034239038825035095, 0.03335021063685417, 0.037624649703502655, 0.040077827870845795, 0.041637029498815536, 0.04126354306936264, 0.037093423306941986, 0.033278658986091614, 0.03325202688574791, 0.0318649560213089, 0.03343118727207184, 0.03229221701622009, 0.03321477025747299, 0.03601161763072014, 0.03605729714035988, 0.03596876189112663, 0.03691903501749039, 0.03663741797208786, 0.033210281282663345, 0.0306172426789999, 0.0396651029586792, 0.05092798173427582, 0.04157407581806183, 0.037039391696453094, 0.03706879913806915, 0.037342753261327744, 0.03872290253639221, 0.041157595813274384, 0.04332444816827774, 0.04486081004142761, 0.043448761105537415, 0.04510342329740524, 0.04578235745429993, 0.047803811728954315, 0.04682395979762077, 0.045682795345783234, 0.04345857352018356, 0.04396475851535797, 0.036377012729644775, 0.035029757767915726, 0.03504893556237221, 0.04331347346305847, 0.036375317722558975, 0.03077436052262783, 0.030825991183519363, 0.033523447811603546, 0.035463232547044754, 0.03676624223589897, 0.03208227828145027]}
Saving checkpoint: s2d_checkpoints/train_s2d_SpikeTransformer_rtx5090_20260305_20260306_044356/checkpoint-epoch024-loss-0.0136.pth.tar ...
all losses in batch in validation:  {'loss': [0.04717249795794487, 0.04553566500544548, 0.04284527152776718, 0.04287011921405792, 0.04266957938671112, 0.046804580837488174, 0.058947280049324036, 0.0565638430416584, 0.0555713027715683, 0.04147283732891083, 0.0385025218129158, 0.032333821058273315, 0.032447706907987595, 0.03440065681934357, 0.03449808061122894, 0.033931173384189606, 0.032381244003772736, 0.032730814069509506, 0.034649983048439026, 0.036281462758779526, 0.03675263747572899, 0.04012839123606682, 0.042133819311857224, 0.04317810386419296, 0.0429973341524601, 0.049101244658231735, 0.051180869340896606, 0.04823819547891617, 0.04193611443042755, 0.044574178755283356, 0.043867018073797226, 0.0463545024394989, 0.05090552940964699, 0.05471017211675644, 0.06834864616394043, 0.06805569678544998, 0.05560833215713501, 0.055383265018463135, 0.04882458597421646, 0.04452204331755638, 0.04578204080462456, 0.04623265936970711, 0.044437117874622345, 0.04587303102016449, 0.04396022856235504, 0.04733724147081375, 0.049073025584220886, 0.04500260949134827, 0.04428573325276375, 0.044166386127471924, 0.04251584783196449, 0.042925018817186356, 0.04308181256055832, 0.04204045236110687, 0.04030090197920799, 0.03845910355448723, 0.03373078629374504, 0.03319559246301651, 0.031388409435749054, 0.03196820616722107, 0.03220290318131447, 0.03334572911262512, 0.03407954052090645, 0.034110672771930695, 0.03545041009783745, 0.03532399237155914, 0.03818504512310028, 0.03855837136507034, 0.04081552475690842, 0.04579766094684601, 0.04465648904442787, 0.04786920174956322, 0.048760853707790375, 0.04033742472529411, 0.03381805866956711, 0.036768365651369095, 0.040705591440200806, 0.04365872964262962, 0.05137574300169945, 0.056118085980415344, 0.059072718024253845, 0.05815010517835617, 0.05167212709784508, 0.04142896458506584, 0.040699418634176254, 0.03925982117652893, 0.040602684020996094, 0.03738586977124214, 0.037680450826883316, 0.04084904491901398, 0.040907807648181915, 0.041842587292194366, 0.048523202538490295, 0.04456983506679535, 0.0394866019487381, 0.03563462197780609, 0.04484390467405319, 0.056048281490802765, 0.04766938090324402, 0.04347233846783638, 0.04343440383672714, 0.04498817026615143, 0.04783792793750763, 0.05041364207863808, 0.054374247789382935, 0.05598629638552666, 0.05343322455883026, 0.0580572709441185, 0.05794304609298706, 0.061621781438589096, 0.06069450080394745, 0.05776688829064369, 0.05669550225138664, 0.05830087512731552, 0.04881448298692703, 0.04724179580807686, 0.047715555876493454, 0.052913401275873184, 0.05161230266094208, 0.04226797819137573, 0.039994772523641586, 0.04326719418168068, 0.04541296884417534, 0.04700350761413574, 0.042877305299043655], 'L_si': [0.008782826364040375, 0.008035801351070404, 0.007308758795261383, 0.007023602724075317, 0.006942853331565857, 0.00821065902709961, 0.012958817183971405, 0.010755445808172226, 0.01160905510187149, 0.007042035460472107, 0.006369858980178833, 0.004735715687274933, 0.004657641053199768, 0.0049651265144348145, 0.004967011511325836, 0.004808589816093445, 0.004527345299720764, 0.004579596221446991, 0.004915833473205566, 0.0051109641790390015, 0.005247108638286591, 0.005829662084579468, 0.006466582417488098, 0.006785638630390167, 0.00669444352388382, 0.007714033126831055, 0.008294574916362762, 0.0077558159828186035, 0.006277583539485931, 0.007073566317558289, 0.007028132677078247, 0.007893070578575134, 0.009106159210205078, 0.009841084480285645, 0.012081533670425415, 0.012656256556510925, 0.009418383240699768, 0.012440219521522522, 0.010079041123390198, 0.009109839797019958, 0.008880376815795898, 0.009061507880687714, 0.00844389945268631, 0.008759409189224243, 0.008049733936786652, 0.008878841996192932, 0.00964827835559845, 0.00885099172592163, 0.00905076414346695, 0.0088672935962677, 0.008428812026977539, 0.008499309420585632, 0.008648991584777832, 0.008057326078414917, 0.007515080273151398, 0.006647214293479919, 0.0050834789872169495, 0.004612483084201813, 0.004208862781524658, 0.004134483635425568, 0.004095323383808136, 0.004469677805900574, 0.004838280379772186, 0.005078330636024475, 0.005574561655521393, 0.005555056035518646, 0.006225802004337311, 0.006378620862960815, 0.0070844367146492004, 0.008467238396406174, 0.008484162390232086, 0.01013779267668724, 0.010771721601486206, 0.008664697408676147, 0.007009878754615784, 0.008380390703678131, 0.01025659590959549, 0.011802718043327332, 0.014507371932268143, 0.016228580847382545, 0.01756773330271244, 0.016576265916228294, 0.013839643448591232, 0.009486634284257889, 0.007268309593200684, 0.005486004054546356, 0.005757756531238556, 0.0053523629903793335, 0.005579352378845215, 0.006679274141788483, 0.006867177784442902, 0.006752975285053253, 0.008665919303894043, 0.007512331008911133, 0.0063513219356536865, 0.005588136613368988, 0.008168324828147888, 0.01318126916885376, 0.008984938263893127, 0.007306534796953201, 0.007460813969373703, 0.008322179317474365, 0.009570524096488953, 0.010757703334093094, 0.01203162968158722, 0.012449443340301514, 0.011483520269393921, 0.012906614691019058, 0.013058170676231384, 0.014531604945659637, 0.01456257700920105, 0.013975653797388077, 0.014112096279859543, 0.014947481453418732, 0.012420054525136948, 0.011552084237337112, 0.011836815625429153, 0.014115605503320694, 0.013084769248962402, 0.009395774453878403, 0.008344639092683792, 0.00950917974114418, 0.01028468832373619, 0.010740242898464203, 0.010739769786596298], 'L_grad': [0.038389671593904495, 0.037499863654375076, 0.0355365127325058, 0.035846516489982605, 0.035726726055145264, 0.038593921810388565, 0.04598846286535263, 0.045808397233486176, 0.04396224766969681, 0.03443080186843872, 0.03213266283273697, 0.027598105370998383, 0.027790065854787827, 0.029435528442263603, 0.029531070962548256, 0.02912258543074131, 0.02785389870405197, 0.028151217848062515, 0.02973415143787861, 0.031170498579740524, 0.0315055288374424, 0.03429872915148735, 0.035667236894369125, 0.036392465233802795, 0.03630289062857628, 0.04138721153140068, 0.042886294424533844, 0.040482379496097565, 0.03565853089094162, 0.03750061243772507, 0.03683888539671898, 0.03846143186092377, 0.04179937019944191, 0.044869087636470795, 0.056267112493515015, 0.055399440228939056, 0.04618994891643524, 0.04294304549694061, 0.03874554485082626, 0.03541220352053642, 0.03690166398882866, 0.037171151489019394, 0.035993218421936035, 0.03711362183094025, 0.03591049462556839, 0.03845839947462082, 0.039424747228622437, 0.036151617765426636, 0.0352349691092968, 0.035299092531204224, 0.034087035804986954, 0.03442570939660072, 0.03443282097578049, 0.033983126282691956, 0.032785821706056595, 0.03181188926100731, 0.02864730730652809, 0.028583109378814697, 0.027179546654224396, 0.02783372439444065, 0.028107579797506332, 0.0288760494440794, 0.029241260141134262, 0.02903234399855137, 0.029875848442316055, 0.029768936336040497, 0.03195924311876297, 0.03217975050210953, 0.033731088042259216, 0.037330422550439835, 0.036172326654195786, 0.03773140907287598, 0.03798913210630417, 0.031672727316617966, 0.026808179914951324, 0.028387974947690964, 0.030448995530605316, 0.03185601159930229, 0.036868371069431305, 0.03988950699567795, 0.041504986584186554, 0.04157383739948273, 0.037832483649253845, 0.03194233030080795, 0.03343110904097557, 0.033773817121982574, 0.03484492748975754, 0.03203350678086281, 0.0321010984480381, 0.034169770777225494, 0.034040629863739014, 0.03508961200714111, 0.03985728323459625, 0.037057504057884216, 0.03313528001308441, 0.030046485364437103, 0.036675579845905304, 0.042867012321949005, 0.03868444263935089, 0.03616580367088318, 0.03597358986735344, 0.03666599094867706, 0.03826740384101868, 0.03965593874454498, 0.042342618107795715, 0.04353685304522514, 0.04194970428943634, 0.04515065625309944, 0.044884875416755676, 0.04709017649292946, 0.0461319237947464, 0.043791234493255615, 0.0425834059715271, 0.04335339367389679, 0.036394428461790085, 0.035689711570739746, 0.0358787402510643, 0.03879779577255249, 0.038527533411979675, 0.03287220373749733, 0.031650133430957794, 0.0337580144405365, 0.03512828052043915, 0.03626326471567154, 0.03213753551244736]}
all losses in batch in validation:  {'loss': [0.04835207015275955, 0.046910610049963, 0.04408222436904907, 0.04339224845170975, 0.042580071836709976, 0.04430641233921051, 0.055465493351221085, 0.05456417426466942, 0.053611285984516144, 0.04054233431816101, 0.03789414465427399, 0.032136984169483185, 0.03191809728741646, 0.032930631190538406, 0.034082040190696716, 0.03567086160182953, 0.03161713480949402, 0.032258521765470505, 0.03431583568453789, 0.0357419028878212, 0.036742884665727615, 0.04069102555513382, 0.04175300523638725, 0.04288943111896515, 0.0418645478785038, 0.04680865630507469, 0.04770968109369278, 0.04366999864578247, 0.038720645010471344, 0.041155293583869934, 0.041156165301799774, 0.04284688085317612, 0.046946436166763306, 0.049485303461551666, 0.06400591135025024, 0.06707014888525009, 0.0597868338227272, 0.06148604303598404, 0.0516195148229599, 0.04442229121923447, 0.043826088309288025, 0.04449431225657463, 0.04352749139070511, 0.04465790092945099, 0.04281055927276611, 0.04540262371301651, 0.04543465003371239, 0.044846560806035995, 0.0450676865875721, 0.04394634813070297, 0.043982066214084625, 0.04705406352877617, 0.04898356646299362, 0.04790513589978218, 0.04714377224445343, 0.043447233736515045, 0.03923378884792328, 0.041061703115701675, 0.03865253925323486, 0.036272771656513214, 0.03341023623943329, 0.034707993268966675, 0.035337649285793304, 0.0339646190404892, 0.03579048812389374, 0.03650820255279541, 0.03817162662744522, 0.037771303206682205, 0.04024190828204155, 0.04517923295497894, 0.04460831359028816, 0.04713277891278267, 0.04868159070611, 0.042112983763217926, 0.03770653158426285, 0.03884587064385414, 0.04240230843424797, 0.04420927166938782, 0.05182851105928421, 0.0554855577647686, 0.057238731533288956, 0.055579446256160736, 0.04950825870037079, 0.04176507517695427, 0.040470581501722336, 0.04032590985298157, 0.03929944336414337, 0.036457452923059464, 0.03787810727953911, 0.04195176810026169, 0.041508592665195465, 0.04113110527396202, 0.04185706004500389, 0.04197942465543747, 0.03881175071001053, 0.03585599735379219, 0.04790458455681801, 0.0634133592247963, 0.053455859422683716, 0.04567180573940277, 0.046750470995903015, 0.04769420623779297, 0.0493985116481781, 0.05250035971403122, 0.055154234170913696, 0.056041568517684937, 0.05287116393446922, 0.0584777370095253, 0.05848517268896103, 0.06020399555563927, 0.05953614041209221, 0.05661837384104729, 0.055750127881765366, 0.057481441646814346, 0.04643384739756584, 0.0419776514172554, 0.0422646701335907, 0.050924453884363174, 0.04295617714524269, 0.03817763179540634, 0.0390634723007679, 0.044146403670310974, 0.05013955011963844, 0.05567212402820587, 0.04861064255237579], 'L_si': [0.009772095829248428, 0.009047839790582657, 0.008201513439416885, 0.007744207978248596, 0.007406491786241531, 0.00788114219903946, 0.011956222355365753, 0.010009285062551498, 0.010581165552139282, 0.00655481219291687, 0.006058014929294586, 0.00464620441198349, 0.004628792405128479, 0.004672281444072723, 0.004841983318328857, 0.005160756409168243, 0.004402637481689453, 0.00446590781211853, 0.004773914813995361, 0.004889599978923798, 0.005135580897331238, 0.0058782026171684265, 0.006338246166706085, 0.006592780351638794, 0.006342105567455292, 0.00729437917470932, 0.007401116192340851, 0.006523497402667999, 0.00530783087015152, 0.005844518542289734, 0.005946055054664612, 0.006543159484863281, 0.007556401193141937, 0.007940024137496948, 0.011280469596385956, 0.011478468775749207, 0.011035248637199402, 0.016055405139923096, 0.011925555765628815, 0.009339839220046997, 0.008769460022449493, 0.008900739252567291, 0.00850515067577362, 0.00872793048620224, 0.00803317129611969, 0.00860828161239624, 0.008777573704719543, 0.009191557765007019, 0.009920202195644379, 0.00984986126422882, 0.010244026780128479, 0.011298991739749908, 0.011869505047798157, 0.011030182242393494, 0.010851927101612091, 0.00910014659166336, 0.007400870323181152, 0.0072671473026275635, 0.0066379159688949585, 0.005629710853099823, 0.004709415137767792, 0.0048703476786613464, 0.00509827584028244, 0.005056191235780716, 0.005839072167873383, 0.006010882556438446, 0.006331752985715866, 0.006247740238904953, 0.007050275802612305, 0.008470598608255386, 0.008610479533672333, 0.009914811700582504, 0.010667990893125534, 0.008993782103061676, 0.007734563201665878, 0.008992362767457962, 0.010607413947582245, 0.011782068759202957, 0.014508992433547974, 0.015819747000932693, 0.016763661056756973, 0.01576199196279049, 0.013179618865251541, 0.00932527706027031, 0.007148757576942444, 0.0054763853549957275, 0.0053779855370521545, 0.0051126629114151, 0.005598224699497223, 0.007024578750133514, 0.007049299776554108, 0.006684832274913788, 0.006598033010959625, 0.006905712187290192, 0.006283797323703766, 0.005513980984687805, 0.008751709014177322, 0.01551598310470581, 0.011012434959411621, 0.008219845592975616, 0.008784886449575424, 0.009561993181705475, 0.010655514895915985, 0.012334752827882767, 0.013124179095029831, 0.012961216270923615, 0.011746164411306381, 0.013487830758094788, 0.01344374567270279, 0.014079023152589798, 0.014242049306631088, 0.013627838343381882, 0.013656437397003174, 0.0142596997320652, 0.011209208518266678, 0.009056571871042252, 0.009256716817617416, 0.012132015079259872, 0.009375754743814468, 0.00794295221567154, 0.0081058070063591, 0.00988050177693367, 0.011703785508871078, 0.014036960899829865, 0.012870542705059052], 'L_grad': [0.038579974323511124, 0.03786277025938034, 0.03588071092963219, 0.03564804047346115, 0.035173580050468445, 0.03642527014017105, 0.04350927099585533, 0.04455488920211792, 0.04303012043237686, 0.03398752212524414, 0.0318361297249794, 0.027490777894854546, 0.02728930488228798, 0.028258349746465683, 0.029240058735013008, 0.030510103330016136, 0.027214497327804565, 0.027792613953351974, 0.029541920870542526, 0.0308523029088974, 0.03160730376839638, 0.03481282293796539, 0.03541475906968117, 0.036296650767326355, 0.03552244231104851, 0.03951427713036537, 0.04030856490135193, 0.03714650124311447, 0.033412814140319824, 0.0353107750415802, 0.03521011024713516, 0.036303721368312836, 0.03939003497362137, 0.04154527932405472, 0.05272543802857399, 0.055591680109500885, 0.0487515851855278, 0.045430637896060944, 0.039693959057331085, 0.03508245199918747, 0.03505662828683853, 0.03559357300400734, 0.03502234071493149, 0.03592997044324875, 0.03477738797664642, 0.03679434210062027, 0.036657076328992844, 0.035655003041028976, 0.03514748439192772, 0.03409648686647415, 0.033738039433956146, 0.03575507178902626, 0.037114061415195465, 0.03687495365738869, 0.03629184514284134, 0.034347087144851685, 0.031832918524742126, 0.03379455581307411, 0.032014623284339905, 0.03064306080341339, 0.028700821101665497, 0.02983764559030533, 0.030239373445510864, 0.02890842594206333, 0.029951415956020355, 0.030497319996356964, 0.031839873641729355, 0.03152356296777725, 0.033191632479429245, 0.036708634346723557, 0.03599783405661583, 0.037217967212200165, 0.03801359981298447, 0.03311920166015625, 0.02997196838259697, 0.02985350787639618, 0.031794894486665726, 0.03242720291018486, 0.03731951862573624, 0.03966581076383591, 0.04047507047653198, 0.0398174524307251, 0.03632863983511925, 0.03243979811668396, 0.03332182392477989, 0.03484952449798584, 0.03392145782709122, 0.03134479001164436, 0.032279882580041885, 0.034927189350128174, 0.03445929288864136, 0.03444627299904823, 0.035259027034044266, 0.03507371246814728, 0.03252795338630676, 0.030342016369104385, 0.039152875542640686, 0.047897376120090485, 0.042443424463272095, 0.037451960146427155, 0.03796558454632759, 0.038132213056087494, 0.038742996752262115, 0.04016560688614845, 0.042030055075883865, 0.04308035224676132, 0.04112499952316284, 0.04498990625143051, 0.04504142701625824, 0.04612497240304947, 0.04529409110546112, 0.042990535497665405, 0.04209369048476219, 0.043221741914749146, 0.035224638879299164, 0.03292107954621315, 0.03300795331597328, 0.0387924388051033, 0.03358042240142822, 0.030234679579734802, 0.030957665294408798, 0.034265901893377304, 0.038435764610767365, 0.04163516312837601, 0.03574009984731674]}
all losses in batch in validation:  {'loss': [0.044446781277656555, 0.044641800224781036, 0.04218319430947304, 0.04206574335694313, 0.04166605323553085, 0.04437258094549179, 0.054204002022743225, 0.05633270740509033, 0.054121632128953934, 0.03928772732615471, 0.03725382685661316, 0.03219302371144295, 0.03154322877526283, 0.03268524631857872, 0.03375706821680069, 0.03372883424162865, 0.031764376908540726, 0.031924210488796234, 0.03353369981050491, 0.03465591371059418, 0.03635508194565773, 0.040090594440698624, 0.04105477035045624, 0.04170436039566994, 0.04128212481737137, 0.04786645993590355, 0.049472007900476456, 0.042837850749492645, 0.038300346583127975, 0.03823333978652954, 0.03907997906208038, 0.04177403822541237, 0.045494336634874344, 0.04940478503704071, 0.062359269708395004, 0.06391721218824387, 0.05235987901687622, 0.050550129264593124, 0.04323858022689819, 0.03988037630915642, 0.04060712456703186, 0.041394542902708054, 0.04022015631198883, 0.0406724251806736, 0.03934164345264435, 0.04206238314509392, 0.041638899594545364, 0.03916054591536522, 0.03914656862616539, 0.03941132128238678, 0.03908822312951088, 0.041083332151174545, 0.04274939373135567, 0.0416402742266655, 0.04038606584072113, 0.03785805404186249, 0.035649485886096954, 0.03692101687192917, 0.03447524458169937, 0.03377772495150566, 0.03242390230298042, 0.03364121541380882, 0.034224312752485275, 0.03397107496857643, 0.035330552607774734, 0.034893203526735306, 0.03665616363286972, 0.03646252304315567, 0.0394880510866642, 0.044744908809661865, 0.044236622750759125, 0.04709077253937721, 0.04806554317474365, 0.039785291999578476, 0.03435010462999344, 0.03740290552377701, 0.040953755378723145, 0.04383378475904465, 0.0513419508934021, 0.05588745325803757, 0.05776241421699524, 0.05652967095375061, 0.05034303665161133, 0.04151531681418419, 0.03989087790250778, 0.04029446467757225, 0.04067355394363403, 0.03676515445113182, 0.03676440939307213, 0.039939381182193756, 0.040081292390823364, 0.040794190019369125, 0.040870677679777145, 0.0410902313888073, 0.03939715027809143, 0.03428737074136734, 0.040430374443531036, 0.04943055287003517, 0.043419964611530304, 0.0375964380800724, 0.039491649717092514, 0.041467517614364624, 0.0445655882358551, 0.0468427948653698, 0.05156278610229492, 0.052229925990104675, 0.04886282980442047, 0.05271746963262558, 0.052222345024347305, 0.05439016595482826, 0.05376827344298363, 0.05207633227109909, 0.05119938403367996, 0.052631914615631104, 0.04082346707582474, 0.03798855468630791, 0.03759745508432388, 0.039902251213788986, 0.04238801449537277, 0.037285882979631424, 0.03907470405101776, 0.04295135289430618, 0.04550503194332123, 0.051864366978406906, 0.04785694554448128], 'L_si': [0.008074820041656494, 0.00791342556476593, 0.0072558000683784485, 0.007045738399028778, 0.007076479494571686, 0.007749076932668686, 0.010591380298137665, 0.010483667254447937, 0.011036571115255356, 0.006372392177581787, 0.005818430334329605, 0.004584483802318573, 0.004470758140087128, 0.004579473286867142, 0.004708990454673767, 0.00474751740694046, 0.004422742873430252, 0.004385001957416534, 0.004625823348760605, 0.004680842161178589, 0.004989121109247208, 0.005714546889066696, 0.006166454404592514, 0.006398927420377731, 0.006198279559612274, 0.007346820086240768, 0.007670629769563675, 0.006050530821084976, 0.004996228963136673, 0.005101896822452545, 0.005329661071300507, 0.006027571856975555, 0.006857484579086304, 0.007589861750602722, 0.010518118739128113, 0.01053842157125473, 0.00851360335946083, 0.010703019797801971, 0.007558867335319519, 0.0067705437541007996, 0.006661415100097656, 0.006946224719285965, 0.006572991609573364, 0.006543710827827454, 0.00619010254740715, 0.0068573541939258575, 0.006849229335784912, 0.006687648594379425, 0.00699152797460556, 0.007041797041893005, 0.0072011798620224, 0.007853340357542038, 0.008555382490158081, 0.00806669145822525, 0.007768891751766205, 0.006541792303323746, 0.005519915372133255, 0.005634620785713196, 0.005215641111135483, 0.004855148494243622, 0.004308074712753296, 0.004578445106744766, 0.004926450550556183, 0.005075369030237198, 0.005559153854846954, 0.005504827946424484, 0.005981285125017166, 0.006044913083314896, 0.006919778883457184, 0.008317727595567703, 0.008524589240550995, 0.01008746400475502, 0.010883636772632599, 0.009017638862133026, 0.0077349282801151276, 0.009256653487682343, 0.01090989075601101, 0.012222429737448692, 0.014895802363753319, 0.01661454699933529, 0.01769336313009262, 0.016582995653152466, 0.013888822868466377, 0.0097462497651577, 0.007012661546468735, 0.005525797605514526, 0.00547366589307785, 0.004874136298894882, 0.005091659724712372, 0.006220150738954544, 0.006450474262237549, 0.006385385990142822, 0.00638769194483757, 0.006704241037368774, 0.006360899657011032, 0.005350135266780853, 0.006746672093868256, 0.010155778378248215, 0.007237877696752548, 0.005572117865085602, 0.006146524101495743, 0.007170058786869049, 0.008604705333709717, 0.009823516011238098, 0.010895371437072754, 0.01075521856546402, 0.009906824678182602, 0.011132031679153442, 0.01101667806506157, 0.01177923008799553, 0.011576205492019653, 0.01146063581109047, 0.011764705181121826, 0.012269407510757446, 0.008951209485530853, 0.007751677185297012, 0.007619552314281464, 0.008594896644353867, 0.009389132261276245, 0.007997196167707443, 0.008197549730539322, 0.00959012657403946, 0.010539941489696503, 0.013106301426887512, 0.012954887002706528], 'L_grad': [0.03637196123600006, 0.036728374660015106, 0.03492739424109459, 0.03502000495791435, 0.03458957374095917, 0.036623504012823105, 0.04361262172460556, 0.045849040150642395, 0.04308506101369858, 0.03291533514857292, 0.031435396522283554, 0.027608539909124374, 0.027072470635175705, 0.02810577303171158, 0.029048079624772072, 0.028981316834688187, 0.027341634035110474, 0.0275392085313797, 0.02890787646174431, 0.02997507154941559, 0.03136596083641052, 0.03437604755163193, 0.034888315945863724, 0.035305432975292206, 0.035083845257759094, 0.04051963984966278, 0.04180137813091278, 0.03678731992840767, 0.0333041176199913, 0.033131442964076996, 0.03375031799077988, 0.03574646636843681, 0.03863685205578804, 0.04181492328643799, 0.05184115096926689, 0.053378790616989136, 0.04384627565741539, 0.03984710946679115, 0.035679712891578674, 0.03310983255505562, 0.033945709466934204, 0.03444831818342209, 0.033647164702415466, 0.034128714352846146, 0.0331515409052372, 0.03520502895116806, 0.03478967025876045, 0.032472897320985794, 0.03215504065155983, 0.032369524240493774, 0.03188704326748848, 0.03322999179363251, 0.034194011241197586, 0.03357358276844025, 0.032617174088954926, 0.03131626173853874, 0.0301295705139637, 0.03128639608621597, 0.02925960160791874, 0.02892257645726204, 0.028115827590227127, 0.029062770307064056, 0.029297862201929092, 0.028895705938339233, 0.02977139875292778, 0.02938837558031082, 0.030674876645207405, 0.030417609959840775, 0.032568272203207016, 0.03642718121409416, 0.03571203351020813, 0.03700330853462219, 0.03718190640211105, 0.03076765313744545, 0.026615174487233162, 0.028146252036094666, 0.030043862760066986, 0.031611353158950806, 0.03644615039229393, 0.03927290812134743, 0.04006905108690262, 0.039946675300598145, 0.0364542119204998, 0.03176906704902649, 0.03287821635603905, 0.034768667072057724, 0.03519988805055618, 0.03189101815223694, 0.031672749668359756, 0.03371923044323921, 0.033630818128585815, 0.0344088040292263, 0.034482985734939575, 0.03438599035143852, 0.0330362506210804, 0.028937235474586487, 0.03368370234966278, 0.03927477449178696, 0.036182086914777756, 0.0320243202149868, 0.03334512561559677, 0.034297458827495575, 0.035960882902145386, 0.0370192788541317, 0.04066741466522217, 0.041474707424640656, 0.03895600512623787, 0.04158543795347214, 0.041205666959285736, 0.04261093586683273, 0.042192067950963974, 0.04061569646000862, 0.039434678852558136, 0.04036250710487366, 0.031872257590293884, 0.030236877501010895, 0.02997790463268757, 0.03130735456943512, 0.03299888223409653, 0.02928868681192398, 0.03087715618312359, 0.033361226320266724, 0.034965090453624725, 0.038758065551519394, 0.03490205854177475]}
all losses in batch in validation:  {'loss': [0.04808545485138893, 0.04761960357427597, 0.04534486308693886, 0.04563299939036369, 0.045000750571489334, 0.047784291207790375, 0.060878679156303406, 0.05633113160729408, 0.05398033559322357, 0.04067930951714516, 0.038281381130218506, 0.03222215920686722, 0.031964391469955444, 0.03258378058671951, 0.0347980372607708, 0.03478006646037102, 0.03204627335071564, 0.032361097633838654, 0.03432804346084595, 0.035764385014772415, 0.03640203922986984, 0.03938893973827362, 0.041263870894908905, 0.042213596403598785, 0.041939493268728256, 0.04706704616546631, 0.04750968515872955, 0.04318276792764664, 0.03864661976695061, 0.039464835077524185, 0.04036858677864075, 0.04313681647181511, 0.04702475294470787, 0.04968215897679329, 0.06400180608034134, 0.06297168880701065, 0.053507812321186066, 0.05707145482301712, 0.055292561650276184, 0.05222773551940918, 0.04882267490029335, 0.049421850591897964, 0.04988253861665726, 0.051042743027210236, 0.05010008066892624, 0.05261170119047165, 0.0551045723259449, 0.0517088919878006, 0.051558718085289, 0.0509067140519619, 0.050371479243040085, 0.055214203894138336, 0.055260688066482544, 0.05180289223790169, 0.047172434628009796, 0.04175765439867973, 0.03914948180317879, 0.03984743356704712, 0.03815707936882973, 0.036685459315776825, 0.03488215431571007, 0.035408735275268555, 0.03583429753780365, 0.03488347306847572, 0.03622797131538391, 0.036235906183719635, 0.037840791046619415, 0.03743067383766174, 0.03896905109286308, 0.04393116384744644, 0.0438271202147007, 0.04783377796411514, 0.04944594204425812, 0.041672997176647186, 0.035949159413576126, 0.03844347596168518, 0.041579075157642365, 0.043303556740283966, 0.052140336483716965, 0.0571611262857914, 0.05915311723947525, 0.05785072594881058, 0.051102109253406525, 0.04187154397368431, 0.04192056134343147, 0.042781297117471695, 0.04019716754555702, 0.0364634245634079, 0.03698155656456947, 0.03973044827580452, 0.03935304284095764, 0.03961613029241562, 0.041988931596279144, 0.04251047968864441, 0.03879578039050102, 0.03782894089818001, 0.054658193141222, 0.07909530401229858, 0.055200062692165375, 0.04419763386249542, 0.045180726796388626, 0.04605654254555702, 0.04812874272465706, 0.050159603357315063, 0.054520491510629654, 0.056759312748909, 0.053281884640455246, 0.05680513381958008, 0.056367602199316025, 0.059096433222293854, 0.058931246399879456, 0.05493645370006561, 0.05389275401830673, 0.05521465837955475, 0.04268990829586983, 0.0392453595995903, 0.03806949779391289, 0.04416558891534805, 0.04318758100271225, 0.039584480226039886, 0.04108013957738876, 0.04525779187679291, 0.04675363376736641, 0.05128513276576996, 0.04540630057454109], 'L_si': [0.00815759226679802, 0.007801637053489685, 0.007028341293334961, 0.007034715265035629, 0.006957564502954483, 0.007714688777923584, 0.011854611337184906, 0.010397825390100479, 0.010919973254203796, 0.006867367774248123, 0.006505195051431656, 0.004794832319021225, 0.004673264920711517, 0.004714474081993103, 0.00510416179895401, 0.005219463258981705, 0.004592172801494598, 0.004606407135725021, 0.004975594580173492, 0.005129717290401459, 0.005236964672803879, 0.005823221057653427, 0.006352569907903671, 0.006625764071941376, 0.006532501429319382, 0.007489122450351715, 0.007571488618850708, 0.006508968770503998, 0.005380932241678238, 0.005701009184122086, 0.006026960909366608, 0.006826218217611313, 0.007803626358509064, 0.008277859538793564, 0.011154238134622574, 0.010874979197978973, 0.009333547204732895, 0.01339065283536911, 0.011026613414287567, 0.010052494704723358, 0.008441921323537827, 0.008694082498550415, 0.008903928101062775, 0.009167317301034927, 0.008699454367160797, 0.009407203644514084, 0.010259881615638733, 0.009844131767749786, 0.010283056646585464, 0.010054133832454681, 0.010179426521062851, 0.011599533259868622, 0.011589117348194122, 0.010186005383729935, 0.008971106261014938, 0.007074546068906784, 0.006202492862939835, 0.006108559668064117, 0.005863577127456665, 0.005378000438213348, 0.004903111606836319, 0.0049336738884449005, 0.005158141255378723, 0.005129244178533554, 0.005748171359300613, 0.005756549537181854, 0.0061362311244010925, 0.006086535751819611, 0.006542343646287918, 0.007810533046722412, 0.008050158619880676, 0.009788032621145248, 0.01061536930501461, 0.008749667555093765, 0.007397325709462166, 0.008831093087792397, 0.010554494336247444, 0.011592991650104523, 0.014775030314922333, 0.016501162201166153, 0.017434876412153244, 0.016329273581504822, 0.013507140800356865, 0.009644705802202225, 0.007518544793128967, 0.006119664758443832, 0.00562620535492897, 0.0052071064710617065, 0.005497187376022339, 0.006342742592096329, 0.00630917027592659, 0.0062410347163677216, 0.006570398807525635, 0.006923176348209381, 0.006188798695802689, 0.005724798887968063, 0.009968038648366928, 0.018885288387537003, 0.009611956775188446, 0.006958480924367905, 0.007573086768388748, 0.008350212126970291, 0.009619627147912979, 0.010811462998390198, 0.011867236346006393, 0.012117117643356323, 0.01112964004278183, 0.012297473847866058, 0.012255657464265823, 0.013287104666233063, 0.013428930193185806, 0.012488309293985367, 0.012391839176416397, 0.012635990977287292, 0.008940808475017548, 0.007514182478189468, 0.00732060894370079, 0.009235482662916183, 0.009204220026731491, 0.008201152086257935, 0.008478831499814987, 0.009804502129554749, 0.010252695530653, 0.011775251477956772, 0.01108335331082344], 'L_grad': [0.03992786258459091, 0.039817966520786285, 0.0383165217936039, 0.038598284125328064, 0.03804318606853485, 0.04006960242986679, 0.0490240678191185, 0.045933306217193604, 0.043060362339019775, 0.033811941742897034, 0.03177618607878685, 0.027427326887845993, 0.027291124686598778, 0.02786930650472641, 0.029693875461816788, 0.029560603201389313, 0.02745410054922104, 0.027754690498113632, 0.029352448880672455, 0.030634667724370956, 0.031165072694420815, 0.033565718680620193, 0.034911300987005234, 0.03558783233165741, 0.035406991839408875, 0.039577923715114594, 0.039938196539878845, 0.03667379915714264, 0.03326568752527237, 0.0337638258934021, 0.03434162586927414, 0.036310598254203796, 0.03922112658619881, 0.041404299437999725, 0.052847567945718765, 0.05209670960903168, 0.04417426511645317, 0.04368080198764801, 0.04426594823598862, 0.04217524081468582, 0.040380753576755524, 0.04072776809334755, 0.04097861051559448, 0.04187542572617531, 0.04140062630176544, 0.043204497545957565, 0.04484469071030617, 0.04186476022005081, 0.04127566143870354, 0.04085258021950722, 0.040192052721977234, 0.043614670634269714, 0.04367157071828842, 0.04161688685417175, 0.03820132836699486, 0.03468310832977295, 0.03294698894023895, 0.033738873898983, 0.03229350224137306, 0.03130745887756348, 0.02997904270887375, 0.030475061386823654, 0.030676158145070076, 0.02975422888994217, 0.030479801818728447, 0.03047935664653778, 0.03170455992221832, 0.03134413808584213, 0.032426707446575165, 0.03612063080072403, 0.03577696159482002, 0.038045745342969894, 0.03883057460188866, 0.03292332962155342, 0.02855183370411396, 0.029612384736537933, 0.03102458268404007, 0.03171056509017944, 0.03736530616879463, 0.040659964084625244, 0.041718240827322006, 0.041521452367305756, 0.03759497031569481, 0.032226838171482086, 0.034402016550302505, 0.03666163235902786, 0.03457096219062805, 0.03125631809234619, 0.031484369188547134, 0.03338770568370819, 0.03304387256503105, 0.0333750955760479, 0.03541853278875351, 0.03558730334043503, 0.032606981694698334, 0.032104142010211945, 0.04469015449285507, 0.06021001935005188, 0.04558810591697693, 0.03723915293812752, 0.03760764002799988, 0.03770633041858673, 0.03850911557674408, 0.039348140358924866, 0.04265325516462326, 0.04464219510555267, 0.042152244597673416, 0.04450765997171402, 0.0441119447350502, 0.04580932855606079, 0.04550231620669365, 0.042448144406080246, 0.041500914841890335, 0.042578667402267456, 0.03374909982085228, 0.03173117712140083, 0.030748888850212097, 0.03493010625243187, 0.03398336097598076, 0.03138332813978195, 0.032601308077573776, 0.03545328974723816, 0.03650093823671341, 0.03950988128781319, 0.03432294726371765]}
all losses in batch in validation:  {'loss': [0.04145946726202965, 0.0419466458261013, 0.040492087602615356, 0.04059669002890587, 0.04064862057566643, 0.04157334938645363, 0.0499039962887764, 0.05662107840180397, 0.05333429574966431, 0.03987641632556915, 0.03684791922569275, 0.032193414866924286, 0.03156892955303192, 0.032486896961927414, 0.033628880977630615, 0.033685147762298584, 0.03131117671728134, 0.031812019646167755, 0.03431433439254761, 0.035738781094551086, 0.0385846272110939, 0.04105927050113678, 0.040754202753305435, 0.041590914130210876, 0.04113304242491722, 0.04748733341693878, 0.0490213967859745, 0.04451286420226097, 0.0412253737449646, 0.042641472071409225, 0.04153795540332794, 0.043201010674238205, 0.04722286015748978, 0.0507633313536644, 0.0636017918586731, 0.06433159857988358, 0.05366339907050133, 0.055447861552238464, 0.04806244745850563, 0.045104581862688065, 0.04508825019001961, 0.04572301357984543, 0.04474235698580742, 0.046534668654203415, 0.044716011732816696, 0.04630197584629059, 0.045983560383319855, 0.044211216270923615, 0.042957816272974014, 0.043808016926050186, 0.04270937293767929, 0.04561043530702591, 0.04846234619617462, 0.04745285585522652, 0.04547727108001709, 0.04202042892575264, 0.0365963950753212, 0.03775622695684433, 0.035739716142416, 0.03548864647746086, 0.03355896472930908, 0.03427589684724808, 0.034300222992897034, 0.03332403674721718, 0.034819576889276505, 0.03496426343917847, 0.03764476627111435, 0.037357792258262634, 0.0392758809030056, 0.044299378991127014, 0.04359230399131775, 0.04669060930609703, 0.04753733426332474, 0.039649590849876404, 0.034179627895355225, 0.03645388036966324, 0.039934348315000534, 0.04285573214292526, 0.05045246705412865, 0.0545368529856205, 0.05625740811228752, 0.05497867614030838, 0.048848386853933334, 0.04122127592563629, 0.040752753615379333, 0.04285871610045433, 0.040742095559835434, 0.03704700246453285, 0.03765852004289627, 0.040872152894735336, 0.04192464426159859, 0.04257521033287048, 0.0447600856423378, 0.0428578220307827, 0.038937922567129135, 0.03455420956015587, 0.041198402643203735, 0.0511724129319191, 0.04160284250974655, 0.03783198446035385, 0.03830995410680771, 0.03959736227989197, 0.04196369647979736, 0.04455569013953209, 0.04919653385877609, 0.050861239433288574, 0.04892545938491821, 0.05224871635437012, 0.05296152085065842, 0.05505519360303879, 0.054976314306259155, 0.05371212586760521, 0.052150290459394455, 0.05222315341234207, 0.04062672704458237, 0.037444934248924255, 0.03836211562156677, 0.043668948113918304, 0.04313052445650101, 0.037209346890449524, 0.0369383841753006, 0.04066131263971329, 0.044245973229408264, 0.04742417484521866, 0.044524289667606354], 'L_si': [0.00701889768242836, 0.006938416510820389, 0.006569582968950272, 0.0065037645399570465, 0.0066854506731033325, 0.0070511214435100555, 0.008879341185092926, 0.01043820008635521, 0.010357707738876343, 0.006472572684288025, 0.005827747285366058, 0.004613097757101059, 0.004569053649902344, 0.004646953195333481, 0.004795283079147339, 0.004806671291589737, 0.004356354475021362, 0.004429653286933899, 0.0047988444566726685, 0.0049550943076610565, 0.005502834916114807, 0.006090428680181503, 0.006190285086631775, 0.00640685111284256, 0.00623461976647377, 0.007394514977931976, 0.007739756256341934, 0.006593089550733566, 0.005781359970569611, 0.006265055388212204, 0.006199982017278671, 0.006768818944692612, 0.007778361439704895, 0.008431687951087952, 0.01113509014248848, 0.011180661618709564, 0.009119901806116104, 0.013010326772928238, 0.009822838008403778, 0.009274344891309738, 0.008988950401544571, 0.009329959750175476, 0.008929528295993805, 0.009180758148431778, 0.008582916110754013, 0.008955467492341995, 0.009050142019987106, 0.008818544447422028, 0.009073741734027863, 0.009292852133512497, 0.00914761796593666, 0.010089419782161713, 0.011093087494373322, 0.01045752689242363, 0.009824436157941818, 0.007998328655958176, 0.005986582487821579, 0.006045721471309662, 0.005634725093841553, 0.005315005779266357, 0.004676666110754013, 0.00481182336807251, 0.005038917064666748, 0.0050376057624816895, 0.005666658282279968, 0.005685523152351379, 0.0062861330807209015, 0.006293535232543945, 0.006781525909900665, 0.00812903605401516, 0.00823790393769741, 0.009827889502048492, 0.010569153353571892, 0.008538303896784782, 0.007083343341946602, 0.008423332124948502, 0.010096020996570587, 0.011437437497079372, 0.013963489793241024, 0.01540305558592081, 0.0163431279361248, 0.015347292646765709, 0.013003312051296234, 0.00939035601913929, 0.0071526505053043365, 0.006203994154930115, 0.0054583363234996796, 0.00518600270152092, 0.0054662227630615234, 0.006499115377664566, 0.006965823471546173, 0.007001187652349472, 0.007475711405277252, 0.007122281938791275, 0.006284147500991821, 0.005197484046220779, 0.006855906918644905, 0.010519901290535927, 0.006336964666843414, 0.005465259775519371, 0.0055121686309576035, 0.006290296092629433, 0.007509050890803337, 0.00863119587302208, 0.009753117337822914, 0.010043883696198463, 0.009547339752316475, 0.010808102786540985, 0.011097202077507973, 0.01209293119609356, 0.012297488749027252, 0.012107569724321365, 0.011944182217121124, 0.011977525427937508, 0.008817030116915703, 0.0075348131358623505, 0.00780646875500679, 0.009773487225174904, 0.009380165487527847, 0.007747290655970573, 0.007649177685379982, 0.008778508752584457, 0.00963069312274456, 0.010809145867824554, 0.01107441820204258], 'L_grad': [0.03444056957960129, 0.035008229315280914, 0.033922504633665085, 0.03409292548894882, 0.033963169902563095, 0.03452222794294357, 0.04102465510368347, 0.04618287831544876, 0.042976588010787964, 0.03340384364128113, 0.03102017194032669, 0.027580315247178078, 0.026999877765774727, 0.027839943766593933, 0.028833597898483276, 0.028878476470708847, 0.02695482037961483, 0.027382366359233856, 0.02951548993587494, 0.03078368864953518, 0.033081792294979095, 0.034968841820955276, 0.03456391766667366, 0.03518406301736832, 0.03489842265844345, 0.040092818439006805, 0.04128164052963257, 0.037919774651527405, 0.03544401377439499, 0.03637641668319702, 0.03533797338604927, 0.03643219172954559, 0.03944449871778488, 0.04233164340257645, 0.05246669799089432, 0.05315093696117401, 0.04454349726438522, 0.042437534779310226, 0.03823960945010185, 0.035830236971378326, 0.03609929978847504, 0.03639305382966995, 0.035812828689813614, 0.03735391050577164, 0.03613309562206268, 0.03734650835394859, 0.03693341836333275, 0.03539267182350159, 0.03388407453894615, 0.03451516479253769, 0.03356175497174263, 0.0355210155248642, 0.0373692587018013, 0.03699532896280289, 0.03565283492207527, 0.034022100269794464, 0.03060981258749962, 0.03171050548553467, 0.030104991048574448, 0.030173640698194504, 0.02888229861855507, 0.029464073479175568, 0.029261305928230286, 0.02828643098473549, 0.029152918606996536, 0.029278740286827087, 0.03135863319039345, 0.031064258888363838, 0.032494354993104935, 0.036170341074466705, 0.03535439819097519, 0.03686271980404854, 0.036968182772397995, 0.03111128695309162, 0.027096284553408623, 0.028030546382069588, 0.029838327318429947, 0.031418293714523315, 0.03648897632956505, 0.03913379833102226, 0.03991428017616272, 0.03963138163089752, 0.0358450748026371, 0.03183091804385185, 0.033600103110075, 0.036654721945524216, 0.035283759236335754, 0.03186099976301193, 0.03219229727983475, 0.03437303751707077, 0.034958820790052414, 0.03557402268052101, 0.03728437423706055, 0.035735540091991425, 0.032653775066137314, 0.02935672551393509, 0.03434249758720398, 0.04065251350402832, 0.03526587784290314, 0.03236672654747963, 0.032797783613204956, 0.033307064324617386, 0.03445464372634888, 0.03592449426651001, 0.03944341838359833, 0.04081735387444496, 0.03937812149524689, 0.04144061356782913, 0.04186432063579559, 0.04296226054430008, 0.0426788255572319, 0.041604556143283844, 0.04020610824227333, 0.040245626121759415, 0.031809695065021515, 0.029910122975707054, 0.030555646866559982, 0.03389546275138855, 0.03375035896897316, 0.0294620580971241, 0.029289208352565765, 0.03188280388712883, 0.03461528196930885, 0.036615028977394104, 0.03344987332820892]}
all losses in batch in validation:  {'loss': [0.04236328601837158, 0.04237673431634903, 0.041085079312324524, 0.04079736769199371, 0.040310997515916824, 0.042003095149993896, 0.050231412053108215, 0.055253587663173676, 0.052184753119945526, 0.03896554186940193, 0.03720798343420029, 0.03161140903830528, 0.0318298265337944, 0.03297329694032669, 0.033558160066604614, 0.03518300503492355, 0.032353200018405914, 0.03275146335363388, 0.03473991900682449, 0.03597240149974823, 0.037392936646938324, 0.04078179597854614, 0.040913622826337814, 0.041741494089365005, 0.041405074298381805, 0.04628618434071541, 0.04888623207807541, 0.04440755024552345, 0.03965538740158081, 0.040210094302892685, 0.04042661935091019, 0.04267052188515663, 0.04615013673901558, 0.04863885045051575, 0.06409233808517456, 0.06291395425796509, 0.056830741465091705, 0.05707038193941116, 0.045539285987615585, 0.04066621512174606, 0.04087454080581665, 0.04169008135795593, 0.03934188932180405, 0.04070745036005974, 0.03964479640126228, 0.0414932481944561, 0.04331405833363533, 0.040693093091249466, 0.03987976163625717, 0.040689580142498016, 0.04011854901909828, 0.04315841943025589, 0.044976942241191864, 0.04405216872692108, 0.04307590052485466, 0.03973580151796341, 0.03601157292723656, 0.037478771060705185, 0.036252617835998535, 0.03626102954149246, 0.03370537608861923, 0.034214697778224945, 0.03409164026379585, 0.03326975554227829, 0.03428959101438522, 0.03542952239513397, 0.03749904781579971, 0.037241220474243164, 0.03867766261100769, 0.04340239614248276, 0.043035902082920074, 0.045418575406074524, 0.046793729066848755, 0.039311230182647705, 0.033025529235601425, 0.03508932888507843, 0.03806837648153305, 0.0414564311504364, 0.04891237989068031, 0.0532669760286808, 0.055067360401153564, 0.0539863295853138, 0.048271823674440384, 0.04212883859872818, 0.04006558284163475, 0.04148134961724281, 0.03855225071310997, 0.03715367615222931, 0.03747519478201866, 0.040198300033807755, 0.03999520093202591, 0.04016416519880295, 0.04268653690814972, 0.042722009122371674, 0.03903971239924431, 0.034417781978845596, 0.0425330251455307, 0.05561228469014168, 0.04687030613422394, 0.041488487273454666, 0.041859500110149384, 0.04182001203298569, 0.04466526582837105, 0.04683084785938263, 0.050825029611587524, 0.05125122517347336, 0.04958667606115341, 0.05329569801688194, 0.0534328818321228, 0.054957300424575806, 0.05373753607273102, 0.05124113708734512, 0.05047791451215744, 0.05097799748182297, 0.03904072195291519, 0.03424932062625885, 0.03360651805996895, 0.038066692650318146, 0.03759177029132843, 0.03582147881388664, 0.0376187339425087, 0.04024484008550644, 0.04321298003196716, 0.04673796147108078, 0.043381597846746445], 'L_si': [0.0073248278349637985, 0.007102105766534805, 0.006799871101975441, 0.006631098687648773, 0.006660837680101395, 0.007302403450012207, 0.009378321468830109, 0.010300327092409134, 0.010362513363361359, 0.006396688520908356, 0.006104867905378342, 0.004680447280406952, 0.004582609981298447, 0.004729077219963074, 0.0047244057059288025, 0.005058888345956802, 0.00463663786649704, 0.004692982882261276, 0.004949729889631271, 0.005046818405389786, 0.005345392972230911, 0.005970031023025513, 0.0062221623957157135, 0.006432723253965378, 0.006303902715444565, 0.007103286683559418, 0.007525600492954254, 0.00668252632021904, 0.00551295280456543, 0.005831539630889893, 0.006019413471221924, 0.006629288196563721, 0.0073317959904670715, 0.007902294397354126, 0.011487439274787903, 0.010793209075927734, 0.010179664939641953, 0.01323498785495758, 0.009294096380472183, 0.007925193756818771, 0.007584173232316971, 0.0077812448143959045, 0.006936468183994293, 0.007078271359205246, 0.006876453757286072, 0.007337450981140137, 0.007900182157754898, 0.007697839289903641, 0.007874611765146255, 0.008184656500816345, 0.008184980601072311, 0.009150613099336624, 0.009815879166126251, 0.009226463735103607, 0.00899755209684372, 0.007385276257991791, 0.006185863167047501, 0.0063233524560928345, 0.006047047674655914, 0.005795091390609741, 0.004979874938726425, 0.005006387829780579, 0.005161210894584656, 0.005190230906009674, 0.005688149482011795, 0.005870800465345383, 0.006348278373479843, 0.00627986341714859, 0.006659490987658501, 0.0078844353556633, 0.008011117577552795, 0.009312918409705162, 0.010069938376545906, 0.008276574313640594, 0.006631065160036087, 0.007726436480879784, 0.009284119121730328, 0.010777628049254417, 0.013381353579461575, 0.014763828366994858, 0.015616952441632748, 0.014511738903820515, 0.012075044214725494, 0.009036621078848839, 0.006861459463834763, 0.005767438560724258, 0.004996895790100098, 0.004958033561706543, 0.005137987434864044, 0.005969692021608353, 0.006154973059892654, 0.006120089441537857, 0.006648052483797073, 0.006991170346736908, 0.006306145340204239, 0.005265086889266968, 0.007438637316226959, 0.012488819658756256, 0.008554898202419281, 0.006762731820344925, 0.007024126127362251, 0.007378885522484779, 0.008621688932180405, 0.009455308318138123, 0.010319257155060768, 0.01025889627635479, 0.00967981107532978, 0.01095069944858551, 0.011154735460877419, 0.011629672721028328, 0.011695118620991707, 0.011095689609646797, 0.011261407285928726, 0.011481326073408127, 0.008219096809625626, 0.0064109917730093, 0.006382826715707779, 0.00790780782699585, 0.007938753813505173, 0.007331695407629013, 0.00773952342569828, 0.00879284180700779, 0.009549103677272797, 0.010448198765516281, 0.010850712656974792], 'L_grad': [0.035038456320762634, 0.035274628549814224, 0.03428521007299423, 0.03416626900434494, 0.03365015983581543, 0.03470069169998169, 0.04085309058427811, 0.04495326057076454, 0.04182223975658417, 0.032568853348493576, 0.031103117391467094, 0.02693096175789833, 0.027247216552495956, 0.028244219720363617, 0.028833752498030663, 0.030124114826321602, 0.027716562151908875, 0.028058480471372604, 0.029790187254548073, 0.030925583094358444, 0.03204754367470741, 0.03481176495552063, 0.0346914604306221, 0.03530877083539963, 0.03510117158293724, 0.03918289765715599, 0.041360631585121155, 0.03772502392530441, 0.03414243459701538, 0.03437855467200279, 0.03440720587968826, 0.03604123368859291, 0.03881834074854851, 0.04073655605316162, 0.05260489508509636, 0.052120745182037354, 0.04665107652544975, 0.04383539408445358, 0.0362451896071434, 0.03274102136492729, 0.03329036757349968, 0.03390883654356003, 0.03240542113780975, 0.03362917900085449, 0.03276834264397621, 0.034155797213315964, 0.03541387617588043, 0.032995253801345825, 0.032005149871110916, 0.03250492364168167, 0.03193356841802597, 0.034007806330919266, 0.03516106307506561, 0.034825704991817474, 0.03407834842801094, 0.03235052525997162, 0.029825709760189056, 0.03115541860461235, 0.03020556829869747, 0.03046593815088272, 0.028725501149892807, 0.029208309948444366, 0.028930429369211197, 0.028079524636268616, 0.02860144153237343, 0.02955872192978859, 0.03115076944231987, 0.030961357057094574, 0.03201816976070404, 0.03551796078681946, 0.03502478450536728, 0.03610565885901451, 0.036723792552948, 0.03103465586900711, 0.026394464075565338, 0.027362890541553497, 0.028784258291125298, 0.030678801238536835, 0.035531025379896164, 0.038503147661685944, 0.03945040702819824, 0.03947459161281586, 0.03619677945971489, 0.03309221565723419, 0.03320412337779999, 0.035713911056518555, 0.03355535492300987, 0.032195642590522766, 0.03233720734715462, 0.0342286080121994, 0.033840227872133255, 0.03404407575726509, 0.036038484424352646, 0.035730838775634766, 0.03273356705904007, 0.02915269508957863, 0.03509438782930374, 0.04312346503138542, 0.03831540793180466, 0.03472575545310974, 0.03483537212014198, 0.03444112464785576, 0.03604357689619064, 0.03737553954124451, 0.040505774319171906, 0.04099232703447342, 0.03990686312317848, 0.04234499856829643, 0.04227814823389053, 0.04332762956619263, 0.04204241931438446, 0.040145449340343475, 0.039216507226228714, 0.03949667140841484, 0.030821625143289566, 0.0278383307158947, 0.02722369134426117, 0.030158884823322296, 0.029653016477823257, 0.02848978340625763, 0.029879210516810417, 0.0314519964158535, 0.033663876354694366, 0.0362897627055645, 0.03253088518977165]}
