Setting up Multi Scale Gradient loss...
Done
Path s2d_checkpoints/train_s2d_SpikeTransformer_rtx5090_20260305 already exists, auto-switching run name to train_s2d_SpikeTransformer_rtx5090_20260305_20260305_104347
Found 5 samples in /root/shared-nvme/spikemamba/DENSE-spike/DENSE/train
Found 1 samples in /root/shared-nvme/spikemamba/DENSE-spike/DENSE/validation
-----  [3, 6, 12]
Trainable parameters: 18105985
S2DepthTransformerUNetConv(
  (encoder): LongSpikeStreamEncoderConv(
    (backbone): Mamba3DEncoder(
      (patch_embed): Conv3d(1, 96, kernel_size=(32, 2, 2), stride=(32, 2, 2))
      (stages): ModuleList(
        (0): MambaStage(
          (blocks): Sequential(
            (0): ST_Mamba_Block(
              (norm1): LayerNorm((96,), eps=1e-05, elementwise_affine=True)
              (mamba): Mamba(
                (proj_in): Linear(in_features=96, out_features=96, bias=True)
                (act): GELU(approximate='none')
                (proj_out): Linear(in_features=96, out_features=96, bias=True)
              )
              (norm2): LayerNorm((96,), eps=1e-05, elementwise_affine=True)
              (mlp): Sequential(
                (0): Linear(in_features=96, out_features=384, bias=True)
                (1): GELU(approximate='none')
                (2): Linear(in_features=384, out_features=96, bias=True)
              )
            )
            (1): ST_Mamba_Block(
              (norm1): LayerNorm((96,), eps=1e-05, elementwise_affine=True)
              (mamba): Mamba(
                (proj_in): Linear(in_features=96, out_features=96, bias=True)
                (act): GELU(approximate='none')
                (proj_out): Linear(in_features=96, out_features=96, bias=True)
              )
              (norm2): LayerNorm((96,), eps=1e-05, elementwise_affine=True)
              (mlp): Sequential(
                (0): Linear(in_features=96, out_features=384, bias=True)
                (1): GELU(approximate='none')
                (2): Linear(in_features=384, out_features=96, bias=True)
              )
            )
          )
        )
        (1): MambaStage(
          (blocks): Sequential(
            (0): ST_Mamba_Block(
              (norm1): LayerNorm((192,), eps=1e-05, elementwise_affine=True)
              (mamba): Mamba(
                (proj_in): Linear(in_features=192, out_features=192, bias=True)
                (act): GELU(approximate='none')
                (proj_out): Linear(in_features=192, out_features=192, bias=True)
              )
              (norm2): LayerNorm((192,), eps=1e-05, elementwise_affine=True)
              (mlp): Sequential(
                (0): Linear(in_features=192, out_features=768, bias=True)
                (1): GELU(approximate='none')
                (2): Linear(in_features=768, out_features=192, bias=True)
              )
            )
            (1): ST_Mamba_Block(
              (norm1): LayerNorm((192,), eps=1e-05, elementwise_affine=True)
              (mamba): Mamba(
                (proj_in): Linear(in_features=192, out_features=192, bias=True)
                (act): GELU(approximate='none')
                (proj_out): Linear(in_features=192, out_features=192, bias=True)
              )
              (norm2): LayerNorm((192,), eps=1e-05, elementwise_affine=True)
              (mlp): Sequential(
                (0): Linear(in_features=192, out_features=768, bias=True)
                (1): GELU(approximate='none')
                (2): Linear(in_features=768, out_features=192, bias=True)
              )
            )
          )
        )
        (2): MambaStage(
          (blocks): Sequential(
            (0): ST_Mamba_Block(
              (norm1): LayerNorm((384,), eps=1e-05, elementwise_affine=True)
              (mamba): Mamba(
                (proj_in): Linear(in_features=384, out_features=384, bias=True)
                (act): GELU(approximate='none')
                (proj_out): Linear(in_features=384, out_features=384, bias=True)
              )
              (norm2): LayerNorm((384,), eps=1e-05, elementwise_affine=True)
              (mlp): Sequential(
                (0): Linear(in_features=384, out_features=1536, bias=True)
                (1): GELU(approximate='none')
                (2): Linear(in_features=1536, out_features=384, bias=True)
              )
            )
            (1): ST_Mamba_Block(
              (norm1): LayerNorm((384,), eps=1e-05, elementwise_affine=True)
              (mamba): Mamba(
                (proj_in): Linear(in_features=384, out_features=384, bias=True)
                (act): GELU(approximate='none')
                (proj_out): Linear(in_features=384, out_features=384, bias=True)
              )
              (norm2): LayerNorm((384,), eps=1e-05, elementwise_affine=True)
              (mlp): Sequential(
                (0): Linear(in_features=384, out_features=1536, bias=True)
                (1): GELU(approximate='none')
                (2): Linear(in_features=1536, out_features=384, bias=True)
              )
            )
            (2): ST_Mamba_Block(
              (norm1): LayerNorm((384,), eps=1e-05, elementwise_affine=True)
              (mamba): Mamba(
                (proj_in): Linear(in_features=384, out_features=384, bias=True)
                (act): GELU(approximate='none')
                (proj_out): Linear(in_features=384, out_features=384, bias=True)
              )
              (norm2): LayerNorm((384,), eps=1e-05, elementwise_affine=True)
              (mlp): Sequential(
                (0): Linear(in_features=384, out_features=1536, bias=True)
                (1): GELU(approximate='none')
                (2): Linear(in_features=1536, out_features=384, bias=True)
              )
            )
            (3): ST_Mamba_Block(
              (norm1): LayerNorm((384,), eps=1e-05, elementwise_affine=True)
              (mamba): Mamba(
                (proj_in): Linear(in_features=384, out_features=384, bias=True)
                (act): GELU(approximate='none')
                (proj_out): Linear(in_features=384, out_features=384, bias=True)
              )
              (norm2): LayerNorm((384,), eps=1e-05, elementwise_affine=True)
              (mlp): Sequential(
                (0): Linear(in_features=384, out_features=1536, bias=True)
                (1): GELU(approximate='none')
                (2): Linear(in_features=1536, out_features=384, bias=True)
              )
            )
            (4): ST_Mamba_Block(
              (norm1): LayerNorm((384,), eps=1e-05, elementwise_affine=True)
              (mamba): Mamba(
                (proj_in): Linear(in_features=384, out_features=384, bias=True)
                (act): GELU(approximate='none')
                (proj_out): Linear(in_features=384, out_features=384, bias=True)
              )
              (norm2): LayerNorm((384,), eps=1e-05, elementwise_affine=True)
              (mlp): Sequential(
                (0): Linear(in_features=384, out_features=1536, bias=True)
                (1): GELU(approximate='none')
                (2): Linear(in_features=1536, out_features=384, bias=True)
              )
            )
            (5): ST_Mamba_Block(
              (norm1): LayerNorm((384,), eps=1e-05, elementwise_affine=True)
              (mamba): Mamba(
                (proj_in): Linear(in_features=384, out_features=384, bias=True)
                (act): GELU(approximate='none')
                (proj_out): Linear(in_features=384, out_features=384, bias=True)
              )
              (norm2): LayerNorm((384,), eps=1e-05, elementwise_affine=True)
              (mlp): Sequential(
                (0): Linear(in_features=384, out_features=1536, bias=True)
                (1): GELU(approximate='none')
                (2): Linear(in_features=1536, out_features=384, bias=True)
              )
            )
          )
        )
      )
      (downsamples): ModuleList(
        (0): Conv3d(96, 192, kernel_size=(1, 2, 2), stride=(1, 2, 2))
        (1): Conv3d(192, 384, kernel_size=(1, 2, 2), stride=(1, 2, 2))
      )
    )
    (conv_layers): ModuleList(
      (0): ModuleList(
        (0-3): 4 x Conv2d(96, 24, kernel_size=(1, 1), stride=(1, 1))
      )
      (1): ModuleList(
        (0-3): 4 x Conv2d(192, 48, kernel_size=(1, 1), stride=(1, 1))
      )
      (2): ModuleList(
        (0-3): 4 x Conv2d(384, 96, kernel_size=(1, 1), stride=(1, 1))
      )
    )
  )
  (resblocks): ModuleList(
    (0-1): 2 x ResidualBlock(
      (conv1): Conv2d(384, 384, kernel_size=(3, 3), stride=(1, 1), padding=(1, 1))
      (relu): ReLU()
      (conv2): Conv2d(384, 384, kernel_size=(3, 3), stride=(1, 1), padding=(1, 1))
    )
  )
  (decoders): ModuleList(
    (0): UpsampleConvLayer(
      (conv2d): Conv2d(384, 192, kernel_size=(5, 5), stride=(1, 1), padding=(2, 2))
    )
    (1): UpsampleConvLayer(
      (conv2d): Conv2d(192, 96, kernel_size=(5, 5), stride=(1, 1), padding=(2, 2))
    )
    (2): UpsampleConvLayer(
      (conv2d): Conv2d(96, 48, kernel_size=(5, 5), stride=(1, 1), padding=(2, 2))
    )
  )
  (pred): ConvLayer(
    (conv2d): Conv2d(48, 1, kernel_size=(1, 1), stride=(1, 1))
  )
)
Model Initialized
Using scale_invariant_loss with config {'weight': 1.0, 'n_lambda': 1.0}
Will not use phased architecture
Using Multi Scale Gradient loss with weight=0.25
Will not use MSE loss
Train Epoch: 1 [0/4995 (0%)] loss: 0.1682 L_si: 0.1628 L_grad: 0.0054 
Train Epoch: 1 [1/4995 (0%)] loss: 0.0825 L_si: 0.0749 L_grad: 0.0076 
Train Epoch: 1 [2/4995 (0%)] loss: 0.0269 L_si: 0.0186 L_grad: 0.0083 
Train Epoch: 1 [3/4995 (0%)] loss: 0.0796 L_si: 0.0720 L_grad: 0.0076 
Train Epoch: 1 [4/4995 (0%)] loss: 0.0088 L_si: 0.0047 L_grad: 0.0042 
Train Epoch: 1 [5/4995 (0%)] loss: 0.0180 L_si: 0.0119 L_grad: 0.0061 
Train Epoch: 1 [6/4995 (0%)] loss: 0.0033 L_si: 0.0013 L_grad: 0.0021 
Train Epoch: 1 [7/4995 (0%)] loss: 0.0257 L_si: 0.0176 L_grad: 0.0080 
Train Epoch: 1 [8/4995 (0%)] loss: 0.0248 L_si: 0.0186 L_grad: 0.0062 
Train Epoch: 1 [9/4995 (0%)] loss: 0.0095 L_si: 0.0056 L_grad: 0.0039 
Train Epoch: 1 [10/4995 (0%)] loss: 0.0091 L_si: 0.0053 L_grad: 0.0038 
Train Epoch: 1 [11/4995 (0%)] loss: 0.0113 L_si: 0.0072 L_grad: 0.0040 
Train Epoch: 1 [12/4995 (0%)] loss: 0.0064 L_si: 0.0035 L_grad: 0.0029 
Train Epoch: 1 [13/4995 (0%)] loss: 0.0088 L_si: 0.0049 L_grad: 0.0039 
Train Epoch: 1 [14/4995 (0%)] loss: 0.0047 L_si: 0.0025 L_grad: 0.0023 
Train Epoch: 1 [15/4995 (0%)] loss: 0.0066 L_si: 0.0039 L_grad: 0.0027 
Train Epoch: 1 [16/4995 (0%)] loss: 0.0070 L_si: 0.0038 L_grad: 0.0033 
Train Epoch: 1 [17/4995 (0%)] loss: 0.0158 L_si: 0.0099 L_grad: 0.0058 
Train Epoch: 1 [18/4995 (0%)] loss: 0.0044 L_si: 0.0023 L_grad: 0.0021 
Train Epoch: 1 [19/4995 (0%)] loss: 0.0062 L_si: 0.0038 L_grad: 0.0024 
Train Epoch: 1 [20/4995 (0%)] loss: 0.0081 L_si: 0.0046 L_grad: 0.0035 
Train Epoch: 1 [21/4995 (0%)] loss: 0.0038 L_si: 0.0018 L_grad: 0.0020 
Train Epoch: 1 [22/4995 (0%)] loss: 0.0029 L_si: 0.0012 L_grad: 0.0017 
Train Epoch: 1 [23/4995 (0%)] loss: 0.0027 L_si: 0.0011 L_grad: 0.0016 
Train Epoch: 1 [24/4995 (0%)] loss: 0.0036 L_si: 0.0018 L_grad: 0.0018 
Train Epoch: 1 [25/4995 (1%)] loss: 0.0030 L_si: 0.0014 L_grad: 0.0016 
Train Epoch: 1 [26/4995 (1%)] loss: 0.0044 L_si: 0.0023 L_grad: 0.0021 
Train Epoch: 1 [27/4995 (1%)] loss: 0.0029 L_si: 0.0013 L_grad: 0.0015 
Train Epoch: 1 [28/4995 (1%)] loss: 0.0025 L_si: 0.0011 L_grad: 0.0014 
Train Epoch: 1 [29/4995 (1%)] loss: 0.0108 L_si: 0.0065 L_grad: 0.0043 
Train Epoch: 1 [30/4995 (1%)] loss: 0.0033 L_si: 0.0016 L_grad: 0.0018 
Train Epoch: 1 [31/4995 (1%)] loss: 0.0026 L_si: 0.0011 L_grad: 0.0015 
Train Epoch: 1 [32/4995 (1%)] loss: 0.0048 L_si: 0.0027 L_grad: 0.0021 
Train Epoch: 1 [33/4995 (1%)] loss: 0.0044 L_si: 0.0025 L_grad: 0.0019 
Train Epoch: 1 [34/4995 (1%)] loss: 0.0027 L_si: 0.0013 L_grad: 0.0013 
Train Epoch: 1 [35/4995 (1%)] loss: 0.0014 L_si: 0.0004 L_grad: 0.0010 
Train Epoch: 1 [36/4995 (1%)] loss: 0.0028 L_si: 0.0014 L_grad: 0.0014 
Train Epoch: 1 [37/4995 (1%)] loss: 0.0037 L_si: 0.0019 L_grad: 0.0019 
Train Epoch: 1 [38/4995 (1%)] loss: 0.0030 L_si: 0.0012 L_grad: 0.0018 
Train Epoch: 1 [39/4995 (1%)] loss: 0.0062 L_si: 0.0035 L_grad: 0.0027 
Train Epoch: 1 [40/4995 (1%)] loss: 0.0050 L_si: 0.0030 L_grad: 0.0020 
Train Epoch: 1 [41/4995 (1%)] loss: 0.0056 L_si: 0.0028 L_grad: 0.0028 
Train Epoch: 1 [42/4995 (1%)] loss: 0.0008 L_si: 0.0002 L_grad: 0.0006 
Train Epoch: 1 [43/4995 (1%)] loss: 0.0009 L_si: 0.0002 L_grad: 0.0007 
Train Epoch: 1 [44/4995 (1%)] loss: 0.0037 L_si: 0.0018 L_grad: 0.0019 
Train Epoch: 1 [45/4995 (1%)] loss: 0.0021 L_si: 0.0008 L_grad: 0.0013 
Train Epoch: 1 [46/4995 (1%)] loss: 0.0026 L_si: 0.0012 L_grad: 0.0014 
Train Epoch: 1 [47/4995 (1%)] loss: 0.0037 L_si: 0.0019 L_grad: 0.0017 
Train Epoch: 1 [48/4995 (1%)] loss: 0.0023 L_si: 0.0009 L_grad: 0.0014 
Train Epoch: 1 [49/4995 (1%)] loss: 0.0040 L_si: 0.0022 L_grad: 0.0019 
Train Epoch: 1 [50/4995 (1%)] loss: 0.0040 L_si: 0.0021 L_grad: 0.0019 
Train Epoch: 1 [51/4995 (1%)] loss: 0.0028 L_si: 0.0013 L_grad: 0.0015 
Train Epoch: 1 [52/4995 (1%)] loss: 0.0021 L_si: 0.0009 L_grad: 0.0012 
Train Epoch: 1 [53/4995 (1%)] loss: 0.0027 L_si: 0.0014 L_grad: 0.0013 
Train Epoch: 1 [54/4995 (1%)] loss: 0.0028 L_si: 0.0014 L_grad: 0.0015 
Train Epoch: 1 [55/4995 (1%)] loss: 0.0030 L_si: 0.0015 L_grad: 0.0015 
Train Epoch: 1 [56/4995 (1%)] loss: 0.0039 L_si: 0.0023 L_grad: 0.0017 
Train Epoch: 1 [57/4995 (1%)] loss: 0.0034 L_si: 0.0019 L_grad: 0.0015 
Train Epoch: 1 [58/4995 (1%)] loss: 0.0021 L_si: 0.0008 L_grad: 0.0012 
Train Epoch: 1 [59/4995 (1%)] loss: 0.0022 L_si: 0.0010 L_grad: 0.0012 
Train Epoch: 1 [60/4995 (1%)] loss: 0.0027 L_si: 0.0013 L_grad: 0.0013 
Train Epoch: 1 [61/4995 (1%)] loss: 0.0016 L_si: 0.0006 L_grad: 0.0009 
Train Epoch: 1 [62/4995 (1%)] loss: 0.0017 L_si: 0.0008 L_grad: 0.0009 
Train Epoch: 1 [63/4995 (1%)] loss: 0.0028 L_si: 0.0015 L_grad: 0.0012 
Train Epoch: 1 [64/4995 (1%)] loss: 0.0024 L_si: 0.0011 L_grad: 0.0013 
Train Epoch: 1 [65/4995 (1%)] loss: 0.0023 L_si: 0.0011 L_grad: 0.0013 
Train Epoch: 1 [66/4995 (1%)] loss: 0.0061 L_si: 0.0035 L_grad: 0.0026 
Train Epoch: 1 [67/4995 (1%)] loss: 0.0068 L_si: 0.0039 L_grad: 0.0028 
Train Epoch: 1 [68/4995 (1%)] loss: 0.0022 L_si: 0.0010 L_grad: 0.0012 
Train Epoch: 1 [69/4995 (1%)] loss: 0.0015 L_si: 0.0006 L_grad: 0.0009 
Train Epoch: 1 [70/4995 (1%)] loss: 0.0030 L_si: 0.0016 L_grad: 0.0014 
Train Epoch: 1 [71/4995 (1%)] loss: 0.0027 L_si: 0.0015 L_grad: 0.0012 
Train Epoch: 1 [72/4995 (1%)] loss: 0.0050 L_si: 0.0029 L_grad: 0.0021 
Train Epoch: 1 [73/4995 (1%)] loss: 0.0041 L_si: 0.0025 L_grad: 0.0017 
Train Epoch: 1 [74/4995 (1%)] loss: 0.0023 L_si: 0.0011 L_grad: 0.0011 
Train Epoch: 1 [75/4995 (2%)] loss: 0.0016 L_si: 0.0007 L_grad: 0.0009 
Train Epoch: 1 [76/4995 (2%)] loss: 0.0053 L_si: 0.0029 L_grad: 0.0024 
Train Epoch: 1 [77/4995 (2%)] loss: 0.0018 L_si: 0.0008 L_grad: 0.0010 
Train Epoch: 1 [78/4995 (2%)] loss: 0.0007 L_si: 0.0002 L_grad: 0.0006 
Train Epoch: 1 [79/4995 (2%)] loss: 0.0042 L_si: 0.0022 L_grad: 0.0020 
Train Epoch: 1 [80/4995 (2%)] loss: 0.0031 L_si: 0.0016 L_grad: 0.0015 
Train Epoch: 1 [81/4995 (2%)] loss: 0.0034 L_si: 0.0019 L_grad: 0.0016 
Train Epoch: 1 [82/4995 (2%)] loss: 0.0046 L_si: 0.0029 L_grad: 0.0017 
Train Epoch: 1 [83/4995 (2%)] loss: 0.0034 L_si: 0.0019 L_grad: 0.0015 
Train Epoch: 1 [84/4995 (2%)] loss: 0.0016 L_si: 0.0007 L_grad: 0.0009 
Train Epoch: 1 [85/4995 (2%)] loss: 0.0032 L_si: 0.0018 L_grad: 0.0015 
Train Epoch: 1 [86/4995 (2%)] loss: 0.0024 L_si: 0.0012 L_grad: 0.0012 
Train Epoch: 1 [87/4995 (2%)] loss: 0.0025 L_si: 0.0014 L_grad: 0.0011 
Train Epoch: 1 [88/4995 (2%)] loss: 0.0031 L_si: 0.0016 L_grad: 0.0014 
Train Epoch: 1 [89/4995 (2%)] loss: 0.0013 L_si: 0.0005 L_grad: 0.0007 
Train Epoch: 1 [90/4995 (2%)] loss: 0.0027 L_si: 0.0015 L_grad: 0.0012 
Train Epoch: 1 [91/4995 (2%)] loss: 0.0039 L_si: 0.0024 L_grad: 0.0015 
Train Epoch: 1 [92/4995 (2%)] loss: 0.0018 L_si: 0.0008 L_grad: 0.0010 
Train Epoch: 1 [93/4995 (2%)] loss: 0.0028 L_si: 0.0014 L_grad: 0.0014 
Train Epoch: 1 [94/4995 (2%)] loss: 0.0056 L_si: 0.0032 L_grad: 0.0024 
Train Epoch: 1 [95/4995 (2%)] loss: 0.0029 L_si: 0.0017 L_grad: 0.0012 
Train Epoch: 1 [96/4995 (2%)] loss: 0.0032 L_si: 0.0016 L_grad: 0.0016 
Train Epoch: 1 [97/4995 (2%)] loss: 0.0022 L_si: 0.0011 L_grad: 0.0011 
Train Epoch: 1 [98/4995 (2%)] loss: 0.0024 L_si: 0.0012 L_grad: 0.0012 
Train Epoch: 1 [99/4995 (2%)] loss: 0.0028 L_si: 0.0015 L_grad: 0.0013 
Train Epoch: 1 [100/4995 (2%)] loss: 0.0046 L_si: 0.0027 L_grad: 0.0019 
Train Epoch: 1 [101/4995 (2%)] loss: 0.0016 L_si: 0.0007 L_grad: 0.0009 
Train Epoch: 1 [102/4995 (2%)] loss: 0.0041 L_si: 0.0021 L_grad: 0.0020 
Train Epoch: 1 [103/4995 (2%)] loss: 0.0030 L_si: 0.0018 L_grad: 0.0012 
Train Epoch: 1 [104/4995 (2%)] loss: 0.0024 L_si: 0.0012 L_grad: 0.0012 
Train Epoch: 1 [105/4995 (2%)] loss: 0.0015 L_si: 0.0006 L_grad: 0.0009 
Train Epoch: 1 [106/4995 (2%)] loss: 0.0033 L_si: 0.0018 L_grad: 0.0014 
Train Epoch: 1 [107/4995 (2%)] loss: 0.0023 L_si: 0.0012 L_grad: 0.0012 
Train Epoch: 1 [108/4995 (2%)] loss: 0.0018 L_si: 0.0008 L_grad: 0.0010 
Train Epoch: 1 [109/4995 (2%)] loss: 0.0021 L_si: 0.0011 L_grad: 0.0011 
Train Epoch: 1 [110/4995 (2%)] loss: 0.0020 L_si: 0.0010 L_grad: 0.0010 
Train Epoch: 1 [111/4995 (2%)] loss: 0.0005 L_si: 0.0001 L_grad: 0.0004 
Train Epoch: 1 [112/4995 (2%)] loss: 0.0037 L_si: 0.0020 L_grad: 0.0016 
Train Epoch: 1 [113/4995 (2%)] loss: 0.0053 L_si: 0.0028 L_grad: 0.0025 
Train Epoch: 1 [114/4995 (2%)] loss: 0.0015 L_si: 0.0006 L_grad: 0.0008 
Train Epoch: 1 [115/4995 (2%)] loss: 0.0014 L_si: 0.0007 L_grad: 0.0008 
Train Epoch: 1 [116/4995 (2%)] loss: 0.0045 L_si: 0.0026 L_grad: 0.0020 
Train Epoch: 1 [117/4995 (2%)] loss: 0.0025 L_si: 0.0013 L_grad: 0.0012 
Train Epoch: 1 [118/4995 (2%)] loss: 0.0016 L_si: 0.0007 L_grad: 0.0009 
Train Epoch: 1 [119/4995 (2%)] loss: 0.0026 L_si: 0.0014 L_grad: 0.0012 
Train Epoch: 1 [120/4995 (2%)] loss: 0.0033 L_si: 0.0018 L_grad: 0.0015 
Train Epoch: 1 [121/4995 (2%)] loss: 0.0019 L_si: 0.0009 L_grad: 0.0010 
Train Epoch: 1 [122/4995 (2%)] loss: 0.0018 L_si: 0.0009 L_grad: 0.0009 
Train Epoch: 1 [123/4995 (2%)] loss: 0.0023 L_si: 0.0012 L_grad: 0.0011 
Train Epoch: 1 [124/4995 (2%)] loss: 0.0029 L_si: 0.0015 L_grad: 0.0014 
Train Epoch: 1 [125/4995 (3%)] loss: 0.0016 L_si: 0.0007 L_grad: 0.0009 
Train Epoch: 1 [126/4995 (3%)] loss: 0.0022 L_si: 0.0011 L_grad: 0.0011 
Train Epoch: 1 [127/4995 (3%)] loss: 0.0011 L_si: 0.0004 L_grad: 0.0007 
Train Epoch: 1 [128/4995 (3%)] loss: 0.0025 L_si: 0.0012 L_grad: 0.0012 
Train Epoch: 1 [129/4995 (3%)] loss: 0.0014 L_si: 0.0006 L_grad: 0.0008 
Train Epoch: 1 [130/4995 (3%)] loss: 0.0026 L_si: 0.0014 L_grad: 0.0012 
Train Epoch: 1 [131/4995 (3%)] loss: 0.0021 L_si: 0.0010 L_grad: 0.0011 
Train Epoch: 1 [132/4995 (3%)] loss: 0.0026 L_si: 0.0014 L_grad: 0.0012 
Train Epoch: 1 [133/4995 (3%)] loss: 0.0015 L_si: 0.0006 L_grad: 0.0008 
Train Epoch: 1 [134/4995 (3%)] loss: 0.0031 L_si: 0.0018 L_grad: 0.0013 
Train Epoch: 1 [135/4995 (3%)] loss: 0.0040 L_si: 0.0025 L_grad: 0.0015 
Train Epoch: 1 [136/4995 (3%)] loss: 0.0040 L_si: 0.0024 L_grad: 0.0017 
Train Epoch: 1 [137/4995 (3%)] loss: 0.0026 L_si: 0.0015 L_grad: 0.0011 
Train Epoch: 1 [138/4995 (3%)] loss: 0.0018 L_si: 0.0009 L_grad: 0.0009 
Train Epoch: 1 [139/4995 (3%)] loss: 0.0036 L_si: 0.0018 L_grad: 0.0018 
Train Epoch: 1 [140/4995 (3%)] loss: 0.0021 L_si: 0.0011 L_grad: 0.0010 
Train Epoch: 1 [141/4995 (3%)] loss: 0.0033 L_si: 0.0019 L_grad: 0.0015 
Train Epoch: 1 [142/4995 (3%)] loss: 0.0037 L_si: 0.0021 L_grad: 0.0016 
Train Epoch: 1 [143/4995 (3%)] loss: 0.0034 L_si: 0.0020 L_grad: 0.0013 
Train Epoch: 1 [144/4995 (3%)] loss: 0.0019 L_si: 0.0010 L_grad: 0.0009 
Train Epoch: 1 [145/4995 (3%)] loss: 0.0003 L_si: 0.0000 L_grad: 0.0003 
Train Epoch: 1 [146/4995 (3%)] loss: 0.0027 L_si: 0.0016 L_grad: 0.0011 
Train Epoch: 1 [147/4995 (3%)] loss: 0.0010 L_si: 0.0003 L_grad: 0.0006 
Train Epoch: 1 [148/4995 (3%)] loss: 0.0015 L_si: 0.0007 L_grad: 0.0009 
Train Epoch: 1 [149/4995 (3%)] loss: 0.0031 L_si: 0.0019 L_grad: 0.0013 
Train Epoch: 1 [150/4995 (3%)] loss: 0.0032 L_si: 0.0018 L_grad: 0.0014 
Train Epoch: 1 [151/4995 (3%)] loss: 0.0018 L_si: 0.0008 L_grad: 0.0010 
Train Epoch: 1 [152/4995 (3%)] loss: 0.0045 L_si: 0.0026 L_grad: 0.0019 
Train Epoch: 1 [153/4995 (3%)] loss: 0.0029 L_si: 0.0016 L_grad: 0.0013 
Train Epoch: 1 [154/4995 (3%)] loss: 0.0011 L_si: 0.0004 L_grad: 0.0007 
Train Epoch: 1 [155/4995 (3%)] loss: 0.0029 L_si: 0.0018 L_grad: 0.0011 
Train Epoch: 1 [156/4995 (3%)] loss: 0.0027 L_si: 0.0015 L_grad: 0.0012 
Train Epoch: 1 [157/4995 (3%)] loss: 0.0013 L_si: 0.0006 L_grad: 0.0007 
Train Epoch: 1 [158/4995 (3%)] loss: 0.0020 L_si: 0.0010 L_grad: 0.0010 
Train Epoch: 1 [159/4995 (3%)] loss: 0.0028 L_si: 0.0016 L_grad: 0.0012 
Train Epoch: 1 [160/4995 (3%)] loss: 0.0026 L_si: 0.0014 L_grad: 0.0012 
Train Epoch: 1 [161/4995 (3%)] loss: 0.0036 L_si: 0.0022 L_grad: 0.0014 
Train Epoch: 1 [162/4995 (3%)] loss: 0.0025 L_si: 0.0014 L_grad: 0.0011 
Train Epoch: 1 [163/4995 (3%)] loss: 0.0013 L_si: 0.0005 L_grad: 0.0008 
Train Epoch: 1 [164/4995 (3%)] loss: 0.0022 L_si: 0.0012 L_grad: 0.0009 
Train Epoch: 1 [165/4995 (3%)] loss: 0.0016 L_si: 0.0008 L_grad: 0.0009 
Train Epoch: 1 [166/4995 (3%)] loss: 0.0017 L_si: 0.0008 L_grad: 0.0009 
Train Epoch: 1 [167/4995 (3%)] loss: 0.0016 L_si: 0.0008 L_grad: 0.0007 
Train Epoch: 1 [168/4995 (3%)] loss: 0.0003 L_si: 0.0000 L_grad: 0.0003 
Train Epoch: 1 [169/4995 (3%)] loss: 0.0025 L_si: 0.0012 L_grad: 0.0013 
Train Epoch: 1 [170/4995 (3%)] loss: 0.0037 L_si: 0.0022 L_grad: 0.0015 
Train Epoch: 1 [171/4995 (3%)] loss: 0.0022 L_si: 0.0011 L_grad: 0.0011 
Train Epoch: 1 [172/4995 (3%)] loss: 0.0037 L_si: 0.0018 L_grad: 0.0019 
Train Epoch: 1 [173/4995 (3%)] loss: 0.0026 L_si: 0.0014 L_grad: 0.0012 
Train Epoch: 1 [174/4995 (3%)] loss: 0.0038 L_si: 0.0022 L_grad: 0.0015 
Train Epoch: 1 [175/4995 (4%)] loss: 0.0042 L_si: 0.0024 L_grad: 0.0018 
Train Epoch: 1 [176/4995 (4%)] loss: 0.0019 L_si: 0.0009 L_grad: 0.0010 
Train Epoch: 1 [177/4995 (4%)] loss: 0.0039 L_si: 0.0021 L_grad: 0.0017 
Train Epoch: 1 [178/4995 (4%)] loss: 0.0012 L_si: 0.0005 L_grad: 0.0007 
Train Epoch: 1 [179/4995 (4%)] loss: 0.0016 L_si: 0.0008 L_grad: 0.0009 
Train Epoch: 1 [180/4995 (4%)] loss: 0.0023 L_si: 0.0012 L_grad: 0.0010 
Train Epoch: 1 [181/4995 (4%)] loss: 0.0024 L_si: 0.0013 L_grad: 0.0011 
Train Epoch: 1 [182/4995 (4%)] loss: 0.0015 L_si: 0.0007 L_grad: 0.0007 
Train Epoch: 1 [183/4995 (4%)] loss: 0.0019 L_si: 0.0010 L_grad: 0.0010 
Train Epoch: 1 [184/4995 (4%)] loss: 0.0037 L_si: 0.0023 L_grad: 0.0014 
Train Epoch: 1 [185/4995 (4%)] loss: 0.0029 L_si: 0.0016 L_grad: 0.0013 
Train Epoch: 1 [186/4995 (4%)] loss: 0.0013 L_si: 0.0006 L_grad: 0.0007 
Train Epoch: 1 [187/4995 (4%)] loss: 0.0013 L_si: 0.0006 L_grad: 0.0007 
Train Epoch: 1 [188/4995 (4%)] loss: 0.0024 L_si: 0.0013 L_grad: 0.0011 
Train Epoch: 1 [189/4995 (4%)] loss: 0.0009 L_si: 0.0004 L_grad: 0.0005 
Train Epoch: 1 [190/4995 (4%)] loss: 0.0015 L_si: 0.0007 L_grad: 0.0007 
Train Epoch: 1 [191/4995 (4%)] loss: 0.0009 L_si: 0.0004 L_grad: 0.0005 
Train Epoch: 1 [192/4995 (4%)] loss: 0.0027 L_si: 0.0016 L_grad: 0.0012 
Train Epoch: 1 [193/4995 (4%)] loss: 0.0020 L_si: 0.0011 L_grad: 0.0009 
Train Epoch: 1 [194/4995 (4%)] loss: 0.0065 L_si: 0.0042 L_grad: 0.0024 
Train Epoch: 1 [195/4995 (4%)] loss: 0.0030 L_si: 0.0017 L_grad: 0.0013 
Train Epoch: 1 [196/4995 (4%)] loss: 0.0020 L_si: 0.0011 L_grad: 0.0010 
Train Epoch: 1 [197/4995 (4%)] loss: 0.0026 L_si: 0.0015 L_grad: 0.0012 
Train Epoch: 1 [198/4995 (4%)] loss: 0.0016 L_si: 0.0008 L_grad: 0.0008 
Train Epoch: 1 [199/4995 (4%)] loss: 0.0027 L_si: 0.0016 L_grad: 0.0011 
Train Epoch: 1 [200/4995 (4%)] loss: 0.0025 L_si: 0.0013 L_grad: 0.0012 
Train Epoch: 1 [201/4995 (4%)] loss: 0.0013 L_si: 0.0005 L_grad: 0.0007 
Train Epoch: 1 [202/4995 (4%)] loss: 0.0024 L_si: 0.0014 L_grad: 0.0011 
Train Epoch: 1 [203/4995 (4%)] loss: 0.0010 L_si: 0.0004 L_grad: 0.0006 
Train Epoch: 1 [204/4995 (4%)] loss: 0.0016 L_si: 0.0008 L_grad: 0.0008 
Train Epoch: 1 [205/4995 (4%)] loss: 0.0031 L_si: 0.0020 L_grad: 0.0011 
Train Epoch: 1 [206/4995 (4%)] loss: 0.0019 L_si: 0.0010 L_grad: 0.0009 
Train Epoch: 1 [207/4995 (4%)] loss: 0.0014 L_si: 0.0007 L_grad: 0.0007 
Train Epoch: 1 [208/4995 (4%)] loss: 0.0016 L_si: 0.0009 L_grad: 0.0008 
Train Epoch: 1 [209/4995 (4%)] loss: 0.0015 L_si: 0.0008 L_grad: 0.0007 
Train Epoch: 1 [210/4995 (4%)] loss: 0.0012 L_si: 0.0005 L_grad: 0.0006 
Train Epoch: 1 [211/4995 (4%)] loss: 0.0011 L_si: 0.0005 L_grad: 0.0006 
Train Epoch: 1 [212/4995 (4%)] loss: 0.0003 L_si: 0.0000 L_grad: 0.0003 
Train Epoch: 1 [213/4995 (4%)] loss: 0.0034 L_si: 0.0020 L_grad: 0.0014 
Train Epoch: 1 [214/4995 (4%)] loss: 0.0022 L_si: 0.0011 L_grad: 0.0011 
Train Epoch: 1 [215/4995 (4%)] loss: 0.0070 L_si: 0.0043 L_grad: 0.0026 
Train Epoch: 1 [216/4995 (4%)] loss: 0.0019 L_si: 0.0010 L_grad: 0.0009 
Train Epoch: 1 [217/4995 (4%)] loss: 0.0021 L_si: 0.0011 L_grad: 0.0009 
Train Epoch: 1 [218/4995 (4%)] loss: 0.0021 L_si: 0.0010 L_grad: 0.0011 
Train Epoch: 1 [219/4995 (4%)] loss: 0.0017 L_si: 0.0007 L_grad: 0.0010 
Train Epoch: 1 [220/4995 (4%)] loss: 0.0034 L_si: 0.0019 L_grad: 0.0015 
Train Epoch: 1 [221/4995 (4%)] loss: 0.0023 L_si: 0.0012 L_grad: 0.0011 
Train Epoch: 1 [222/4995 (4%)] loss: 0.0014 L_si: 0.0007 L_grad: 0.0007 
Train Epoch: 1 [223/4995 (4%)] loss: 0.0011 L_si: 0.0005 L_grad: 0.0006 
Train Epoch: 1 [224/4995 (4%)] loss: 0.0015 L_si: 0.0007 L_grad: 0.0008 
Train Epoch: 1 [225/4995 (5%)] loss: 0.0020 L_si: 0.0010 L_grad: 0.0010 
Train Epoch: 1 [226/4995 (5%)] loss: 0.0015 L_si: 0.0007 L_grad: 0.0008 
Train Epoch: 1 [227/4995 (5%)] loss: 0.0013 L_si: 0.0006 L_grad: 0.0008 
Train Epoch: 1 [228/4995 (5%)] loss: 0.0012 L_si: 0.0006 L_grad: 0.0007 
Train Epoch: 1 [229/4995 (5%)] loss: 0.0021 L_si: 0.0011 L_grad: 0.0009 
Train Epoch: 1 [230/4995 (5%)] loss: 0.0019 L_si: 0.0009 L_grad: 0.0009 
Train Epoch: 1 [231/4995 (5%)] loss: 0.0040 L_si: 0.0024 L_grad: 0.0016 
Train Epoch: 1 [232/4995 (5%)] loss: 0.0027 L_si: 0.0016 L_grad: 0.0011 
Train Epoch: 1 [233/4995 (5%)] loss: 0.0021 L_si: 0.0012 L_grad: 0.0010 
Train Epoch: 1 [234/4995 (5%)] loss: 0.0004 L_si: 0.0001 L_grad: 0.0003 
Train Epoch: 1 [235/4995 (5%)] loss: 0.0031 L_si: 0.0015 L_grad: 0.0016 
Train Epoch: 1 [236/4995 (5%)] loss: 0.0017 L_si: 0.0008 L_grad: 0.0008 
Train Epoch: 1 [237/4995 (5%)] loss: 0.0019 L_si: 0.0010 L_grad: 0.0009 
Train Epoch: 1 [238/4995 (5%)] loss: 0.0012 L_si: 0.0005 L_grad: 0.0007 
Train Epoch: 1 [239/4995 (5%)] loss: 0.0010 L_si: 0.0004 L_grad: 0.0006 
Train Epoch: 1 [240/4995 (5%)] loss: 0.0011 L_si: 0.0005 L_grad: 0.0005 
Train Epoch: 1 [241/4995 (5%)] loss: 0.0016 L_si: 0.0007 L_grad: 0.0008 
Train Epoch: 1 [242/4995 (5%)] loss: 0.0016 L_si: 0.0008 L_grad: 0.0008 
Train Epoch: 1 [243/4995 (5%)] loss: 0.0027 L_si: 0.0015 L_grad: 0.0012 
Train Epoch: 1 [244/4995 (5%)] loss: 0.0016 L_si: 0.0008 L_grad: 0.0007 
Train Epoch: 1 [245/4995 (5%)] loss: 0.0018 L_si: 0.0009 L_grad: 0.0008 
Train Epoch: 1 [246/4995 (5%)] loss: 0.0021 L_si: 0.0013 L_grad: 0.0009 
Train Epoch: 1 [247/4995 (5%)] loss: 0.0011 L_si: 0.0005 L_grad: 0.0006 
Train Epoch: 1 [248/4995 (5%)] loss: 0.0020 L_si: 0.0011 L_grad: 0.0009 
Train Epoch: 1 [249/4995 (5%)] loss: 0.0008 L_si: 0.0003 L_grad: 0.0005 
Train Epoch: 1 [250/4995 (5%)] loss: 0.0009 L_si: 0.0004 L_grad: 0.0005 
Train Epoch: 1 [251/4995 (5%)] loss: 0.0015 L_si: 0.0007 L_grad: 0.0008 
Train Epoch: 1 [252/4995 (5%)] loss: 0.0016 L_si: 0.0008 L_grad: 0.0007 
Train Epoch: 1 [253/4995 (5%)] loss: 0.0032 L_si: 0.0020 L_grad: 0.0013 
Train Epoch: 1 [254/4995 (5%)] loss: 0.0015 L_si: 0.0008 L_grad: 0.0007 
Train Epoch: 1 [255/4995 (5%)] loss: 0.0020 L_si: 0.0013 L_grad: 0.0008 
Train Epoch: 1 [256/4995 (5%)] loss: 0.0024 L_si: 0.0014 L_grad: 0.0010 
Train Epoch: 1 [257/4995 (5%)] loss: 0.0011 L_si: 0.0006 L_grad: 0.0006 
Train Epoch: 1 [258/4995 (5%)] loss: 0.0010 L_si: 0.0004 L_grad: 0.0006 
Train Epoch: 1 [259/4995 (5%)] loss: 0.0024 L_si: 0.0015 L_grad: 0.0009 
Train Epoch: 1 [260/4995 (5%)] loss: 0.0013 L_si: 0.0006 L_grad: 0.0007 
Train Epoch: 1 [261/4995 (5%)] loss: 0.0021 L_si: 0.0012 L_grad: 0.0009 
Train Epoch: 1 [262/4995 (5%)] loss: 0.0011 L_si: 0.0005 L_grad: 0.0006 
Train Epoch: 1 [263/4995 (5%)] loss: 0.0003 L_si: 0.0000 L_grad: 0.0003 
Train Epoch: 1 [264/4995 (5%)] loss: 0.0011 L_si: 0.0005 L_grad: 0.0006 
Train Epoch: 1 [265/4995 (5%)] loss: 0.0017 L_si: 0.0009 L_grad: 0.0008 
Train Epoch: 1 [266/4995 (5%)] loss: 0.0019 L_si: 0.0011 L_grad: 0.0008 
Train Epoch: 1 [267/4995 (5%)] loss: 0.0023 L_si: 0.0012 L_grad: 0.0010 
Train Epoch: 1 [268/4995 (5%)] loss: 0.0018 L_si: 0.0011 L_grad: 0.0008 
Train Epoch: 1 [269/4995 (5%)] loss: 0.0020 L_si: 0.0011 L_grad: 0.0010 
Train Epoch: 1 [270/4995 (5%)] loss: 0.0054 L_si: 0.0041 L_grad: 0.0013 
Train Epoch: 1 [271/4995 (5%)] loss: 0.0017 L_si: 0.0009 L_grad: 0.0008 
Train Epoch: 1 [272/4995 (5%)] loss: 0.0016 L_si: 0.0008 L_grad: 0.0008 
Train Epoch: 1 [273/4995 (5%)] loss: 0.0014 L_si: 0.0006 L_grad: 0.0008 
Train Epoch: 1 [274/4995 (5%)] loss: 0.0014 L_si: 0.0007 L_grad: 0.0007 
Train Epoch: 1 [275/4995 (6%)] loss: 0.0015 L_si: 0.0008 L_grad: 0.0007 
Train Epoch: 1 [276/4995 (6%)] loss: 0.0012 L_si: 0.0006 L_grad: 0.0007 
Train Epoch: 1 [277/4995 (6%)] loss: 0.0016 L_si: 0.0007 L_grad: 0.0009 
Train Epoch: 1 [278/4995 (6%)] loss: 0.0018 L_si: 0.0010 L_grad: 0.0008 
Train Epoch: 1 [279/4995 (6%)] loss: 0.0018 L_si: 0.0010 L_grad: 0.0009 
Train Epoch: 1 [280/4995 (6%)] loss: 0.0014 L_si: 0.0007 L_grad: 0.0007 
Train Epoch: 1 [281/4995 (6%)] loss: 0.0019 L_si: 0.0011 L_grad: 0.0009 
Train Epoch: 1 [282/4995 (6%)] loss: 0.0025 L_si: 0.0014 L_grad: 0.0011 
Train Epoch: 1 [283/4995 (6%)] loss: 0.0010 L_si: 0.0005 L_grad: 0.0005 
Train Epoch: 1 [284/4995 (6%)] loss: 0.0022 L_si: 0.0013 L_grad: 0.0009 
Train Epoch: 1 [285/4995 (6%)] loss: 0.0022 L_si: 0.0014 L_grad: 0.0008 
Train Epoch: 1 [286/4995 (6%)] loss: 0.0017 L_si: 0.0009 L_grad: 0.0008 
Train Epoch: 1 [287/4995 (6%)] loss: 0.0014 L_si: 0.0008 L_grad: 0.0006 
Train Epoch: 1 [288/4995 (6%)] loss: 0.0022 L_si: 0.0012 L_grad: 0.0010 
Train Epoch: 1 [289/4995 (6%)] loss: 0.0019 L_si: 0.0011 L_grad: 0.0008 
Train Epoch: 1 [290/4995 (6%)] loss: 0.0024 L_si: 0.0015 L_grad: 0.0009 
Train Epoch: 1 [291/4995 (6%)] loss: 0.0029 L_si: 0.0019 L_grad: 0.0010 
Train Epoch: 1 [292/4995 (6%)] loss: 0.0026 L_si: 0.0015 L_grad: 0.0011 
Train Epoch: 1 [293/4995 (6%)] loss: 0.0013 L_si: 0.0007 L_grad: 0.0006 
Train Epoch: 1 [294/4995 (6%)] loss: 0.0025 L_si: 0.0014 L_grad: 0.0012 
Train Epoch: 1 [295/4995 (6%)] loss: 0.0027 L_si: 0.0016 L_grad: 0.0011 
Train Epoch: 1 [296/4995 (6%)] loss: 0.0011 L_si: 0.0005 L_grad: 0.0006 
Train Epoch: 1 [297/4995 (6%)] loss: 0.0022 L_si: 0.0012 L_grad: 0.0010 
Train Epoch: 1 [298/4995 (6%)] loss: 0.0018 L_si: 0.0010 L_grad: 0.0008 
Train Epoch: 1 [299/4995 (6%)] loss: 0.0024 L_si: 0.0014 L_grad: 0.0010 
Train Epoch: 1 [300/4995 (6%)] loss: 0.0003 L_si: 0.0000 L_grad: 0.0002 
Train Epoch: 1 [301/4995 (6%)] loss: 0.0015 L_si: 0.0008 L_grad: 0.0007 
Train Epoch: 1 [302/4995 (6%)] loss: 0.0015 L_si: 0.0007 L_grad: 0.0007 
Train Epoch: 1 [303/4995 (6%)] loss: 0.0027 L_si: 0.0015 L_grad: 0.0012 
Train Epoch: 1 [304/4995 (6%)] loss: 0.0023 L_si: 0.0011 L_grad: 0.0012 
Train Epoch: 1 [305/4995 (6%)] loss: 0.0051 L_si: 0.0032 L_grad: 0.0019 
Train Epoch: 1 [306/4995 (6%)] loss: 0.0020 L_si: 0.0010 L_grad: 0.0009 
Train Epoch: 1 [307/4995 (6%)] loss: 0.0008 L_si: 0.0003 L_grad: 0.0005 
Train Epoch: 1 [308/4995 (6%)] loss: 0.0019 L_si: 0.0010 L_grad: 0.0009 
Train Epoch: 1 [309/4995 (6%)] loss: 0.0011 L_si: 0.0005 L_grad: 0.0006 
Train Epoch: 1 [310/4995 (6%)] loss: 0.0019 L_si: 0.0011 L_grad: 0.0008 
Train Epoch: 1 [311/4995 (6%)] loss: 0.0030 L_si: 0.0017 L_grad: 0.0013 
Train Epoch: 1 [312/4995 (6%)] loss: 0.0012 L_si: 0.0006 L_grad: 0.0006 
Train Epoch: 1 [313/4995 (6%)] loss: 0.0015 L_si: 0.0009 L_grad: 0.0006 
Train Epoch: 1 [314/4995 (6%)] loss: 0.0016 L_si: 0.0009 L_grad: 0.0007 
Train Epoch: 1 [315/4995 (6%)] loss: 0.0012 L_si: 0.0005 L_grad: 0.0006 
Train Epoch: 1 [316/4995 (6%)] loss: 0.0010 L_si: 0.0005 L_grad: 0.0005 
Train Epoch: 1 [317/4995 (6%)] loss: 0.0011 L_si: 0.0005 L_grad: 0.0006 
Train Epoch: 1 [318/4995 (6%)] loss: 0.0017 L_si: 0.0010 L_grad: 0.0007 
Train Epoch: 1 [319/4995 (6%)] loss: 0.0025 L_si: 0.0013 L_grad: 0.0012 
Train Epoch: 1 [320/4995 (6%)] loss: 0.0011 L_si: 0.0005 L_grad: 0.0006 
Train Epoch: 1 [321/4995 (6%)] loss: 0.0019 L_si: 0.0010 L_grad: 0.0009 
Train Epoch: 1 [322/4995 (6%)] loss: 0.0015 L_si: 0.0008 L_grad: 0.0007 
Train Epoch: 1 [323/4995 (6%)] loss: 0.0010 L_si: 0.0005 L_grad: 0.0005 
Train Epoch: 1 [324/4995 (6%)] loss: 0.0037 L_si: 0.0023 L_grad: 0.0014 
Train Epoch: 1 [325/4995 (7%)] loss: 0.0020 L_si: 0.0011 L_grad: 0.0009 
Train Epoch: 1 [326/4995 (7%)] loss: 0.0033 L_si: 0.0020 L_grad: 0.0014 
Train Epoch: 1 [327/4995 (7%)] loss: 0.0024 L_si: 0.0014 L_grad: 0.0010 
Train Epoch: 1 [328/4995 (7%)] loss: 0.0021 L_si: 0.0011 L_grad: 0.0010 
Train Epoch: 1 [329/4995 (7%)] loss: 0.0020 L_si: 0.0011 L_grad: 0.0010 
Train Epoch: 1 [330/4995 (7%)] loss: 0.0019 L_si: 0.0011 L_grad: 0.0008 
Train Epoch: 1 [331/4995 (7%)] loss: 0.0019 L_si: 0.0010 L_grad: 0.0009 
Train Epoch: 1 [332/4995 (7%)] loss: 0.0024 L_si: 0.0014 L_grad: 0.0010 
Train Epoch: 1 [333/4995 (7%)] loss: 0.0073 L_si: 0.0056 L_grad: 0.0018 
Train Epoch: 1 [334/4995 (7%)] loss: 0.0041 L_si: 0.0030 L_grad: 0.0011 
Train Epoch: 1 [335/4995 (7%)] loss: 0.0018 L_si: 0.0010 L_grad: 0.0008 
Train Epoch: 1 [336/4995 (7%)] loss: 0.0011 L_si: 0.0005 L_grad: 0.0006 
Train Epoch: 1 [337/4995 (7%)] loss: 0.0007 L_si: 0.0002 L_grad: 0.0004 
Train Epoch: 1 [338/4995 (7%)] loss: 0.0028 L_si: 0.0017 L_grad: 0.0012 
Train Epoch: 1 [339/4995 (7%)] loss: 0.0016 L_si: 0.0009 L_grad: 0.0007 
Train Epoch: 1 [340/4995 (7%)] loss: 0.0017 L_si: 0.0010 L_grad: 0.0007 
Train Epoch: 1 [341/4995 (7%)] loss: 0.0028 L_si: 0.0017 L_grad: 0.0011 
Train Epoch: 1 [342/4995 (7%)] loss: 0.0032 L_si: 0.0019 L_grad: 0.0013 
Train Epoch: 1 [343/4995 (7%)] loss: 0.0031 L_si: 0.0019 L_grad: 0.0012 
Train Epoch: 1 [344/4995 (7%)] loss: 0.0013 L_si: 0.0007 L_grad: 0.0006 
Train Epoch: 1 [345/4995 (7%)] loss: 0.0015 L_si: 0.0008 L_grad: 0.0006 
Train Epoch: 1 [346/4995 (7%)] loss: 0.0025 L_si: 0.0015 L_grad: 0.0010 
Train Epoch: 1 [347/4995 (7%)] loss: 0.0012 L_si: 0.0006 L_grad: 0.0007 
Train Epoch: 1 [348/4995 (7%)] loss: 0.0016 L_si: 0.0009 L_grad: 0.0007 
Train Epoch: 1 [349/4995 (7%)] loss: 0.0017 L_si: 0.0010 L_grad: 0.0007 
Train Epoch: 1 [350/4995 (7%)] loss: 0.0013 L_si: 0.0007 L_grad: 0.0006 
Train Epoch: 1 [351/4995 (7%)] loss: 0.0014 L_si: 0.0008 L_grad: 0.0006 
Train Epoch: 1 [352/4995 (7%)] loss: 0.0018 L_si: 0.0010 L_grad: 0.0009 
Train Epoch: 1 [353/4995 (7%)] loss: 0.0010 L_si: 0.0004 L_grad: 0.0006 
Train Epoch: 1 [354/4995 (7%)] loss: 0.0027 L_si: 0.0017 L_grad: 0.0010 
Train Epoch: 1 [355/4995 (7%)] loss: 0.0008 L_si: 0.0003 L_grad: 0.0005 
Train Epoch: 1 [356/4995 (7%)] loss: 0.0007 L_si: 0.0003 L_grad: 0.0004 
Train Epoch: 1 [357/4995 (7%)] loss: 0.0028 L_si: 0.0019 L_grad: 0.0009 
Train Epoch: 1 [358/4995 (7%)] loss: 0.0021 L_si: 0.0012 L_grad: 0.0008 
Train Epoch: 1 [359/4995 (7%)] loss: 0.0061 L_si: 0.0046 L_grad: 0.0015 
Train Epoch: 1 [360/4995 (7%)] loss: 0.0014 L_si: 0.0007 L_grad: 0.0007 
Train Epoch: 1 [361/4995 (7%)] loss: 0.0012 L_si: 0.0007 L_grad: 0.0006 
Train Epoch: 1 [362/4995 (7%)] loss: 0.0011 L_si: 0.0006 L_grad: 0.0005 
Train Epoch: 1 [363/4995 (7%)] loss: 0.0016 L_si: 0.0009 L_grad: 0.0007 
Train Epoch: 1 [364/4995 (7%)] loss: 0.0014 L_si: 0.0007 L_grad: 0.0007 
Train Epoch: 1 [365/4995 (7%)] loss: 0.0016 L_si: 0.0008 L_grad: 0.0008 
Train Epoch: 1 [366/4995 (7%)] loss: 0.0012 L_si: 0.0006 L_grad: 0.0006 
Train Epoch: 1 [367/4995 (7%)] loss: 0.0011 L_si: 0.0006 L_grad: 0.0005 
Train Epoch: 1 [368/4995 (7%)] loss: 0.0021 L_si: 0.0012 L_grad: 0.0009 
Train Epoch: 1 [369/4995 (7%)] loss: 0.0010 L_si: 0.0005 L_grad: 0.0005 
Train Epoch: 1 [370/4995 (7%)] loss: 0.0010 L_si: 0.0005 L_grad: 0.0005 
Train Epoch: 1 [371/4995 (7%)] loss: 0.0007 L_si: 0.0003 L_grad: 0.0004 
Train Epoch: 1 [372/4995 (7%)] loss: 0.0010 L_si: 0.0004 L_grad: 0.0006 
Train Epoch: 1 [373/4995 (7%)] loss: 0.0016 L_si: 0.0009 L_grad: 0.0008 
Train Epoch: 1 [374/4995 (7%)] loss: 0.0028 L_si: 0.0017 L_grad: 0.0011 
Train Epoch: 1 [375/4995 (8%)] loss: 0.0006 L_si: 0.0002 L_grad: 0.0004 
Train Epoch: 1 [376/4995 (8%)] loss: 0.0012 L_si: 0.0005 L_grad: 0.0007 
Train Epoch: 1 [377/4995 (8%)] loss: 0.0012 L_si: 0.0006 L_grad: 0.0006 
Train Epoch: 1 [378/4995 (8%)] loss: 0.0008 L_si: 0.0004 L_grad: 0.0004 
Train Epoch: 1 [379/4995 (8%)] loss: 0.0022 L_si: 0.0014 L_grad: 0.0008 
Train Epoch: 1 [380/4995 (8%)] loss: 0.0022 L_si: 0.0013 L_grad: 0.0009 
Train Epoch: 1 [381/4995 (8%)] loss: 0.0011 L_si: 0.0005 L_grad: 0.0006 
Train Epoch: 1 [382/4995 (8%)] loss: 0.0019 L_si: 0.0010 L_grad: 0.0008 
Train Epoch: 1 [383/4995 (8%)] loss: 0.0010 L_si: 0.0005 L_grad: 0.0005 
Train Epoch: 1 [384/4995 (8%)] loss: 0.0019 L_si: 0.0011 L_grad: 0.0008 
Train Epoch: 1 [385/4995 (8%)] loss: 0.0009 L_si: 0.0004 L_grad: 0.0005 
Train Epoch: 1 [386/4995 (8%)] loss: 0.0003 L_si: 0.0000 L_grad: 0.0002 
Train Epoch: 1 [387/4995 (8%)] loss: 0.0009 L_si: 0.0004 L_grad: 0.0005 
Train Epoch: 1 [388/4995 (8%)] loss: 0.0017 L_si: 0.0010 L_grad: 0.0007 
Train Epoch: 1 [389/4995 (8%)] loss: 0.0022 L_si: 0.0013 L_grad: 0.0009 
Train Epoch: 1 [390/4995 (8%)] loss: 0.0015 L_si: 0.0008 L_grad: 0.0007 
Train Epoch: 1 [391/4995 (8%)] loss: 0.0009 L_si: 0.0004 L_grad: 0.0005 
Train Epoch: 1 [392/4995 (8%)] loss: 0.0016 L_si: 0.0008 L_grad: 0.0007 
Train Epoch: 1 [393/4995 (8%)] loss: 0.0016 L_si: 0.0009 L_grad: 0.0007 
Train Epoch: 1 [394/4995 (8%)] loss: 0.0015 L_si: 0.0009 L_grad: 0.0006 
Train Epoch: 1 [395/4995 (8%)] loss: 0.0019 L_si: 0.0011 L_grad: 0.0008 
Train Epoch: 1 [396/4995 (8%)] loss: 0.0012 L_si: 0.0006 L_grad: 0.0005 
Train Epoch: 1 [397/4995 (8%)] loss: 0.0011 L_si: 0.0006 L_grad: 0.0005 
Train Epoch: 1 [398/4995 (8%)] loss: 0.0011 L_si: 0.0006 L_grad: 0.0005 
Train Epoch: 1 [399/4995 (8%)] loss: 0.0006 L_si: 0.0003 L_grad: 0.0003 
Train Epoch: 1 [400/4995 (8%)] loss: 0.0015 L_si: 0.0008 L_grad: 0.0006 
Train Epoch: 1 [401/4995 (8%)] loss: 0.0019 L_si: 0.0011 L_grad: 0.0008 
Train Epoch: 1 [402/4995 (8%)] loss: 0.0016 L_si: 0.0010 L_grad: 0.0006 
Train Epoch: 1 [403/4995 (8%)] loss: 0.0010 L_si: 0.0005 L_grad: 0.0005 
Train Epoch: 1 [404/4995 (8%)] loss: 0.0003 L_si: 0.0001 L_grad: 0.0003 
Train Epoch: 1 [405/4995 (8%)] loss: 0.0015 L_si: 0.0009 L_grad: 0.0006 
Train Epoch: 1 [406/4995 (8%)] loss: 0.0020 L_si: 0.0012 L_grad: 0.0008 
Train Epoch: 1 [407/4995 (8%)] loss: 0.0008 L_si: 0.0003 L_grad: 0.0005 
Train Epoch: 1 [408/4995 (8%)] loss: 0.0018 L_si: 0.0009 L_grad: 0.0009 
Train Epoch: 1 [409/4995 (8%)] loss: 0.0013 L_si: 0.0007 L_grad: 0.0006 
Train Epoch: 1 [410/4995 (8%)] loss: 0.0028 L_si: 0.0016 L_grad: 0.0011 
Train Epoch: 1 [411/4995 (8%)] loss: 0.0008 L_si: 0.0004 L_grad: 0.0004 
Train Epoch: 1 [412/4995 (8%)] loss: 0.0010 L_si: 0.0005 L_grad: 0.0005 
Train Epoch: 1 [413/4995 (8%)] loss: 0.0030 L_si: 0.0020 L_grad: 0.0010 
Train Epoch: 1 [414/4995 (8%)] loss: 0.0008 L_si: 0.0003 L_grad: 0.0005 
Train Epoch: 1 [415/4995 (8%)] loss: 0.0017 L_si: 0.0010 L_grad: 0.0007 
Train Epoch: 1 [416/4995 (8%)] loss: 0.0003 L_si: 0.0000 L_grad: 0.0003 
Train Epoch: 1 [417/4995 (8%)] loss: 0.0014 L_si: 0.0007 L_grad: 0.0007 
Train Epoch: 1 [418/4995 (8%)] loss: 0.0016 L_si: 0.0008 L_grad: 0.0008 
Train Epoch: 1 [419/4995 (8%)] loss: 0.0014 L_si: 0.0007 L_grad: 0.0007 
Train Epoch: 1 [420/4995 (8%)] loss: 0.0016 L_si: 0.0008 L_grad: 0.0008 
Train Epoch: 1 [421/4995 (8%)] loss: 0.0013 L_si: 0.0007 L_grad: 0.0007 
Train Epoch: 1 [422/4995 (8%)] loss: 0.0012 L_si: 0.0006 L_grad: 0.0006 
Train Epoch: 1 [423/4995 (8%)] loss: 0.0043 L_si: 0.0029 L_grad: 0.0014 
Train Epoch: 1 [424/4995 (8%)] loss: 0.0003 L_si: 0.0000 L_grad: 0.0003 
Train Epoch: 1 [425/4995 (9%)] loss: 0.0009 L_si: 0.0003 L_grad: 0.0005 
Train Epoch: 1 [426/4995 (9%)] loss: 0.0013 L_si: 0.0006 L_grad: 0.0007 
Train Epoch: 1 [427/4995 (9%)] loss: 0.0022 L_si: 0.0013 L_grad: 0.0009 
Train Epoch: 1 [428/4995 (9%)] loss: 0.0010 L_si: 0.0005 L_grad: 0.0005 
Train Epoch: 1 [429/4995 (9%)] loss: 0.0020 L_si: 0.0012 L_grad: 0.0008 
Train Epoch: 1 [430/4995 (9%)] loss: 0.0013 L_si: 0.0006 L_grad: 0.0006 
Train Epoch: 1 [431/4995 (9%)] loss: 0.0021 L_si: 0.0012 L_grad: 0.0010 
Train Epoch: 1 [432/4995 (9%)] loss: 0.0012 L_si: 0.0005 L_grad: 0.0007 
Train Epoch: 1 [433/4995 (9%)] loss: 0.0067 L_si: 0.0044 L_grad: 0.0023 
Train Epoch: 1 [434/4995 (9%)] loss: 0.0012 L_si: 0.0006 L_grad: 0.0006 
Train Epoch: 1 [435/4995 (9%)] loss: 0.0023 L_si: 0.0014 L_grad: 0.0010 
Train Epoch: 1 [436/4995 (9%)] loss: 0.0033 L_si: 0.0020 L_grad: 0.0013 
Train Epoch: 1 [437/4995 (9%)] loss: 0.0017 L_si: 0.0009 L_grad: 0.0008 
Train Epoch: 1 [438/4995 (9%)] loss: 0.0026 L_si: 0.0015 L_grad: 0.0011 
Train Epoch: 1 [439/4995 (9%)] loss: 0.0013 L_si: 0.0006 L_grad: 0.0007 
Train Epoch: 1 [440/4995 (9%)] loss: 0.0082 L_si: 0.0055 L_grad: 0.0027 
Train Epoch: 1 [441/4995 (9%)] loss: 0.0011 L_si: 0.0005 L_grad: 0.0006 
Train Epoch: 1 [442/4995 (9%)] loss: 0.0031 L_si: 0.0020 L_grad: 0.0011 
Train Epoch: 1 [443/4995 (9%)] loss: 0.0012 L_si: 0.0007 L_grad: 0.0005 
Train Epoch: 1 [444/4995 (9%)] loss: 0.0007 L_si: 0.0003 L_grad: 0.0004 
Train Epoch: 1 [445/4995 (9%)] loss: 0.0015 L_si: 0.0009 L_grad: 0.0006 
Train Epoch: 1 [446/4995 (9%)] loss: 0.0006 L_si: 0.0002 L_grad: 0.0004 
Train Epoch: 1 [447/4995 (9%)] loss: 0.0017 L_si: 0.0011 L_grad: 0.0007 
Train Epoch: 1 [448/4995 (9%)] loss: 0.0015 L_si: 0.0008 L_grad: 0.0007 
Train Epoch: 1 [449/4995 (9%)] loss: 0.0009 L_si: 0.0004 L_grad: 0.0004 
Train Epoch: 1 [450/4995 (9%)] loss: 0.0012 L_si: 0.0007 L_grad: 0.0006 
Train Epoch: 1 [451/4995 (9%)] loss: 0.0007 L_si: 0.0003 L_grad: 0.0004 
Train Epoch: 1 [452/4995 (9%)] loss: 0.0008 L_si: 0.0004 L_grad: 0.0004 
Train Epoch: 1 [453/4995 (9%)] loss: 0.0006 L_si: 0.0002 L_grad: 0.0003 
Train Epoch: 1 [454/4995 (9%)] loss: 0.0015 L_si: 0.0008 L_grad: 0.0007 
Train Epoch: 1 [455/4995 (9%)] loss: 0.0018 L_si: 0.0010 L_grad: 0.0008 
Train Epoch: 1 [456/4995 (9%)] loss: 0.0006 L_si: 0.0002 L_grad: 0.0003 
Train Epoch: 1 [457/4995 (9%)] loss: 0.0019 L_si: 0.0011 L_grad: 0.0008 
Train Epoch: 1 [458/4995 (9%)] loss: 0.0008 L_si: 0.0003 L_grad: 0.0005 
Train Epoch: 1 [459/4995 (9%)] loss: 0.0007 L_si: 0.0003 L_grad: 0.0004 
Train Epoch: 1 [460/4995 (9%)] loss: 0.0031 L_si: 0.0021 L_grad: 0.0010 
Train Epoch: 1 [461/4995 (9%)] loss: 0.0012 L_si: 0.0006 L_grad: 0.0006 
Train Epoch: 1 [462/4995 (9%)] loss: 0.0054 L_si: 0.0034 L_grad: 0.0020 
Train Epoch: 1 [463/4995 (9%)] loss: 0.0021 L_si: 0.0010 L_grad: 0.0011 
Train Epoch: 1 [464/4995 (9%)] loss: 0.0018 L_si: 0.0009 L_grad: 0.0008 
Train Epoch: 1 [465/4995 (9%)] loss: 0.0009 L_si: 0.0004 L_grad: 0.0004 
Train Epoch: 1 [466/4995 (9%)] loss: 0.0020 L_si: 0.0011 L_grad: 0.0009 
Train Epoch: 1 [467/4995 (9%)] loss: 0.0013 L_si: 0.0007 L_grad: 0.0006 
Train Epoch: 1 [468/4995 (9%)] loss: 0.0002 L_si: 0.0000 L_grad: 0.0002 
Train Epoch: 1 [469/4995 (9%)] loss: 0.0029 L_si: 0.0017 L_grad: 0.0012 
Train Epoch: 1 [470/4995 (9%)] loss: 0.0010 L_si: 0.0004 L_grad: 0.0005 
Train Epoch: 1 [471/4995 (9%)] loss: 0.0015 L_si: 0.0008 L_grad: 0.0007 
Train Epoch: 1 [472/4995 (9%)] loss: 0.0020 L_si: 0.0010 L_grad: 0.0009 
Train Epoch: 1 [473/4995 (9%)] loss: 0.0016 L_si: 0.0010 L_grad: 0.0006 
Train Epoch: 1 [474/4995 (9%)] loss: 0.0011 L_si: 0.0005 L_grad: 0.0005 
Train Epoch: 1 [475/4995 (10%)] loss: 0.0018 L_si: 0.0010 L_grad: 0.0009 
Train Epoch: 1 [476/4995 (10%)] loss: 0.0014 L_si: 0.0008 L_grad: 0.0006 
Train Epoch: 1 [477/4995 (10%)] loss: 0.0016 L_si: 0.0010 L_grad: 0.0006 
Train Epoch: 1 [478/4995 (10%)] loss: 0.0012 L_si: 0.0007 L_grad: 0.0005 
Train Epoch: 1 [479/4995 (10%)] loss: 0.0021 L_si: 0.0014 L_grad: 0.0007 
Train Epoch: 1 [480/4995 (10%)] loss: 0.0011 L_si: 0.0005 L_grad: 0.0006 
Train Epoch: 1 [481/4995 (10%)] loss: 0.0014 L_si: 0.0008 L_grad: 0.0007 
Train Epoch: 1 [482/4995 (10%)] loss: 0.0015 L_si: 0.0008 L_grad: 0.0007 
Train Epoch: 1 [483/4995 (10%)] loss: 0.0014 L_si: 0.0007 L_grad: 0.0007 
Train Epoch: 1 [484/4995 (10%)] loss: 0.0010 L_si: 0.0005 L_grad: 0.0005 
Train Epoch: 1 [485/4995 (10%)] loss: 0.0015 L_si: 0.0009 L_grad: 0.0006 
Train Epoch: 1 [486/4995 (10%)] loss: 0.0008 L_si: 0.0003 L_grad: 0.0005 
Train Epoch: 1 [487/4995 (10%)] loss: 0.0024 L_si: 0.0015 L_grad: 0.0008 
Train Epoch: 1 [488/4995 (10%)] loss: 0.0015 L_si: 0.0008 L_grad: 0.0007 
Train Epoch: 1 [489/4995 (10%)] loss: 0.0009 L_si: 0.0004 L_grad: 0.0005 
Train Epoch: 1 [490/4995 (10%)] loss: 0.0003 L_si: 0.0001 L_grad: 0.0003 
Train Epoch: 1 [491/4995 (10%)] loss: 0.0015 L_si: 0.0009 L_grad: 0.0006 
Train Epoch: 1 [492/4995 (10%)] loss: 0.0018 L_si: 0.0010 L_grad: 0.0008 
Train Epoch: 1 [493/4995 (10%)] loss: 0.0011 L_si: 0.0005 L_grad: 0.0005 
Train Epoch: 1 [494/4995 (10%)] loss: 0.0012 L_si: 0.0006 L_grad: 0.0006 
Train Epoch: 1 [495/4995 (10%)] loss: 0.0015 L_si: 0.0009 L_grad: 0.0007 
Train Epoch: 1 [496/4995 (10%)] loss: 0.0016 L_si: 0.0008 L_grad: 0.0008 
Train Epoch: 1 [497/4995 (10%)] loss: 0.0042 L_si: 0.0027 L_grad: 0.0015 
Train Epoch: 1 [498/4995 (10%)] loss: 0.0012 L_si: 0.0006 L_grad: 0.0006 
Train Epoch: 1 [499/4995 (10%)] loss: 0.0010 L_si: 0.0005 L_grad: 0.0005 
Train Epoch: 1 [500/4995 (10%)] loss: 0.0016 L_si: 0.0009 L_grad: 0.0007 
Train Epoch: 1 [501/4995 (10%)] loss: 0.0008 L_si: 0.0003 L_grad: 0.0005 
Train Epoch: 1 [502/4995 (10%)] loss: 0.0013 L_si: 0.0007 L_grad: 0.0006 
Train Epoch: 1 [503/4995 (10%)] loss: 0.0011 L_si: 0.0004 L_grad: 0.0006 
Train Epoch: 1 [504/4995 (10%)] loss: 0.0011 L_si: 0.0005 L_grad: 0.0006 
Train Epoch: 1 [505/4995 (10%)] loss: 0.0013 L_si: 0.0006 L_grad: 0.0007 
Train Epoch: 1 [506/4995 (10%)] loss: 0.0012 L_si: 0.0007 L_grad: 0.0005 
Train Epoch: 1 [507/4995 (10%)] loss: 0.0023 L_si: 0.0014 L_grad: 0.0009 
Train Epoch: 1 [508/4995 (10%)] loss: 0.0012 L_si: 0.0006 L_grad: 0.0007 
Train Epoch: 1 [509/4995 (10%)] loss: 0.0024 L_si: 0.0011 L_grad: 0.0013 
Train Epoch: 1 [510/4995 (10%)] loss: 0.0002 L_si: 0.0000 L_grad: 0.0002 
Train Epoch: 1 [511/4995 (10%)] loss: 0.0008 L_si: 0.0003 L_grad: 0.0005 
Train Epoch: 1 [512/4995 (10%)] loss: 0.0012 L_si: 0.0006 L_grad: 0.0007 
Train Epoch: 1 [513/4995 (10%)] loss: 0.0017 L_si: 0.0008 L_grad: 0.0009 
Train Epoch: 1 [514/4995 (10%)] loss: 0.0011 L_si: 0.0004 L_grad: 0.0006 
Train Epoch: 1 [515/4995 (10%)] loss: 0.0011 L_si: 0.0006 L_grad: 0.0006 
Train Epoch: 1 [516/4995 (10%)] loss: 0.0008 L_si: 0.0003 L_grad: 0.0005 
Train Epoch: 1 [517/4995 (10%)] loss: 0.0015 L_si: 0.0008 L_grad: 0.0007 
Train Epoch: 1 [518/4995 (10%)] loss: 0.0011 L_si: 0.0005 L_grad: 0.0006 
Train Epoch: 1 [519/4995 (10%)] loss: 0.0040 L_si: 0.0024 L_grad: 0.0016 
Train Epoch: 1 [520/4995 (10%)] loss: 0.0016 L_si: 0.0009 L_grad: 0.0007 
Train Epoch: 1 [521/4995 (10%)] loss: 0.0011 L_si: 0.0006 L_grad: 0.0006 
Train Epoch: 1 [522/4995 (10%)] loss: 0.0019 L_si: 0.0012 L_grad: 0.0007 
Train Epoch: 1 [523/4995 (10%)] loss: 0.0019 L_si: 0.0010 L_grad: 0.0009 
Train Epoch: 1 [524/4995 (10%)] loss: 0.0008 L_si: 0.0004 L_grad: 0.0004 
Train Epoch: 1 [525/4995 (11%)] loss: 0.0008 L_si: 0.0003 L_grad: 0.0005 
Train Epoch: 1 [526/4995 (11%)] loss: 0.0057 L_si: 0.0037 L_grad: 0.0020 
Train Epoch: 1 [527/4995 (11%)] loss: 0.0007 L_si: 0.0003 L_grad: 0.0004 
Train Epoch: 1 [528/4995 (11%)] loss: 0.0016 L_si: 0.0009 L_grad: 0.0007 
Train Epoch: 1 [529/4995 (11%)] loss: 0.0017 L_si: 0.0010 L_grad: 0.0007 
Train Epoch: 1 [530/4995 (11%)] loss: 0.0030 L_si: 0.0017 L_grad: 0.0013 
Train Epoch: 1 [531/4995 (11%)] loss: 0.0010 L_si: 0.0004 L_grad: 0.0006 
Train Epoch: 1 [532/4995 (11%)] loss: 0.0014 L_si: 0.0007 L_grad: 0.0007 
Train Epoch: 1 [533/4995 (11%)] loss: 0.0016 L_si: 0.0010 L_grad: 0.0006 
Train Epoch: 1 [534/4995 (11%)] loss: 0.0011 L_si: 0.0005 L_grad: 0.0006 
Train Epoch: 1 [535/4995 (11%)] loss: 0.0013 L_si: 0.0006 L_grad: 0.0007 
Train Epoch: 1 [536/4995 (11%)] loss: 0.0008 L_si: 0.0004 L_grad: 0.0005 
Train Epoch: 1 [537/4995 (11%)] loss: 0.0017 L_si: 0.0009 L_grad: 0.0008 
Train Epoch: 1 [538/4995 (11%)] loss: 0.0018 L_si: 0.0010 L_grad: 0.0008 
Train Epoch: 1 [539/4995 (11%)] loss: 0.0017 L_si: 0.0009 L_grad: 0.0008 
Train Epoch: 1 [540/4995 (11%)] loss: 0.0029 L_si: 0.0017 L_grad: 0.0012 
Train Epoch: 1 [541/4995 (11%)] loss: 0.0020 L_si: 0.0011 L_grad: 0.0009 
Train Epoch: 1 [542/4995 (11%)] loss: 0.0010 L_si: 0.0005 L_grad: 0.0005 
Train Epoch: 1 [543/4995 (11%)] loss: 0.0015 L_si: 0.0008 L_grad: 0.0007 
Train Epoch: 1 [544/4995 (11%)] loss: 0.0007 L_si: 0.0003 L_grad: 0.0004 
Train Epoch: 1 [545/4995 (11%)] loss: 0.0008 L_si: 0.0003 L_grad: 0.0005 
Train Epoch: 1 [546/4995 (11%)] loss: 0.0008 L_si: 0.0004 L_grad: 0.0004 
Train Epoch: 1 [547/4995 (11%)] loss: 0.0040 L_si: 0.0024 L_grad: 0.0016 
Train Epoch: 1 [548/4995 (11%)] loss: 0.0012 L_si: 0.0006 L_grad: 0.0006 
Train Epoch: 1 [549/4995 (11%)] loss: 0.0007 L_si: 0.0003 L_grad: 0.0004 
Train Epoch: 1 [550/4995 (11%)] loss: 0.0019 L_si: 0.0012 L_grad: 0.0007 
Train Epoch: 1 [551/4995 (11%)] loss: 0.0009 L_si: 0.0004 L_grad: 0.0005 
Train Epoch: 1 [552/4995 (11%)] loss: 0.0016 L_si: 0.0008 L_grad: 0.0008 
Train Epoch: 1 [553/4995 (11%)] loss: 0.0009 L_si: 0.0003 L_grad: 0.0006 
Train Epoch: 1 [554/4995 (11%)] loss: 0.0002 L_si: 0.0000 L_grad: 0.0001 
Train Epoch: 1 [555/4995 (11%)] loss: 0.0014 L_si: 0.0008 L_grad: 0.0007 
Train Epoch: 1 [556/4995 (11%)] loss: 0.0008 L_si: 0.0003 L_grad: 0.0004 
Train Epoch: 1 [557/4995 (11%)] loss: 0.0015 L_si: 0.0009 L_grad: 0.0006 
Train Epoch: 1 [558/4995 (11%)] loss: 0.0012 L_si: 0.0007 L_grad: 0.0006 
Train Epoch: 1 [559/4995 (11%)] loss: 0.0027 L_si: 0.0017 L_grad: 0.0011 
Train Epoch: 1 [560/4995 (11%)] loss: 0.0002 L_si: 0.0001 L_grad: 0.0002 
Train Epoch: 1 [561/4995 (11%)] loss: 0.0019 L_si: 0.0012 L_grad: 0.0007 
Train Epoch: 1 [562/4995 (11%)] loss: 0.0019 L_si: 0.0009 L_grad: 0.0010 
Train Epoch: 1 [563/4995 (11%)] loss: 0.0012 L_si: 0.0006 L_grad: 0.0006 
Train Epoch: 1 [564/4995 (11%)] loss: 0.0024 L_si: 0.0015 L_grad: 0.0009 
Train Epoch: 1 [565/4995 (11%)] loss: 0.0006 L_si: 0.0003 L_grad: 0.0004 
Train Epoch: 1 [566/4995 (11%)] loss: 0.0016 L_si: 0.0008 L_grad: 0.0008 
Train Epoch: 1 [567/4995 (11%)] loss: 0.0009 L_si: 0.0004 L_grad: 0.0005 
Train Epoch: 1 [568/4995 (11%)] loss: 0.0013 L_si: 0.0007 L_grad: 0.0006 
Train Epoch: 1 [569/4995 (11%)] loss: 0.0006 L_si: 0.0002 L_grad: 0.0004 
Train Epoch: 1 [570/4995 (11%)] loss: 0.0006 L_si: 0.0003 L_grad: 0.0003 
Train Epoch: 1 [571/4995 (11%)] loss: 0.0018 L_si: 0.0010 L_grad: 0.0008 
Train Epoch: 1 [572/4995 (11%)] loss: 0.0011 L_si: 0.0006 L_grad: 0.0005 
Train Epoch: 1 [573/4995 (11%)] loss: 0.0016 L_si: 0.0009 L_grad: 0.0007 
Train Epoch: 1 [574/4995 (11%)] loss: 0.0041 L_si: 0.0027 L_grad: 0.0014 
Train Epoch: 1 [575/4995 (12%)] loss: 0.0002 L_si: 0.0000 L_grad: 0.0002 
Train Epoch: 1 [576/4995 (12%)] loss: 0.0006 L_si: 0.0002 L_grad: 0.0004 
Train Epoch: 1 [577/4995 (12%)] loss: 0.0007 L_si: 0.0003 L_grad: 0.0004 
Train Epoch: 1 [578/4995 (12%)] loss: 0.0013 L_si: 0.0007 L_grad: 0.0006 
Train Epoch: 1 [579/4995 (12%)] loss: 0.0006 L_si: 0.0002 L_grad: 0.0004 
Train Epoch: 1 [580/4995 (12%)] loss: 0.0013 L_si: 0.0006 L_grad: 0.0006 
Train Epoch: 1 [581/4995 (12%)] loss: 0.0009 L_si: 0.0004 L_grad: 0.0004 
Train Epoch: 1 [582/4995 (12%)] loss: 0.0015 L_si: 0.0008 L_grad: 0.0008 
Train Epoch: 1 [583/4995 (12%)] loss: 0.0007 L_si: 0.0003 L_grad: 0.0003 
Train Epoch: 1 [584/4995 (12%)] loss: 0.0058 L_si: 0.0038 L_grad: 0.0020 
Train Epoch: 1 [585/4995 (12%)] loss: 0.0016 L_si: 0.0008 L_grad: 0.0007 
Train Epoch: 1 [586/4995 (12%)] loss: 0.0018 L_si: 0.0011 L_grad: 0.0007 
Train Epoch: 1 [587/4995 (12%)] loss: 0.0014 L_si: 0.0007 L_grad: 0.0006 
Train Epoch: 1 [588/4995 (12%)] loss: 0.0025 L_si: 0.0016 L_grad: 0.0009 
Train Epoch: 1 [589/4995 (12%)] loss: 0.0046 L_si: 0.0029 L_grad: 0.0017 
Train Epoch: 1 [590/4995 (12%)] loss: 0.0001 L_si: 0.0000 L_grad: 0.0001 
Train Epoch: 1 [591/4995 (12%)] loss: 0.0010 L_si: 0.0005 L_grad: 0.0005 
Train Epoch: 1 [592/4995 (12%)] loss: 0.0002 L_si: 0.0000 L_grad: 0.0002 
Train Epoch: 1 [593/4995 (12%)] loss: 0.0002 L_si: 0.0000 L_grad: 0.0002 
Train Epoch: 1 [594/4995 (12%)] loss: 0.0018 L_si: 0.0010 L_grad: 0.0008 
Train Epoch: 1 [595/4995 (12%)] loss: 0.0009 L_si: 0.0004 L_grad: 0.0005 
Train Epoch: 1 [596/4995 (12%)] loss: 0.0009 L_si: 0.0005 L_grad: 0.0004 
Train Epoch: 1 [597/4995 (12%)] loss: 0.0005 L_si: 0.0002 L_grad: 0.0003 
Train Epoch: 1 [598/4995 (12%)] loss: 0.0009 L_si: 0.0004 L_grad: 0.0005 
Train Epoch: 1 [599/4995 (12%)] loss: 0.0010 L_si: 0.0005 L_grad: 0.0005 
Train Epoch: 1 [600/4995 (12%)] loss: 0.0016 L_si: 0.0008 L_grad: 0.0009 
Train Epoch: 1 [601/4995 (12%)] loss: 0.0012 L_si: 0.0007 L_grad: 0.0005 
Train Epoch: 1 [602/4995 (12%)] loss: 0.0008 L_si: 0.0003 L_grad: 0.0004 
Train Epoch: 1 [603/4995 (12%)] loss: 0.0006 L_si: 0.0002 L_grad: 0.0004 
Train Epoch: 1 [604/4995 (12%)] loss: 0.0007 L_si: 0.0003 L_grad: 0.0004 
Train Epoch: 1 [605/4995 (12%)] loss: 0.0010 L_si: 0.0005 L_grad: 0.0005 
Train Epoch: 1 [606/4995 (12%)] loss: 0.0002 L_si: 0.0000 L_grad: 0.0002 
Train Epoch: 1 [607/4995 (12%)] loss: 0.0008 L_si: 0.0004 L_grad: 0.0004 
Train Epoch: 1 [608/4995 (12%)] loss: 0.0027 L_si: 0.0016 L_grad: 0.0011 
Train Epoch: 1 [609/4995 (12%)] loss: 0.0013 L_si: 0.0008 L_grad: 0.0006 
Train Epoch: 1 [610/4995 (12%)] loss: 0.0012 L_si: 0.0006 L_grad: 0.0006 
Train Epoch: 1 [611/4995 (12%)] loss: 0.0006 L_si: 0.0002 L_grad: 0.0004 
Train Epoch: 1 [612/4995 (12%)] loss: 0.0007 L_si: 0.0002 L_grad: 0.0004 
Train Epoch: 1 [613/4995 (12%)] loss: 0.0009 L_si: 0.0004 L_grad: 0.0005 
Train Epoch: 1 [614/4995 (12%)] loss: 0.0008 L_si: 0.0004 L_grad: 0.0005 
Train Epoch: 1 [615/4995 (12%)] loss: 0.0013 L_si: 0.0007 L_grad: 0.0006 
Train Epoch: 1 [616/4995 (12%)] loss: 0.0009 L_si: 0.0004 L_grad: 0.0005 
Train Epoch: 1 [617/4995 (12%)] loss: 0.0014 L_si: 0.0007 L_grad: 0.0007 
Train Epoch: 1 [618/4995 (12%)] loss: 0.0018 L_si: 0.0010 L_grad: 0.0008 
Train Epoch: 1 [619/4995 (12%)] loss: 0.0011 L_si: 0.0005 L_grad: 0.0006 
Train Epoch: 1 [620/4995 (12%)] loss: 0.0020 L_si: 0.0012 L_grad: 0.0007 
Train Epoch: 1 [621/4995 (12%)] loss: 0.0012 L_si: 0.0006 L_grad: 0.0006 
Train Epoch: 1 [622/4995 (12%)] loss: 0.0017 L_si: 0.0009 L_grad: 0.0008 
Train Epoch: 1 [623/4995 (12%)] loss: 0.0012 L_si: 0.0006 L_grad: 0.0006 
Train Epoch: 1 [624/4995 (12%)] loss: 0.0007 L_si: 0.0003 L_grad: 0.0004 
Train Epoch: 1 [625/4995 (13%)] loss: 0.0012 L_si: 0.0006 L_grad: 0.0006 
Train Epoch: 1 [626/4995 (13%)] loss: 0.0030 L_si: 0.0021 L_grad: 0.0009 
Train Epoch: 1 [627/4995 (13%)] loss: 0.0011 L_si: 0.0006 L_grad: 0.0006 
Train Epoch: 1 [628/4995 (13%)] loss: 0.0011 L_si: 0.0006 L_grad: 0.0006 
Train Epoch: 1 [629/4995 (13%)] loss: 0.0013 L_si: 0.0006 L_grad: 0.0006 
Train Epoch: 1 [630/4995 (13%)] loss: 0.0015 L_si: 0.0008 L_grad: 0.0006 
Train Epoch: 1 [631/4995 (13%)] loss: 0.0002 L_si: 0.0000 L_grad: 0.0002 
Train Epoch: 1 [632/4995 (13%)] loss: 0.0009 L_si: 0.0003 L_grad: 0.0006 
Train Epoch: 1 [633/4995 (13%)] loss: 0.0004 L_si: 0.0001 L_grad: 0.0002 
Train Epoch: 1 [634/4995 (13%)] loss: 0.0023 L_si: 0.0015 L_grad: 0.0008 
Train Epoch: 1 [635/4995 (13%)] loss: 0.0010 L_si: 0.0005 L_grad: 0.0005 
Train Epoch: 1 [636/4995 (13%)] loss: 0.0006 L_si: 0.0002 L_grad: 0.0004 
Train Epoch: 1 [637/4995 (13%)] loss: 0.0010 L_si: 0.0005 L_grad: 0.0005 
Train Epoch: 1 [638/4995 (13%)] loss: 0.0009 L_si: 0.0004 L_grad: 0.0005 
Train Epoch: 1 [639/4995 (13%)] loss: 0.0010 L_si: 0.0005 L_grad: 0.0005 
Train Epoch: 1 [640/4995 (13%)] loss: 0.0007 L_si: 0.0003 L_grad: 0.0004 
Train Epoch: 1 [641/4995 (13%)] loss: 0.0014 L_si: 0.0007 L_grad: 0.0007 
Train Epoch: 1 [642/4995 (13%)] loss: 0.0007 L_si: 0.0003 L_grad: 0.0004 
Train Epoch: 1 [643/4995 (13%)] loss: 0.0005 L_si: 0.0001 L_grad: 0.0003 
Train Epoch: 1 [644/4995 (13%)] loss: 0.0003 L_si: 0.0001 L_grad: 0.0002 
Train Epoch: 1 [645/4995 (13%)] loss: 0.0022 L_si: 0.0014 L_grad: 0.0008 
Train Epoch: 1 [646/4995 (13%)] loss: 0.0016 L_si: 0.0009 L_grad: 0.0007 
Train Epoch: 1 [647/4995 (13%)] loss: 0.0020 L_si: 0.0012 L_grad: 0.0008 
Train Epoch: 1 [648/4995 (13%)] loss: 0.0016 L_si: 0.0008 L_grad: 0.0008 
Train Epoch: 1 [649/4995 (13%)] loss: 0.0014 L_si: 0.0007 L_grad: 0.0006 
Train Epoch: 1 [650/4995 (13%)] loss: 0.0008 L_si: 0.0003 L_grad: 0.0004 
Train Epoch: 1 [651/4995 (13%)] loss: 0.0013 L_si: 0.0008 L_grad: 0.0005 
Train Epoch: 1 [652/4995 (13%)] loss: 0.0014 L_si: 0.0007 L_grad: 0.0006 
Train Epoch: 1 [653/4995 (13%)] loss: 0.0002 L_si: 0.0000 L_grad: 0.0001 
Train Epoch: 1 [654/4995 (13%)] loss: 0.0007 L_si: 0.0003 L_grad: 0.0004 
Train Epoch: 1 [655/4995 (13%)] loss: 0.0013 L_si: 0.0007 L_grad: 0.0006 
Train Epoch: 1 [656/4995 (13%)] loss: 0.0011 L_si: 0.0005 L_grad: 0.0006 
Train Epoch: 1 [657/4995 (13%)] loss: 0.0008 L_si: 0.0004 L_grad: 0.0005 
Train Epoch: 1 [658/4995 (13%)] loss: 0.0010 L_si: 0.0005 L_grad: 0.0005 
Train Epoch: 1 [659/4995 (13%)] loss: 0.0006 L_si: 0.0002 L_grad: 0.0004 
Train Epoch: 1 [660/4995 (13%)] loss: 0.0012 L_si: 0.0007 L_grad: 0.0006 
Train Epoch: 1 [661/4995 (13%)] loss: 0.0010 L_si: 0.0005 L_grad: 0.0005 
Train Epoch: 1 [662/4995 (13%)] loss: 0.0032 L_si: 0.0023 L_grad: 0.0008 
Train Epoch: 1 [663/4995 (13%)] loss: 0.0030 L_si: 0.0022 L_grad: 0.0008 
Train Epoch: 1 [664/4995 (13%)] loss: 0.0013 L_si: 0.0008 L_grad: 0.0005 
Train Epoch: 1 [665/4995 (13%)] loss: 0.0007 L_si: 0.0003 L_grad: 0.0004 
Train Epoch: 1 [666/4995 (13%)] loss: 0.0004 L_si: 0.0002 L_grad: 0.0003 
Train Epoch: 1 [667/4995 (13%)] loss: 0.0011 L_si: 0.0006 L_grad: 0.0005 
Train Epoch: 1 [668/4995 (13%)] loss: 0.0014 L_si: 0.0007 L_grad: 0.0006 
Train Epoch: 1 [669/4995 (13%)] loss: 0.0001 L_si: 0.0000 L_grad: 0.0001 
Train Epoch: 1 [670/4995 (13%)] loss: 0.0008 L_si: 0.0004 L_grad: 0.0005 
Train Epoch: 1 [671/4995 (13%)] loss: 0.0007 L_si: 0.0003 L_grad: 0.0004 
Train Epoch: 1 [672/4995 (13%)] loss: 0.0011 L_si: 0.0006 L_grad: 0.0005 
Train Epoch: 1 [673/4995 (13%)] loss: 0.0010 L_si: 0.0005 L_grad: 0.0005 
Train Epoch: 1 [674/4995 (13%)] loss: 0.0011 L_si: 0.0006 L_grad: 0.0005 
Train Epoch: 1 [675/4995 (14%)] loss: 0.0012 L_si: 0.0006 L_grad: 0.0006 
Train Epoch: 1 [676/4995 (14%)] loss: 0.0010 L_si: 0.0005 L_grad: 0.0004 
Train Epoch: 1 [677/4995 (14%)] loss: 0.0009 L_si: 0.0005 L_grad: 0.0004 
Train Epoch: 1 [678/4995 (14%)] loss: 0.0003 L_si: 0.0001 L_grad: 0.0002 
Train Epoch: 1 [679/4995 (14%)] loss: 0.0014 L_si: 0.0008 L_grad: 0.0006 
Train Epoch: 1 [680/4995 (14%)] loss: 0.0015 L_si: 0.0008 L_grad: 0.0006 
Train Epoch: 1 [681/4995 (14%)] loss: 0.0012 L_si: 0.0006 L_grad: 0.0006 
Train Epoch: 1 [682/4995 (14%)] loss: 0.0033 L_si: 0.0020 L_grad: 0.0013 
Train Epoch: 1 [683/4995 (14%)] loss: 0.0002 L_si: 0.0000 L_grad: 0.0002 
Train Epoch: 1 [684/4995 (14%)] loss: 0.0014 L_si: 0.0008 L_grad: 0.0006 
Train Epoch: 1 [685/4995 (14%)] loss: 0.0007 L_si: 0.0003 L_grad: 0.0004 
Train Epoch: 1 [686/4995 (14%)] loss: 0.0005 L_si: 0.0002 L_grad: 0.0003 
Train Epoch: 1 [687/4995 (14%)] loss: 0.0008 L_si: 0.0004 L_grad: 0.0005 
Train Epoch: 1 [688/4995 (14%)] loss: 0.0015 L_si: 0.0007 L_grad: 0.0009 
Train Epoch: 1 [689/4995 (14%)] loss: 0.0041 L_si: 0.0025 L_grad: 0.0015 
Train Epoch: 1 [690/4995 (14%)] loss: 0.0020 L_si: 0.0012 L_grad: 0.0008 
Train Epoch: 1 [691/4995 (14%)] loss: 0.0016 L_si: 0.0007 L_grad: 0.0009 
Train Epoch: 1 [692/4995 (14%)] loss: 0.0011 L_si: 0.0006 L_grad: 0.0004 
Train Epoch: 1 [693/4995 (14%)] loss: 0.0009 L_si: 0.0005 L_grad: 0.0004 
Train Epoch: 1 [694/4995 (14%)] loss: 0.0013 L_si: 0.0007 L_grad: 0.0006 
Train Epoch: 1 [695/4995 (14%)] loss: 0.0014 L_si: 0.0008 L_grad: 0.0006 
Train Epoch: 1 [696/4995 (14%)] loss: 0.0018 L_si: 0.0010 L_grad: 0.0008 
Train Epoch: 1 [697/4995 (14%)] loss: 0.0030 L_si: 0.0018 L_grad: 0.0012 
Train Epoch: 1 [698/4995 (14%)] loss: 0.0013 L_si: 0.0007 L_grad: 0.0006 
Train Epoch: 1 [699/4995 (14%)] loss: 0.0039 L_si: 0.0024 L_grad: 0.0015 
Train Epoch: 1 [700/4995 (14%)] loss: 0.0011 L_si: 0.0005 L_grad: 0.0005 
Train Epoch: 1 [701/4995 (14%)] loss: 0.0008 L_si: 0.0003 L_grad: 0.0004 
Train Epoch: 1 [702/4995 (14%)] loss: 0.0026 L_si: 0.0018 L_grad: 0.0008 
Train Epoch: 1 [703/4995 (14%)] loss: 0.0007 L_si: 0.0003 L_grad: 0.0004 
Train Epoch: 1 [704/4995 (14%)] loss: 0.0013 L_si: 0.0006 L_grad: 0.0007 
Train Epoch: 1 [705/4995 (14%)] loss: 0.0014 L_si: 0.0008 L_grad: 0.0006 
Train Epoch: 1 [706/4995 (14%)] loss: 0.0009 L_si: 0.0004 L_grad: 0.0005 
Train Epoch: 1 [707/4995 (14%)] loss: 0.0018 L_si: 0.0011 L_grad: 0.0007 
Train Epoch: 1 [708/4995 (14%)] loss: 0.0005 L_si: 0.0002 L_grad: 0.0003 
Train Epoch: 1 [709/4995 (14%)] loss: 0.0009 L_si: 0.0005 L_grad: 0.0005 
Train Epoch: 1 [710/4995 (14%)] loss: 0.0016 L_si: 0.0009 L_grad: 0.0007 
Train Epoch: 1 [711/4995 (14%)] loss: 0.0008 L_si: 0.0003 L_grad: 0.0005 
Train Epoch: 1 [712/4995 (14%)] loss: 0.0007 L_si: 0.0003 L_grad: 0.0004 
Train Epoch: 1 [713/4995 (14%)] loss: 0.0006 L_si: 0.0002 L_grad: 0.0003 
Train Epoch: 1 [714/4995 (14%)] loss: 0.0011 L_si: 0.0005 L_grad: 0.0005 
Train Epoch: 1 [715/4995 (14%)] loss: 0.0015 L_si: 0.0008 L_grad: 0.0007 
Train Epoch: 1 [716/4995 (14%)] loss: 0.0009 L_si: 0.0005 L_grad: 0.0004 
Train Epoch: 1 [717/4995 (14%)] loss: 0.0017 L_si: 0.0009 L_grad: 0.0007 
Train Epoch: 1 [718/4995 (14%)] loss: 0.0035 L_si: 0.0022 L_grad: 0.0013 
Train Epoch: 1 [719/4995 (14%)] loss: 0.0005 L_si: 0.0002 L_grad: 0.0003 
Train Epoch: 1 [720/4995 (14%)] loss: 0.0009 L_si: 0.0005 L_grad: 0.0004 
Train Epoch: 1 [721/4995 (14%)] loss: 0.0008 L_si: 0.0004 L_grad: 0.0004 
Train Epoch: 1 [722/4995 (14%)] loss: 0.0052 L_si: 0.0040 L_grad: 0.0012 
Train Epoch: 1 [723/4995 (14%)] loss: 0.0009 L_si: 0.0005 L_grad: 0.0005 
Train Epoch: 1 [724/4995 (14%)] loss: 0.0006 L_si: 0.0002 L_grad: 0.0004 
Train Epoch: 1 [725/4995 (15%)] loss: 0.0037 L_si: 0.0023 L_grad: 0.0014 
Train Epoch: 1 [726/4995 (15%)] loss: 0.0009 L_si: 0.0004 L_grad: 0.0005 
Train Epoch: 1 [727/4995 (15%)] loss: 0.0007 L_si: 0.0003 L_grad: 0.0004 
Train Epoch: 1 [728/4995 (15%)] loss: 0.0017 L_si: 0.0010 L_grad: 0.0007 
Train Epoch: 1 [729/4995 (15%)] loss: 0.0021 L_si: 0.0012 L_grad: 0.0009 
Train Epoch: 1 [730/4995 (15%)] loss: 0.0007 L_si: 0.0003 L_grad: 0.0004 
Train Epoch: 1 [731/4995 (15%)] loss: 0.0022 L_si: 0.0014 L_grad: 0.0008 
Train Epoch: 1 [732/4995 (15%)] loss: 0.0001 L_si: 0.0000 L_grad: 0.0001 
Train Epoch: 1 [733/4995 (15%)] loss: 0.0008 L_si: 0.0003 L_grad: 0.0004 
Train Epoch: 1 [734/4995 (15%)] loss: 0.0033 L_si: 0.0020 L_grad: 0.0013 
Train Epoch: 1 [735/4995 (15%)] loss: 0.0008 L_si: 0.0004 L_grad: 0.0004 
Train Epoch: 1 [736/4995 (15%)] loss: 0.0007 L_si: 0.0003 L_grad: 0.0004 
Train Epoch: 1 [737/4995 (15%)] loss: 0.0013 L_si: 0.0006 L_grad: 0.0006 
Train Epoch: 1 [738/4995 (15%)] loss: 0.0014 L_si: 0.0006 L_grad: 0.0007 
Train Epoch: 1 [739/4995 (15%)] loss: 0.0007 L_si: 0.0003 L_grad: 0.0004 
Train Epoch: 1 [740/4995 (15%)] loss: 0.0005 L_si: 0.0002 L_grad: 0.0004 
Train Epoch: 1 [741/4995 (15%)] loss: 0.0010 L_si: 0.0005 L_grad: 0.0005 
Train Epoch: 1 [742/4995 (15%)] loss: 0.0008 L_si: 0.0004 L_grad: 0.0004 
Train Epoch: 1 [743/4995 (15%)] loss: 0.0007 L_si: 0.0004 L_grad: 0.0004 
Train Epoch: 1 [744/4995 (15%)] loss: 0.0009 L_si: 0.0005 L_grad: 0.0004 
Train Epoch: 1 [745/4995 (15%)] loss: 0.0004 L_si: 0.0002 L_grad: 0.0003 
Train Epoch: 1 [746/4995 (15%)] loss: 0.0002 L_si: 0.0000 L_grad: 0.0002 
Train Epoch: 1 [747/4995 (15%)] loss: 0.0007 L_si: 0.0003 L_grad: 0.0004 
Train Epoch: 1 [748/4995 (15%)] loss: 0.0009 L_si: 0.0004 L_grad: 0.0005 
Train Epoch: 1 [749/4995 (15%)] loss: 0.0010 L_si: 0.0005 L_grad: 0.0005 
Train Epoch: 1 [750/4995 (15%)] loss: 0.0011 L_si: 0.0005 L_grad: 0.0006 
Train Epoch: 1 [751/4995 (15%)] loss: 0.0008 L_si: 0.0003 L_grad: 0.0004 
Train Epoch: 1 [752/4995 (15%)] loss: 0.0016 L_si: 0.0010 L_grad: 0.0007 
Train Epoch: 1 [753/4995 (15%)] loss: 0.0008 L_si: 0.0003 L_grad: 0.0005 
Train Epoch: 1 [754/4995 (15%)] loss: 0.0014 L_si: 0.0007 L_grad: 0.0006 
Train Epoch: 1 [755/4995 (15%)] loss: 0.0007 L_si: 0.0002 L_grad: 0.0004 
Train Epoch: 1 [756/4995 (15%)] loss: 0.0007 L_si: 0.0003 L_grad: 0.0004 
Train Epoch: 1 [757/4995 (15%)] loss: 0.0009 L_si: 0.0005 L_grad: 0.0004 
Train Epoch: 1 [758/4995 (15%)] loss: 0.0002 L_si: 0.0000 L_grad: 0.0002 
Train Epoch: 1 [759/4995 (15%)] loss: 0.0011 L_si: 0.0006 L_grad: 0.0004 
Train Epoch: 1 [760/4995 (15%)] loss: 0.0008 L_si: 0.0003 L_grad: 0.0005 
Train Epoch: 1 [761/4995 (15%)] loss: 0.0008 L_si: 0.0004 L_grad: 0.0005 
Train Epoch: 1 [762/4995 (15%)] loss: 0.0009 L_si: 0.0004 L_grad: 0.0005 
Train Epoch: 1 [763/4995 (15%)] loss: 0.0008 L_si: 0.0004 L_grad: 0.0004 
Train Epoch: 1 [764/4995 (15%)] loss: 0.0010 L_si: 0.0004 L_grad: 0.0006 
Train Epoch: 1 [765/4995 (15%)] loss: 0.0012 L_si: 0.0006 L_grad: 0.0006 
Train Epoch: 1 [766/4995 (15%)] loss: 0.0009 L_si: 0.0004 L_grad: 0.0005 
Train Epoch: 1 [767/4995 (15%)] loss: 0.0007 L_si: 0.0003 L_grad: 0.0005 
Train Epoch: 1 [768/4995 (15%)] loss: 0.0010 L_si: 0.0005 L_grad: 0.0006 
Train Epoch: 1 [769/4995 (15%)] loss: 0.0039 L_si: 0.0026 L_grad: 0.0013 
Train Epoch: 1 [770/4995 (15%)] loss: 0.0006 L_si: 0.0002 L_grad: 0.0004 
Train Epoch: 1 [771/4995 (15%)] loss: 0.0003 L_si: 0.0000 L_grad: 0.0002 
Train Epoch: 1 [772/4995 (15%)] loss: 0.0014 L_si: 0.0007 L_grad: 0.0008 
Train Epoch: 1 [773/4995 (15%)] loss: 0.0011 L_si: 0.0005 L_grad: 0.0006 
Train Epoch: 1 [774/4995 (15%)] loss: 0.0009 L_si: 0.0004 L_grad: 0.0005 
Train Epoch: 1 [775/4995 (16%)] loss: 0.0005 L_si: 0.0002 L_grad: 0.0003 
Train Epoch: 1 [776/4995 (16%)] loss: 0.0023 L_si: 0.0013 L_grad: 0.0010 
Train Epoch: 1 [777/4995 (16%)] loss: 0.0014 L_si: 0.0006 L_grad: 0.0008 
Train Epoch: 1 [778/4995 (16%)] loss: 0.0009 L_si: 0.0003 L_grad: 0.0005 
Train Epoch: 1 [779/4995 (16%)] loss: 0.0010 L_si: 0.0003 L_grad: 0.0006 
Train Epoch: 1 [780/4995 (16%)] loss: 0.0007 L_si: 0.0002 L_grad: 0.0005 
Train Epoch: 1 [781/4995 (16%)] loss: 0.0010 L_si: 0.0005 L_grad: 0.0005 
Train Epoch: 1 [782/4995 (16%)] loss: 0.0017 L_si: 0.0009 L_grad: 0.0008 
Train Epoch: 1 [783/4995 (16%)] loss: 0.0013 L_si: 0.0006 L_grad: 0.0007 
Train Epoch: 1 [784/4995 (16%)] loss: 0.0011 L_si: 0.0005 L_grad: 0.0006 
Train Epoch: 1 [785/4995 (16%)] loss: 0.0015 L_si: 0.0009 L_grad: 0.0007 
Train Epoch: 1 [786/4995 (16%)] loss: 0.0009 L_si: 0.0004 L_grad: 0.0005 
Train Epoch: 1 [787/4995 (16%)] loss: 0.0017 L_si: 0.0010 L_grad: 0.0006 
Train Epoch: 1 [788/4995 (16%)] loss: 0.0006 L_si: 0.0002 L_grad: 0.0004 
Train Epoch: 1 [789/4995 (16%)] loss: 0.0013 L_si: 0.0007 L_grad: 0.0006 
Train Epoch: 1 [790/4995 (16%)] loss: 0.0011 L_si: 0.0005 L_grad: 0.0006 
Train Epoch: 1 [791/4995 (16%)] loss: 0.0012 L_si: 0.0006 L_grad: 0.0006 
Train Epoch: 1 [792/4995 (16%)] loss: 0.0012 L_si: 0.0005 L_grad: 0.0007 
Train Epoch: 1 [793/4995 (16%)] loss: 0.0008 L_si: 0.0003 L_grad: 0.0005 
Train Epoch: 1 [794/4995 (16%)] loss: 0.0002 L_si: 0.0000 L_grad: 0.0002 
Train Epoch: 1 [795/4995 (16%)] loss: 0.0012 L_si: 0.0006 L_grad: 0.0006 
Train Epoch: 1 [796/4995 (16%)] loss: 0.0007 L_si: 0.0002 L_grad: 0.0004 
Train Epoch: 1 [797/4995 (16%)] loss: 0.0011 L_si: 0.0005 L_grad: 0.0006 
Train Epoch: 1 [798/4995 (16%)] loss: 0.0007 L_si: 0.0003 L_grad: 0.0004 
Train Epoch: 1 [799/4995 (16%)] loss: 0.0007 L_si: 0.0002 L_grad: 0.0005 
Train Epoch: 1 [800/4995 (16%)] loss: 0.0002 L_si: 0.0000 L_grad: 0.0002 
Train Epoch: 1 [801/4995 (16%)] loss: 0.0006 L_si: 0.0003 L_grad: 0.0004 
Train Epoch: 1 [802/4995 (16%)] loss: 0.0013 L_si: 0.0005 L_grad: 0.0008 
Train Epoch: 1 [803/4995 (16%)] loss: 0.0013 L_si: 0.0005 L_grad: 0.0008 
Train Epoch: 1 [804/4995 (16%)] loss: 0.0009 L_si: 0.0005 L_grad: 0.0005 
Train Epoch: 1 [805/4995 (16%)] loss: 0.0011 L_si: 0.0005 L_grad: 0.0006 
Train Epoch: 1 [806/4995 (16%)] loss: 0.0008 L_si: 0.0003 L_grad: 0.0005 
Train Epoch: 1 [807/4995 (16%)] loss: 0.0029 L_si: 0.0018 L_grad: 0.0011 
Train Epoch: 1 [808/4995 (16%)] loss: 0.0008 L_si: 0.0003 L_grad: 0.0005 
Train Epoch: 1 [809/4995 (16%)] loss: 0.0010 L_si: 0.0005 L_grad: 0.0006 
Train Epoch: 1 [810/4995 (16%)] loss: 0.0015 L_si: 0.0008 L_grad: 0.0007 
Train Epoch: 1 [811/4995 (16%)] loss: 0.0012 L_si: 0.0006 L_grad: 0.0005 
Train Epoch: 1 [812/4995 (16%)] loss: 0.0007 L_si: 0.0002 L_grad: 0.0005 
Train Epoch: 1 [813/4995 (16%)] loss: 0.0009 L_si: 0.0004 L_grad: 0.0005 
Train Epoch: 1 [814/4995 (16%)] loss: 0.0036 L_si: 0.0026 L_grad: 0.0010 
Train Epoch: 1 [815/4995 (16%)] loss: 0.0009 L_si: 0.0004 L_grad: 0.0005 
Train Epoch: 1 [816/4995 (16%)] loss: 0.0011 L_si: 0.0006 L_grad: 0.0005 
Train Epoch: 1 [817/4995 (16%)] loss: 0.0010 L_si: 0.0004 L_grad: 0.0005 
Train Epoch: 1 [818/4995 (16%)] loss: 0.0007 L_si: 0.0002 L_grad: 0.0005 
Train Epoch: 1 [819/4995 (16%)] loss: 0.0009 L_si: 0.0005 L_grad: 0.0004 
Train Epoch: 1 [820/4995 (16%)] loss: 0.0011 L_si: 0.0006 L_grad: 0.0005 
Train Epoch: 1 [821/4995 (16%)] loss: 0.0009 L_si: 0.0005 L_grad: 0.0004 
Train Epoch: 1 [822/4995 (16%)] loss: 0.0016 L_si: 0.0009 L_grad: 0.0007 
Train Epoch: 1 [823/4995 (16%)] loss: 0.0008 L_si: 0.0004 L_grad: 0.0004 
Train Epoch: 1 [824/4995 (16%)] loss: 0.0021 L_si: 0.0013 L_grad: 0.0008 
Train Epoch: 1 [825/4995 (17%)] loss: 0.0011 L_si: 0.0006 L_grad: 0.0005 
Train Epoch: 1 [826/4995 (17%)] loss: 0.0006 L_si: 0.0003 L_grad: 0.0003 
Train Epoch: 1 [827/4995 (17%)] loss: 0.0013 L_si: 0.0007 L_grad: 0.0006 
Train Epoch: 1 [828/4995 (17%)] loss: 0.0002 L_si: 0.0000 L_grad: 0.0001 
Train Epoch: 1 [829/4995 (17%)] loss: 0.0011 L_si: 0.0006 L_grad: 0.0005 
Train Epoch: 1 [830/4995 (17%)] loss: 0.0011 L_si: 0.0006 L_grad: 0.0005 
Train Epoch: 1 [831/4995 (17%)] loss: 0.0014 L_si: 0.0007 L_grad: 0.0007 
Train Epoch: 1 [832/4995 (17%)] loss: 0.0006 L_si: 0.0002 L_grad: 0.0004 
Train Epoch: 1 [833/4995 (17%)] loss: 0.0009 L_si: 0.0004 L_grad: 0.0005 
Train Epoch: 1 [834/4995 (17%)] loss: 0.0009 L_si: 0.0004 L_grad: 0.0005 
Train Epoch: 1 [835/4995 (17%)] loss: 0.0021 L_si: 0.0011 L_grad: 0.0009 
Train Epoch: 1 [836/4995 (17%)] loss: 0.0007 L_si: 0.0003 L_grad: 0.0004 
Train Epoch: 1 [837/4995 (17%)] loss: 0.0006 L_si: 0.0002 L_grad: 0.0004 
Train Epoch: 1 [838/4995 (17%)] loss: 0.0006 L_si: 0.0002 L_grad: 0.0004 
Train Epoch: 1 [839/4995 (17%)] loss: 0.0005 L_si: 0.0002 L_grad: 0.0003 
Train Epoch: 1 [840/4995 (17%)] loss: 0.0011 L_si: 0.0005 L_grad: 0.0006 
Train Epoch: 1 [841/4995 (17%)] loss: 0.0001 L_si: 0.0000 L_grad: 0.0001 
Train Epoch: 1 [842/4995 (17%)] loss: 0.0015 L_si: 0.0008 L_grad: 0.0007 
Train Epoch: 1 [843/4995 (17%)] loss: 0.0010 L_si: 0.0006 L_grad: 0.0004 
Train Epoch: 1 [844/4995 (17%)] loss: 0.0021 L_si: 0.0013 L_grad: 0.0008 
Train Epoch: 1 [845/4995 (17%)] loss: 0.0008 L_si: 0.0004 L_grad: 0.0004 
Train Epoch: 1 [846/4995 (17%)] loss: 0.0011 L_si: 0.0005 L_grad: 0.0006 
Train Epoch: 1 [847/4995 (17%)] loss: 0.0038 L_si: 0.0023 L_grad: 0.0016 
Train Epoch: 1 [848/4995 (17%)] loss: 0.0008 L_si: 0.0003 L_grad: 0.0004 
Train Epoch: 1 [849/4995 (17%)] loss: 0.0008 L_si: 0.0003 L_grad: 0.0005 
Train Epoch: 1 [850/4995 (17%)] loss: 0.0007 L_si: 0.0003 L_grad: 0.0004 
Train Epoch: 1 [851/4995 (17%)] loss: 0.0010 L_si: 0.0005 L_grad: 0.0006 
Train Epoch: 1 [852/4995 (17%)] loss: 0.0008 L_si: 0.0003 L_grad: 0.0005 
Train Epoch: 1 [853/4995 (17%)] loss: 0.0012 L_si: 0.0006 L_grad: 0.0006 
Train Epoch: 1 [854/4995 (17%)] loss: 0.0002 L_si: 0.0001 L_grad: 0.0002 
Train Epoch: 1 [855/4995 (17%)] loss: 0.0009 L_si: 0.0004 L_grad: 0.0005 
Train Epoch: 1 [856/4995 (17%)] loss: 0.0007 L_si: 0.0003 L_grad: 0.0004 
Train Epoch: 1 [857/4995 (17%)] loss: 0.0005 L_si: 0.0002 L_grad: 0.0003 
Train Epoch: 1 [858/4995 (17%)] loss: 0.0012 L_si: 0.0006 L_grad: 0.0005 
Train Epoch: 1 [859/4995 (17%)] loss: 0.0005 L_si: 0.0002 L_grad: 0.0003 
Train Epoch: 1 [860/4995 (17%)] loss: 0.0010 L_si: 0.0005 L_grad: 0.0005 
Train Epoch: 1 [861/4995 (17%)] loss: 0.0009 L_si: 0.0004 L_grad: 0.0004 
Train Epoch: 1 [862/4995 (17%)] loss: 0.0030 L_si: 0.0022 L_grad: 0.0007 
Train Epoch: 1 [863/4995 (17%)] loss: 0.0011 L_si: 0.0005 L_grad: 0.0005 
Train Epoch: 1 [864/4995 (17%)] loss: 0.0008 L_si: 0.0003 L_grad: 0.0005 
Train Epoch: 1 [865/4995 (17%)] loss: 0.0034 L_si: 0.0021 L_grad: 0.0013 
Train Epoch: 1 [866/4995 (17%)] loss: 0.0008 L_si: 0.0003 L_grad: 0.0005 
Train Epoch: 1 [867/4995 (17%)] loss: 0.0006 L_si: 0.0002 L_grad: 0.0004 
Train Epoch: 1 [868/4995 (17%)] loss: 0.0009 L_si: 0.0004 L_grad: 0.0005 
Train Epoch: 1 [869/4995 (17%)] loss: 0.0008 L_si: 0.0004 L_grad: 0.0004 
Train Epoch: 1 [870/4995 (17%)] loss: 0.0002 L_si: 0.0000 L_grad: 0.0001 
Train Epoch: 1 [871/4995 (17%)] loss: 0.0021 L_si: 0.0012 L_grad: 0.0009 
Train Epoch: 1 [872/4995 (17%)] loss: 0.0012 L_si: 0.0006 L_grad: 0.0005 
Train Epoch: 1 [873/4995 (17%)] loss: 0.0019 L_si: 0.0011 L_grad: 0.0009 
Train Epoch: 1 [874/4995 (17%)] loss: 0.0021 L_si: 0.0014 L_grad: 0.0007 
Train Epoch: 1 [875/4995 (18%)] loss: 0.0001 L_si: 0.0000 L_grad: 0.0001 
Train Epoch: 1 [876/4995 (18%)] loss: 0.0016 L_si: 0.0007 L_grad: 0.0009 
Train Epoch: 1 [877/4995 (18%)] loss: 0.0008 L_si: 0.0003 L_grad: 0.0004 
Train Epoch: 1 [878/4995 (18%)] loss: 0.0006 L_si: 0.0002 L_grad: 0.0004 
Train Epoch: 1 [879/4995 (18%)] loss: 0.0002 L_si: 0.0000 L_grad: 0.0002 
Train Epoch: 1 [880/4995 (18%)] loss: 0.0004 L_si: 0.0002 L_grad: 0.0003 
Train Epoch: 1 [881/4995 (18%)] loss: 0.0006 L_si: 0.0002 L_grad: 0.0003 
Train Epoch: 1 [882/4995 (18%)] loss: 0.0007 L_si: 0.0003 L_grad: 0.0004 
Train Epoch: 1 [883/4995 (18%)] loss: 0.0011 L_si: 0.0005 L_grad: 0.0006 
Train Epoch: 1 [884/4995 (18%)] loss: 0.0014 L_si: 0.0007 L_grad: 0.0006 
Train Epoch: 1 [885/4995 (18%)] loss: 0.0003 L_si: 0.0001 L_grad: 0.0002 
Train Epoch: 1 [886/4995 (18%)] loss: 0.0007 L_si: 0.0003 L_grad: 0.0004 
Train Epoch: 1 [887/4995 (18%)] loss: 0.0033 L_si: 0.0020 L_grad: 0.0013 
Train Epoch: 1 [888/4995 (18%)] loss: 0.0006 L_si: 0.0003 L_grad: 0.0004 
Train Epoch: 1 [889/4995 (18%)] loss: 0.0008 L_si: 0.0004 L_grad: 0.0004 
Train Epoch: 1 [890/4995 (18%)] loss: 0.0023 L_si: 0.0013 L_grad: 0.0010 
Train Epoch: 1 [891/4995 (18%)] loss: 0.0009 L_si: 0.0004 L_grad: 0.0005 
Train Epoch: 1 [892/4995 (18%)] loss: 0.0024 L_si: 0.0014 L_grad: 0.0010 
Train Epoch: 1 [893/4995 (18%)] loss: 0.0010 L_si: 0.0004 L_grad: 0.0005 
Train Epoch: 1 [894/4995 (18%)] loss: 0.0004 L_si: 0.0002 L_grad: 0.0003 
Train Epoch: 1 [895/4995 (18%)] loss: 0.0007 L_si: 0.0003 L_grad: 0.0004 
Train Epoch: 1 [896/4995 (18%)] loss: 0.0027 L_si: 0.0016 L_grad: 0.0011 
Train Epoch: 1 [897/4995 (18%)] loss: 0.0007 L_si: 0.0003 L_grad: 0.0004 
Train Epoch: 1 [898/4995 (18%)] loss: 0.0015 L_si: 0.0009 L_grad: 0.0007 
Train Epoch: 1 [899/4995 (18%)] loss: 0.0008 L_si: 0.0003 L_grad: 0.0004 
Train Epoch: 1 [900/4995 (18%)] loss: 0.0008 L_si: 0.0004 L_grad: 0.0004 
Train Epoch: 1 [901/4995 (18%)] loss: 0.0008 L_si: 0.0003 L_grad: 0.0006 
Train Epoch: 1 [902/4995 (18%)] loss: 0.0007 L_si: 0.0003 L_grad: 0.0004 
Train Epoch: 1 [903/4995 (18%)] loss: 0.0029 L_si: 0.0018 L_grad: 0.0012 
Train Epoch: 1 [904/4995 (18%)] loss: 0.0010 L_si: 0.0005 L_grad: 0.0005 
Train Epoch: 1 [905/4995 (18%)] loss: 0.0010 L_si: 0.0004 L_grad: 0.0006 
Train Epoch: 1 [906/4995 (18%)] loss: 0.0008 L_si: 0.0003 L_grad: 0.0005 
Train Epoch: 1 [907/4995 (18%)] loss: 0.0008 L_si: 0.0003 L_grad: 0.0005 
Train Epoch: 1 [908/4995 (18%)] loss: 0.0015 L_si: 0.0007 L_grad: 0.0008 
Train Epoch: 1 [909/4995 (18%)] loss: 0.0007 L_si: 0.0002 L_grad: 0.0005 
Train Epoch: 1 [910/4995 (18%)] loss: 0.0052 L_si: 0.0039 L_grad: 0.0013 
Train Epoch: 1 [911/4995 (18%)] loss: 0.0038 L_si: 0.0023 L_grad: 0.0015 
Train Epoch: 1 [912/4995 (18%)] loss: 0.0027 L_si: 0.0018 L_grad: 0.0009 
Train Epoch: 1 [913/4995 (18%)] loss: 0.0019 L_si: 0.0009 L_grad: 0.0010 
Train Epoch: 1 [914/4995 (18%)] loss: 0.0013 L_si: 0.0005 L_grad: 0.0008 
Train Epoch: 1 [915/4995 (18%)] loss: 0.0012 L_si: 0.0005 L_grad: 0.0006 
Train Epoch: 1 [916/4995 (18%)] loss: 0.0027 L_si: 0.0016 L_grad: 0.0011 
Train Epoch: 1 [917/4995 (18%)] loss: 0.0020 L_si: 0.0008 L_grad: 0.0012 
Train Epoch: 1 [918/4995 (18%)] loss: 0.0011 L_si: 0.0004 L_grad: 0.0007 
Train Epoch: 1 [919/4995 (18%)] loss: 0.0012 L_si: 0.0004 L_grad: 0.0007 
Train Epoch: 1 [920/4995 (18%)] loss: 0.0016 L_si: 0.0008 L_grad: 0.0008 
Train Epoch: 1 [921/4995 (18%)] loss: 0.0008 L_si: 0.0003 L_grad: 0.0005 
Train Epoch: 1 [922/4995 (18%)] loss: 0.0010 L_si: 0.0004 L_grad: 0.0006 
Train Epoch: 1 [923/4995 (18%)] loss: 0.0014 L_si: 0.0007 L_grad: 0.0006 
Train Epoch: 1 [924/4995 (18%)] loss: 0.0017 L_si: 0.0009 L_grad: 0.0008 
Train Epoch: 1 [925/4995 (19%)] loss: 0.0020 L_si: 0.0012 L_grad: 0.0008 
Train Epoch: 1 [926/4995 (19%)] loss: 0.0012 L_si: 0.0005 L_grad: 0.0006 
Train Epoch: 1 [927/4995 (19%)] loss: 0.0012 L_si: 0.0005 L_grad: 0.0006 
Train Epoch: 1 [928/4995 (19%)] loss: 0.0032 L_si: 0.0020 L_grad: 0.0012 
Train Epoch: 1 [929/4995 (19%)] loss: 0.0008 L_si: 0.0003 L_grad: 0.0004 
Train Epoch: 1 [930/4995 (19%)] loss: 0.0026 L_si: 0.0019 L_grad: 0.0008 
Train Epoch: 1 [931/4995 (19%)] loss: 0.0012 L_si: 0.0006 L_grad: 0.0007 
Train Epoch: 1 [932/4995 (19%)] loss: 0.0010 L_si: 0.0004 L_grad: 0.0005 
Train Epoch: 1 [933/4995 (19%)] loss: 0.0012 L_si: 0.0005 L_grad: 0.0007 
Train Epoch: 1 [934/4995 (19%)] loss: 0.0007 L_si: 0.0003 L_grad: 0.0004 
Train Epoch: 1 [935/4995 (19%)] loss: 0.0007 L_si: 0.0003 L_grad: 0.0004 
Train Epoch: 1 [936/4995 (19%)] loss: 0.0007 L_si: 0.0003 L_grad: 0.0004 
Train Epoch: 1 [937/4995 (19%)] loss: 0.0008 L_si: 0.0004 L_grad: 0.0005 
Train Epoch: 1 [938/4995 (19%)] loss: 0.0010 L_si: 0.0004 L_grad: 0.0006 
Train Epoch: 1 [939/4995 (19%)] loss: 0.0006 L_si: 0.0003 L_grad: 0.0004 
Train Epoch: 1 [940/4995 (19%)] loss: 0.0008 L_si: 0.0004 L_grad: 0.0004 
Train Epoch: 1 [941/4995 (19%)] loss: 0.0011 L_si: 0.0005 L_grad: 0.0005 
Train Epoch: 1 [942/4995 (19%)] loss: 0.0017 L_si: 0.0009 L_grad: 0.0008 
Train Epoch: 1 [943/4995 (19%)] loss: 0.0009 L_si: 0.0003 L_grad: 0.0006 
Train Epoch: 1 [944/4995 (19%)] loss: 0.0017 L_si: 0.0008 L_grad: 0.0008 
Train Epoch: 1 [945/4995 (19%)] loss: 0.0011 L_si: 0.0006 L_grad: 0.0006 
Train Epoch: 1 [946/4995 (19%)] loss: 0.0010 L_si: 0.0005 L_grad: 0.0005 
Train Epoch: 1 [947/4995 (19%)] loss: 0.0005 L_si: 0.0002 L_grad: 0.0003 
Train Epoch: 1 [948/4995 (19%)] loss: 0.0009 L_si: 0.0004 L_grad: 0.0004 
Train Epoch: 1 [949/4995 (19%)] loss: 0.0026 L_si: 0.0015 L_grad: 0.0011 
Train Epoch: 1 [950/4995 (19%)] loss: 0.0011 L_si: 0.0004 L_grad: 0.0007 
Train Epoch: 1 [951/4995 (19%)] loss: 0.0002 L_si: 0.0000 L_grad: 0.0002 
Train Epoch: 1 [952/4995 (19%)] loss: 0.0024 L_si: 0.0014 L_grad: 0.0010 
Train Epoch: 1 [953/4995 (19%)] loss: 0.0009 L_si: 0.0003 L_grad: 0.0005 
Train Epoch: 1 [954/4995 (19%)] loss: 0.0010 L_si: 0.0004 L_grad: 0.0006 
Train Epoch: 1 [955/4995 (19%)] loss: 0.0008 L_si: 0.0003 L_grad: 0.0005 
Train Epoch: 1 [956/4995 (19%)] loss: 0.0005 L_si: 0.0002 L_grad: 0.0003 
Train Epoch: 1 [957/4995 (19%)] loss: 0.0011 L_si: 0.0004 L_grad: 0.0007 
Train Epoch: 1 [958/4995 (19%)] loss: 0.0015 L_si: 0.0009 L_grad: 0.0006 
Train Epoch: 1 [959/4995 (19%)] loss: 0.0010 L_si: 0.0005 L_grad: 0.0005 
Train Epoch: 1 [960/4995 (19%)] loss: 0.0006 L_si: 0.0003 L_grad: 0.0003 
Train Epoch: 1 [961/4995 (19%)] loss: 0.0015 L_si: 0.0006 L_grad: 0.0008 
Train Epoch: 1 [962/4995 (19%)] loss: 0.0008 L_si: 0.0004 L_grad: 0.0005 
Train Epoch: 1 [963/4995 (19%)] loss: 0.0009 L_si: 0.0005 L_grad: 0.0005 
Train Epoch: 1 [964/4995 (19%)] loss: 0.0012 L_si: 0.0006 L_grad: 0.0006 
Train Epoch: 1 [965/4995 (19%)] loss: 0.0002 L_si: 0.0000 L_grad: 0.0002 
Train Epoch: 1 [966/4995 (19%)] loss: 0.0011 L_si: 0.0005 L_grad: 0.0005 
Train Epoch: 1 [967/4995 (19%)] loss: 0.0010 L_si: 0.0005 L_grad: 0.0006 
Train Epoch: 1 [968/4995 (19%)] loss: 0.0005 L_si: 0.0002 L_grad: 0.0004 
Train Epoch: 1 [969/4995 (19%)] loss: 0.0007 L_si: 0.0003 L_grad: 0.0004 
Train Epoch: 1 [970/4995 (19%)] loss: 0.0012 L_si: 0.0007 L_grad: 0.0005 
Train Epoch: 1 [971/4995 (19%)] loss: 0.0021 L_si: 0.0014 L_grad: 0.0007 
Train Epoch: 1 [972/4995 (19%)] loss: 0.0005 L_si: 0.0002 L_grad: 0.0003 
Train Epoch: 1 [973/4995 (19%)] loss: 0.0006 L_si: 0.0002 L_grad: 0.0004 
Train Epoch: 1 [974/4995 (19%)] loss: 0.0030 L_si: 0.0021 L_grad: 0.0008 
Train Epoch: 1 [975/4995 (20%)] loss: 0.0004 L_si: 0.0002 L_grad: 0.0003 
Train Epoch: 1 [976/4995 (20%)] loss: 0.0005 L_si: 0.0001 L_grad: 0.0003 
Train Epoch: 1 [977/4995 (20%)] loss: 0.0014 L_si: 0.0008 L_grad: 0.0006 
Train Epoch: 1 [978/4995 (20%)] loss: 0.0007 L_si: 0.0003 L_grad: 0.0004 
Train Epoch: 1 [979/4995 (20%)] loss: 0.0009 L_si: 0.0004 L_grad: 0.0005 
Train Epoch: 1 [980/4995 (20%)] loss: 0.0013 L_si: 0.0007 L_grad: 0.0006 
Train Epoch: 1 [981/4995 (20%)] loss: 0.0005 L_si: 0.0002 L_grad: 0.0003 
Train Epoch: 1 [982/4995 (20%)] loss: 0.0007 L_si: 0.0003 L_grad: 0.0004 
Train Epoch: 1 [983/4995 (20%)] loss: 0.0007 L_si: 0.0002 L_grad: 0.0005 
Train Epoch: 1 [984/4995 (20%)] loss: 0.0005 L_si: 0.0002 L_grad: 0.0003 
Train Epoch: 1 [985/4995 (20%)] loss: 0.0001 L_si: 0.0000 L_grad: 0.0001 
Train Epoch: 1 [986/4995 (20%)] loss: 0.0006 L_si: 0.0002 L_grad: 0.0004 
Train Epoch: 1 [987/4995 (20%)] loss: 0.0010 L_si: 0.0006 L_grad: 0.0004 
Train Epoch: 1 [988/4995 (20%)] loss: 0.0003 L_si: 0.0001 L_grad: 0.0002 
Train Epoch: 1 [989/4995 (20%)] loss: 0.0004 L_si: 0.0001 L_grad: 0.0003 
Train Epoch: 1 [990/4995 (20%)] loss: 0.0017 L_si: 0.0008 L_grad: 0.0008 
Train Epoch: 1 [991/4995 (20%)] loss: 0.0011 L_si: 0.0005 L_grad: 0.0006 
Train Epoch: 1 [992/4995 (20%)] loss: 0.0012 L_si: 0.0006 L_grad: 0.0006 
Train Epoch: 1 [993/4995 (20%)] loss: 0.0010 L_si: 0.0004 L_grad: 0.0005 
Train Epoch: 1 [994/4995 (20%)] loss: 0.0007 L_si: 0.0002 L_grad: 0.0005 
Train Epoch: 1 [995/4995 (20%)] loss: 0.0008 L_si: 0.0003 L_grad: 0.0005 
Train Epoch: 1 [996/4995 (20%)] loss: 0.0014 L_si: 0.0008 L_grad: 0.0006 
Train Epoch: 1 [997/4995 (20%)] loss: 0.0017 L_si: 0.0009 L_grad: 0.0008 
Train Epoch: 1 [998/4995 (20%)] loss: 0.0010 L_si: 0.0005 L_grad: 0.0005 
Train Epoch: 1 [999/4995 (20%)] loss: 0.0012 L_si: 0.0007 L_grad: 0.0005 
Train Epoch: 1 [1000/4995 (20%)] loss: 0.0009 L_si: 0.0005 L_grad: 0.0005 
Train Epoch: 1 [1001/4995 (20%)] loss: 0.0007 L_si: 0.0003 L_grad: 0.0004 
Train Epoch: 1 [1002/4995 (20%)] loss: 0.0015 L_si: 0.0009 L_grad: 0.0006 
Train Epoch: 1 [1003/4995 (20%)] loss: 0.0014 L_si: 0.0007 L_grad: 0.0007 
Train Epoch: 1 [1004/4995 (20%)] loss: 0.0003 L_si: 0.0001 L_grad: 0.0002 
Train Epoch: 1 [1005/4995 (20%)] loss: 0.0010 L_si: 0.0004 L_grad: 0.0006 
Train Epoch: 1 [1006/4995 (20%)] loss: 0.0007 L_si: 0.0002 L_grad: 0.0005 
Train Epoch: 1 [1007/4995 (20%)] loss: 0.0006 L_si: 0.0003 L_grad: 0.0003 
Train Epoch: 1 [1008/4995 (20%)] loss: 0.0002 L_si: 0.0000 L_grad: 0.0002 
Train Epoch: 1 [1009/4995 (20%)] loss: 0.0002 L_si: 0.0000 L_grad: 0.0001 
Train Epoch: 1 [1010/4995 (20%)] loss: 0.0008 L_si: 0.0004 L_grad: 0.0004 
Train Epoch: 1 [1011/4995 (20%)] loss: 0.0010 L_si: 0.0005 L_grad: 0.0005 
Train Epoch: 1 [1012/4995 (20%)] loss: 0.0014 L_si: 0.0007 L_grad: 0.0007 
Train Epoch: 1 [1013/4995 (20%)] loss: 0.0008 L_si: 0.0003 L_grad: 0.0004 
Train Epoch: 1 [1014/4995 (20%)] loss: 0.0010 L_si: 0.0004 L_grad: 0.0005 
Train Epoch: 1 [1015/4995 (20%)] loss: 0.0012 L_si: 0.0006 L_grad: 0.0006 
Train Epoch: 1 [1016/4995 (20%)] loss: 0.0009 L_si: 0.0004 L_grad: 0.0005 
Train Epoch: 1 [1017/4995 (20%)] loss: 0.0007 L_si: 0.0003 L_grad: 0.0004 
Train Epoch: 1 [1018/4995 (20%)] loss: 0.0013 L_si: 0.0007 L_grad: 0.0006 
Train Epoch: 1 [1019/4995 (20%)] loss: 0.0028 L_si: 0.0017 L_grad: 0.0011 
Train Epoch: 1 [1020/4995 (20%)] loss: 0.0004 L_si: 0.0001 L_grad: 0.0003 
Train Epoch: 1 [1021/4995 (20%)] loss: 0.0006 L_si: 0.0002 L_grad: 0.0004 
Train Epoch: 1 [1022/4995 (20%)] loss: 0.0010 L_si: 0.0004 L_grad: 0.0006 
Train Epoch: 1 [1023/4995 (20%)] loss: 0.0005 L_si: 0.0002 L_grad: 0.0003 
Train Epoch: 1 [1024/4995 (21%)] loss: 0.0010 L_si: 0.0004 L_grad: 0.0006 
Train Epoch: 1 [1025/4995 (21%)] loss: 0.0009 L_si: 0.0004 L_grad: 0.0005 
Train Epoch: 1 [1026/4995 (21%)] loss: 0.0006 L_si: 0.0002 L_grad: 0.0004 
Train Epoch: 1 [1027/4995 (21%)] loss: 0.0003 L_si: 0.0000 L_grad: 0.0002 
Train Epoch: 1 [1028/4995 (21%)] loss: 0.0012 L_si: 0.0004 L_grad: 0.0009 
Train Epoch: 1 [1029/4995 (21%)] loss: 0.0007 L_si: 0.0003 L_grad: 0.0004 
Train Epoch: 1 [1030/4995 (21%)] loss: 0.0011 L_si: 0.0005 L_grad: 0.0006 
Train Epoch: 1 [1031/4995 (21%)] loss: 0.0009 L_si: 0.0004 L_grad: 0.0005 
Train Epoch: 1 [1032/4995 (21%)] loss: 0.0006 L_si: 0.0002 L_grad: 0.0004 
Train Epoch: 1 [1033/4995 (21%)] loss: 0.0008 L_si: 0.0003 L_grad: 0.0005 
Train Epoch: 1 [1034/4995 (21%)] loss: 0.0040 L_si: 0.0024 L_grad: 0.0016 
Train Epoch: 1 [1035/4995 (21%)] loss: 0.0010 L_si: 0.0004 L_grad: 0.0006 
Train Epoch: 1 [1036/4995 (21%)] loss: 0.0011 L_si: 0.0005 L_grad: 0.0006 
Train Epoch: 1 [1037/4995 (21%)] loss: 0.0009 L_si: 0.0004 L_grad: 0.0005 
Train Epoch: 1 [1038/4995 (21%)] loss: 0.0008 L_si: 0.0003 L_grad: 0.0005 
Train Epoch: 1 [1039/4995 (21%)] loss: 0.0009 L_si: 0.0005 L_grad: 0.0004 
Train Epoch: 1 [1040/4995 (21%)] loss: 0.0009 L_si: 0.0004 L_grad: 0.0006 
Train Epoch: 1 [1041/4995 (21%)] loss: 0.0010 L_si: 0.0004 L_grad: 0.0006 
Train Epoch: 1 [1042/4995 (21%)] loss: 0.0021 L_si: 0.0014 L_grad: 0.0007 
Train Epoch: 1 [1043/4995 (21%)] loss: 0.0012 L_si: 0.0005 L_grad: 0.0007 
Train Epoch: 1 [1044/4995 (21%)] loss: 0.0013 L_si: 0.0007 L_grad: 0.0007 
Train Epoch: 1 [1045/4995 (21%)] loss: 0.0013 L_si: 0.0008 L_grad: 0.0006 
Train Epoch: 1 [1046/4995 (21%)] loss: 0.0009 L_si: 0.0004 L_grad: 0.0006 
Train Epoch: 1 [1047/4995 (21%)] loss: 0.0010 L_si: 0.0005 L_grad: 0.0005 
Train Epoch: 1 [1048/4995 (21%)] loss: 0.0011 L_si: 0.0005 L_grad: 0.0006 
Train Epoch: 1 [1049/4995 (21%)] loss: 0.0010 L_si: 0.0005 L_grad: 0.0005 
Train Epoch: 1 [1050/4995 (21%)] loss: 0.0005 L_si: 0.0002 L_grad: 0.0003 
Train Epoch: 1 [1051/4995 (21%)] loss: 0.0008 L_si: 0.0003 L_grad: 0.0005 
Train Epoch: 1 [1052/4995 (21%)] loss: 0.0006 L_si: 0.0003 L_grad: 0.0003 
Train Epoch: 1 [1053/4995 (21%)] loss: 0.0010 L_si: 0.0005 L_grad: 0.0005 
Train Epoch: 1 [1054/4995 (21%)] loss: 0.0007 L_si: 0.0003 L_grad: 0.0004 
Train Epoch: 1 [1055/4995 (21%)] loss: 0.0021 L_si: 0.0011 L_grad: 0.0010 
Train Epoch: 1 [1056/4995 (21%)] loss: 0.0007 L_si: 0.0003 L_grad: 0.0004 
Train Epoch: 1 [1057/4995 (21%)] loss: 0.0007 L_si: 0.0003 L_grad: 0.0004 
Train Epoch: 1 [1058/4995 (21%)] loss: 0.0008 L_si: 0.0003 L_grad: 0.0005 
Train Epoch: 1 [1059/4995 (21%)] loss: 0.0007 L_si: 0.0003 L_grad: 0.0003 
Train Epoch: 1 [1060/4995 (21%)] loss: 0.0007 L_si: 0.0002 L_grad: 0.0004 
Train Epoch: 1 [1061/4995 (21%)] loss: 0.0007 L_si: 0.0002 L_grad: 0.0004 
Train Epoch: 1 [1062/4995 (21%)] loss: 0.0015 L_si: 0.0008 L_grad: 0.0007 
Train Epoch: 1 [1063/4995 (21%)] loss: 0.0008 L_si: 0.0004 L_grad: 0.0004 
Train Epoch: 1 [1064/4995 (21%)] loss: 0.0008 L_si: 0.0003 L_grad: 0.0005 
Train Epoch: 1 [1065/4995 (21%)] loss: 0.0006 L_si: 0.0003 L_grad: 0.0004 
Train Epoch: 1 [1066/4995 (21%)] loss: 0.0015 L_si: 0.0008 L_grad: 0.0007 
Train Epoch: 1 [1067/4995 (21%)] loss: 0.0007 L_si: 0.0003 L_grad: 0.0004 
Train Epoch: 1 [1068/4995 (21%)] loss: 0.0010 L_si: 0.0005 L_grad: 0.0005 
Train Epoch: 1 [1069/4995 (21%)] loss: 0.0016 L_si: 0.0009 L_grad: 0.0007 
Train Epoch: 1 [1070/4995 (21%)] loss: 0.0011 L_si: 0.0005 L_grad: 0.0007 
Train Epoch: 1 [1071/4995 (21%)] loss: 0.0008 L_si: 0.0004 L_grad: 0.0004 
Train Epoch: 1 [1072/4995 (21%)] loss: 0.0008 L_si: 0.0004 L_grad: 0.0004 
Train Epoch: 1 [1073/4995 (21%)] loss: 0.0007 L_si: 0.0003 L_grad: 0.0004 
Train Epoch: 1 [1074/4995 (22%)] loss: 0.0005 L_si: 0.0002 L_grad: 0.0003 
Train Epoch: 1 [1075/4995 (22%)] loss: 0.0031 L_si: 0.0018 L_grad: 0.0013 
Train Epoch: 1 [1076/4995 (22%)] loss: 0.0006 L_si: 0.0003 L_grad: 0.0003 
Train Epoch: 1 [1077/4995 (22%)] loss: 0.0007 L_si: 0.0003 L_grad: 0.0004 
Train Epoch: 1 [1078/4995 (22%)] loss: 0.0013 L_si: 0.0005 L_grad: 0.0007 
Train Epoch: 1 [1079/4995 (22%)] loss: 0.0005 L_si: 0.0002 L_grad: 0.0003 
Train Epoch: 1 [1080/4995 (22%)] loss: 0.0005 L_si: 0.0002 L_grad: 0.0004 
Train Epoch: 1 [1081/4995 (22%)] loss: 0.0009 L_si: 0.0003 L_grad: 0.0005 
Train Epoch: 1 [1082/4995 (22%)] loss: 0.0009 L_si: 0.0004 L_grad: 0.0005 
Train Epoch: 1 [1083/4995 (22%)] loss: 0.0008 L_si: 0.0004 L_grad: 0.0004 
Train Epoch: 1 [1084/4995 (22%)] loss: 0.0009 L_si: 0.0003 L_grad: 0.0005 
Train Epoch: 1 [1085/4995 (22%)] loss: 0.0006 L_si: 0.0002 L_grad: 0.0004 
Train Epoch: 1 [1086/4995 (22%)] loss: 0.0009 L_si: 0.0004 L_grad: 0.0005 
Train Epoch: 1 [1087/4995 (22%)] loss: 0.0008 L_si: 0.0003 L_grad: 0.0005 
Train Epoch: 1 [1088/4995 (22%)] loss: 0.0005 L_si: 0.0002 L_grad: 0.0004 
Train Epoch: 1 [1089/4995 (22%)] loss: 0.0007 L_si: 0.0002 L_grad: 0.0005 
Train Epoch: 1 [1090/4995 (22%)] loss: 0.0010 L_si: 0.0004 L_grad: 0.0006 
Train Epoch: 1 [1091/4995 (22%)] loss: 0.0006 L_si: 0.0002 L_grad: 0.0004 
Train Epoch: 1 [1092/4995 (22%)] loss: 0.0024 L_si: 0.0013 L_grad: 0.0010 
Train Epoch: 1 [1093/4995 (22%)] loss: 0.0011 L_si: 0.0004 L_grad: 0.0007 
Train Epoch: 1 [1094/4995 (22%)] loss: 0.0005 L_si: 0.0002 L_grad: 0.0003 
Train Epoch: 1 [1095/4995 (22%)] loss: 0.0028 L_si: 0.0020 L_grad: 0.0007 
Train Epoch: 1 [1096/4995 (22%)] loss: 0.0007 L_si: 0.0002 L_grad: 0.0004 
Train Epoch: 1 [1097/4995 (22%)] loss: 0.0016 L_si: 0.0009 L_grad: 0.0007 
Train Epoch: 1 [1098/4995 (22%)] loss: 0.0009 L_si: 0.0004 L_grad: 0.0005 
Train Epoch: 1 [1099/4995 (22%)] loss: 0.0006 L_si: 0.0002 L_grad: 0.0004 
Train Epoch: 1 [1100/4995 (22%)] loss: 0.0007 L_si: 0.0003 L_grad: 0.0004 
Train Epoch: 1 [1101/4995 (22%)] loss: 0.0010 L_si: 0.0004 L_grad: 0.0005 
Train Epoch: 1 [1102/4995 (22%)] loss: 0.0007 L_si: 0.0002 L_grad: 0.0004 
Train Epoch: 1 [1103/4995 (22%)] loss: 0.0029 L_si: 0.0018 L_grad: 0.0012 
Train Epoch: 1 [1104/4995 (22%)] loss: 0.0002 L_si: 0.0000 L_grad: 0.0002 
Train Epoch: 1 [1105/4995 (22%)] loss: 0.0034 L_si: 0.0021 L_grad: 0.0013 
Train Epoch: 1 [1106/4995 (22%)] loss: 0.0007 L_si: 0.0003 L_grad: 0.0004 
Train Epoch: 1 [1107/4995 (22%)] loss: 0.0007 L_si: 0.0003 L_grad: 0.0005 
Train Epoch: 1 [1108/4995 (22%)] loss: 0.0004 L_si: 0.0002 L_grad: 0.0003 
Train Epoch: 1 [1109/4995 (22%)] loss: 0.0005 L_si: 0.0002 L_grad: 0.0003 
Train Epoch: 1 [1110/4995 (22%)] loss: 0.0010 L_si: 0.0004 L_grad: 0.0006 
Train Epoch: 1 [1111/4995 (22%)] loss: 0.0006 L_si: 0.0003 L_grad: 0.0003 
Train Epoch: 1 [1112/4995 (22%)] loss: 0.0007 L_si: 0.0003 L_grad: 0.0004 
Train Epoch: 1 [1113/4995 (22%)] loss: 0.0008 L_si: 0.0003 L_grad: 0.0004 
Train Epoch: 1 [1114/4995 (22%)] loss: 0.0010 L_si: 0.0005 L_grad: 0.0005 
Train Epoch: 1 [1115/4995 (22%)] loss: 0.0009 L_si: 0.0004 L_grad: 0.0005 
Train Epoch: 1 [1116/4995 (22%)] loss: 0.0015 L_si: 0.0009 L_grad: 0.0007 
Train Epoch: 1 [1117/4995 (22%)] loss: 0.0013 L_si: 0.0005 L_grad: 0.0007 
Train Epoch: 1 [1118/4995 (22%)] loss: 0.0001 L_si: 0.0000 L_grad: 0.0001 
Train Epoch: 1 [1119/4995 (22%)] loss: 0.0002 L_si: 0.0000 L_grad: 0.0002 
Train Epoch: 1 [1120/4995 (22%)] loss: 0.0009 L_si: 0.0004 L_grad: 0.0005 
Train Epoch: 1 [1121/4995 (22%)] loss: 0.0007 L_si: 0.0002 L_grad: 0.0004 
Train Epoch: 1 [1122/4995 (22%)] loss: 0.0010 L_si: 0.0005 L_grad: 0.0005 
Train Epoch: 1 [1123/4995 (22%)] loss: 0.0014 L_si: 0.0008 L_grad: 0.0007 
Train Epoch: 1 [1124/4995 (23%)] loss: 0.0011 L_si: 0.0005 L_grad: 0.0006 
Train Epoch: 1 [1125/4995 (23%)] loss: 0.0007 L_si: 0.0003 L_grad: 0.0004 
Train Epoch: 1 [1126/4995 (23%)] loss: 0.0012 L_si: 0.0007 L_grad: 0.0005 
Train Epoch: 1 [1127/4995 (23%)] loss: 0.0005 L_si: 0.0002 L_grad: 0.0003 
Train Epoch: 1 [1128/4995 (23%)] loss: 0.0008 L_si: 0.0004 L_grad: 0.0004 
Train Epoch: 1 [1129/4995 (23%)] loss: 0.0004 L_si: 0.0001 L_grad: 0.0003 
Train Epoch: 1 [1130/4995 (23%)] loss: 0.0008 L_si: 0.0003 L_grad: 0.0005 
Train Epoch: 1 [1131/4995 (23%)] loss: 0.0006 L_si: 0.0002 L_grad: 0.0004 
Train Epoch: 1 [1132/4995 (23%)] loss: 0.0005 L_si: 0.0001 L_grad: 0.0004 
Train Epoch: 1 [1133/4995 (23%)] loss: 0.0023 L_si: 0.0016 L_grad: 0.0007 
Train Epoch: 1 [1134/4995 (23%)] loss: 0.0014 L_si: 0.0008 L_grad: 0.0006 
Train Epoch: 1 [1135/4995 (23%)] loss: 0.0008 L_si: 0.0004 L_grad: 0.0004 
Train Epoch: 1 [1136/4995 (23%)] loss: 0.0005 L_si: 0.0002 L_grad: 0.0003 
Train Epoch: 1 [1137/4995 (23%)] loss: 0.0008 L_si: 0.0003 L_grad: 0.0005 
Train Epoch: 1 [1138/4995 (23%)] loss: 0.0020 L_si: 0.0014 L_grad: 0.0006 
Train Epoch: 1 [1139/4995 (23%)] loss: 0.0008 L_si: 0.0003 L_grad: 0.0005 
Train Epoch: 1 [1140/4995 (23%)] loss: 0.0006 L_si: 0.0002 L_grad: 0.0003 
Train Epoch: 1 [1141/4995 (23%)] loss: 0.0020 L_si: 0.0014 L_grad: 0.0007 
Train Epoch: 1 [1142/4995 (23%)] loss: 0.0007 L_si: 0.0003 L_grad: 0.0004 
Train Epoch: 1 [1143/4995 (23%)] loss: 0.0002 L_si: 0.0000 L_grad: 0.0002 
Train Epoch: 1 [1144/4995 (23%)] loss: 0.0016 L_si: 0.0008 L_grad: 0.0008 
Train Epoch: 1 [1145/4995 (23%)] loss: 0.0016 L_si: 0.0009 L_grad: 0.0007 
Train Epoch: 1 [1146/4995 (23%)] loss: 0.0024 L_si: 0.0013 L_grad: 0.0010 
Train Epoch: 1 [1147/4995 (23%)] loss: 0.0006 L_si: 0.0003 L_grad: 0.0004 
Train Epoch: 1 [1148/4995 (23%)] loss: 0.0008 L_si: 0.0003 L_grad: 0.0004 
Train Epoch: 1 [1149/4995 (23%)] loss: 0.0009 L_si: 0.0004 L_grad: 0.0005 
Train Epoch: 1 [1150/4995 (23%)] loss: 0.0009 L_si: 0.0004 L_grad: 0.0005 
Train Epoch: 1 [1151/4995 (23%)] loss: 0.0010 L_si: 0.0005 L_grad: 0.0005 
Train Epoch: 1 [1152/4995 (23%)] loss: 0.0010 L_si: 0.0005 L_grad: 0.0005 
Train Epoch: 1 [1153/4995 (23%)] loss: 0.0002 L_si: 0.0000 L_grad: 0.0002 
Train Epoch: 1 [1154/4995 (23%)] loss: 0.0006 L_si: 0.0002 L_grad: 0.0004 
Train Epoch: 1 [1155/4995 (23%)] loss: 0.0010 L_si: 0.0005 L_grad: 0.0005 
Train Epoch: 1 [1156/4995 (23%)] loss: 0.0007 L_si: 0.0003 L_grad: 0.0004 
Train Epoch: 1 [1157/4995 (23%)] loss: 0.0007 L_si: 0.0003 L_grad: 0.0004 
Train Epoch: 1 [1158/4995 (23%)] loss: 0.0010 L_si: 0.0004 L_grad: 0.0005 
Train Epoch: 1 [1159/4995 (23%)] loss: 0.0036 L_si: 0.0022 L_grad: 0.0014 
Train Epoch: 1 [1160/4995 (23%)] loss: 0.0009 L_si: 0.0004 L_grad: 0.0005 
Train Epoch: 1 [1161/4995 (23%)] loss: 0.0026 L_si: 0.0016 L_grad: 0.0010 
Train Epoch: 1 [1162/4995 (23%)] loss: 0.0002 L_si: 0.0000 L_grad: 0.0001 
Train Epoch: 1 [1163/4995 (23%)] loss: 0.0008 L_si: 0.0004 L_grad: 0.0004 
Train Epoch: 1 [1164/4995 (23%)] loss: 0.0008 L_si: 0.0003 L_grad: 0.0004 
Train Epoch: 1 [1165/4995 (23%)] loss: 0.0013 L_si: 0.0008 L_grad: 0.0005 
Train Epoch: 1 [1166/4995 (23%)] loss: 0.0007 L_si: 0.0003 L_grad: 0.0004 
Train Epoch: 1 [1167/4995 (23%)] loss: 0.0011 L_si: 0.0006 L_grad: 0.0005 
Train Epoch: 1 [1168/4995 (23%)] loss: 0.0007 L_si: 0.0003 L_grad: 0.0004 
Train Epoch: 1 [1169/4995 (23%)] loss: 0.0013 L_si: 0.0006 L_grad: 0.0006 
Train Epoch: 1 [1170/4995 (23%)] loss: 0.0007 L_si: 0.0003 L_grad: 0.0003 
Train Epoch: 1 [1171/4995 (23%)] loss: 0.0032 L_si: 0.0020 L_grad: 0.0012 
Train Epoch: 1 [1172/4995 (23%)] loss: 0.0006 L_si: 0.0003 L_grad: 0.0004 
Train Epoch: 1 [1173/4995 (23%)] loss: 0.0009 L_si: 0.0005 L_grad: 0.0004 
Train Epoch: 1 [1174/4995 (24%)] loss: 0.0005 L_si: 0.0002 L_grad: 0.0003 
Train Epoch: 1 [1175/4995 (24%)] loss: 0.0015 L_si: 0.0010 L_grad: 0.0006 
Train Epoch: 1 [1176/4995 (24%)] loss: 0.0007 L_si: 0.0003 L_grad: 0.0004 
Train Epoch: 1 [1177/4995 (24%)] loss: 0.0012 L_si: 0.0005 L_grad: 0.0007 
Train Epoch: 1 [1178/4995 (24%)] loss: 0.0006 L_si: 0.0002 L_grad: 0.0003 
Train Epoch: 1 [1179/4995 (24%)] loss: 0.0005 L_si: 0.0002 L_grad: 0.0003 
Train Epoch: 1 [1180/4995 (24%)] loss: 0.0009 L_si: 0.0005 L_grad: 0.0004 
Train Epoch: 1 [1181/4995 (24%)] loss: 0.0011 L_si: 0.0006 L_grad: 0.0005 
Train Epoch: 1 [1182/4995 (24%)] loss: 0.0009 L_si: 0.0004 L_grad: 0.0005 
Train Epoch: 1 [1183/4995 (24%)] loss: 0.0007 L_si: 0.0003 L_grad: 0.0004 
Train Epoch: 1 [1184/4995 (24%)] loss: 0.0006 L_si: 0.0002 L_grad: 0.0004 
Train Epoch: 1 [1185/4995 (24%)] loss: 0.0005 L_si: 0.0002 L_grad: 0.0003 
Train Epoch: 1 [1186/4995 (24%)] loss: 0.0004 L_si: 0.0001 L_grad: 0.0002 
Train Epoch: 1 [1187/4995 (24%)] loss: 0.0007 L_si: 0.0003 L_grad: 0.0004 
Train Epoch: 1 [1188/4995 (24%)] loss: 0.0008 L_si: 0.0003 L_grad: 0.0004 
Train Epoch: 1 [1189/4995 (24%)] loss: 0.0003 L_si: 0.0001 L_grad: 0.0002 
Train Epoch: 1 [1190/4995 (24%)] loss: 0.0006 L_si: 0.0003 L_grad: 0.0004 
Train Epoch: 1 [1191/4995 (24%)] loss: 0.0004 L_si: 0.0001 L_grad: 0.0003 
Train Epoch: 1 [1192/4995 (24%)] loss: 0.0009 L_si: 0.0004 L_grad: 0.0005 
Train Epoch: 1 [1193/4995 (24%)] loss: 0.0017 L_si: 0.0012 L_grad: 0.0006 
Train Epoch: 1 [1194/4995 (24%)] loss: 0.0005 L_si: 0.0002 L_grad: 0.0003 
Train Epoch: 1 [1195/4995 (24%)] loss: 0.0009 L_si: 0.0005 L_grad: 0.0004 
Train Epoch: 1 [1196/4995 (24%)] loss: 0.0016 L_si: 0.0009 L_grad: 0.0007 
Train Epoch: 1 [1197/4995 (24%)] loss: 0.0012 L_si: 0.0005 L_grad: 0.0007 
Train Epoch: 1 [1198/4995 (24%)] loss: 0.0005 L_si: 0.0001 L_grad: 0.0004 
Train Epoch: 1 [1199/4995 (24%)] loss: 0.0017 L_si: 0.0011 L_grad: 0.0006 
Train Epoch: 1 [1200/4995 (24%)] loss: 0.0002 L_si: 0.0000 L_grad: 0.0001 
Train Epoch: 1 [1201/4995 (24%)] loss: 0.0014 L_si: 0.0008 L_grad: 0.0006 
Train Epoch: 1 [1202/4995 (24%)] loss: 0.0016 L_si: 0.0009 L_grad: 0.0007 
Train Epoch: 1 [1203/4995 (24%)] loss: 0.0013 L_si: 0.0006 L_grad: 0.0007 
Train Epoch: 1 [1204/4995 (24%)] loss: 0.0006 L_si: 0.0003 L_grad: 0.0003 
Train Epoch: 1 [1205/4995 (24%)] loss: 0.0010 L_si: 0.0004 L_grad: 0.0005 
Train Epoch: 1 [1206/4995 (24%)] loss: 0.0009 L_si: 0.0004 L_grad: 0.0005 
Train Epoch: 1 [1207/4995 (24%)] loss: 0.0001 L_si: 0.0000 L_grad: 0.0001 
Train Epoch: 1 [1208/4995 (24%)] loss: 0.0007 L_si: 0.0003 L_grad: 0.0005 
Train Epoch: 1 [1209/4995 (24%)] loss: 0.0007 L_si: 0.0002 L_grad: 0.0005 
Train Epoch: 1 [1210/4995 (24%)] loss: 0.0012 L_si: 0.0006 L_grad: 0.0006 
Train Epoch: 1 [1211/4995 (24%)] loss: 0.0005 L_si: 0.0002 L_grad: 0.0003 
Train Epoch: 1 [1212/4995 (24%)] loss: 0.0010 L_si: 0.0004 L_grad: 0.0006 
Train Epoch: 1 [1213/4995 (24%)] loss: 0.0006 L_si: 0.0002 L_grad: 0.0003 
Train Epoch: 1 [1214/4995 (24%)] loss: 0.0009 L_si: 0.0004 L_grad: 0.0005 
Train Epoch: 1 [1215/4995 (24%)] loss: 0.0008 L_si: 0.0003 L_grad: 0.0004 
Train Epoch: 1 [1216/4995 (24%)] loss: 0.0007 L_si: 0.0003 L_grad: 0.0005 
Train Epoch: 1 [1217/4995 (24%)] loss: 0.0010 L_si: 0.0004 L_grad: 0.0005 
Train Epoch: 1 [1218/4995 (24%)] loss: 0.0008 L_si: 0.0004 L_grad: 0.0004 
Train Epoch: 1 [1219/4995 (24%)] loss: 0.0008 L_si: 0.0003 L_grad: 0.0004 
Train Epoch: 1 [1220/4995 (24%)] loss: 0.0014 L_si: 0.0008 L_grad: 0.0006 
Train Epoch: 1 [1221/4995 (24%)] loss: 0.0009 L_si: 0.0004 L_grad: 0.0005 
Train Epoch: 1 [1222/4995 (24%)] loss: 0.0004 L_si: 0.0001 L_grad: 0.0002 
Train Epoch: 1 [1223/4995 (24%)] loss: 0.0006 L_si: 0.0002 L_grad: 0.0004 
Train Epoch: 1 [1224/4995 (25%)] loss: 0.0009 L_si: 0.0004 L_grad: 0.0005 
Train Epoch: 1 [1225/4995 (25%)] loss: 0.0006 L_si: 0.0003 L_grad: 0.0003 
Train Epoch: 1 [1226/4995 (25%)] loss: 0.0010 L_si: 0.0003 L_grad: 0.0006 
Train Epoch: 1 [1227/4995 (25%)] loss: 0.0007 L_si: 0.0003 L_grad: 0.0004 
Train Epoch: 1 [1228/4995 (25%)] loss: 0.0021 L_si: 0.0015 L_grad: 0.0006 
Train Epoch: 1 [1229/4995 (25%)] loss: 0.0007 L_si: 0.0003 L_grad: 0.0004 
Train Epoch: 1 [1230/4995 (25%)] loss: 0.0008 L_si: 0.0004 L_grad: 0.0005 
Train Epoch: 1 [1231/4995 (25%)] loss: 0.0002 L_si: 0.0000 L_grad: 0.0002 
Train Epoch: 1 [1232/4995 (25%)] loss: 0.0004 L_si: 0.0001 L_grad: 0.0003 
Train Epoch: 1 [1233/4995 (25%)] loss: 0.0008 L_si: 0.0003 L_grad: 0.0004 
Train Epoch: 1 [1234/4995 (25%)] loss: 0.0006 L_si: 0.0003 L_grad: 0.0003 
Train Epoch: 1 [1235/4995 (25%)] loss: 0.0002 L_si: 0.0000 L_grad: 0.0002 
Train Epoch: 1 [1236/4995 (25%)] loss: 0.0006 L_si: 0.0002 L_grad: 0.0003 
Train Epoch: 1 [1237/4995 (25%)] loss: 0.0008 L_si: 0.0004 L_grad: 0.0005 
Train Epoch: 1 [1238/4995 (25%)] loss: 0.0005 L_si: 0.0002 L_grad: 0.0003 
Train Epoch: 1 [1239/4995 (25%)] loss: 0.0010 L_si: 0.0005 L_grad: 0.0005 
Train Epoch: 1 [1240/4995 (25%)] loss: 0.0007 L_si: 0.0003 L_grad: 0.0004 
Train Epoch: 1 [1241/4995 (25%)] loss: 0.0007 L_si: 0.0003 L_grad: 0.0004 
Train Epoch: 1 [1242/4995 (25%)] loss: 0.0005 L_si: 0.0002 L_grad: 0.0003 
Train Epoch: 1 [1243/4995 (25%)] loss: 0.0006 L_si: 0.0003 L_grad: 0.0004 
Train Epoch: 1 [1244/4995 (25%)] loss: 0.0007 L_si: 0.0003 L_grad: 0.0004 
Train Epoch: 1 [1245/4995 (25%)] loss: 0.0006 L_si: 0.0003 L_grad: 0.0003 
Train Epoch: 1 [1246/4995 (25%)] loss: 0.0005 L_si: 0.0001 L_grad: 0.0003 
Train Epoch: 1 [1247/4995 (25%)] loss: 0.0007 L_si: 0.0003 L_grad: 0.0004 
Train Epoch: 1 [1248/4995 (25%)] loss: 0.0005 L_si: 0.0002 L_grad: 0.0003 
Train Epoch: 1 [1249/4995 (25%)] loss: 0.0009 L_si: 0.0004 L_grad: 0.0005 
Train Epoch: 1 [1250/4995 (25%)] loss: 0.0007 L_si: 0.0003 L_grad: 0.0004 
Train Epoch: 1 [1251/4995 (25%)] loss: 0.0007 L_si: 0.0003 L_grad: 0.0004 
Train Epoch: 1 [1252/4995 (25%)] loss: 0.0005 L_si: 0.0002 L_grad: 0.0003 
Train Epoch: 1 [1253/4995 (25%)] loss: 0.0007 L_si: 0.0003 L_grad: 0.0004 
Train Epoch: 1 [1254/4995 (25%)] loss: 0.0008 L_si: 0.0004 L_grad: 0.0005 
Train Epoch: 1 [1255/4995 (25%)] loss: 0.0004 L_si: 0.0001 L_grad: 0.0002 
Train Epoch: 1 [1256/4995 (25%)] loss: 0.0004 L_si: 0.0001 L_grad: 0.0002 
Train Epoch: 1 [1257/4995 (25%)] loss: 0.0005 L_si: 0.0002 L_grad: 0.0003 
Train Epoch: 1 [1258/4995 (25%)] loss: 0.0013 L_si: 0.0008 L_grad: 0.0005 
Train Epoch: 1 [1259/4995 (25%)] loss: 0.0004 L_si: 0.0001 L_grad: 0.0003 
Train Epoch: 1 [1260/4995 (25%)] loss: 0.0005 L_si: 0.0002 L_grad: 0.0003 
Train Epoch: 1 [1261/4995 (25%)] loss: 0.0011 L_si: 0.0005 L_grad: 0.0006 
Train Epoch: 1 [1262/4995 (25%)] loss: 0.0007 L_si: 0.0003 L_grad: 0.0004 
Train Epoch: 1 [1263/4995 (25%)] loss: 0.0002 L_si: 0.0000 L_grad: 0.0002 
Train Epoch: 1 [1264/4995 (25%)] loss: 0.0004 L_si: 0.0002 L_grad: 0.0003 
Train Epoch: 1 [1265/4995 (25%)] loss: 0.0005 L_si: 0.0002 L_grad: 0.0003 
Train Epoch: 1 [1266/4995 (25%)] loss: 0.0005 L_si: 0.0002 L_grad: 0.0003 
Train Epoch: 1 [1267/4995 (25%)] loss: 0.0011 L_si: 0.0006 L_grad: 0.0005 
Train Epoch: 1 [1268/4995 (25%)] loss: 0.0009 L_si: 0.0005 L_grad: 0.0004 
Train Epoch: 1 [1269/4995 (25%)] loss: 0.0006 L_si: 0.0002 L_grad: 0.0004 
Train Epoch: 1 [1270/4995 (25%)] loss: 0.0004 L_si: 0.0001 L_grad: 0.0002 
Train Epoch: 1 [1271/4995 (25%)] loss: 0.0009 L_si: 0.0004 L_grad: 0.0005 
Train Epoch: 1 [1272/4995 (25%)] loss: 0.0008 L_si: 0.0003 L_grad: 0.0005 
Train Epoch: 1 [1273/4995 (25%)] loss: 0.0006 L_si: 0.0002 L_grad: 0.0003 
Train Epoch: 1 [1274/4995 (26%)] loss: 0.0009 L_si: 0.0004 L_grad: 0.0005 
Train Epoch: 1 [1275/4995 (26%)] loss: 0.0010 L_si: 0.0004 L_grad: 0.0005 
Train Epoch: 1 [1276/4995 (26%)] loss: 0.0004 L_si: 0.0001 L_grad: 0.0003 
Train Epoch: 1 [1277/4995 (26%)] loss: 0.0011 L_si: 0.0005 L_grad: 0.0006 
Train Epoch: 1 [1278/4995 (26%)] loss: 0.0010 L_si: 0.0005 L_grad: 0.0005 
Train Epoch: 1 [1279/4995 (26%)] loss: 0.0007 L_si: 0.0003 L_grad: 0.0004 
Train Epoch: 1 [1280/4995 (26%)] loss: 0.0007 L_si: 0.0003 L_grad: 0.0005 
Train Epoch: 1 [1281/4995 (26%)] loss: 0.0006 L_si: 0.0002 L_grad: 0.0004 
Train Epoch: 1 [1282/4995 (26%)] loss: 0.0007 L_si: 0.0003 L_grad: 0.0004 
Train Epoch: 1 [1283/4995 (26%)] loss: 0.0008 L_si: 0.0003 L_grad: 0.0005 
Train Epoch: 1 [1284/4995 (26%)] loss: 0.0001 L_si: 0.0000 L_grad: 0.0001 
Train Epoch: 1 [1285/4995 (26%)] loss: 0.0007 L_si: 0.0003 L_grad: 0.0004 
Train Epoch: 1 [1286/4995 (26%)] loss: 0.0009 L_si: 0.0003 L_grad: 0.0006 
Train Epoch: 1 [1287/4995 (26%)] loss: 0.0007 L_si: 0.0003 L_grad: 0.0004 
Train Epoch: 1 [1288/4995 (26%)] loss: 0.0006 L_si: 0.0002 L_grad: 0.0004 
Train Epoch: 1 [1289/4995 (26%)] loss: 0.0010 L_si: 0.0004 L_grad: 0.0005 
Train Epoch: 1 [1290/4995 (26%)] loss: 0.0005 L_si: 0.0002 L_grad: 0.0003 
Train Epoch: 1 [1291/4995 (26%)] loss: 0.0005 L_si: 0.0002 L_grad: 0.0003 
Train Epoch: 1 [1292/4995 (26%)] loss: 0.0008 L_si: 0.0003 L_grad: 0.0005 
Train Epoch: 1 [1293/4995 (26%)] loss: 0.0005 L_si: 0.0002 L_grad: 0.0004 
Train Epoch: 1 [1294/4995 (26%)] loss: 0.0009 L_si: 0.0004 L_grad: 0.0005 
Train Epoch: 1 [1295/4995 (26%)] loss: 0.0004 L_si: 0.0001 L_grad: 0.0003 
Train Epoch: 1 [1296/4995 (26%)] loss: 0.0007 L_si: 0.0003 L_grad: 0.0004 
Train Epoch: 1 [1297/4995 (26%)] loss: 0.0006 L_si: 0.0002 L_grad: 0.0004 
Train Epoch: 1 [1298/4995 (26%)] loss: 0.0008 L_si: 0.0004 L_grad: 0.0004 
Train Epoch: 1 [1299/4995 (26%)] loss: 0.0004 L_si: 0.0001 L_grad: 0.0003 
Train Epoch: 1 [1300/4995 (26%)] loss: 0.0005 L_si: 0.0002 L_grad: 0.0003 
Train Epoch: 1 [1301/4995 (26%)] loss: 0.0005 L_si: 0.0001 L_grad: 0.0003 
Train Epoch: 1 [1302/4995 (26%)] loss: 0.0019 L_si: 0.0012 L_grad: 0.0006 
Train Epoch: 1 [1303/4995 (26%)] loss: 0.0006 L_si: 0.0002 L_grad: 0.0004 
Train Epoch: 1 [1304/4995 (26%)] loss: 0.0004 L_si: 0.0001 L_grad: 0.0002 
Train Epoch: 1 [1305/4995 (26%)] loss: 0.0007 L_si: 0.0003 L_grad: 0.0004 
Train Epoch: 1 [1306/4995 (26%)] loss: 0.0009 L_si: 0.0004 L_grad: 0.0004 
Train Epoch: 1 [1307/4995 (26%)] loss: 0.0034 L_si: 0.0020 L_grad: 0.0014 
Train Epoch: 1 [1308/4995 (26%)] loss: 0.0001 L_si: 0.0000 L_grad: 0.0001 
Train Epoch: 1 [1309/4995 (26%)] loss: 0.0001 L_si: 0.0000 L_grad: 0.0001 
Train Epoch: 1 [1310/4995 (26%)] loss: 0.0006 L_si: 0.0003 L_grad: 0.0004 
Train Epoch: 1 [1311/4995 (26%)] loss: 0.0009 L_si: 0.0005 L_grad: 0.0004 
Train Epoch: 1 [1312/4995 (26%)] loss: 0.0009 L_si: 0.0005 L_grad: 0.0004 
Train Epoch: 1 [1313/4995 (26%)] loss: 0.0005 L_si: 0.0002 L_grad: 0.0003 
Train Epoch: 1 [1314/4995 (26%)] loss: 0.0004 L_si: 0.0002 L_grad: 0.0003 
Train Epoch: 1 [1315/4995 (26%)] loss: 0.0007 L_si: 0.0003 L_grad: 0.0004 
Train Epoch: 1 [1316/4995 (26%)] loss: 0.0006 L_si: 0.0002 L_grad: 0.0004 
Train Epoch: 1 [1317/4995 (26%)] loss: 0.0003 L_si: 0.0001 L_grad: 0.0002 
Train Epoch: 1 [1318/4995 (26%)] loss: 0.0005 L_si: 0.0002 L_grad: 0.0003 
Train Epoch: 1 [1319/4995 (26%)] loss: 0.0009 L_si: 0.0005 L_grad: 0.0004 
Train Epoch: 1 [1320/4995 (26%)] loss: 0.0005 L_si: 0.0002 L_grad: 0.0003 
Train Epoch: 1 [1321/4995 (26%)] loss: 0.0003 L_si: 0.0001 L_grad: 0.0002 
Train Epoch: 1 [1322/4995 (26%)] loss: 0.0004 L_si: 0.0001 L_grad: 0.0003 
Train Epoch: 1 [1323/4995 (26%)] loss: 0.0007 L_si: 0.0003 L_grad: 0.0003 
Train Epoch: 1 [1324/4995 (27%)] loss: 0.0006 L_si: 0.0002 L_grad: 0.0004 
Train Epoch: 1 [1325/4995 (27%)] loss: 0.0013 L_si: 0.0007 L_grad: 0.0006 
Train Epoch: 1 [1326/4995 (27%)] loss: 0.0017 L_si: 0.0009 L_grad: 0.0008 
Train Epoch: 1 [1327/4995 (27%)] loss: 0.0007 L_si: 0.0003 L_grad: 0.0004 
Train Epoch: 1 [1328/4995 (27%)] loss: 0.0007 L_si: 0.0003 L_grad: 0.0004 
Train Epoch: 1 [1329/4995 (27%)] loss: 0.0006 L_si: 0.0002 L_grad: 0.0004 
Train Epoch: 1 [1330/4995 (27%)] loss: 0.0004 L_si: 0.0001 L_grad: 0.0003 
Train Epoch: 1 [1331/4995 (27%)] loss: 0.0007 L_si: 0.0003 L_grad: 0.0004 
Train Epoch: 1 [1332/4995 (27%)] loss: 0.0007 L_si: 0.0003 L_grad: 0.0004 
Train Epoch: 1 [1333/4995 (27%)] loss: 0.0009 L_si: 0.0005 L_grad: 0.0004 
Train Epoch: 1 [1334/4995 (27%)] loss: 0.0006 L_si: 0.0003 L_grad: 0.0004 
Train Epoch: 1 [1335/4995 (27%)] loss: 0.0008 L_si: 0.0004 L_grad: 0.0004 
Train Epoch: 1 [1336/4995 (27%)] loss: 0.0004 L_si: 0.0002 L_grad: 0.0003 
Train Epoch: 1 [1337/4995 (27%)] loss: 0.0006 L_si: 0.0003 L_grad: 0.0004 
Train Epoch: 1 [1338/4995 (27%)] loss: 0.0005 L_si: 0.0002 L_grad: 0.0003 
Train Epoch: 1 [1339/4995 (27%)] loss: 0.0005 L_si: 0.0002 L_grad: 0.0003 
Train Epoch: 1 [1340/4995 (27%)] loss: 0.0011 L_si: 0.0006 L_grad: 0.0005 
Train Epoch: 1 [1341/4995 (27%)] loss: 0.0009 L_si: 0.0004 L_grad: 0.0004 
Train Epoch: 1 [1342/4995 (27%)] loss: 0.0034 L_si: 0.0021 L_grad: 0.0014 
Train Epoch: 1 [1343/4995 (27%)] loss: 0.0008 L_si: 0.0003 L_grad: 0.0004 
Train Epoch: 1 [1344/4995 (27%)] loss: 0.0005 L_si: 0.0002 L_grad: 0.0003 
Train Epoch: 1 [1345/4995 (27%)] loss: 0.0007 L_si: 0.0003 L_grad: 0.0004 
Train Epoch: 1 [1346/4995 (27%)] loss: 0.0008 L_si: 0.0004 L_grad: 0.0004 
Train Epoch: 1 [1347/4995 (27%)] loss: 0.0003 L_si: 0.0001 L_grad: 0.0002 
Train Epoch: 1 [1348/4995 (27%)] loss: 0.0011 L_si: 0.0006 L_grad: 0.0004 
Train Epoch: 1 [1349/4995 (27%)] loss: 0.0005 L_si: 0.0002 L_grad: 0.0003 
Train Epoch: 1 [1350/4995 (27%)] loss: 0.0004 L_si: 0.0001 L_grad: 0.0003 
Train Epoch: 1 [1351/4995 (27%)] loss: 0.0023 L_si: 0.0014 L_grad: 0.0009 
Train Epoch: 1 [1352/4995 (27%)] loss: 0.0010 L_si: 0.0006 L_grad: 0.0004 
Train Epoch: 1 [1353/4995 (27%)] loss: 0.0008 L_si: 0.0004 L_grad: 0.0004 
Train Epoch: 1 [1354/4995 (27%)] loss: 0.0003 L_si: 0.0001 L_grad: 0.0002 
Train Epoch: 1 [1355/4995 (27%)] loss: 0.0004 L_si: 0.0001 L_grad: 0.0003 
Train Epoch: 1 [1356/4995 (27%)] loss: 0.0009 L_si: 0.0005 L_grad: 0.0004 
Train Epoch: 1 [1357/4995 (27%)] loss: 0.0002 L_si: 0.0000 L_grad: 0.0001 
Train Epoch: 1 [1358/4995 (27%)] loss: 0.0007 L_si: 0.0003 L_grad: 0.0004 
Train Epoch: 1 [1359/4995 (27%)] loss: 0.0007 L_si: 0.0004 L_grad: 0.0004 
Train Epoch: 1 [1360/4995 (27%)] loss: 0.0010 L_si: 0.0005 L_grad: 0.0005 
Train Epoch: 1 [1361/4995 (27%)] loss: 0.0028 L_si: 0.0017 L_grad: 0.0011 
Train Epoch: 1 [1362/4995 (27%)] loss: 0.0005 L_si: 0.0002 L_grad: 0.0003 
Train Epoch: 1 [1363/4995 (27%)] loss: 0.0006 L_si: 0.0002 L_grad: 0.0003 
Train Epoch: 1 [1364/4995 (27%)] loss: 0.0006 L_si: 0.0002 L_grad: 0.0004 
Train Epoch: 1 [1365/4995 (27%)] loss: 0.0021 L_si: 0.0014 L_grad: 0.0007 
Train Epoch: 1 [1366/4995 (27%)] loss: 0.0010 L_si: 0.0005 L_grad: 0.0005 
Train Epoch: 1 [1367/4995 (27%)] loss: 0.0008 L_si: 0.0004 L_grad: 0.0004 
Train Epoch: 1 [1368/4995 (27%)] loss: 0.0002 L_si: 0.0000 L_grad: 0.0001 
Train Epoch: 1 [1369/4995 (27%)] loss: 0.0006 L_si: 0.0002 L_grad: 0.0003 
Train Epoch: 1 [1370/4995 (27%)] loss: 0.0008 L_si: 0.0003 L_grad: 0.0005 
Train Epoch: 1 [1371/4995 (27%)] loss: 0.0007 L_si: 0.0003 L_grad: 0.0004 
Train Epoch: 1 [1372/4995 (27%)] loss: 0.0013 L_si: 0.0007 L_grad: 0.0006 
Train Epoch: 1 [1373/4995 (27%)] loss: 0.0004 L_si: 0.0002 L_grad: 0.0003 
Train Epoch: 1 [1374/4995 (28%)] loss: 0.0008 L_si: 0.0003 L_grad: 0.0004 
Train Epoch: 1 [1375/4995 (28%)] loss: 0.0006 L_si: 0.0003 L_grad: 0.0003 
Train Epoch: 1 [1376/4995 (28%)] loss: 0.0003 L_si: 0.0001 L_grad: 0.0002 
Train Epoch: 1 [1377/4995 (28%)] loss: 0.0007 L_si: 0.0004 L_grad: 0.0004 
Train Epoch: 1 [1378/4995 (28%)] loss: 0.0007 L_si: 0.0003 L_grad: 0.0004 
Train Epoch: 1 [1379/4995 (28%)] loss: 0.0008 L_si: 0.0004 L_grad: 0.0005 
Train Epoch: 1 [1380/4995 (28%)] loss: 0.0007 L_si: 0.0003 L_grad: 0.0004 
Train Epoch: 1 [1381/4995 (28%)] loss: 0.0007 L_si: 0.0003 L_grad: 0.0004 
Train Epoch: 1 [1382/4995 (28%)] loss: 0.0004 L_si: 0.0002 L_grad: 0.0003 
Train Epoch: 1 [1383/4995 (28%)] loss: 0.0009 L_si: 0.0006 L_grad: 0.0003 
Train Epoch: 1 [1384/4995 (28%)] loss: 0.0008 L_si: 0.0004 L_grad: 0.0004 
Train Epoch: 1 [1385/4995 (28%)] loss: 0.0005 L_si: 0.0002 L_grad: 0.0004 
Train Epoch: 1 [1386/4995 (28%)] loss: 0.0005 L_si: 0.0002 L_grad: 0.0003 
Train Epoch: 1 [1387/4995 (28%)] loss: 0.0007 L_si: 0.0003 L_grad: 0.0004 
Train Epoch: 1 [1388/4995 (28%)] loss: 0.0005 L_si: 0.0002 L_grad: 0.0003 
Train Epoch: 1 [1389/4995 (28%)] loss: 0.0005 L_si: 0.0002 L_grad: 0.0003 
Train Epoch: 1 [1390/4995 (28%)] loss: 0.0005 L_si: 0.0002 L_grad: 0.0003 
Train Epoch: 1 [1391/4995 (28%)] loss: 0.0007 L_si: 0.0003 L_grad: 0.0004 
Train Epoch: 1 [1392/4995 (28%)] loss: 0.0006 L_si: 0.0002 L_grad: 0.0004 
Train Epoch: 1 [1393/4995 (28%)] loss: 0.0010 L_si: 0.0005 L_grad: 0.0006 
Train Epoch: 1 [1394/4995 (28%)] loss: 0.0004 L_si: 0.0001 L_grad: 0.0003 
Train Epoch: 1 [1395/4995 (28%)] loss: 0.0002 L_si: 0.0000 L_grad: 0.0002 
Train Epoch: 1 [1396/4995 (28%)] loss: 0.0014 L_si: 0.0007 L_grad: 0.0007 
Train Epoch: 1 [1397/4995 (28%)] loss: 0.0004 L_si: 0.0002 L_grad: 0.0003 
Train Epoch: 1 [1398/4995 (28%)] loss: 0.0009 L_si: 0.0005 L_grad: 0.0005 
Train Epoch: 1 [1399/4995 (28%)] loss: 0.0007 L_si: 0.0003 L_grad: 0.0004 
Train Epoch: 1 [1400/4995 (28%)] loss: 0.0006 L_si: 0.0003 L_grad: 0.0004 
Train Epoch: 1 [1401/4995 (28%)] loss: 0.0004 L_si: 0.0002 L_grad: 0.0003 
Train Epoch: 1 [1402/4995 (28%)] loss: 0.0024 L_si: 0.0013 L_grad: 0.0011 
Train Epoch: 1 [1403/4995 (28%)] loss: 0.0005 L_si: 0.0002 L_grad: 0.0003 
Train Epoch: 1 [1404/4995 (28%)] loss: 0.0002 L_si: 0.0000 L_grad: 0.0002 
Train Epoch: 1 [1405/4995 (28%)] loss: 0.0037 L_si: 0.0022 L_grad: 0.0015 
Train Epoch: 1 [1406/4995 (28%)] loss: 0.0001 L_si: 0.0000 L_grad: 0.0001 
Train Epoch: 1 [1407/4995 (28%)] loss: 0.0010 L_si: 0.0005 L_grad: 0.0005 
Train Epoch: 1 [1408/4995 (28%)] loss: 0.0010 L_si: 0.0005 L_grad: 0.0005 
Train Epoch: 1 [1409/4995 (28%)] loss: 0.0004 L_si: 0.0001 L_grad: 0.0003 
Train Epoch: 1 [1410/4995 (28%)] loss: 0.0017 L_si: 0.0009 L_grad: 0.0007 
Train Epoch: 1 [1411/4995 (28%)] loss: 0.0007 L_si: 0.0002 L_grad: 0.0004 
Train Epoch: 1 [1412/4995 (28%)] loss: 0.0005 L_si: 0.0001 L_grad: 0.0003 
Train Epoch: 1 [1413/4995 (28%)] loss: 0.0008 L_si: 0.0003 L_grad: 0.0005 
Train Epoch: 1 [1414/4995 (28%)] loss: 0.0008 L_si: 0.0003 L_grad: 0.0005 
Train Epoch: 1 [1415/4995 (28%)] loss: 0.0006 L_si: 0.0003 L_grad: 0.0003 
Train Epoch: 1 [1416/4995 (28%)] loss: 0.0008 L_si: 0.0003 L_grad: 0.0005 
Train Epoch: 1 [1417/4995 (28%)] loss: 0.0010 L_si: 0.0004 L_grad: 0.0006 
Train Epoch: 1 [1418/4995 (28%)] loss: 0.0005 L_si: 0.0002 L_grad: 0.0003 
Train Epoch: 1 [1419/4995 (28%)] loss: 0.0012 L_si: 0.0005 L_grad: 0.0007 
Train Epoch: 1 [1420/4995 (28%)] loss: 0.0009 L_si: 0.0003 L_grad: 0.0006 
Train Epoch: 1 [1421/4995 (28%)] loss: 0.0008 L_si: 0.0002 L_grad: 0.0006 
Train Epoch: 1 [1422/4995 (28%)] loss: 0.0010 L_si: 0.0004 L_grad: 0.0007 
Train Epoch: 1 [1423/4995 (28%)] loss: 0.0013 L_si: 0.0005 L_grad: 0.0007 
Train Epoch: 1 [1424/4995 (29%)] loss: 0.0016 L_si: 0.0008 L_grad: 0.0007 
Train Epoch: 1 [1425/4995 (29%)] loss: 0.0012 L_si: 0.0005 L_grad: 0.0007 
Train Epoch: 1 [1426/4995 (29%)] loss: 0.0007 L_si: 0.0003 L_grad: 0.0004 
Train Epoch: 1 [1427/4995 (29%)] loss: 0.0006 L_si: 0.0002 L_grad: 0.0004 
Train Epoch: 1 [1428/4995 (29%)] loss: 0.0007 L_si: 0.0003 L_grad: 0.0004 
Train Epoch: 1 [1429/4995 (29%)] loss: 0.0015 L_si: 0.0008 L_grad: 0.0007 
Train Epoch: 1 [1430/4995 (29%)] loss: 0.0007 L_si: 0.0003 L_grad: 0.0005 
Train Epoch: 1 [1431/4995 (29%)] loss: 0.0008 L_si: 0.0004 L_grad: 0.0004 
Train Epoch: 1 [1432/4995 (29%)] loss: 0.0008 L_si: 0.0003 L_grad: 0.0005 
Train Epoch: 1 [1433/4995 (29%)] loss: 0.0008 L_si: 0.0005 L_grad: 0.0004 
Train Epoch: 1 [1434/4995 (29%)] loss: 0.0005 L_si: 0.0001 L_grad: 0.0003 
Train Epoch: 1 [1435/4995 (29%)] loss: 0.0006 L_si: 0.0002 L_grad: 0.0004 
Train Epoch: 1 [1436/4995 (29%)] loss: 0.0006 L_si: 0.0002 L_grad: 0.0004 
Train Epoch: 1 [1437/4995 (29%)] loss: 0.0008 L_si: 0.0004 L_grad: 0.0004 
Train Epoch: 1 [1438/4995 (29%)] loss: 0.0003 L_si: 0.0000 L_grad: 0.0002 
Train Epoch: 1 [1439/4995 (29%)] loss: 0.0014 L_si: 0.0008 L_grad: 0.0006 
Train Epoch: 1 [1440/4995 (29%)] loss: 0.0005 L_si: 0.0002 L_grad: 0.0004 
Train Epoch: 1 [1441/4995 (29%)] loss: 0.0007 L_si: 0.0002 L_grad: 0.0005 
Train Epoch: 1 [1442/4995 (29%)] loss: 0.0006 L_si: 0.0002 L_grad: 0.0004 
Train Epoch: 1 [1443/4995 (29%)] loss: 0.0004 L_si: 0.0001 L_grad: 0.0003 
Train Epoch: 1 [1444/4995 (29%)] loss: 0.0002 L_si: 0.0000 L_grad: 0.0002 
Train Epoch: 1 [1445/4995 (29%)] loss: 0.0007 L_si: 0.0003 L_grad: 0.0004 
Train Epoch: 1 [1446/4995 (29%)] loss: 0.0007 L_si: 0.0002 L_grad: 0.0005 
Train Epoch: 1 [1447/4995 (29%)] loss: 0.0005 L_si: 0.0002 L_grad: 0.0004 
Train Epoch: 1 [1448/4995 (29%)] loss: 0.0007 L_si: 0.0002 L_grad: 0.0004 
Train Epoch: 1 [1449/4995 (29%)] loss: 0.0008 L_si: 0.0003 L_grad: 0.0004 
Train Epoch: 1 [1450/4995 (29%)] loss: 0.0009 L_si: 0.0004 L_grad: 0.0005 
Train Epoch: 1 [1451/4995 (29%)] loss: 0.0005 L_si: 0.0002 L_grad: 0.0003 
Train Epoch: 1 [1452/4995 (29%)] loss: 0.0018 L_si: 0.0011 L_grad: 0.0007 
Train Epoch: 1 [1453/4995 (29%)] loss: 0.0001 L_si: 0.0000 L_grad: 0.0001 
Train Epoch: 1 [1454/4995 (29%)] loss: 0.0001 L_si: 0.0000 L_grad: 0.0001 
Train Epoch: 1 [1455/4995 (29%)] loss: 0.0005 L_si: 0.0003 L_grad: 0.0003 
Train Epoch: 1 [1456/4995 (29%)] loss: 0.0011 L_si: 0.0006 L_grad: 0.0005 
Train Epoch: 1 [1457/4995 (29%)] loss: 0.0004 L_si: 0.0001 L_grad: 0.0003 
Train Epoch: 1 [1458/4995 (29%)] loss: 0.0006 L_si: 0.0003 L_grad: 0.0003 
Train Epoch: 1 [1459/4995 (29%)] loss: 0.0005 L_si: 0.0002 L_grad: 0.0003 
Train Epoch: 1 [1460/4995 (29%)] loss: 0.0014 L_si: 0.0009 L_grad: 0.0005 
Train Epoch: 1 [1461/4995 (29%)] loss: 0.0006 L_si: 0.0003 L_grad: 0.0003 
Train Epoch: 1 [1462/4995 (29%)] loss: 0.0009 L_si: 0.0006 L_grad: 0.0004 
Train Epoch: 1 [1463/4995 (29%)] loss: 0.0010 L_si: 0.0005 L_grad: 0.0005 
Train Epoch: 1 [1464/4995 (29%)] loss: 0.0007 L_si: 0.0004 L_grad: 0.0004 
Train Epoch: 1 [1465/4995 (29%)] loss: 0.0004 L_si: 0.0001 L_grad: 0.0002 
Train Epoch: 1 [1466/4995 (29%)] loss: 0.0001 L_si: 0.0000 L_grad: 0.0001 
Train Epoch: 1 [1467/4995 (29%)] loss: 0.0006 L_si: 0.0002 L_grad: 0.0004 
Train Epoch: 1 [1468/4995 (29%)] loss: 0.0004 L_si: 0.0001 L_grad: 0.0003 
Train Epoch: 1 [1469/4995 (29%)] loss: 0.0010 L_si: 0.0006 L_grad: 0.0004 
Train Epoch: 1 [1470/4995 (29%)] loss: 0.0007 L_si: 0.0003 L_grad: 0.0004 
Train Epoch: 1 [1471/4995 (29%)] loss: 0.0006 L_si: 0.0003 L_grad: 0.0003 
Train Epoch: 1 [1472/4995 (29%)] loss: 0.0005 L_si: 0.0002 L_grad: 0.0003 
Train Epoch: 1 [1473/4995 (29%)] loss: 0.0003 L_si: 0.0001 L_grad: 0.0002 
Train Epoch: 1 [1474/4995 (30%)] loss: 0.0020 L_si: 0.0014 L_grad: 0.0006 
Train Epoch: 1 [1475/4995 (30%)] loss: 0.0007 L_si: 0.0003 L_grad: 0.0004 
Train Epoch: 1 [1476/4995 (30%)] loss: 0.0003 L_si: 0.0001 L_grad: 0.0002 
Train Epoch: 1 [1477/4995 (30%)] loss: 0.0006 L_si: 0.0002 L_grad: 0.0004 
Train Epoch: 1 [1478/4995 (30%)] loss: 0.0027 L_si: 0.0016 L_grad: 0.0011 
Train Epoch: 1 [1479/4995 (30%)] loss: 0.0013 L_si: 0.0007 L_grad: 0.0006 
Train Epoch: 1 [1480/4995 (30%)] loss: 0.0009 L_si: 0.0004 L_grad: 0.0005 
Train Epoch: 1 [1481/4995 (30%)] loss: 0.0007 L_si: 0.0003 L_grad: 0.0004 
Train Epoch: 1 [1482/4995 (30%)] loss: 0.0007 L_si: 0.0003 L_grad: 0.0004 
Train Epoch: 1 [1483/4995 (30%)] loss: 0.0005 L_si: 0.0001 L_grad: 0.0004 
Train Epoch: 1 [1484/4995 (30%)] loss: 0.0007 L_si: 0.0004 L_grad: 0.0004 
Train Epoch: 1 [1485/4995 (30%)] loss: 0.0015 L_si: 0.0010 L_grad: 0.0005 
Train Epoch: 1 [1486/4995 (30%)] loss: 0.0010 L_si: 0.0005 L_grad: 0.0005 
Train Epoch: 1 [1487/4995 (30%)] loss: 0.0005 L_si: 0.0002 L_grad: 0.0003 
Train Epoch: 1 [1488/4995 (30%)] loss: 0.0005 L_si: 0.0002 L_grad: 0.0003 
Train Epoch: 1 [1489/4995 (30%)] loss: 0.0002 L_si: 0.0000 L_grad: 0.0002 
Train Epoch: 1 [1490/4995 (30%)] loss: 0.0006 L_si: 0.0003 L_grad: 0.0003 
Train Epoch: 1 [1491/4995 (30%)] loss: 0.0008 L_si: 0.0004 L_grad: 0.0004 
Train Epoch: 1 [1492/4995 (30%)] loss: 0.0004 L_si: 0.0001 L_grad: 0.0003 
Train Epoch: 1 [1493/4995 (30%)] loss: 0.0008 L_si: 0.0003 L_grad: 0.0004 
Train Epoch: 1 [1494/4995 (30%)] loss: 0.0010 L_si: 0.0005 L_grad: 0.0005 
Train Epoch: 1 [1495/4995 (30%)] loss: 0.0006 L_si: 0.0003 L_grad: 0.0003 
Train Epoch: 1 [1496/4995 (30%)] loss: 0.0005 L_si: 0.0002 L_grad: 0.0003 
Train Epoch: 1 [1497/4995 (30%)] loss: 0.0009 L_si: 0.0004 L_grad: 0.0005 
Train Epoch: 1 [1498/4995 (30%)] loss: 0.0019 L_si: 0.0010 L_grad: 0.0008 
Train Epoch: 1 [1499/4995 (30%)] loss: 0.0006 L_si: 0.0003 L_grad: 0.0004 
Train Epoch: 1 [1500/4995 (30%)] loss: 0.0022 L_si: 0.0013 L_grad: 0.0009 
Train Epoch: 1 [1501/4995 (30%)] loss: 0.0006 L_si: 0.0003 L_grad: 0.0003 
Train Epoch: 1 [1502/4995 (30%)] loss: 0.0011 L_si: 0.0005 L_grad: 0.0006 
Train Epoch: 1 [1503/4995 (30%)] loss: 0.0002 L_si: 0.0000 L_grad: 0.0002 
Train Epoch: 1 [1504/4995 (30%)] loss: 0.0009 L_si: 0.0004 L_grad: 0.0005 
Train Epoch: 1 [1505/4995 (30%)] loss: 0.0018 L_si: 0.0010 L_grad: 0.0008 
Train Epoch: 1 [1506/4995 (30%)] loss: 0.0003 L_si: 0.0001 L_grad: 0.0002 
Train Epoch: 1 [1507/4995 (30%)] loss: 0.0013 L_si: 0.0008 L_grad: 0.0005 
Train Epoch: 1 [1508/4995 (30%)] loss: 0.0008 L_si: 0.0003 L_grad: 0.0004 
Train Epoch: 1 [1509/4995 (30%)] loss: 0.0006 L_si: 0.0002 L_grad: 0.0004 
Train Epoch: 1 [1510/4995 (30%)] loss: 0.0005 L_si: 0.0002 L_grad: 0.0004 
Train Epoch: 1 [1511/4995 (30%)] loss: 0.0006 L_si: 0.0003 L_grad: 0.0004 
Train Epoch: 1 [1512/4995 (30%)] loss: 0.0008 L_si: 0.0004 L_grad: 0.0004 
Train Epoch: 1 [1513/4995 (30%)] loss: 0.0006 L_si: 0.0003 L_grad: 0.0003 
Train Epoch: 1 [1514/4995 (30%)] loss: 0.0006 L_si: 0.0002 L_grad: 0.0003 
Train Epoch: 1 [1515/4995 (30%)] loss: 0.0003 L_si: 0.0001 L_grad: 0.0002 
Train Epoch: 1 [1516/4995 (30%)] loss: 0.0009 L_si: 0.0004 L_grad: 0.0004 
Train Epoch: 1 [1517/4995 (30%)] loss: 0.0014 L_si: 0.0008 L_grad: 0.0005 
Train Epoch: 1 [1518/4995 (30%)] loss: 0.0011 L_si: 0.0005 L_grad: 0.0006 
Train Epoch: 1 [1519/4995 (30%)] loss: 0.0009 L_si: 0.0005 L_grad: 0.0004 
Train Epoch: 1 [1520/4995 (30%)] loss: 0.0009 L_si: 0.0004 L_grad: 0.0005 
Train Epoch: 1 [1521/4995 (30%)] loss: 0.0008 L_si: 0.0004 L_grad: 0.0004 
Train Epoch: 1 [1522/4995 (30%)] loss: 0.0007 L_si: 0.0003 L_grad: 0.0004 
Train Epoch: 1 [1523/4995 (30%)] loss: 0.0005 L_si: 0.0002 L_grad: 0.0003 
Train Epoch: 1 [1524/4995 (31%)] loss: 0.0003 L_si: 0.0001 L_grad: 0.0002 
Train Epoch: 1 [1525/4995 (31%)] loss: 0.0012 L_si: 0.0008 L_grad: 0.0005 
Train Epoch: 1 [1526/4995 (31%)] loss: 0.0001 L_si: 0.0000 L_grad: 0.0001 
Train Epoch: 1 [1527/4995 (31%)] loss: 0.0006 L_si: 0.0002 L_grad: 0.0003 
Train Epoch: 1 [1528/4995 (31%)] loss: 0.0006 L_si: 0.0002 L_grad: 0.0004 
Train Epoch: 1 [1529/4995 (31%)] loss: 0.0005 L_si: 0.0002 L_grad: 0.0004 
Train Epoch: 1 [1530/4995 (31%)] loss: 0.0004 L_si: 0.0001 L_grad: 0.0003 
Train Epoch: 1 [1531/4995 (31%)] loss: 0.0005 L_si: 0.0002 L_grad: 0.0003 
Train Epoch: 1 [1532/4995 (31%)] loss: 0.0009 L_si: 0.0004 L_grad: 0.0005 
Train Epoch: 1 [1533/4995 (31%)] loss: 0.0004 L_si: 0.0002 L_grad: 0.0003 
Train Epoch: 1 [1534/4995 (31%)] loss: 0.0003 L_si: 0.0001 L_grad: 0.0002 
Train Epoch: 1 [1535/4995 (31%)] loss: 0.0005 L_si: 0.0002 L_grad: 0.0003 
Train Epoch: 1 [1536/4995 (31%)] loss: 0.0013 L_si: 0.0007 L_grad: 0.0006 
Train Epoch: 1 [1537/4995 (31%)] loss: 0.0006 L_si: 0.0003 L_grad: 0.0003 
Train Epoch: 1 [1538/4995 (31%)] loss: 0.0020 L_si: 0.0012 L_grad: 0.0008 
Train Epoch: 1 [1539/4995 (31%)] loss: 0.0004 L_si: 0.0001 L_grad: 0.0003 
Train Epoch: 1 [1540/4995 (31%)] loss: 0.0005 L_si: 0.0002 L_grad: 0.0003 
Train Epoch: 1 [1541/4995 (31%)] loss: 0.0006 L_si: 0.0003 L_grad: 0.0004 
Train Epoch: 1 [1542/4995 (31%)] loss: 0.0006 L_si: 0.0003 L_grad: 0.0003 
Train Epoch: 1 [1543/4995 (31%)] loss: 0.0005 L_si: 0.0002 L_grad: 0.0003 
Train Epoch: 1 [1544/4995 (31%)] loss: 0.0005 L_si: 0.0002 L_grad: 0.0003 
Train Epoch: 1 [1545/4995 (31%)] loss: 0.0020 L_si: 0.0014 L_grad: 0.0005 
Train Epoch: 1 [1546/4995 (31%)] loss: 0.0003 L_si: 0.0001 L_grad: 0.0002 
Train Epoch: 1 [1547/4995 (31%)] loss: 0.0004 L_si: 0.0002 L_grad: 0.0003 
Train Epoch: 1 [1548/4995 (31%)] loss: 0.0011 L_si: 0.0006 L_grad: 0.0005 
Train Epoch: 1 [1549/4995 (31%)] loss: 0.0007 L_si: 0.0002 L_grad: 0.0004 
Train Epoch: 1 [1550/4995 (31%)] loss: 0.0003 L_si: 0.0001 L_grad: 0.0002 
Train Epoch: 1 [1551/4995 (31%)] loss: 0.0006 L_si: 0.0003 L_grad: 0.0004 
Train Epoch: 1 [1552/4995 (31%)] loss: 0.0005 L_si: 0.0002 L_grad: 0.0004 
Train Epoch: 1 [1553/4995 (31%)] loss: 0.0005 L_si: 0.0002 L_grad: 0.0003 
Train Epoch: 1 [1554/4995 (31%)] loss: 0.0007 L_si: 0.0003 L_grad: 0.0003 
Train Epoch: 1 [1555/4995 (31%)] loss: 0.0005 L_si: 0.0002 L_grad: 0.0003 
Train Epoch: 1 [1556/4995 (31%)] loss: 0.0008 L_si: 0.0003 L_grad: 0.0004 
Train Epoch: 1 [1557/4995 (31%)] loss: 0.0007 L_si: 0.0003 L_grad: 0.0003 
Train Epoch: 1 [1558/4995 (31%)] loss: 0.0005 L_si: 0.0002 L_grad: 0.0003 
Train Epoch: 1 [1559/4995 (31%)] loss: 0.0008 L_si: 0.0003 L_grad: 0.0004 
Train Epoch: 1 [1560/4995 (31%)] loss: 0.0010 L_si: 0.0004 L_grad: 0.0006 
Train Epoch: 1 [1561/4995 (31%)] loss: 0.0004 L_si: 0.0002 L_grad: 0.0003 
Train Epoch: 1 [1562/4995 (31%)] loss: 0.0005 L_si: 0.0002 L_grad: 0.0003 
Train Epoch: 1 [1563/4995 (31%)] loss: 0.0010 L_si: 0.0005 L_grad: 0.0005 
Train Epoch: 1 [1564/4995 (31%)] loss: 0.0005 L_si: 0.0002 L_grad: 0.0003 
Train Epoch: 1 [1565/4995 (31%)] loss: 0.0004 L_si: 0.0001 L_grad: 0.0003 
Train Epoch: 1 [1566/4995 (31%)] loss: 0.0004 L_si: 0.0001 L_grad: 0.0002 
Train Epoch: 1 [1567/4995 (31%)] loss: 0.0026 L_si: 0.0015 L_grad: 0.0011 
Train Epoch: 1 [1568/4995 (31%)] loss: 0.0004 L_si: 0.0001 L_grad: 0.0003 
Train Epoch: 1 [1569/4995 (31%)] loss: 0.0007 L_si: 0.0003 L_grad: 0.0004 
Train Epoch: 1 [1570/4995 (31%)] loss: 0.0002 L_si: 0.0001 L_grad: 0.0002 
Train Epoch: 1 [1571/4995 (31%)] loss: 0.0003 L_si: 0.0001 L_grad: 0.0002 
Train Epoch: 1 [1572/4995 (31%)] loss: 0.0002 L_si: 0.0000 L_grad: 0.0001 
Train Epoch: 1 [1573/4995 (31%)] loss: 0.0007 L_si: 0.0003 L_grad: 0.0004 
Train Epoch: 1 [1574/4995 (32%)] loss: 0.0005 L_si: 0.0002 L_grad: 0.0003 
Train Epoch: 1 [1575/4995 (32%)] loss: 0.0006 L_si: 0.0002 L_grad: 0.0004 
Train Epoch: 1 [1576/4995 (32%)] loss: 0.0004 L_si: 0.0002 L_grad: 0.0002 
Train Epoch: 1 [1577/4995 (32%)] loss: 0.0006 L_si: 0.0003 L_grad: 0.0004 
Train Epoch: 1 [1578/4995 (32%)] loss: 0.0007 L_si: 0.0004 L_grad: 0.0004 
Train Epoch: 1 [1579/4995 (32%)] loss: 0.0006 L_si: 0.0003 L_grad: 0.0003 
Train Epoch: 1 [1580/4995 (32%)] loss: 0.0008 L_si: 0.0004 L_grad: 0.0004 
Train Epoch: 1 [1581/4995 (32%)] loss: 0.0008 L_si: 0.0004 L_grad: 0.0004 
Train Epoch: 1 [1582/4995 (32%)] loss: 0.0005 L_si: 0.0002 L_grad: 0.0003 
Train Epoch: 1 [1583/4995 (32%)] loss: 0.0005 L_si: 0.0002 L_grad: 0.0003 
Train Epoch: 1 [1584/4995 (32%)] loss: 0.0004 L_si: 0.0002 L_grad: 0.0002 
Train Epoch: 1 [1585/4995 (32%)] loss: 0.0008 L_si: 0.0005 L_grad: 0.0003 
Train Epoch: 1 [1586/4995 (32%)] loss: 0.0001 L_si: 0.0000 L_grad: 0.0001 
Train Epoch: 1 [1587/4995 (32%)] loss: 0.0005 L_si: 0.0002 L_grad: 0.0003 
Train Epoch: 1 [1588/4995 (32%)] loss: 0.0003 L_si: 0.0001 L_grad: 0.0002 
Train Epoch: 1 [1589/4995 (32%)] loss: 0.0007 L_si: 0.0003 L_grad: 0.0004 
Train Epoch: 1 [1590/4995 (32%)] loss: 0.0010 L_si: 0.0005 L_grad: 0.0005 
Train Epoch: 1 [1591/4995 (32%)] loss: 0.0006 L_si: 0.0003 L_grad: 0.0004 
Train Epoch: 1 [1592/4995 (32%)] loss: 0.0004 L_si: 0.0001 L_grad: 0.0003 
Train Epoch: 1 [1593/4995 (32%)] loss: 0.0006 L_si: 0.0003 L_grad: 0.0003 
Train Epoch: 1 [1594/4995 (32%)] loss: 0.0003 L_si: 0.0001 L_grad: 0.0002 
Train Epoch: 1 [1595/4995 (32%)] loss: 0.0018 L_si: 0.0013 L_grad: 0.0006 
Train Epoch: 1 [1596/4995 (32%)] loss: 0.0006 L_si: 0.0003 L_grad: 0.0003 
Train Epoch: 1 [1597/4995 (32%)] loss: 0.0011 L_si: 0.0005 L_grad: 0.0006 
Train Epoch: 1 [1598/4995 (32%)] loss: 0.0005 L_si: 0.0002 L_grad: 0.0003 
Train Epoch: 1 [1599/4995 (32%)] loss: 0.0003 L_si: 0.0001 L_grad: 0.0002 
Train Epoch: 1 [1600/4995 (32%)] loss: 0.0012 L_si: 0.0007 L_grad: 0.0005 
Train Epoch: 1 [1601/4995 (32%)] loss: 0.0006 L_si: 0.0002 L_grad: 0.0004 
Train Epoch: 1 [1602/4995 (32%)] loss: 0.0014 L_si: 0.0009 L_grad: 0.0005 
Train Epoch: 1 [1603/4995 (32%)] loss: 0.0005 L_si: 0.0001 L_grad: 0.0004 
Train Epoch: 1 [1604/4995 (32%)] loss: 0.0004 L_si: 0.0001 L_grad: 0.0002 
Train Epoch: 1 [1605/4995 (32%)] loss: 0.0003 L_si: 0.0001 L_grad: 0.0002 
Train Epoch: 1 [1606/4995 (32%)] loss: 0.0001 L_si: 0.0000 L_grad: 0.0001 
Train Epoch: 1 [1607/4995 (32%)] loss: 0.0004 L_si: 0.0002 L_grad: 0.0003 
Train Epoch: 1 [1608/4995 (32%)] loss: 0.0012 L_si: 0.0007 L_grad: 0.0005 
Train Epoch: 1 [1609/4995 (32%)] loss: 0.0006 L_si: 0.0003 L_grad: 0.0003 
Train Epoch: 1 [1610/4995 (32%)] loss: 0.0007 L_si: 0.0003 L_grad: 0.0003 
Train Epoch: 1 [1611/4995 (32%)] loss: 0.0004 L_si: 0.0001 L_grad: 0.0003 
Train Epoch: 1 [1612/4995 (32%)] loss: 0.0005 L_si: 0.0002 L_grad: 0.0003 
Train Epoch: 1 [1613/4995 (32%)] loss: 0.0004 L_si: 0.0001 L_grad: 0.0002 
Train Epoch: 1 [1614/4995 (32%)] loss: 0.0011 L_si: 0.0007 L_grad: 0.0004 
Train Epoch: 1 [1615/4995 (32%)] loss: 0.0006 L_si: 0.0003 L_grad: 0.0003 
Train Epoch: 1 [1616/4995 (32%)] loss: 0.0004 L_si: 0.0002 L_grad: 0.0003 
Train Epoch: 1 [1617/4995 (32%)] loss: 0.0004 L_si: 0.0001 L_grad: 0.0002 
Train Epoch: 1 [1618/4995 (32%)] loss: 0.0006 L_si: 0.0003 L_grad: 0.0003 
Train Epoch: 1 [1619/4995 (32%)] loss: 0.0007 L_si: 0.0004 L_grad: 0.0003 
Train Epoch: 1 [1620/4995 (32%)] loss: 0.0005 L_si: 0.0002 L_grad: 0.0003 
Train Epoch: 1 [1621/4995 (32%)] loss: 0.0003 L_si: 0.0001 L_grad: 0.0002 
Train Epoch: 1 [1622/4995 (32%)] loss: 0.0006 L_si: 0.0003 L_grad: 0.0003 
Train Epoch: 1 [1623/4995 (32%)] loss: 0.0008 L_si: 0.0004 L_grad: 0.0004 
Train Epoch: 1 [1624/4995 (33%)] loss: 0.0005 L_si: 0.0002 L_grad: 0.0003 
Train Epoch: 1 [1625/4995 (33%)] loss: 0.0002 L_si: 0.0001 L_grad: 0.0002 
Train Epoch: 1 [1626/4995 (33%)] loss: 0.0011 L_si: 0.0006 L_grad: 0.0005 
Train Epoch: 1 [1627/4995 (33%)] loss: 0.0006 L_si: 0.0003 L_grad: 0.0003 
Train Epoch: 1 [1628/4995 (33%)] loss: 0.0007 L_si: 0.0003 L_grad: 0.0004 
Train Epoch: 1 [1629/4995 (33%)] loss: 0.0004 L_si: 0.0002 L_grad: 0.0003 
Train Epoch: 1 [1630/4995 (33%)] loss: 0.0012 L_si: 0.0006 L_grad: 0.0005 
Train Epoch: 1 [1631/4995 (33%)] loss: 0.0005 L_si: 0.0002 L_grad: 0.0003 
Train Epoch: 1 [1632/4995 (33%)] loss: 0.0007 L_si: 0.0003 L_grad: 0.0004 
Train Epoch: 1 [1633/4995 (33%)] loss: 0.0014 L_si: 0.0008 L_grad: 0.0006 
Train Epoch: 1 [1634/4995 (33%)] loss: 0.0006 L_si: 0.0003 L_grad: 0.0003 
Train Epoch: 1 [1635/4995 (33%)] loss: 0.0006 L_si: 0.0002 L_grad: 0.0003 
Train Epoch: 1 [1636/4995 (33%)] loss: 0.0005 L_si: 0.0002 L_grad: 0.0003 
Train Epoch: 1 [1637/4995 (33%)] loss: 0.0005 L_si: 0.0002 L_grad: 0.0003 
Train Epoch: 1 [1638/4995 (33%)] loss: 0.0005 L_si: 0.0002 L_grad: 0.0003 
Train Epoch: 1 [1639/4995 (33%)] loss: 0.0004 L_si: 0.0002 L_grad: 0.0002 
Train Epoch: 1 [1640/4995 (33%)] loss: 0.0012 L_si: 0.0007 L_grad: 0.0004 
Train Epoch: 1 [1641/4995 (33%)] loss: 0.0004 L_si: 0.0002 L_grad: 0.0003 
Train Epoch: 1 [1642/4995 (33%)] loss: 0.0004 L_si: 0.0002 L_grad: 0.0002 
Train Epoch: 1 [1643/4995 (33%)] loss: 0.0005 L_si: 0.0002 L_grad: 0.0003 
Train Epoch: 1 [1644/4995 (33%)] loss: 0.0007 L_si: 0.0003 L_grad: 0.0004 
Train Epoch: 1 [1645/4995 (33%)] loss: 0.0014 L_si: 0.0008 L_grad: 0.0006 
Train Epoch: 1 [1646/4995 (33%)] loss: 0.0006 L_si: 0.0002 L_grad: 0.0004 
Train Epoch: 1 [1647/4995 (33%)] loss: 0.0008 L_si: 0.0005 L_grad: 0.0003 
Train Epoch: 1 [1648/4995 (33%)] loss: 0.0007 L_si: 0.0004 L_grad: 0.0003 
Train Epoch: 1 [1649/4995 (33%)] loss: 0.0009 L_si: 0.0005 L_grad: 0.0005 
Train Epoch: 1 [1650/4995 (33%)] loss: 0.0006 L_si: 0.0003 L_grad: 0.0003 
Train Epoch: 1 [1651/4995 (33%)] loss: 0.0004 L_si: 0.0002 L_grad: 0.0002 
Train Epoch: 1 [1652/4995 (33%)] loss: 0.0011 L_si: 0.0006 L_grad: 0.0005 
Train Epoch: 1 [1653/4995 (33%)] loss: 0.0029 L_si: 0.0022 L_grad: 0.0006 
Train Epoch: 1 [1654/4995 (33%)] loss: 0.0014 L_si: 0.0008 L_grad: 0.0006 
Train Epoch: 1 [1655/4995 (33%)] loss: 0.0009 L_si: 0.0005 L_grad: 0.0004 
Train Epoch: 1 [1656/4995 (33%)] loss: 0.0005 L_si: 0.0002 L_grad: 0.0003 
Train Epoch: 1 [1657/4995 (33%)] loss: 0.0003 L_si: 0.0001 L_grad: 0.0002 
Train Epoch: 1 [1658/4995 (33%)] loss: 0.0005 L_si: 0.0002 L_grad: 0.0003 
Train Epoch: 1 [1659/4995 (33%)] loss: 0.0001 L_si: 0.0000 L_grad: 0.0001 
Train Epoch: 1 [1660/4995 (33%)] loss: 0.0003 L_si: 0.0001 L_grad: 0.0002 
Train Epoch: 1 [1661/4995 (33%)] loss: 0.0005 L_si: 0.0002 L_grad: 0.0003 
Train Epoch: 1 [1662/4995 (33%)] loss: 0.0007 L_si: 0.0003 L_grad: 0.0004 
Train Epoch: 1 [1663/4995 (33%)] loss: 0.0007 L_si: 0.0003 L_grad: 0.0004 
Train Epoch: 1 [1664/4995 (33%)] loss: 0.0007 L_si: 0.0003 L_grad: 0.0004 
Train Epoch: 1 [1665/4995 (33%)] loss: 0.0005 L_si: 0.0002 L_grad: 0.0003 
Train Epoch: 1 [1666/4995 (33%)] loss: 0.0005 L_si: 0.0002 L_grad: 0.0003 
Train Epoch: 1 [1667/4995 (33%)] loss: 0.0007 L_si: 0.0003 L_grad: 0.0004 
Train Epoch: 1 [1668/4995 (33%)] loss: 0.0014 L_si: 0.0007 L_grad: 0.0006 
Train Epoch: 1 [1669/4995 (33%)] loss: 0.0006 L_si: 0.0002 L_grad: 0.0003 
Train Epoch: 1 [1670/4995 (33%)] loss: 0.0002 L_si: 0.0001 L_grad: 0.0001 
Train Epoch: 1 [1671/4995 (33%)] loss: 0.0006 L_si: 0.0002 L_grad: 0.0004 
Train Epoch: 1 [1672/4995 (33%)] loss: 0.0004 L_si: 0.0002 L_grad: 0.0002 
Train Epoch: 1 [1673/4995 (33%)] loss: 0.0005 L_si: 0.0002 L_grad: 0.0003 
Train Epoch: 1 [1674/4995 (34%)] loss: 0.0006 L_si: 0.0002 L_grad: 0.0004 
Train Epoch: 1 [1675/4995 (34%)] loss: 0.0007 L_si: 0.0003 L_grad: 0.0004 
Train Epoch: 1 [1676/4995 (34%)] loss: 0.0005 L_si: 0.0002 L_grad: 0.0003 
Train Epoch: 1 [1677/4995 (34%)] loss: 0.0006 L_si: 0.0002 L_grad: 0.0004 
Train Epoch: 1 [1678/4995 (34%)] loss: 0.0011 L_si: 0.0006 L_grad: 0.0005 
Train Epoch: 1 [1679/4995 (34%)] loss: 0.0014 L_si: 0.0009 L_grad: 0.0005 
Train Epoch: 1 [1680/4995 (34%)] loss: 0.0009 L_si: 0.0006 L_grad: 0.0003 
Train Epoch: 1 [1681/4995 (34%)] loss: 0.0021 L_si: 0.0011 L_grad: 0.0010 
Train Epoch: 1 [1682/4995 (34%)] loss: 0.0011 L_si: 0.0006 L_grad: 0.0005 
Train Epoch: 1 [1683/4995 (34%)] loss: 0.0007 L_si: 0.0003 L_grad: 0.0004 
Train Epoch: 1 [1684/4995 (34%)] loss: 0.0011 L_si: 0.0006 L_grad: 0.0006 
Train Epoch: 1 [1685/4995 (34%)] loss: 0.0004 L_si: 0.0001 L_grad: 0.0003 
Train Epoch: 1 [1686/4995 (34%)] loss: 0.0004 L_si: 0.0001 L_grad: 0.0003 
Train Epoch: 1 [1687/4995 (34%)] loss: 0.0022 L_si: 0.0012 L_grad: 0.0009 
Train Epoch: 1 [1688/4995 (34%)] loss: 0.0022 L_si: 0.0016 L_grad: 0.0006 
Train Epoch: 1 [1689/4995 (34%)] loss: 0.0007 L_si: 0.0003 L_grad: 0.0003 
Train Epoch: 1 [1690/4995 (34%)] loss: 0.0014 L_si: 0.0008 L_grad: 0.0006 
Train Epoch: 1 [1691/4995 (34%)] loss: 0.0011 L_si: 0.0006 L_grad: 0.0005 
Train Epoch: 1 [1692/4995 (34%)] loss: 0.0005 L_si: 0.0002 L_grad: 0.0003 
Train Epoch: 1 [1693/4995 (34%)] loss: 0.0006 L_si: 0.0002 L_grad: 0.0004 
Train Epoch: 1 [1694/4995 (34%)] loss: 0.0008 L_si: 0.0004 L_grad: 0.0005 
Train Epoch: 1 [1695/4995 (34%)] loss: 0.0011 L_si: 0.0006 L_grad: 0.0005 
Train Epoch: 1 [1696/4995 (34%)] loss: 0.0007 L_si: 0.0003 L_grad: 0.0004 
Train Epoch: 1 [1697/4995 (34%)] loss: 0.0006 L_si: 0.0002 L_grad: 0.0004 
Train Epoch: 1 [1698/4995 (34%)] loss: 0.0003 L_si: 0.0001 L_grad: 0.0002 
Train Epoch: 1 [1699/4995 (34%)] loss: 0.0006 L_si: 0.0002 L_grad: 0.0004 
Train Epoch: 1 [1700/4995 (34%)] loss: 0.0009 L_si: 0.0004 L_grad: 0.0005 
Train Epoch: 1 [1701/4995 (34%)] loss: 0.0007 L_si: 0.0004 L_grad: 0.0004 
Train Epoch: 1 [1702/4995 (34%)] loss: 0.0006 L_si: 0.0002 L_grad: 0.0004 
Train Epoch: 1 [1703/4995 (34%)] loss: 0.0008 L_si: 0.0003 L_grad: 0.0005 
Train Epoch: 1 [1704/4995 (34%)] loss: 0.0007 L_si: 0.0003 L_grad: 0.0004 
Train Epoch: 1 [1705/4995 (34%)] loss: 0.0009 L_si: 0.0005 L_grad: 0.0004 
Train Epoch: 1 [1706/4995 (34%)] loss: 0.0008 L_si: 0.0004 L_grad: 0.0004 
Train Epoch: 1 [1707/4995 (34%)] loss: 0.0002 L_si: 0.0001 L_grad: 0.0002 
Train Epoch: 1 [1708/4995 (34%)] loss: 0.0018 L_si: 0.0009 L_grad: 0.0008 
Train Epoch: 1 [1709/4995 (34%)] loss: 0.0011 L_si: 0.0006 L_grad: 0.0005 
Train Epoch: 1 [1710/4995 (34%)] loss: 0.0004 L_si: 0.0001 L_grad: 0.0002 
Train Epoch: 1 [1711/4995 (34%)] loss: 0.0010 L_si: 0.0006 L_grad: 0.0004 
Train Epoch: 1 [1712/4995 (34%)] loss: 0.0007 L_si: 0.0003 L_grad: 0.0004 
Train Epoch: 1 [1713/4995 (34%)] loss: 0.0007 L_si: 0.0003 L_grad: 0.0004 
Train Epoch: 1 [1714/4995 (34%)] loss: 0.0034 L_si: 0.0021 L_grad: 0.0013 
Train Epoch: 1 [1715/4995 (34%)] loss: 0.0008 L_si: 0.0005 L_grad: 0.0003 
Train Epoch: 1 [1716/4995 (34%)] loss: 0.0001 L_si: 0.0000 L_grad: 0.0001 
Train Epoch: 1 [1717/4995 (34%)] loss: 0.0006 L_si: 0.0003 L_grad: 0.0003 
Train Epoch: 1 [1718/4995 (34%)] loss: 0.0005 L_si: 0.0002 L_grad: 0.0003 
Train Epoch: 1 [1719/4995 (34%)] loss: 0.0004 L_si: 0.0001 L_grad: 0.0003 
Train Epoch: 1 [1720/4995 (34%)] loss: 0.0007 L_si: 0.0004 L_grad: 0.0003 
Train Epoch: 1 [1721/4995 (34%)] loss: 0.0007 L_si: 0.0003 L_grad: 0.0003 
Train Epoch: 1 [1722/4995 (34%)] loss: 0.0003 L_si: 0.0001 L_grad: 0.0003 
Train Epoch: 1 [1723/4995 (34%)] loss: 0.0005 L_si: 0.0002 L_grad: 0.0003 
Train Epoch: 1 [1724/4995 (35%)] loss: 0.0010 L_si: 0.0006 L_grad: 0.0005 
Train Epoch: 1 [1725/4995 (35%)] loss: 0.0009 L_si: 0.0004 L_grad: 0.0004 
Train Epoch: 1 [1726/4995 (35%)] loss: 0.0006 L_si: 0.0002 L_grad: 0.0004 
Train Epoch: 1 [1727/4995 (35%)] loss: 0.0005 L_si: 0.0002 L_grad: 0.0003 
Train Epoch: 1 [1728/4995 (35%)] loss: 0.0002 L_si: 0.0000 L_grad: 0.0002 
Train Epoch: 1 [1729/4995 (35%)] loss: 0.0009 L_si: 0.0004 L_grad: 0.0005 
Train Epoch: 1 [1730/4995 (35%)] loss: 0.0010 L_si: 0.0006 L_grad: 0.0005 
Train Epoch: 1 [1731/4995 (35%)] loss: 0.0011 L_si: 0.0006 L_grad: 0.0005 
Train Epoch: 1 [1732/4995 (35%)] loss: 0.0011 L_si: 0.0006 L_grad: 0.0005 
Train Epoch: 1 [1733/4995 (35%)] loss: 0.0002 L_si: 0.0000 L_grad: 0.0002 
Train Epoch: 1 [1734/4995 (35%)] loss: 0.0005 L_si: 0.0002 L_grad: 0.0003 
Train Epoch: 1 [1735/4995 (35%)] loss: 0.0007 L_si: 0.0003 L_grad: 0.0004 
Train Epoch: 1 [1736/4995 (35%)] loss: 0.0013 L_si: 0.0007 L_grad: 0.0006 
Train Epoch: 1 [1737/4995 (35%)] loss: 0.0008 L_si: 0.0004 L_grad: 0.0004 
Train Epoch: 1 [1738/4995 (35%)] loss: 0.0007 L_si: 0.0003 L_grad: 0.0004 
Train Epoch: 1 [1739/4995 (35%)] loss: 0.0006 L_si: 0.0002 L_grad: 0.0004 
Train Epoch: 1 [1740/4995 (35%)] loss: 0.0005 L_si: 0.0002 L_grad: 0.0004 
Train Epoch: 1 [1741/4995 (35%)] loss: 0.0007 L_si: 0.0003 L_grad: 0.0004 
Train Epoch: 1 [1742/4995 (35%)] loss: 0.0002 L_si: 0.0000 L_grad: 0.0002 
Train Epoch: 1 [1743/4995 (35%)] loss: 0.0006 L_si: 0.0002 L_grad: 0.0003 
Train Epoch: 1 [1744/4995 (35%)] loss: 0.0007 L_si: 0.0003 L_grad: 0.0004 
Train Epoch: 1 [1745/4995 (35%)] loss: 0.0005 L_si: 0.0002 L_grad: 0.0003 
Train Epoch: 1 [1746/4995 (35%)] loss: 0.0005 L_si: 0.0002 L_grad: 0.0003 
Train Epoch: 1 [1747/4995 (35%)] loss: 0.0005 L_si: 0.0002 L_grad: 0.0003 
Train Epoch: 1 [1748/4995 (35%)] loss: 0.0008 L_si: 0.0004 L_grad: 0.0004 
Train Epoch: 1 [1749/4995 (35%)] loss: 0.0004 L_si: 0.0001 L_grad: 0.0003 
Train Epoch: 1 [1750/4995 (35%)] loss: 0.0008 L_si: 0.0005 L_grad: 0.0004 
Train Epoch: 1 [1751/4995 (35%)] loss: 0.0004 L_si: 0.0001 L_grad: 0.0003 
Train Epoch: 1 [1752/4995 (35%)] loss: 0.0005 L_si: 0.0002 L_grad: 0.0003 
Train Epoch: 1 [1753/4995 (35%)] loss: 0.0005 L_si: 0.0002 L_grad: 0.0004 
Train Epoch: 1 [1754/4995 (35%)] loss: 0.0008 L_si: 0.0004 L_grad: 0.0004 
Train Epoch: 1 [1755/4995 (35%)] loss: 0.0011 L_si: 0.0004 L_grad: 0.0007 
Train Epoch: 1 [1756/4995 (35%)] loss: 0.0005 L_si: 0.0002 L_grad: 0.0003 
Train Epoch: 1 [1757/4995 (35%)] loss: 0.0002 L_si: 0.0000 L_grad: 0.0002 
Train Epoch: 1 [1758/4995 (35%)] loss: 0.0011 L_si: 0.0006 L_grad: 0.0005 
Train Epoch: 1 [1759/4995 (35%)] loss: 0.0007 L_si: 0.0003 L_grad: 0.0004 
Train Epoch: 1 [1760/4995 (35%)] loss: 0.0005 L_si: 0.0002 L_grad: 0.0003 
Train Epoch: 1 [1761/4995 (35%)] loss: 0.0008 L_si: 0.0004 L_grad: 0.0004 
Train Epoch: 1 [1762/4995 (35%)] loss: 0.0028 L_si: 0.0016 L_grad: 0.0012 
Train Epoch: 1 [1763/4995 (35%)] loss: 0.0011 L_si: 0.0006 L_grad: 0.0005 
Train Epoch: 1 [1764/4995 (35%)] loss: 0.0004 L_si: 0.0001 L_grad: 0.0003 
Train Epoch: 1 [1765/4995 (35%)] loss: 0.0009 L_si: 0.0006 L_grad: 0.0003 
Train Epoch: 1 [1766/4995 (35%)] loss: 0.0005 L_si: 0.0002 L_grad: 0.0003 
Train Epoch: 1 [1767/4995 (35%)] loss: 0.0006 L_si: 0.0003 L_grad: 0.0003 
Train Epoch: 1 [1768/4995 (35%)] loss: 0.0007 L_si: 0.0003 L_grad: 0.0004 
Train Epoch: 1 [1769/4995 (35%)] loss: 0.0005 L_si: 0.0002 L_grad: 0.0003 
Train Epoch: 1 [1770/4995 (35%)] loss: 0.0009 L_si: 0.0005 L_grad: 0.0004 
Train Epoch: 1 [1771/4995 (35%)] loss: 0.0007 L_si: 0.0003 L_grad: 0.0004 
Train Epoch: 1 [1772/4995 (35%)] loss: 0.0005 L_si: 0.0002 L_grad: 0.0003 
Train Epoch: 1 [1773/4995 (35%)] loss: 0.0004 L_si: 0.0002 L_grad: 0.0003 
Train Epoch: 1 [1774/4995 (36%)] loss: 0.0010 L_si: 0.0005 L_grad: 0.0005 
Train Epoch: 1 [1775/4995 (36%)] loss: 0.0004 L_si: 0.0002 L_grad: 0.0003 
Train Epoch: 1 [1776/4995 (36%)] loss: 0.0004 L_si: 0.0002 L_grad: 0.0003 
Train Epoch: 1 [1777/4995 (36%)] loss: 0.0004 L_si: 0.0001 L_grad: 0.0002 
Train Epoch: 1 [1778/4995 (36%)] loss: 0.0007 L_si: 0.0003 L_grad: 0.0004 
Train Epoch: 1 [1779/4995 (36%)] loss: 0.0004 L_si: 0.0002 L_grad: 0.0003 
Train Epoch: 1 [1780/4995 (36%)] loss: 0.0011 L_si: 0.0006 L_grad: 0.0005 
Train Epoch: 1 [1781/4995 (36%)] loss: 0.0007 L_si: 0.0003 L_grad: 0.0004 
Train Epoch: 1 [1782/4995 (36%)] loss: 0.0006 L_si: 0.0003 L_grad: 0.0004 
Train Epoch: 1 [1783/4995 (36%)] loss: 0.0005 L_si: 0.0001 L_grad: 0.0004 
Train Epoch: 1 [1784/4995 (36%)] loss: 0.0007 L_si: 0.0003 L_grad: 0.0004 
Train Epoch: 1 [1785/4995 (36%)] loss: 0.0009 L_si: 0.0004 L_grad: 0.0005 
Train Epoch: 1 [1786/4995 (36%)] loss: 0.0009 L_si: 0.0005 L_grad: 0.0004 
Train Epoch: 1 [1787/4995 (36%)] loss: 0.0006 L_si: 0.0003 L_grad: 0.0004 
Train Epoch: 1 [1788/4995 (36%)] loss: 0.0009 L_si: 0.0004 L_grad: 0.0005 
Train Epoch: 1 [1789/4995 (36%)] loss: 0.0007 L_si: 0.0003 L_grad: 0.0004 
Train Epoch: 1 [1790/4995 (36%)] loss: 0.0005 L_si: 0.0002 L_grad: 0.0003 
Train Epoch: 1 [1791/4995 (36%)] loss: 0.0003 L_si: 0.0000 L_grad: 0.0002 
Train Epoch: 1 [1792/4995 (36%)] loss: 0.0007 L_si: 0.0003 L_grad: 0.0004 
Train Epoch: 1 [1793/4995 (36%)] loss: 0.0007 L_si: 0.0003 L_grad: 0.0003 
Train Epoch: 1 [1794/4995 (36%)] loss: 0.0021 L_si: 0.0012 L_grad: 0.0009 
Train Epoch: 1 [1795/4995 (36%)] loss: 0.0012 L_si: 0.0005 L_grad: 0.0007 
Train Epoch: 1 [1796/4995 (36%)] loss: 0.0005 L_si: 0.0002 L_grad: 0.0004 
Train Epoch: 1 [1797/4995 (36%)] loss: 0.0005 L_si: 0.0002 L_grad: 0.0003 
Train Epoch: 1 [1798/4995 (36%)] loss: 0.0025 L_si: 0.0012 L_grad: 0.0013 
Train Epoch: 1 [1799/4995 (36%)] loss: 0.0009 L_si: 0.0005 L_grad: 0.0004 
Train Epoch: 1 [1800/4995 (36%)] loss: 0.0004 L_si: 0.0001 L_grad: 0.0003 
Train Epoch: 1 [1801/4995 (36%)] loss: 0.0006 L_si: 0.0002 L_grad: 0.0004 
Train Epoch: 1 [1802/4995 (36%)] loss: 0.0006 L_si: 0.0002 L_grad: 0.0004 
Train Epoch: 1 [1803/4995 (36%)] loss: 0.0010 L_si: 0.0003 L_grad: 0.0006 
Train Epoch: 1 [1804/4995 (36%)] loss: 0.0006 L_si: 0.0003 L_grad: 0.0003 
Train Epoch: 1 [1805/4995 (36%)] loss: 0.0008 L_si: 0.0004 L_grad: 0.0004 
Train Epoch: 1 [1806/4995 (36%)] loss: 0.0004 L_si: 0.0001 L_grad: 0.0002 
Train Epoch: 1 [1807/4995 (36%)] loss: 0.0003 L_si: 0.0001 L_grad: 0.0002 
Train Epoch: 1 [1808/4995 (36%)] loss: 0.0008 L_si: 0.0004 L_grad: 0.0004 
Train Epoch: 1 [1809/4995 (36%)] loss: 0.0006 L_si: 0.0002 L_grad: 0.0003 
Train Epoch: 1 [1810/4995 (36%)] loss: 0.0009 L_si: 0.0004 L_grad: 0.0005 
Train Epoch: 1 [1811/4995 (36%)] loss: 0.0007 L_si: 0.0004 L_grad: 0.0003 
Train Epoch: 1 [1812/4995 (36%)] loss: 0.0004 L_si: 0.0002 L_grad: 0.0003 
Train Epoch: 1 [1813/4995 (36%)] loss: 0.0004 L_si: 0.0001 L_grad: 0.0003 
Train Epoch: 1 [1814/4995 (36%)] loss: 0.0008 L_si: 0.0004 L_grad: 0.0004 
Train Epoch: 1 [1815/4995 (36%)] loss: 0.0009 L_si: 0.0006 L_grad: 0.0003 
Train Epoch: 1 [1816/4995 (36%)] loss: 0.0005 L_si: 0.0002 L_grad: 0.0003 
Train Epoch: 1 [1817/4995 (36%)] loss: 0.0006 L_si: 0.0003 L_grad: 0.0003 
Train Epoch: 1 [1818/4995 (36%)] loss: 0.0002 L_si: 0.0000 L_grad: 0.0001 
Train Epoch: 1 [1819/4995 (36%)] loss: 0.0007 L_si: 0.0003 L_grad: 0.0004 
Train Epoch: 1 [1820/4995 (36%)] loss: 0.0007 L_si: 0.0003 L_grad: 0.0004 
Train Epoch: 1 [1821/4995 (36%)] loss: 0.0009 L_si: 0.0005 L_grad: 0.0004 
Train Epoch: 1 [1822/4995 (36%)] loss: 0.0004 L_si: 0.0001 L_grad: 0.0002 
Train Epoch: 1 [1823/4995 (36%)] loss: 0.0005 L_si: 0.0002 L_grad: 0.0003 
Train Epoch: 1 [1824/4995 (37%)] loss: 0.0011 L_si: 0.0005 L_grad: 0.0006 
Train Epoch: 1 [1825/4995 (37%)] loss: 0.0004 L_si: 0.0001 L_grad: 0.0003 
Train Epoch: 1 [1826/4995 (37%)] loss: 0.0036 L_si: 0.0022 L_grad: 0.0015 
Train Epoch: 1 [1827/4995 (37%)] loss: 0.0008 L_si: 0.0004 L_grad: 0.0004 
Train Epoch: 1 [1828/4995 (37%)] loss: 0.0001 L_si: 0.0000 L_grad: 0.0001 
Train Epoch: 1 [1829/4995 (37%)] loss: 0.0005 L_si: 0.0002 L_grad: 0.0003 
Train Epoch: 1 [1830/4995 (37%)] loss: 0.0001 L_si: 0.0000 L_grad: 0.0001 
Train Epoch: 1 [1831/4995 (37%)] loss: 0.0018 L_si: 0.0011 L_grad: 0.0007 
Train Epoch: 1 [1832/4995 (37%)] loss: 0.0006 L_si: 0.0004 L_grad: 0.0003 
Train Epoch: 1 [1833/4995 (37%)] loss: 0.0008 L_si: 0.0003 L_grad: 0.0004 
Train Epoch: 1 [1834/4995 (37%)] loss: 0.0004 L_si: 0.0002 L_grad: 0.0003 
Train Epoch: 1 [1835/4995 (37%)] loss: 0.0006 L_si: 0.0003 L_grad: 0.0004 
Train Epoch: 1 [1836/4995 (37%)] loss: 0.0005 L_si: 0.0002 L_grad: 0.0003 
Train Epoch: 1 [1837/4995 (37%)] loss: 0.0014 L_si: 0.0008 L_grad: 0.0006 
Train Epoch: 1 [1838/4995 (37%)] loss: 0.0005 L_si: 0.0002 L_grad: 0.0003 
Train Epoch: 1 [1839/4995 (37%)] loss: 0.0005 L_si: 0.0002 L_grad: 0.0003 
Train Epoch: 1 [1840/4995 (37%)] loss: 0.0003 L_si: 0.0001 L_grad: 0.0003 
Train Epoch: 1 [1841/4995 (37%)] loss: 0.0004 L_si: 0.0001 L_grad: 0.0002 
Train Epoch: 1 [1842/4995 (37%)] loss: 0.0016 L_si: 0.0010 L_grad: 0.0006 
Train Epoch: 1 [1843/4995 (37%)] loss: 0.0003 L_si: 0.0001 L_grad: 0.0002 
Train Epoch: 1 [1844/4995 (37%)] loss: 0.0009 L_si: 0.0004 L_grad: 0.0006 
Train Epoch: 1 [1845/4995 (37%)] loss: 0.0009 L_si: 0.0005 L_grad: 0.0004 
Train Epoch: 1 [1846/4995 (37%)] loss: 0.0003 L_si: 0.0001 L_grad: 0.0002 
Train Epoch: 1 [1847/4995 (37%)] loss: 0.0006 L_si: 0.0002 L_grad: 0.0003 
Train Epoch: 1 [1848/4995 (37%)] loss: 0.0015 L_si: 0.0009 L_grad: 0.0006 
Train Epoch: 1 [1849/4995 (37%)] loss: 0.0006 L_si: 0.0002 L_grad: 0.0003 
Train Epoch: 1 [1850/4995 (37%)] loss: 0.0004 L_si: 0.0001 L_grad: 0.0002 
Train Epoch: 1 [1851/4995 (37%)] loss: 0.0013 L_si: 0.0007 L_grad: 0.0006 
Train Epoch: 1 [1852/4995 (37%)] loss: 0.0006 L_si: 0.0003 L_grad: 0.0003 
Train Epoch: 1 [1853/4995 (37%)] loss: 0.0005 L_si: 0.0002 L_grad: 0.0003 
Train Epoch: 1 [1854/4995 (37%)] loss: 0.0007 L_si: 0.0004 L_grad: 0.0004 
Train Epoch: 1 [1855/4995 (37%)] loss: 0.0008 L_si: 0.0004 L_grad: 0.0004 
Train Epoch: 1 [1856/4995 (37%)] loss: 0.0005 L_si: 0.0002 L_grad: 0.0003 
Train Epoch: 1 [1857/4995 (37%)] loss: 0.0006 L_si: 0.0003 L_grad: 0.0003 
Train Epoch: 1 [1858/4995 (37%)] loss: 0.0003 L_si: 0.0001 L_grad: 0.0002 
Train Epoch: 1 [1859/4995 (37%)] loss: 0.0003 L_si: 0.0001 L_grad: 0.0002 
Train Epoch: 1 [1860/4995 (37%)] loss: 0.0011 L_si: 0.0006 L_grad: 0.0006 
Train Epoch: 1 [1861/4995 (37%)] loss: 0.0006 L_si: 0.0002 L_grad: 0.0004 
Train Epoch: 1 [1862/4995 (37%)] loss: 0.0007 L_si: 0.0003 L_grad: 0.0004 
Train Epoch: 1 [1863/4995 (37%)] loss: 0.0005 L_si: 0.0002 L_grad: 0.0003 
Train Epoch: 1 [1864/4995 (37%)] loss: 0.0022 L_si: 0.0012 L_grad: 0.0010 
Train Epoch: 1 [1865/4995 (37%)] loss: 0.0005 L_si: 0.0002 L_grad: 0.0003 
Train Epoch: 1 [1866/4995 (37%)] loss: 0.0009 L_si: 0.0005 L_grad: 0.0004 
Train Epoch: 1 [1867/4995 (37%)] loss: 0.0011 L_si: 0.0006 L_grad: 0.0005 
Train Epoch: 1 [1868/4995 (37%)] loss: 0.0009 L_si: 0.0005 L_grad: 0.0005 
Train Epoch: 1 [1869/4995 (37%)] loss: 0.0006 L_si: 0.0003 L_grad: 0.0004 
Train Epoch: 1 [1870/4995 (37%)] loss: 0.0007 L_si: 0.0003 L_grad: 0.0004 
Train Epoch: 1 [1871/4995 (37%)] loss: 0.0005 L_si: 0.0002 L_grad: 0.0003 
Train Epoch: 1 [1872/4995 (37%)] loss: 0.0002 L_si: 0.0000 L_grad: 0.0002 
Train Epoch: 1 [1873/4995 (37%)] loss: 0.0006 L_si: 0.0002 L_grad: 0.0004 
Train Epoch: 1 [1874/4995 (38%)] loss: 0.0004 L_si: 0.0001 L_grad: 0.0003 
Train Epoch: 1 [1875/4995 (38%)] loss: 0.0006 L_si: 0.0003 L_grad: 0.0003 
Train Epoch: 1 [1876/4995 (38%)] loss: 0.0022 L_si: 0.0012 L_grad: 0.0010 
Train Epoch: 1 [1877/4995 (38%)] loss: 0.0006 L_si: 0.0003 L_grad: 0.0003 
Train Epoch: 1 [1878/4995 (38%)] loss: 0.0004 L_si: 0.0001 L_grad: 0.0002 
Train Epoch: 1 [1879/4995 (38%)] loss: 0.0003 L_si: 0.0001 L_grad: 0.0002 
Train Epoch: 1 [1880/4995 (38%)] loss: 0.0003 L_si: 0.0001 L_grad: 0.0002 
Train Epoch: 1 [1881/4995 (38%)] loss: 0.0008 L_si: 0.0004 L_grad: 0.0004 
Train Epoch: 1 [1882/4995 (38%)] loss: 0.0007 L_si: 0.0004 L_grad: 0.0003 
Train Epoch: 1 [1883/4995 (38%)] loss: 0.0005 L_si: 0.0002 L_grad: 0.0003 
Train Epoch: 1 [1884/4995 (38%)] loss: 0.0001 L_si: 0.0000 L_grad: 0.0001 
Train Epoch: 1 [1885/4995 (38%)] loss: 0.0030 L_si: 0.0018 L_grad: 0.0013 
Train Epoch: 1 [1886/4995 (38%)] loss: 0.0003 L_si: 0.0001 L_grad: 0.0002 
Train Epoch: 1 [1887/4995 (38%)] loss: 0.0011 L_si: 0.0007 L_grad: 0.0004 
Train Epoch: 1 [1888/4995 (38%)] loss: 0.0014 L_si: 0.0009 L_grad: 0.0005 
Train Epoch: 1 [1889/4995 (38%)] loss: 0.0005 L_si: 0.0002 L_grad: 0.0003 
Train Epoch: 1 [1890/4995 (38%)] loss: 0.0004 L_si: 0.0002 L_grad: 0.0003 
Train Epoch: 1 [1891/4995 (38%)] loss: 0.0005 L_si: 0.0002 L_grad: 0.0003 
Train Epoch: 1 [1892/4995 (38%)] loss: 0.0002 L_si: 0.0001 L_grad: 0.0001 
Train Epoch: 1 [1893/4995 (38%)] loss: 0.0002 L_si: 0.0000 L_grad: 0.0001 
Train Epoch: 1 [1894/4995 (38%)] loss: 0.0005 L_si: 0.0002 L_grad: 0.0003 
Train Epoch: 1 [1895/4995 (38%)] loss: 0.0007 L_si: 0.0003 L_grad: 0.0004 
Train Epoch: 1 [1896/4995 (38%)] loss: 0.0009 L_si: 0.0005 L_grad: 0.0004 
Train Epoch: 1 [1897/4995 (38%)] loss: 0.0001 L_si: 0.0000 L_grad: 0.0001 
Train Epoch: 1 [1898/4995 (38%)] loss: 0.0004 L_si: 0.0001 L_grad: 0.0003 
Train Epoch: 1 [1899/4995 (38%)] loss: 0.0005 L_si: 0.0002 L_grad: 0.0003 
Train Epoch: 1 [1900/4995 (38%)] loss: 0.0004 L_si: 0.0001 L_grad: 0.0003 
Train Epoch: 1 [1901/4995 (38%)] loss: 0.0006 L_si: 0.0003 L_grad: 0.0004 
Train Epoch: 1 [1902/4995 (38%)] loss: 0.0006 L_si: 0.0002 L_grad: 0.0004 
Train Epoch: 1 [1903/4995 (38%)] loss: 0.0005 L_si: 0.0002 L_grad: 0.0003 
Train Epoch: 1 [1904/4995 (38%)] loss: 0.0003 L_si: 0.0001 L_grad: 0.0002 
Train Epoch: 1 [1905/4995 (38%)] loss: 0.0009 L_si: 0.0005 L_grad: 0.0005 
Train Epoch: 1 [1906/4995 (38%)] loss: 0.0006 L_si: 0.0002 L_grad: 0.0003 
Train Epoch: 1 [1907/4995 (38%)] loss: 0.0004 L_si: 0.0002 L_grad: 0.0003 
Train Epoch: 1 [1908/4995 (38%)] loss: 0.0001 L_si: 0.0000 L_grad: 0.0001 
Train Epoch: 1 [1909/4995 (38%)] loss: 0.0005 L_si: 0.0002 L_grad: 0.0003 
Train Epoch: 1 [1910/4995 (38%)] loss: 0.0003 L_si: 0.0001 L_grad: 0.0002 
Train Epoch: 1 [1911/4995 (38%)] loss: 0.0010 L_si: 0.0004 L_grad: 0.0005 
Train Epoch: 1 [1912/4995 (38%)] loss: 0.0017 L_si: 0.0012 L_grad: 0.0005 
Train Epoch: 1 [1913/4995 (38%)] loss: 0.0005 L_si: 0.0003 L_grad: 0.0003 
Train Epoch: 1 [1914/4995 (38%)] loss: 0.0003 L_si: 0.0001 L_grad: 0.0002 
Train Epoch: 1 [1915/4995 (38%)] loss: 0.0012 L_si: 0.0007 L_grad: 0.0005 
Train Epoch: 1 [1916/4995 (38%)] loss: 0.0008 L_si: 0.0004 L_grad: 0.0004 
Train Epoch: 1 [1917/4995 (38%)] loss: 0.0016 L_si: 0.0011 L_grad: 0.0005 
Train Epoch: 1 [1918/4995 (38%)] loss: 0.0007 L_si: 0.0003 L_grad: 0.0003 
Train Epoch: 1 [1919/4995 (38%)] loss: 0.0007 L_si: 0.0003 L_grad: 0.0004 
Train Epoch: 1 [1920/4995 (38%)] loss: 0.0009 L_si: 0.0004 L_grad: 0.0004 
Train Epoch: 1 [1921/4995 (38%)] loss: 0.0007 L_si: 0.0002 L_grad: 0.0004 
Train Epoch: 1 [1922/4995 (38%)] loss: 0.0002 L_si: 0.0000 L_grad: 0.0001 
Train Epoch: 1 [1923/4995 (38%)] loss: 0.0005 L_si: 0.0002 L_grad: 0.0003 
Train Epoch: 1 [1924/4995 (39%)] loss: 0.0003 L_si: 0.0001 L_grad: 0.0002 
Train Epoch: 1 [1925/4995 (39%)] loss: 0.0005 L_si: 0.0002 L_grad: 0.0002 
Train Epoch: 1 [1926/4995 (39%)] loss: 0.0005 L_si: 0.0002 L_grad: 0.0003 
Train Epoch: 1 [1927/4995 (39%)] loss: 0.0004 L_si: 0.0002 L_grad: 0.0003 
Train Epoch: 1 [1928/4995 (39%)] loss: 0.0008 L_si: 0.0003 L_grad: 0.0005 
Train Epoch: 1 [1929/4995 (39%)] loss: 0.0008 L_si: 0.0005 L_grad: 0.0003 
Train Epoch: 1 [1930/4995 (39%)] loss: 0.0004 L_si: 0.0002 L_grad: 0.0002 
Train Epoch: 1 [1931/4995 (39%)] loss: 0.0009 L_si: 0.0005 L_grad: 0.0004 
Train Epoch: 1 [1932/4995 (39%)] loss: 0.0020 L_si: 0.0014 L_grad: 0.0006 
Train Epoch: 1 [1933/4995 (39%)] loss: 0.0006 L_si: 0.0003 L_grad: 0.0003 
Train Epoch: 1 [1934/4995 (39%)] loss: 0.0027 L_si: 0.0016 L_grad: 0.0010 
Train Epoch: 1 [1935/4995 (39%)] loss: 0.0009 L_si: 0.0004 L_grad: 0.0004 
Train Epoch: 1 [1936/4995 (39%)] loss: 0.0004 L_si: 0.0002 L_grad: 0.0003 
Train Epoch: 1 [1937/4995 (39%)] loss: 0.0005 L_si: 0.0001 L_grad: 0.0004 
Train Epoch: 1 [1938/4995 (39%)] loss: 0.0009 L_si: 0.0005 L_grad: 0.0004 
Train Epoch: 1 [1939/4995 (39%)] loss: 0.0006 L_si: 0.0003 L_grad: 0.0003 
Train Epoch: 1 [1940/4995 (39%)] loss: 0.0006 L_si: 0.0003 L_grad: 0.0004 
Train Epoch: 1 [1941/4995 (39%)] loss: 0.0005 L_si: 0.0002 L_grad: 0.0003 
Train Epoch: 1 [1942/4995 (39%)] loss: 0.0008 L_si: 0.0003 L_grad: 0.0005 
Train Epoch: 1 [1943/4995 (39%)] loss: 0.0010 L_si: 0.0005 L_grad: 0.0005 
Train Epoch: 1 [1944/4995 (39%)] loss: 0.0026 L_si: 0.0015 L_grad: 0.0011 
Train Epoch: 1 [1945/4995 (39%)] loss: 0.0002 L_si: 0.0000 L_grad: 0.0002 
Train Epoch: 1 [1946/4995 (39%)] loss: 0.0008 L_si: 0.0003 L_grad: 0.0005 
Train Epoch: 1 [1947/4995 (39%)] loss: 0.0006 L_si: 0.0002 L_grad: 0.0004 
Train Epoch: 1 [1948/4995 (39%)] loss: 0.0008 L_si: 0.0004 L_grad: 0.0004 
Train Epoch: 1 [1949/4995 (39%)] loss: 0.0007 L_si: 0.0003 L_grad: 0.0004 
Train Epoch: 1 [1950/4995 (39%)] loss: 0.0010 L_si: 0.0005 L_grad: 0.0005 
Train Epoch: 1 [1951/4995 (39%)] loss: 0.0004 L_si: 0.0001 L_grad: 0.0003 
Train Epoch: 1 [1952/4995 (39%)] loss: 0.0005 L_si: 0.0001 L_grad: 0.0004 
Train Epoch: 1 [1953/4995 (39%)] loss: 0.0043 L_si: 0.0032 L_grad: 0.0011 
Train Epoch: 1 [1954/4995 (39%)] loss: 0.0007 L_si: 0.0003 L_grad: 0.0004 
Train Epoch: 1 [1955/4995 (39%)] loss: 0.0002 L_si: 0.0000 L_grad: 0.0002 
Train Epoch: 1 [1956/4995 (39%)] loss: 0.0017 L_si: 0.0008 L_grad: 0.0009 
Train Epoch: 1 [1957/4995 (39%)] loss: 0.0011 L_si: 0.0005 L_grad: 0.0005 
Train Epoch: 1 [1958/4995 (39%)] loss: 0.0009 L_si: 0.0004 L_grad: 0.0005 
Train Epoch: 1 [1959/4995 (39%)] loss: 0.0006 L_si: 0.0002 L_grad: 0.0004 
Train Epoch: 1 [1960/4995 (39%)] loss: 0.0011 L_si: 0.0005 L_grad: 0.0005 
Train Epoch: 1 [1961/4995 (39%)] loss: 0.0009 L_si: 0.0004 L_grad: 0.0005 
Train Epoch: 1 [1962/4995 (39%)] loss: 0.0006 L_si: 0.0002 L_grad: 0.0004 
Train Epoch: 1 [1963/4995 (39%)] loss: 0.0007 L_si: 0.0003 L_grad: 0.0004 
Train Epoch: 1 [1964/4995 (39%)] loss: 0.0005 L_si: 0.0001 L_grad: 0.0003 
Train Epoch: 1 [1965/4995 (39%)] loss: 0.0015 L_si: 0.0008 L_grad: 0.0007 
Train Epoch: 1 [1966/4995 (39%)] loss: 0.0006 L_si: 0.0003 L_grad: 0.0003 
Train Epoch: 1 [1967/4995 (39%)] loss: 0.0005 L_si: 0.0002 L_grad: 0.0003 
Train Epoch: 1 [1968/4995 (39%)] loss: 0.0002 L_si: 0.0001 L_grad: 0.0002 
Train Epoch: 1 [1969/4995 (39%)] loss: 0.0004 L_si: 0.0001 L_grad: 0.0003 
Train Epoch: 1 [1970/4995 (39%)] loss: 0.0019 L_si: 0.0013 L_grad: 0.0006 
Train Epoch: 1 [1971/4995 (39%)] loss: 0.0001 L_si: 0.0000 L_grad: 0.0001 
Train Epoch: 1 [1972/4995 (39%)] loss: 0.0005 L_si: 0.0002 L_grad: 0.0003 
Train Epoch: 1 [1973/4995 (39%)] loss: 0.0006 L_si: 0.0002 L_grad: 0.0004 
Train Epoch: 1 [1974/4995 (40%)] loss: 0.0007 L_si: 0.0004 L_grad: 0.0004 
Train Epoch: 1 [1975/4995 (40%)] loss: 0.0007 L_si: 0.0003 L_grad: 0.0004 
Train Epoch: 1 [1976/4995 (40%)] loss: 0.0033 L_si: 0.0024 L_grad: 0.0009 
Train Epoch: 1 [1977/4995 (40%)] loss: 0.0005 L_si: 0.0002 L_grad: 0.0003 
Train Epoch: 1 [1978/4995 (40%)] loss: 0.0007 L_si: 0.0003 L_grad: 0.0004 
Train Epoch: 1 [1979/4995 (40%)] loss: 0.0014 L_si: 0.0007 L_grad: 0.0007 
Train Epoch: 1 [1980/4995 (40%)] loss: 0.0006 L_si: 0.0003 L_grad: 0.0003 
Train Epoch: 1 [1981/4995 (40%)] loss: 0.0001 L_si: 0.0000 L_grad: 0.0001 
Train Epoch: 1 [1982/4995 (40%)] loss: 0.0004 L_si: 0.0002 L_grad: 0.0002 
Train Epoch: 1 [1983/4995 (40%)] loss: 0.0004 L_si: 0.0001 L_grad: 0.0003 
Train Epoch: 1 [1984/4995 (40%)] loss: 0.0009 L_si: 0.0004 L_grad: 0.0005 
Train Epoch: 1 [1985/4995 (40%)] loss: 0.0016 L_si: 0.0011 L_grad: 0.0006 
Train Epoch: 1 [1986/4995 (40%)] loss: 0.0003 L_si: 0.0001 L_grad: 0.0002 
Train Epoch: 1 [1987/4995 (40%)] loss: 0.0010 L_si: 0.0005 L_grad: 0.0005 
Train Epoch: 1 [1988/4995 (40%)] loss: 0.0025 L_si: 0.0015 L_grad: 0.0010 
Train Epoch: 1 [1989/4995 (40%)] loss: 0.0006 L_si: 0.0003 L_grad: 0.0003 
Train Epoch: 1 [1990/4995 (40%)] loss: 0.0005 L_si: 0.0002 L_grad: 0.0003 
Train Epoch: 1 [1991/4995 (40%)] loss: 0.0003 L_si: 0.0001 L_grad: 0.0002 
Train Epoch: 1 [1992/4995 (40%)] loss: 0.0004 L_si: 0.0002 L_grad: 0.0003 
Train Epoch: 1 [1993/4995 (40%)] loss: 0.0011 L_si: 0.0006 L_grad: 0.0005 
Train Epoch: 1 [1994/4995 (40%)] loss: 0.0003 L_si: 0.0001 L_grad: 0.0002 
Train Epoch: 1 [1995/4995 (40%)] loss: 0.0012 L_si: 0.0007 L_grad: 0.0005 
Train Epoch: 1 [1996/4995 (40%)] loss: 0.0008 L_si: 0.0004 L_grad: 0.0004 
Train Epoch: 1 [1997/4995 (40%)] loss: 0.0007 L_si: 0.0003 L_grad: 0.0004 
Train Epoch: 1 [1998/4995 (40%)] loss: 0.0006 L_si: 0.0003 L_grad: 0.0004 
Train Epoch: 1 [1999/4995 (40%)] loss: 0.0009 L_si: 0.0005 L_grad: 0.0004 
Train Epoch: 1 [2000/4995 (40%)] loss: 0.0007 L_si: 0.0003 L_grad: 0.0004 
Train Epoch: 1 [2001/4995 (40%)] loss: 0.0005 L_si: 0.0002 L_grad: 0.0003 
Train Epoch: 1 [2002/4995 (40%)] loss: 0.0006 L_si: 0.0002 L_grad: 0.0004 
Train Epoch: 1 [2003/4995 (40%)] loss: 0.0006 L_si: 0.0002 L_grad: 0.0003 
Train Epoch: 1 [2004/4995 (40%)] loss: 0.0004 L_si: 0.0001 L_grad: 0.0003 
Train Epoch: 1 [2005/4995 (40%)] loss: 0.0008 L_si: 0.0004 L_grad: 0.0004 
Train Epoch: 1 [2006/4995 (40%)] loss: 0.0002 L_si: 0.0001 L_grad: 0.0002 
Train Epoch: 1 [2007/4995 (40%)] loss: 0.0004 L_si: 0.0001 L_grad: 0.0003 
Train Epoch: 1 [2008/4995 (40%)] loss: 0.0004 L_si: 0.0001 L_grad: 0.0003 
Train Epoch: 1 [2009/4995 (40%)] loss: 0.0011 L_si: 0.0006 L_grad: 0.0005 
Train Epoch: 1 [2010/4995 (40%)] loss: 0.0005 L_si: 0.0002 L_grad: 0.0003 
Train Epoch: 1 [2011/4995 (40%)] loss: 0.0001 L_si: 0.0000 L_grad: 0.0001 
Train Epoch: 1 [2012/4995 (40%)] loss: 0.0004 L_si: 0.0002 L_grad: 0.0003 
Train Epoch: 1 [2013/4995 (40%)] loss: 0.0003 L_si: 0.0001 L_grad: 0.0002 
Train Epoch: 1 [2014/4995 (40%)] loss: 0.0004 L_si: 0.0002 L_grad: 0.0003 
Train Epoch: 1 [2015/4995 (40%)] loss: 0.0011 L_si: 0.0005 L_grad: 0.0005 
Train Epoch: 1 [2016/4995 (40%)] loss: 0.0005 L_si: 0.0002 L_grad: 0.0003 
Train Epoch: 1 [2017/4995 (40%)] loss: 0.0002 L_si: 0.0001 L_grad: 0.0001 
Train Epoch: 1 [2018/4995 (40%)] loss: 0.0001 L_si: 0.0000 L_grad: 0.0001 
Train Epoch: 1 [2019/4995 (40%)] loss: 0.0004 L_si: 0.0001 L_grad: 0.0003 
Train Epoch: 1 [2020/4995 (40%)] loss: 0.0008 L_si: 0.0004 L_grad: 0.0004 
Train Epoch: 1 [2021/4995 (40%)] loss: 0.0004 L_si: 0.0001 L_grad: 0.0002 
Train Epoch: 1 [2022/4995 (40%)] loss: 0.0006 L_si: 0.0003 L_grad: 0.0003 
Train Epoch: 1 [2023/4995 (41%)] loss: 0.0004 L_si: 0.0001 L_grad: 0.0003 
Train Epoch: 1 [2024/4995 (41%)] loss: 0.0005 L_si: 0.0002 L_grad: 0.0003 
Train Epoch: 1 [2025/4995 (41%)] loss: 0.0006 L_si: 0.0003 L_grad: 0.0003 
Train Epoch: 1 [2026/4995 (41%)] loss: 0.0001 L_si: 0.0000 L_grad: 0.0001 
Train Epoch: 1 [2027/4995 (41%)] loss: 0.0001 L_si: 0.0000 L_grad: 0.0001 
Train Epoch: 1 [2028/4995 (41%)] loss: 0.0008 L_si: 0.0004 L_grad: 0.0003 
Train Epoch: 1 [2029/4995 (41%)] loss: 0.0007 L_si: 0.0003 L_grad: 0.0004 
Train Epoch: 1 [2030/4995 (41%)] loss: 0.0010 L_si: 0.0005 L_grad: 0.0005 
Train Epoch: 1 [2031/4995 (41%)] loss: 0.0003 L_si: 0.0001 L_grad: 0.0002 
Train Epoch: 1 [2032/4995 (41%)] loss: 0.0004 L_si: 0.0001 L_grad: 0.0003 
Train Epoch: 1 [2033/4995 (41%)] loss: 0.0004 L_si: 0.0001 L_grad: 0.0003 
Train Epoch: 1 [2034/4995 (41%)] loss: 0.0004 L_si: 0.0001 L_grad: 0.0003 
Train Epoch: 1 [2035/4995 (41%)] loss: 0.0005 L_si: 0.0001 L_grad: 0.0003 
Train Epoch: 1 [2036/4995 (41%)] loss: 0.0005 L_si: 0.0002 L_grad: 0.0003 
Train Epoch: 1 [2037/4995 (41%)] loss: 0.0005 L_si: 0.0002 L_grad: 0.0004 
Train Epoch: 1 [2038/4995 (41%)] loss: 0.0008 L_si: 0.0005 L_grad: 0.0003 
Train Epoch: 1 [2039/4995 (41%)] loss: 0.0005 L_si: 0.0002 L_grad: 0.0003 
Train Epoch: 1 [2040/4995 (41%)] loss: 0.0004 L_si: 0.0001 L_grad: 0.0003 
Train Epoch: 1 [2041/4995 (41%)] loss: 0.0007 L_si: 0.0004 L_grad: 0.0004 
Train Epoch: 1 [2042/4995 (41%)] loss: 0.0006 L_si: 0.0002 L_grad: 0.0004 
Train Epoch: 1 [2043/4995 (41%)] loss: 0.0009 L_si: 0.0005 L_grad: 0.0005 
Train Epoch: 1 [2044/4995 (41%)] loss: 0.0006 L_si: 0.0003 L_grad: 0.0003 
Train Epoch: 1 [2045/4995 (41%)] loss: 0.0005 L_si: 0.0002 L_grad: 0.0003 
Train Epoch: 1 [2046/4995 (41%)] loss: 0.0007 L_si: 0.0003 L_grad: 0.0004 
Train Epoch: 1 [2047/4995 (41%)] loss: 0.0005 L_si: 0.0001 L_grad: 0.0003 
Train Epoch: 1 [2048/4995 (41%)] loss: 0.0005 L_si: 0.0002 L_grad: 0.0003 
Train Epoch: 1 [2049/4995 (41%)] loss: 0.0006 L_si: 0.0002 L_grad: 0.0004 
Train Epoch: 1 [2050/4995 (41%)] loss: 0.0010 L_si: 0.0005 L_grad: 0.0004 
Train Epoch: 1 [2051/4995 (41%)] loss: 0.0003 L_si: 0.0001 L_grad: 0.0002 
Train Epoch: 1 [2052/4995 (41%)] loss: 0.0005 L_si: 0.0002 L_grad: 0.0003 
Train Epoch: 1 [2053/4995 (41%)] loss: 0.0006 L_si: 0.0002 L_grad: 0.0003 
Train Epoch: 1 [2054/4995 (41%)] loss: 0.0020 L_si: 0.0011 L_grad: 0.0009 
Train Epoch: 1 [2055/4995 (41%)] loss: 0.0010 L_si: 0.0006 L_grad: 0.0004 
Train Epoch: 1 [2056/4995 (41%)] loss: 0.0006 L_si: 0.0002 L_grad: 0.0004 
Train Epoch: 1 [2057/4995 (41%)] loss: 0.0005 L_si: 0.0002 L_grad: 0.0003 
Train Epoch: 1 [2058/4995 (41%)] loss: 0.0009 L_si: 0.0004 L_grad: 0.0006 
Train Epoch: 1 [2059/4995 (41%)] loss: 0.0013 L_si: 0.0007 L_grad: 0.0006 
Train Epoch: 1 [2060/4995 (41%)] loss: 0.0012 L_si: 0.0006 L_grad: 0.0005 
Train Epoch: 1 [2061/4995 (41%)] loss: 0.0005 L_si: 0.0002 L_grad: 0.0003 
Train Epoch: 1 [2062/4995 (41%)] loss: 0.0006 L_si: 0.0002 L_grad: 0.0004 
Train Epoch: 1 [2063/4995 (41%)] loss: 0.0013 L_si: 0.0006 L_grad: 0.0007 
Train Epoch: 1 [2064/4995 (41%)] loss: 0.0004 L_si: 0.0002 L_grad: 0.0003 
Train Epoch: 1 [2065/4995 (41%)] loss: 0.0008 L_si: 0.0004 L_grad: 0.0005 
Train Epoch: 1 [2066/4995 (41%)] loss: 0.0006 L_si: 0.0002 L_grad: 0.0004 
Train Epoch: 1 [2067/4995 (41%)] loss: 0.0003 L_si: 0.0001 L_grad: 0.0003 
Train Epoch: 1 [2068/4995 (41%)] loss: 0.0002 L_si: 0.0001 L_grad: 0.0002 
Train Epoch: 1 [2069/4995 (41%)] loss: 0.0006 L_si: 0.0003 L_grad: 0.0004 
Train Epoch: 1 [2070/4995 (41%)] loss: 0.0005 L_si: 0.0002 L_grad: 0.0003 
Train Epoch: 1 [2071/4995 (41%)] loss: 0.0006 L_si: 0.0002 L_grad: 0.0004 
Train Epoch: 1 [2072/4995 (41%)] loss: 0.0005 L_si: 0.0002 L_grad: 0.0003 
Train Epoch: 1 [2073/4995 (42%)] loss: 0.0007 L_si: 0.0002 L_grad: 0.0005 
Train Epoch: 1 [2074/4995 (42%)] loss: 0.0006 L_si: 0.0002 L_grad: 0.0004 
Train Epoch: 1 [2075/4995 (42%)] loss: 0.0006 L_si: 0.0002 L_grad: 0.0004 
Train Epoch: 1 [2076/4995 (42%)] loss: 0.0012 L_si: 0.0006 L_grad: 0.0007 
Train Epoch: 1 [2077/4995 (42%)] loss: 0.0007 L_si: 0.0003 L_grad: 0.0004 
Train Epoch: 1 [2078/4995 (42%)] loss: 0.0006 L_si: 0.0002 L_grad: 0.0003 
Train Epoch: 1 [2079/4995 (42%)] loss: 0.0005 L_si: 0.0001 L_grad: 0.0003 
Train Epoch: 1 [2080/4995 (42%)] loss: 0.0006 L_si: 0.0002 L_grad: 0.0003 
Train Epoch: 1 [2081/4995 (42%)] loss: 0.0003 L_si: 0.0001 L_grad: 0.0002 
Train Epoch: 1 [2082/4995 (42%)] loss: 0.0007 L_si: 0.0002 L_grad: 0.0005 
Train Epoch: 1 [2083/4995 (42%)] loss: 0.0005 L_si: 0.0002 L_grad: 0.0004 
Train Epoch: 1 [2084/4995 (42%)] loss: 0.0002 L_si: 0.0000 L_grad: 0.0001 
Train Epoch: 1 [2085/4995 (42%)] loss: 0.0012 L_si: 0.0006 L_grad: 0.0006 
Train Epoch: 1 [2086/4995 (42%)] loss: 0.0008 L_si: 0.0003 L_grad: 0.0006 
Train Epoch: 1 [2087/4995 (42%)] loss: 0.0007 L_si: 0.0003 L_grad: 0.0004 
Train Epoch: 1 [2088/4995 (42%)] loss: 0.0005 L_si: 0.0001 L_grad: 0.0004 
Train Epoch: 1 [2089/4995 (42%)] loss: 0.0009 L_si: 0.0003 L_grad: 0.0006 
Train Epoch: 1 [2090/4995 (42%)] loss: 0.0010 L_si: 0.0004 L_grad: 0.0006 
Train Epoch: 1 [2091/4995 (42%)] loss: 0.0004 L_si: 0.0001 L_grad: 0.0003 
Train Epoch: 1 [2092/4995 (42%)] loss: 0.0004 L_si: 0.0001 L_grad: 0.0003 
Train Epoch: 1 [2093/4995 (42%)] loss: 0.0012 L_si: 0.0007 L_grad: 0.0005 
Train Epoch: 1 [2094/4995 (42%)] loss: 0.0005 L_si: 0.0002 L_grad: 0.0003 
Train Epoch: 1 [2095/4995 (42%)] loss: 0.0003 L_si: 0.0001 L_grad: 0.0002 
Train Epoch: 1 [2096/4995 (42%)] loss: 0.0007 L_si: 0.0003 L_grad: 0.0004 
Train Epoch: 1 [2097/4995 (42%)] loss: 0.0006 L_si: 0.0001 L_grad: 0.0004 
Train Epoch: 1 [2098/4995 (42%)] loss: 0.0007 L_si: 0.0003 L_grad: 0.0003 
Train Epoch: 1 [2099/4995 (42%)] loss: 0.0007 L_si: 0.0003 L_grad: 0.0004 
Train Epoch: 1 [2100/4995 (42%)] loss: 0.0007 L_si: 0.0003 L_grad: 0.0004 
Train Epoch: 1 [2101/4995 (42%)] loss: 0.0006 L_si: 0.0003 L_grad: 0.0003 
Train Epoch: 1 [2102/4995 (42%)] loss: 0.0004 L_si: 0.0001 L_grad: 0.0003 
Train Epoch: 1 [2103/4995 (42%)] loss: 0.0006 L_si: 0.0002 L_grad: 0.0004 
Train Epoch: 1 [2104/4995 (42%)] loss: 0.0005 L_si: 0.0001 L_grad: 0.0003 
Train Epoch: 1 [2105/4995 (42%)] loss: 0.0009 L_si: 0.0005 L_grad: 0.0004 
Train Epoch: 1 [2106/4995 (42%)] loss: 0.0005 L_si: 0.0002 L_grad: 0.0003 
Train Epoch: 1 [2107/4995 (42%)] loss: 0.0009 L_si: 0.0004 L_grad: 0.0005 
Train Epoch: 1 [2108/4995 (42%)] loss: 0.0011 L_si: 0.0007 L_grad: 0.0005 
Train Epoch: 1 [2109/4995 (42%)] loss: 0.0007 L_si: 0.0003 L_grad: 0.0004 
Train Epoch: 1 [2110/4995 (42%)] loss: 0.0002 L_si: 0.0001 L_grad: 0.0002 
Train Epoch: 1 [2111/4995 (42%)] loss: 0.0006 L_si: 0.0002 L_grad: 0.0004 
Train Epoch: 1 [2112/4995 (42%)] loss: 0.0006 L_si: 0.0003 L_grad: 0.0003 
Train Epoch: 1 [2113/4995 (42%)] loss: 0.0005 L_si: 0.0001 L_grad: 0.0004 
Train Epoch: 1 [2114/4995 (42%)] loss: 0.0009 L_si: 0.0003 L_grad: 0.0006 
Train Epoch: 1 [2115/4995 (42%)] loss: 0.0007 L_si: 0.0003 L_grad: 0.0004 
Train Epoch: 1 [2116/4995 (42%)] loss: 0.0005 L_si: 0.0002 L_grad: 0.0004 
Train Epoch: 1 [2117/4995 (42%)] loss: 0.0006 L_si: 0.0003 L_grad: 0.0003 
Train Epoch: 1 [2118/4995 (42%)] loss: 0.0004 L_si: 0.0001 L_grad: 0.0003 
Train Epoch: 1 [2119/4995 (42%)] loss: 0.0006 L_si: 0.0003 L_grad: 0.0004 
Train Epoch: 1 [2120/4995 (42%)] loss: 0.0006 L_si: 0.0002 L_grad: 0.0004 
Train Epoch: 1 [2121/4995 (42%)] loss: 0.0003 L_si: 0.0001 L_grad: 0.0002 
Train Epoch: 1 [2122/4995 (42%)] loss: 0.0007 L_si: 0.0003 L_grad: 0.0003 
Train Epoch: 1 [2123/4995 (43%)] loss: 0.0004 L_si: 0.0001 L_grad: 0.0003 
Train Epoch: 1 [2124/4995 (43%)] loss: 0.0027 L_si: 0.0015 L_grad: 0.0012 
Train Epoch: 1 [2125/4995 (43%)] loss: 0.0001 L_si: 0.0000 L_grad: 0.0001 
Train Epoch: 1 [2126/4995 (43%)] loss: 0.0005 L_si: 0.0002 L_grad: 0.0003 
Train Epoch: 1 [2127/4995 (43%)] loss: 0.0004 L_si: 0.0002 L_grad: 0.0003 
Train Epoch: 1 [2128/4995 (43%)] loss: 0.0005 L_si: 0.0002 L_grad: 0.0003 
Train Epoch: 1 [2129/4995 (43%)] loss: 0.0005 L_si: 0.0002 L_grad: 0.0003 
Train Epoch: 1 [2130/4995 (43%)] loss: 0.0007 L_si: 0.0003 L_grad: 0.0004 
Train Epoch: 1 [2131/4995 (43%)] loss: 0.0008 L_si: 0.0004 L_grad: 0.0005 
Train Epoch: 1 [2132/4995 (43%)] loss: 0.0005 L_si: 0.0002 L_grad: 0.0003 
Train Epoch: 1 [2133/4995 (43%)] loss: 0.0001 L_si: 0.0000 L_grad: 0.0001 
Train Epoch: 1 [2134/4995 (43%)] loss: 0.0001 L_si: 0.0000 L_grad: 0.0001 
Train Epoch: 1 [2135/4995 (43%)] loss: 0.0006 L_si: 0.0002 L_grad: 0.0004 
Train Epoch: 1 [2136/4995 (43%)] loss: 0.0008 L_si: 0.0003 L_grad: 0.0005 
Train Epoch: 1 [2137/4995 (43%)] loss: 0.0010 L_si: 0.0005 L_grad: 0.0005 
Train Epoch: 1 [2138/4995 (43%)] loss: 0.0010 L_si: 0.0005 L_grad: 0.0005 
Train Epoch: 1 [2139/4995 (43%)] loss: 0.0008 L_si: 0.0005 L_grad: 0.0003 
Train Epoch: 1 [2140/4995 (43%)] loss: 0.0007 L_si: 0.0003 L_grad: 0.0004 
Train Epoch: 1 [2141/4995 (43%)] loss: 0.0001 L_si: 0.0000 L_grad: 0.0001 
Train Epoch: 1 [2142/4995 (43%)] loss: 0.0002 L_si: 0.0000 L_grad: 0.0001 
Train Epoch: 1 [2143/4995 (43%)] loss: 0.0005 L_si: 0.0002 L_grad: 0.0003 
Train Epoch: 1 [2144/4995 (43%)] loss: 0.0003 L_si: 0.0001 L_grad: 0.0002 
Train Epoch: 1 [2145/4995 (43%)] loss: 0.0001 L_si: 0.0000 L_grad: 0.0001 
Train Epoch: 1 [2146/4995 (43%)] loss: 0.0005 L_si: 0.0002 L_grad: 0.0003 
Train Epoch: 1 [2147/4995 (43%)] loss: 0.0006 L_si: 0.0002 L_grad: 0.0004 
Train Epoch: 1 [2148/4995 (43%)] loss: 0.0007 L_si: 0.0003 L_grad: 0.0004 
Train Epoch: 1 [2149/4995 (43%)] loss: 0.0010 L_si: 0.0004 L_grad: 0.0007 
Train Epoch: 1 [2150/4995 (43%)] loss: 0.0009 L_si: 0.0005 L_grad: 0.0004 
Train Epoch: 1 [2151/4995 (43%)] loss: 0.0005 L_si: 0.0002 L_grad: 0.0004 
Train Epoch: 1 [2152/4995 (43%)] loss: 0.0009 L_si: 0.0003 L_grad: 0.0005 
Train Epoch: 1 [2153/4995 (43%)] loss: 0.0005 L_si: 0.0002 L_grad: 0.0003 
Train Epoch: 1 [2154/4995 (43%)] loss: 0.0003 L_si: 0.0001 L_grad: 0.0002 
Train Epoch: 1 [2155/4995 (43%)] loss: 0.0011 L_si: 0.0005 L_grad: 0.0006 
Train Epoch: 1 [2156/4995 (43%)] loss: 0.0005 L_si: 0.0001 L_grad: 0.0004 
Train Epoch: 1 [2157/4995 (43%)] loss: 0.0025 L_si: 0.0013 L_grad: 0.0012 
Train Epoch: 1 [2158/4995 (43%)] loss: 0.0008 L_si: 0.0004 L_grad: 0.0005 
Train Epoch: 1 [2159/4995 (43%)] loss: 0.0007 L_si: 0.0003 L_grad: 0.0003 
Train Epoch: 1 [2160/4995 (43%)] loss: 0.0011 L_si: 0.0005 L_grad: 0.0006 
Train Epoch: 1 [2161/4995 (43%)] loss: 0.0002 L_si: 0.0000 L_grad: 0.0002 
Train Epoch: 1 [2162/4995 (43%)] loss: 0.0006 L_si: 0.0002 L_grad: 0.0004 
Train Epoch: 1 [2163/4995 (43%)] loss: 0.0005 L_si: 0.0002 L_grad: 0.0004 
Train Epoch: 1 [2164/4995 (43%)] loss: 0.0005 L_si: 0.0002 L_grad: 0.0003 
Train Epoch: 1 [2165/4995 (43%)] loss: 0.0033 L_si: 0.0020 L_grad: 0.0013 
Train Epoch: 1 [2166/4995 (43%)] loss: 0.0008 L_si: 0.0003 L_grad: 0.0004 
Train Epoch: 1 [2167/4995 (43%)] loss: 0.0005 L_si: 0.0002 L_grad: 0.0003 
Train Epoch: 1 [2168/4995 (43%)] loss: 0.0005 L_si: 0.0002 L_grad: 0.0003 
Train Epoch: 1 [2169/4995 (43%)] loss: 0.0001 L_si: 0.0000 L_grad: 0.0001 
Train Epoch: 1 [2170/4995 (43%)] loss: 0.0001 L_si: 0.0000 L_grad: 0.0001 
Train Epoch: 1 [2171/4995 (43%)] loss: 0.0005 L_si: 0.0001 L_grad: 0.0004 
Train Epoch: 1 [2172/4995 (43%)] loss: 0.0007 L_si: 0.0003 L_grad: 0.0004 
Train Epoch: 1 [2173/4995 (44%)] loss: 0.0006 L_si: 0.0002 L_grad: 0.0004 
Train Epoch: 1 [2174/4995 (44%)] loss: 0.0004 L_si: 0.0001 L_grad: 0.0002 
Train Epoch: 1 [2175/4995 (44%)] loss: 0.0003 L_si: 0.0001 L_grad: 0.0002 
Train Epoch: 1 [2176/4995 (44%)] loss: 0.0006 L_si: 0.0002 L_grad: 0.0004 
Train Epoch: 1 [2177/4995 (44%)] loss: 0.0006 L_si: 0.0003 L_grad: 0.0003 
Train Epoch: 1 [2178/4995 (44%)] loss: 0.0006 L_si: 0.0002 L_grad: 0.0004 
Train Epoch: 1 [2179/4995 (44%)] loss: 0.0026 L_si: 0.0019 L_grad: 0.0007 
Train Epoch: 1 [2180/4995 (44%)] loss: 0.0003 L_si: 0.0001 L_grad: 0.0002 
Train Epoch: 1 [2181/4995 (44%)] loss: 0.0009 L_si: 0.0004 L_grad: 0.0005 
Train Epoch: 1 [2182/4995 (44%)] loss: 0.0004 L_si: 0.0001 L_grad: 0.0002 
Train Epoch: 1 [2183/4995 (44%)] loss: 0.0006 L_si: 0.0004 L_grad: 0.0003 
Train Epoch: 1 [2184/4995 (44%)] loss: 0.0004 L_si: 0.0002 L_grad: 0.0003 
Train Epoch: 1 [2185/4995 (44%)] loss: 0.0006 L_si: 0.0003 L_grad: 0.0003 
Train Epoch: 1 [2186/4995 (44%)] loss: 0.0004 L_si: 0.0002 L_grad: 0.0003 
Train Epoch: 1 [2187/4995 (44%)] loss: 0.0007 L_si: 0.0003 L_grad: 0.0004 
Train Epoch: 1 [2188/4995 (44%)] loss: 0.0005 L_si: 0.0002 L_grad: 0.0003 
Train Epoch: 1 [2189/4995 (44%)] loss: 0.0004 L_si: 0.0002 L_grad: 0.0003 
Train Epoch: 1 [2190/4995 (44%)] loss: 0.0001 L_si: 0.0000 L_grad: 0.0001 
Train Epoch: 1 [2191/4995 (44%)] loss: 0.0012 L_si: 0.0007 L_grad: 0.0006 
Train Epoch: 1 [2192/4995 (44%)] loss: 0.0010 L_si: 0.0005 L_grad: 0.0005 
Train Epoch: 1 [2193/4995 (44%)] loss: 0.0005 L_si: 0.0002 L_grad: 0.0003 
Train Epoch: 1 [2194/4995 (44%)] loss: 0.0006 L_si: 0.0002 L_grad: 0.0003 
Train Epoch: 1 [2195/4995 (44%)] loss: 0.0004 L_si: 0.0001 L_grad: 0.0002 
Train Epoch: 1 [2196/4995 (44%)] loss: 0.0004 L_si: 0.0001 L_grad: 0.0003 
Train Epoch: 1 [2197/4995 (44%)] loss: 0.0004 L_si: 0.0001 L_grad: 0.0003 
Train Epoch: 1 [2198/4995 (44%)] loss: 0.0005 L_si: 0.0002 L_grad: 0.0003 
Train Epoch: 1 [2199/4995 (44%)] loss: 0.0004 L_si: 0.0001 L_grad: 0.0003 
Train Epoch: 1 [2200/4995 (44%)] loss: 0.0009 L_si: 0.0005 L_grad: 0.0004 
Train Epoch: 1 [2201/4995 (44%)] loss: 0.0004 L_si: 0.0001 L_grad: 0.0002 
Train Epoch: 1 [2202/4995 (44%)] loss: 0.0007 L_si: 0.0003 L_grad: 0.0004 
Train Epoch: 1 [2203/4995 (44%)] loss: 0.0006 L_si: 0.0002 L_grad: 0.0003 
Train Epoch: 1 [2204/4995 (44%)] loss: 0.0007 L_si: 0.0004 L_grad: 0.0003 
Train Epoch: 1 [2205/4995 (44%)] loss: 0.0004 L_si: 0.0001 L_grad: 0.0003 
Train Epoch: 1 [2206/4995 (44%)] loss: 0.0005 L_si: 0.0002 L_grad: 0.0003 
Train Epoch: 1 [2207/4995 (44%)] loss: 0.0003 L_si: 0.0001 L_grad: 0.0002 
Train Epoch: 1 [2208/4995 (44%)] loss: 0.0004 L_si: 0.0001 L_grad: 0.0003 
Train Epoch: 1 [2209/4995 (44%)] loss: 0.0005 L_si: 0.0002 L_grad: 0.0003 
Train Epoch: 1 [2210/4995 (44%)] loss: 0.0017 L_si: 0.0009 L_grad: 0.0008 
Train Epoch: 1 [2211/4995 (44%)] loss: 0.0003 L_si: 0.0001 L_grad: 0.0002 
Train Epoch: 1 [2212/4995 (44%)] loss: 0.0006 L_si: 0.0002 L_grad: 0.0004 
Train Epoch: 1 [2213/4995 (44%)] loss: 0.0005 L_si: 0.0002 L_grad: 0.0002 
Train Epoch: 1 [2214/4995 (44%)] loss: 0.0003 L_si: 0.0001 L_grad: 0.0002 
Train Epoch: 1 [2215/4995 (44%)] loss: 0.0006 L_si: 0.0003 L_grad: 0.0003 
Train Epoch: 1 [2216/4995 (44%)] loss: 0.0008 L_si: 0.0003 L_grad: 0.0006 
Train Epoch: 1 [2217/4995 (44%)] loss: 0.0013 L_si: 0.0007 L_grad: 0.0005 
Train Epoch: 1 [2218/4995 (44%)] loss: 0.0005 L_si: 0.0002 L_grad: 0.0003 
Train Epoch: 1 [2219/4995 (44%)] loss: 0.0004 L_si: 0.0001 L_grad: 0.0003 
Train Epoch: 1 [2220/4995 (44%)] loss: 0.0007 L_si: 0.0003 L_grad: 0.0004 
Train Epoch: 1 [2221/4995 (44%)] loss: 0.0009 L_si: 0.0005 L_grad: 0.0004 
Train Epoch: 1 [2222/4995 (44%)] loss: 0.0006 L_si: 0.0003 L_grad: 0.0003 
Train Epoch: 1 [2223/4995 (45%)] loss: 0.0007 L_si: 0.0003 L_grad: 0.0004 
Train Epoch: 1 [2224/4995 (45%)] loss: 0.0010 L_si: 0.0006 L_grad: 0.0004 
Train Epoch: 1 [2225/4995 (45%)] loss: 0.0008 L_si: 0.0004 L_grad: 0.0004 
Train Epoch: 1 [2226/4995 (45%)] loss: 0.0019 L_si: 0.0011 L_grad: 0.0008 
Train Epoch: 1 [2227/4995 (45%)] loss: 0.0006 L_si: 0.0002 L_grad: 0.0004 
Train Epoch: 1 [2228/4995 (45%)] loss: 0.0007 L_si: 0.0003 L_grad: 0.0004 
Train Epoch: 1 [2229/4995 (45%)] loss: 0.0005 L_si: 0.0002 L_grad: 0.0003 
Train Epoch: 1 [2230/4995 (45%)] loss: 0.0005 L_si: 0.0002 L_grad: 0.0003 
Train Epoch: 1 [2231/4995 (45%)] loss: 0.0009 L_si: 0.0005 L_grad: 0.0004 
Train Epoch: 1 [2232/4995 (45%)] loss: 0.0005 L_si: 0.0002 L_grad: 0.0003 
Train Epoch: 1 [2233/4995 (45%)] loss: 0.0005 L_si: 0.0002 L_grad: 0.0003 
Train Epoch: 1 [2234/4995 (45%)] loss: 0.0004 L_si: 0.0001 L_grad: 0.0002 
Train Epoch: 1 [2235/4995 (45%)] loss: 0.0006 L_si: 0.0002 L_grad: 0.0004 
Train Epoch: 1 [2236/4995 (45%)] loss: 0.0004 L_si: 0.0002 L_grad: 0.0002 
Train Epoch: 1 [2237/4995 (45%)] loss: 0.0003 L_si: 0.0001 L_grad: 0.0002 
Train Epoch: 1 [2238/4995 (45%)] loss: 0.0004 L_si: 0.0002 L_grad: 0.0002 
Train Epoch: 1 [2239/4995 (45%)] loss: 0.0006 L_si: 0.0003 L_grad: 0.0003 
Train Epoch: 1 [2240/4995 (45%)] loss: 0.0010 L_si: 0.0006 L_grad: 0.0004 
Train Epoch: 1 [2241/4995 (45%)] loss: 0.0006 L_si: 0.0003 L_grad: 0.0003 
Train Epoch: 1 [2242/4995 (45%)] loss: 0.0003 L_si: 0.0001 L_grad: 0.0002 
Train Epoch: 1 [2243/4995 (45%)] loss: 0.0006 L_si: 0.0003 L_grad: 0.0003 
Train Epoch: 1 [2244/4995 (45%)] loss: 0.0002 L_si: 0.0001 L_grad: 0.0002 
Train Epoch: 1 [2245/4995 (45%)] loss: 0.0001 L_si: 0.0000 L_grad: 0.0001 
Train Epoch: 1 [2246/4995 (45%)] loss: 0.0005 L_si: 0.0002 L_grad: 0.0003 
Train Epoch: 1 [2247/4995 (45%)] loss: 0.0005 L_si: 0.0002 L_grad: 0.0003 
Train Epoch: 1 [2248/4995 (45%)] loss: 0.0004 L_si: 0.0001 L_grad: 0.0002 
Train Epoch: 1 [2249/4995 (45%)] loss: 0.0005 L_si: 0.0002 L_grad: 0.0003 
Train Epoch: 1 [2250/4995 (45%)] loss: 0.0009 L_si: 0.0004 L_grad: 0.0005 
Train Epoch: 1 [2251/4995 (45%)] loss: 0.0005 L_si: 0.0001 L_grad: 0.0004 
Train Epoch: 1 [2252/4995 (45%)] loss: 0.0003 L_si: 0.0001 L_grad: 0.0002 
Train Epoch: 1 [2253/4995 (45%)] loss: 0.0005 L_si: 0.0002 L_grad: 0.0004 
Train Epoch: 1 [2254/4995 (45%)] loss: 0.0005 L_si: 0.0002 L_grad: 0.0003 
Train Epoch: 1 [2255/4995 (45%)] loss: 0.0001 L_si: 0.0000 L_grad: 0.0001 
Train Epoch: 1 [2256/4995 (45%)] loss: 0.0009 L_si: 0.0004 L_grad: 0.0005 
Train Epoch: 1 [2257/4995 (45%)] loss: 0.0007 L_si: 0.0003 L_grad: 0.0004 
Train Epoch: 1 [2258/4995 (45%)] loss: 0.0003 L_si: 0.0001 L_grad: 0.0002 
Train Epoch: 1 [2259/4995 (45%)] loss: 0.0004 L_si: 0.0001 L_grad: 0.0003 
Train Epoch: 1 [2260/4995 (45%)] loss: 0.0014 L_si: 0.0007 L_grad: 0.0006 
Train Epoch: 1 [2261/4995 (45%)] loss: 0.0005 L_si: 0.0002 L_grad: 0.0003 
Train Epoch: 1 [2262/4995 (45%)] loss: 0.0005 L_si: 0.0002 L_grad: 0.0003 
Train Epoch: 1 [2263/4995 (45%)] loss: 0.0031 L_si: 0.0018 L_grad: 0.0013 
Train Epoch: 1 [2264/4995 (45%)] loss: 0.0007 L_si: 0.0003 L_grad: 0.0004 
Train Epoch: 1 [2265/4995 (45%)] loss: 0.0006 L_si: 0.0002 L_grad: 0.0004 
Train Epoch: 1 [2266/4995 (45%)] loss: 0.0005 L_si: 0.0002 L_grad: 0.0003 
Train Epoch: 1 [2267/4995 (45%)] loss: 0.0005 L_si: 0.0002 L_grad: 0.0003 
Train Epoch: 1 [2268/4995 (45%)] loss: 0.0011 L_si: 0.0005 L_grad: 0.0005 
Train Epoch: 1 [2269/4995 (45%)] loss: 0.0012 L_si: 0.0006 L_grad: 0.0006 
Train Epoch: 1 [2270/4995 (45%)] loss: 0.0026 L_si: 0.0016 L_grad: 0.0010 
Train Epoch: 1 [2271/4995 (45%)] loss: 0.0005 L_si: 0.0002 L_grad: 0.0004 
Train Epoch: 1 [2272/4995 (45%)] loss: 0.0003 L_si: 0.0001 L_grad: 0.0002 
Train Epoch: 1 [2273/4995 (46%)] loss: 0.0003 L_si: 0.0001 L_grad: 0.0002 
Train Epoch: 1 [2274/4995 (46%)] loss: 0.0002 L_si: 0.0000 L_grad: 0.0002 
Train Epoch: 1 [2275/4995 (46%)] loss: 0.0003 L_si: 0.0001 L_grad: 0.0002 
Train Epoch: 1 [2276/4995 (46%)] loss: 0.0027 L_si: 0.0016 L_grad: 0.0012 
Train Epoch: 1 [2277/4995 (46%)] loss: 0.0006 L_si: 0.0003 L_grad: 0.0003 
Train Epoch: 1 [2278/4995 (46%)] loss: 0.0001 L_si: 0.0000 L_grad: 0.0001 
Train Epoch: 1 [2279/4995 (46%)] loss: 0.0008 L_si: 0.0003 L_grad: 0.0005 
Train Epoch: 1 [2280/4995 (46%)] loss: 0.0004 L_si: 0.0001 L_grad: 0.0003 
Train Epoch: 1 [2281/4995 (46%)] loss: 0.0007 L_si: 0.0003 L_grad: 0.0004 
Train Epoch: 1 [2282/4995 (46%)] loss: 0.0001 L_si: 0.0000 L_grad: 0.0001 
Train Epoch: 1 [2283/4995 (46%)] loss: 0.0017 L_si: 0.0010 L_grad: 0.0007 
Train Epoch: 1 [2284/4995 (46%)] loss: 0.0006 L_si: 0.0002 L_grad: 0.0004 
Train Epoch: 1 [2285/4995 (46%)] loss: 0.0002 L_si: 0.0001 L_grad: 0.0002 
Train Epoch: 1 [2286/4995 (46%)] loss: 0.0007 L_si: 0.0003 L_grad: 0.0004 
Train Epoch: 1 [2287/4995 (46%)] loss: 0.0009 L_si: 0.0004 L_grad: 0.0005 
Train Epoch: 1 [2288/4995 (46%)] loss: 0.0011 L_si: 0.0005 L_grad: 0.0005 
Train Epoch: 1 [2289/4995 (46%)] loss: 0.0015 L_si: 0.0008 L_grad: 0.0007 
Train Epoch: 1 [2290/4995 (46%)] loss: 0.0005 L_si: 0.0002 L_grad: 0.0004 
Train Epoch: 1 [2291/4995 (46%)] loss: 0.0004 L_si: 0.0002 L_grad: 0.0003 
Train Epoch: 1 [2292/4995 (46%)] loss: 0.0001 L_si: 0.0000 L_grad: 0.0001 
Train Epoch: 1 [2293/4995 (46%)] loss: 0.0005 L_si: 0.0002 L_grad: 0.0003 
Train Epoch: 1 [2294/4995 (46%)] loss: 0.0006 L_si: 0.0002 L_grad: 0.0003 
Train Epoch: 1 [2295/4995 (46%)] loss: 0.0005 L_si: 0.0001 L_grad: 0.0003 
Train Epoch: 1 [2296/4995 (46%)] loss: 0.0007 L_si: 0.0004 L_grad: 0.0003 
Train Epoch: 1 [2297/4995 (46%)] loss: 0.0016 L_si: 0.0009 L_grad: 0.0007 
Train Epoch: 1 [2298/4995 (46%)] loss: 0.0008 L_si: 0.0003 L_grad: 0.0005 
Train Epoch: 1 [2299/4995 (46%)] loss: 0.0009 L_si: 0.0005 L_grad: 0.0004 
Train Epoch: 1 [2300/4995 (46%)] loss: 0.0005 L_si: 0.0002 L_grad: 0.0003 
Train Epoch: 1 [2301/4995 (46%)] loss: 0.0005 L_si: 0.0002 L_grad: 0.0003 
Train Epoch: 1 [2302/4995 (46%)] loss: 0.0005 L_si: 0.0002 L_grad: 0.0003 
Train Epoch: 1 [2303/4995 (46%)] loss: 0.0004 L_si: 0.0002 L_grad: 0.0003 
Train Epoch: 1 [2304/4995 (46%)] loss: 0.0004 L_si: 0.0002 L_grad: 0.0002 
Train Epoch: 1 [2305/4995 (46%)] loss: 0.0014 L_si: 0.0009 L_grad: 0.0004 
Train Epoch: 1 [2306/4995 (46%)] loss: 0.0007 L_si: 0.0003 L_grad: 0.0003 
Train Epoch: 1 [2307/4995 (46%)] loss: 0.0005 L_si: 0.0002 L_grad: 0.0003 
Train Epoch: 1 [2308/4995 (46%)] loss: 0.0007 L_si: 0.0003 L_grad: 0.0004 
Train Epoch: 1 [2309/4995 (46%)] loss: 0.0008 L_si: 0.0003 L_grad: 0.0004 
Train Epoch: 1 [2310/4995 (46%)] loss: 0.0004 L_si: 0.0001 L_grad: 0.0002 
Train Epoch: 1 [2311/4995 (46%)] loss: 0.0004 L_si: 0.0001 L_grad: 0.0002 
Train Epoch: 1 [2312/4995 (46%)] loss: 0.0006 L_si: 0.0002 L_grad: 0.0004 
Train Epoch: 1 [2313/4995 (46%)] loss: 0.0012 L_si: 0.0007 L_grad: 0.0006 
Train Epoch: 1 [2314/4995 (46%)] loss: 0.0009 L_si: 0.0004 L_grad: 0.0005 
Train Epoch: 1 [2315/4995 (46%)] loss: 0.0008 L_si: 0.0004 L_grad: 0.0004 
Train Epoch: 1 [2316/4995 (46%)] loss: 0.0004 L_si: 0.0001 L_grad: 0.0002 
Train Epoch: 1 [2317/4995 (46%)] loss: 0.0006 L_si: 0.0003 L_grad: 0.0003 
Train Epoch: 1 [2318/4995 (46%)] loss: 0.0005 L_si: 0.0002 L_grad: 0.0003 
Train Epoch: 1 [2319/4995 (46%)] loss: 0.0004 L_si: 0.0002 L_grad: 0.0002 
Train Epoch: 1 [2320/4995 (46%)] loss: 0.0005 L_si: 0.0002 L_grad: 0.0003 
Train Epoch: 1 [2321/4995 (46%)] loss: 0.0008 L_si: 0.0004 L_grad: 0.0003 
Train Epoch: 1 [2322/4995 (46%)] loss: 0.0003 L_si: 0.0001 L_grad: 0.0002 
Train Epoch: 1 [2323/4995 (47%)] loss: 0.0004 L_si: 0.0001 L_grad: 0.0002 
Train Epoch: 1 [2324/4995 (47%)] loss: 0.0007 L_si: 0.0003 L_grad: 0.0004 
Train Epoch: 1 [2325/4995 (47%)] loss: 0.0009 L_si: 0.0005 L_grad: 0.0004 
Train Epoch: 1 [2326/4995 (47%)] loss: 0.0003 L_si: 0.0001 L_grad: 0.0002 
Train Epoch: 1 [2327/4995 (47%)] loss: 0.0003 L_si: 0.0001 L_grad: 0.0002 
Train Epoch: 1 [2328/4995 (47%)] loss: 0.0008 L_si: 0.0005 L_grad: 0.0003 
Train Epoch: 1 [2329/4995 (47%)] loss: 0.0006 L_si: 0.0003 L_grad: 0.0003 
Train Epoch: 1 [2330/4995 (47%)] loss: 0.0010 L_si: 0.0006 L_grad: 0.0004 
Train Epoch: 1 [2331/4995 (47%)] loss: 0.0003 L_si: 0.0001 L_grad: 0.0003 
Train Epoch: 1 [2332/4995 (47%)] loss: 0.0005 L_si: 0.0002 L_grad: 0.0003 
Train Epoch: 1 [2333/4995 (47%)] loss: 0.0007 L_si: 0.0004 L_grad: 0.0004 
Train Epoch: 1 [2334/4995 (47%)] loss: 0.0006 L_si: 0.0002 L_grad: 0.0003 
Train Epoch: 1 [2335/4995 (47%)] loss: 0.0005 L_si: 0.0002 L_grad: 0.0003 
Train Epoch: 1 [2336/4995 (47%)] loss: 0.0005 L_si: 0.0002 L_grad: 0.0003 
Train Epoch: 1 [2337/4995 (47%)] loss: 0.0004 L_si: 0.0002 L_grad: 0.0002 
Train Epoch: 1 [2338/4995 (47%)] loss: 0.0003 L_si: 0.0000 L_grad: 0.0002 
Train Epoch: 1 [2339/4995 (47%)] loss: 0.0005 L_si: 0.0002 L_grad: 0.0003 
Train Epoch: 1 [2340/4995 (47%)] loss: 0.0008 L_si: 0.0004 L_grad: 0.0004 
Train Epoch: 1 [2341/4995 (47%)] loss: 0.0006 L_si: 0.0003 L_grad: 0.0003 
Train Epoch: 1 [2342/4995 (47%)] loss: 0.0005 L_si: 0.0002 L_grad: 0.0003 
Train Epoch: 1 [2343/4995 (47%)] loss: 0.0009 L_si: 0.0005 L_grad: 0.0005 
Train Epoch: 1 [2344/4995 (47%)] loss: 0.0001 L_si: 0.0000 L_grad: 0.0001 
Train Epoch: 1 [2345/4995 (47%)] loss: 0.0004 L_si: 0.0001 L_grad: 0.0002 
Train Epoch: 1 [2346/4995 (47%)] loss: 0.0005 L_si: 0.0002 L_grad: 0.0003 
Train Epoch: 1 [2347/4995 (47%)] loss: 0.0004 L_si: 0.0001 L_grad: 0.0002 
Train Epoch: 1 [2348/4995 (47%)] loss: 0.0007 L_si: 0.0003 L_grad: 0.0004 
Train Epoch: 1 [2349/4995 (47%)] loss: 0.0003 L_si: 0.0001 L_grad: 0.0002 
Train Epoch: 1 [2350/4995 (47%)] loss: 0.0007 L_si: 0.0003 L_grad: 0.0003 
Train Epoch: 1 [2351/4995 (47%)] loss: 0.0005 L_si: 0.0002 L_grad: 0.0003 
Train Epoch: 1 [2352/4995 (47%)] loss: 0.0004 L_si: 0.0002 L_grad: 0.0002 
Train Epoch: 1 [2353/4995 (47%)] loss: 0.0009 L_si: 0.0004 L_grad: 0.0005 
Train Epoch: 1 [2354/4995 (47%)] loss: 0.0009 L_si: 0.0005 L_grad: 0.0004 
Train Epoch: 1 [2355/4995 (47%)] loss: 0.0006 L_si: 0.0002 L_grad: 0.0004 
Train Epoch: 1 [2356/4995 (47%)] loss: 0.0005 L_si: 0.0003 L_grad: 0.0003 
Train Epoch: 1 [2357/4995 (47%)] loss: 0.0004 L_si: 0.0002 L_grad: 0.0003 
Train Epoch: 1 [2358/4995 (47%)] loss: 0.0003 L_si: 0.0001 L_grad: 0.0002 
Train Epoch: 1 [2359/4995 (47%)] loss: 0.0004 L_si: 0.0002 L_grad: 0.0002 
Train Epoch: 1 [2360/4995 (47%)] loss: 0.0010 L_si: 0.0006 L_grad: 0.0004 
Train Epoch: 1 [2361/4995 (47%)] loss: 0.0006 L_si: 0.0003 L_grad: 0.0004 
Train Epoch: 1 [2362/4995 (47%)] loss: 0.0003 L_si: 0.0001 L_grad: 0.0002 
Train Epoch: 1 [2363/4995 (47%)] loss: 0.0006 L_si: 0.0002 L_grad: 0.0003 
Train Epoch: 1 [2364/4995 (47%)] loss: 0.0005 L_si: 0.0003 L_grad: 0.0003 
Train Epoch: 1 [2365/4995 (47%)] loss: 0.0023 L_si: 0.0014 L_grad: 0.0009 
Train Epoch: 1 [2366/4995 (47%)] loss: 0.0005 L_si: 0.0002 L_grad: 0.0003 
Train Epoch: 1 [2367/4995 (47%)] loss: 0.0004 L_si: 0.0002 L_grad: 0.0002 
Train Epoch: 1 [2368/4995 (47%)] loss: 0.0008 L_si: 0.0004 L_grad: 0.0004 
Train Epoch: 1 [2369/4995 (47%)] loss: 0.0006 L_si: 0.0002 L_grad: 0.0004 
Train Epoch: 1 [2370/4995 (47%)] loss: 0.0009 L_si: 0.0005 L_grad: 0.0004 
Train Epoch: 1 [2371/4995 (47%)] loss: 0.0006 L_si: 0.0003 L_grad: 0.0003 
Train Epoch: 1 [2372/4995 (47%)] loss: 0.0004 L_si: 0.0001 L_grad: 0.0003 
Train Epoch: 1 [2373/4995 (48%)] loss: 0.0008 L_si: 0.0005 L_grad: 0.0003 
Train Epoch: 1 [2374/4995 (48%)] loss: 0.0012 L_si: 0.0008 L_grad: 0.0005 
Train Epoch: 1 [2375/4995 (48%)] loss: 0.0006 L_si: 0.0003 L_grad: 0.0003 
Train Epoch: 1 [2376/4995 (48%)] loss: 0.0004 L_si: 0.0002 L_grad: 0.0003 
Train Epoch: 1 [2377/4995 (48%)] loss: 0.0009 L_si: 0.0005 L_grad: 0.0004 
Train Epoch: 1 [2378/4995 (48%)] loss: 0.0003 L_si: 0.0001 L_grad: 0.0002 
Train Epoch: 1 [2379/4995 (48%)] loss: 0.0004 L_si: 0.0001 L_grad: 0.0003 
Train Epoch: 1 [2380/4995 (48%)] loss: 0.0006 L_si: 0.0004 L_grad: 0.0002 
Train Epoch: 1 [2381/4995 (48%)] loss: 0.0005 L_si: 0.0002 L_grad: 0.0003 
Train Epoch: 1 [2382/4995 (48%)] loss: 0.0004 L_si: 0.0001 L_grad: 0.0003 
Train Epoch: 1 [2383/4995 (48%)] loss: 0.0005 L_si: 0.0002 L_grad: 0.0003 
Train Epoch: 1 [2384/4995 (48%)] loss: 0.0004 L_si: 0.0001 L_grad: 0.0003 
Train Epoch: 1 [2385/4995 (48%)] loss: 0.0009 L_si: 0.0004 L_grad: 0.0005 
Train Epoch: 1 [2386/4995 (48%)] loss: 0.0006 L_si: 0.0003 L_grad: 0.0003 
Train Epoch: 1 [2387/4995 (48%)] loss: 0.0008 L_si: 0.0004 L_grad: 0.0004 
Train Epoch: 1 [2388/4995 (48%)] loss: 0.0008 L_si: 0.0003 L_grad: 0.0004 
Train Epoch: 1 [2389/4995 (48%)] loss: 0.0007 L_si: 0.0003 L_grad: 0.0004 
Train Epoch: 1 [2390/4995 (48%)] loss: 0.0005 L_si: 0.0002 L_grad: 0.0004 
Train Epoch: 1 [2391/4995 (48%)] loss: 0.0005 L_si: 0.0002 L_grad: 0.0003 
Train Epoch: 1 [2392/4995 (48%)] loss: 0.0011 L_si: 0.0006 L_grad: 0.0005 
Train Epoch: 1 [2393/4995 (48%)] loss: 0.0006 L_si: 0.0004 L_grad: 0.0003 
Train Epoch: 1 [2394/4995 (48%)] loss: 0.0003 L_si: 0.0001 L_grad: 0.0002 
Train Epoch: 1 [2395/4995 (48%)] loss: 0.0006 L_si: 0.0003 L_grad: 0.0004 
Train Epoch: 1 [2396/4995 (48%)] loss: 0.0005 L_si: 0.0002 L_grad: 0.0003 
Train Epoch: 1 [2397/4995 (48%)] loss: 0.0012 L_si: 0.0006 L_grad: 0.0006 
Train Epoch: 1 [2398/4995 (48%)] loss: 0.0004 L_si: 0.0001 L_grad: 0.0002 
Train Epoch: 1 [2399/4995 (48%)] loss: 0.0011 L_si: 0.0006 L_grad: 0.0005 
Train Epoch: 1 [2400/4995 (48%)] loss: 0.0018 L_si: 0.0010 L_grad: 0.0008 
Train Epoch: 1 [2401/4995 (48%)] loss: 0.0005 L_si: 0.0002 L_grad: 0.0003 
Train Epoch: 1 [2402/4995 (48%)] loss: 0.0009 L_si: 0.0004 L_grad: 0.0005 
Train Epoch: 1 [2403/4995 (48%)] loss: 0.0004 L_si: 0.0001 L_grad: 0.0003 
Train Epoch: 1 [2404/4995 (48%)] loss: 0.0009 L_si: 0.0005 L_grad: 0.0004 
Train Epoch: 1 [2405/4995 (48%)] loss: 0.0005 L_si: 0.0003 L_grad: 0.0003 
Train Epoch: 1 [2406/4995 (48%)] loss: 0.0009 L_si: 0.0005 L_grad: 0.0004 
Train Epoch: 1 [2407/4995 (48%)] loss: 0.0006 L_si: 0.0003 L_grad: 0.0002 
Train Epoch: 1 [2408/4995 (48%)] loss: 0.0004 L_si: 0.0001 L_grad: 0.0003 
Train Epoch: 1 [2409/4995 (48%)] loss: 0.0012 L_si: 0.0007 L_grad: 0.0006 
Train Epoch: 1 [2410/4995 (48%)] loss: 0.0004 L_si: 0.0001 L_grad: 0.0002 
Train Epoch: 1 [2411/4995 (48%)] loss: 0.0003 L_si: 0.0001 L_grad: 0.0002 
Train Epoch: 1 [2412/4995 (48%)] loss: 0.0010 L_si: 0.0005 L_grad: 0.0004 
Train Epoch: 1 [2413/4995 (48%)] loss: 0.0005 L_si: 0.0002 L_grad: 0.0003 
Train Epoch: 1 [2414/4995 (48%)] loss: 0.0008 L_si: 0.0004 L_grad: 0.0004 
Train Epoch: 1 [2415/4995 (48%)] loss: 0.0008 L_si: 0.0003 L_grad: 0.0005 
Train Epoch: 1 [2416/4995 (48%)] loss: 0.0007 L_si: 0.0003 L_grad: 0.0004 
Train Epoch: 1 [2417/4995 (48%)] loss: 0.0010 L_si: 0.0005 L_grad: 0.0005 
Train Epoch: 1 [2418/4995 (48%)] loss: 0.0005 L_si: 0.0002 L_grad: 0.0002 
Train Epoch: 1 [2419/4995 (48%)] loss: 0.0003 L_si: 0.0001 L_grad: 0.0002 
Train Epoch: 1 [2420/4995 (48%)] loss: 0.0006 L_si: 0.0002 L_grad: 0.0004 
Train Epoch: 1 [2421/4995 (48%)] loss: 0.0004 L_si: 0.0001 L_grad: 0.0003 
Train Epoch: 1 [2422/4995 (48%)] loss: 0.0004 L_si: 0.0001 L_grad: 0.0003 
Train Epoch: 1 [2423/4995 (49%)] loss: 0.0007 L_si: 0.0003 L_grad: 0.0004 
Train Epoch: 1 [2424/4995 (49%)] loss: 0.0007 L_si: 0.0003 L_grad: 0.0004 
Train Epoch: 1 [2425/4995 (49%)] loss: 0.0006 L_si: 0.0002 L_grad: 0.0003 
Train Epoch: 1 [2426/4995 (49%)] loss: 0.0009 L_si: 0.0004 L_grad: 0.0005 
Train Epoch: 1 [2427/4995 (49%)] loss: 0.0007 L_si: 0.0004 L_grad: 0.0003 
Train Epoch: 1 [2428/4995 (49%)] loss: 0.0006 L_si: 0.0003 L_grad: 0.0003 
Train Epoch: 1 [2429/4995 (49%)] loss: 0.0016 L_si: 0.0010 L_grad: 0.0005 
Train Epoch: 1 [2430/4995 (49%)] loss: 0.0006 L_si: 0.0003 L_grad: 0.0004 
Train Epoch: 1 [2431/4995 (49%)] loss: 0.0005 L_si: 0.0002 L_grad: 0.0003 
Train Epoch: 1 [2432/4995 (49%)] loss: 0.0006 L_si: 0.0003 L_grad: 0.0004 
Train Epoch: 1 [2433/4995 (49%)] loss: 0.0029 L_si: 0.0017 L_grad: 0.0012 
Train Epoch: 1 [2434/4995 (49%)] loss: 0.0006 L_si: 0.0003 L_grad: 0.0004 
Train Epoch: 1 [2435/4995 (49%)] loss: 0.0005 L_si: 0.0002 L_grad: 0.0003 
Train Epoch: 1 [2436/4995 (49%)] loss: 0.0005 L_si: 0.0002 L_grad: 0.0003 
Train Epoch: 1 [2437/4995 (49%)] loss: 0.0012 L_si: 0.0007 L_grad: 0.0005 
Train Epoch: 1 [2438/4995 (49%)] loss: 0.0009 L_si: 0.0005 L_grad: 0.0004 
Train Epoch: 1 [2439/4995 (49%)] loss: 0.0011 L_si: 0.0007 L_grad: 0.0005 
Train Epoch: 1 [2440/4995 (49%)] loss: 0.0005 L_si: 0.0002 L_grad: 0.0003 
Train Epoch: 1 [2441/4995 (49%)] loss: 0.0004 L_si: 0.0001 L_grad: 0.0002 
Train Epoch: 1 [2442/4995 (49%)] loss: 0.0007 L_si: 0.0003 L_grad: 0.0004 
Train Epoch: 1 [2443/4995 (49%)] loss: 0.0003 L_si: 0.0001 L_grad: 0.0002 
Train Epoch: 1 [2444/4995 (49%)] loss: 0.0004 L_si: 0.0001 L_grad: 0.0002 
Train Epoch: 1 [2445/4995 (49%)] loss: 0.0006 L_si: 0.0003 L_grad: 0.0003 
Train Epoch: 1 [2446/4995 (49%)] loss: 0.0004 L_si: 0.0001 L_grad: 0.0003 
Train Epoch: 1 [2447/4995 (49%)] loss: 0.0006 L_si: 0.0004 L_grad: 0.0003 
Train Epoch: 1 [2448/4995 (49%)] loss: 0.0005 L_si: 0.0003 L_grad: 0.0003 
Train Epoch: 1 [2449/4995 (49%)] loss: 0.0004 L_si: 0.0002 L_grad: 0.0003 
Train Epoch: 1 [2450/4995 (49%)] loss: 0.0007 L_si: 0.0003 L_grad: 0.0004 
Train Epoch: 1 [2451/4995 (49%)] loss: 0.0002 L_si: 0.0000 L_grad: 0.0001 
Train Epoch: 1 [2452/4995 (49%)] loss: 0.0006 L_si: 0.0002 L_grad: 0.0004 
Train Epoch: 1 [2453/4995 (49%)] loss: 0.0003 L_si: 0.0001 L_grad: 0.0002 
Train Epoch: 1 [2454/4995 (49%)] loss: 0.0004 L_si: 0.0001 L_grad: 0.0003 
Train Epoch: 1 [2455/4995 (49%)] loss: 0.0006 L_si: 0.0003 L_grad: 0.0003 
Train Epoch: 1 [2456/4995 (49%)] loss: 0.0003 L_si: 0.0001 L_grad: 0.0002 
Train Epoch: 1 [2457/4995 (49%)] loss: 0.0005 L_si: 0.0002 L_grad: 0.0003 
Train Epoch: 1 [2458/4995 (49%)] loss: 0.0007 L_si: 0.0004 L_grad: 0.0004 
Train Epoch: 1 [2459/4995 (49%)] loss: 0.0012 L_si: 0.0006 L_grad: 0.0006 
Train Epoch: 1 [2460/4995 (49%)] loss: 0.0004 L_si: 0.0001 L_grad: 0.0003 
Train Epoch: 1 [2461/4995 (49%)] loss: 0.0005 L_si: 0.0002 L_grad: 0.0003 
Train Epoch: 1 [2462/4995 (49%)] loss: 0.0004 L_si: 0.0001 L_grad: 0.0002 
Train Epoch: 1 [2463/4995 (49%)] loss: 0.0006 L_si: 0.0003 L_grad: 0.0003 
Train Epoch: 1 [2464/4995 (49%)] loss: 0.0002 L_si: 0.0000 L_grad: 0.0001 
Train Epoch: 1 [2465/4995 (49%)] loss: 0.0006 L_si: 0.0003 L_grad: 0.0003 
Train Epoch: 1 [2466/4995 (49%)] loss: 0.0005 L_si: 0.0002 L_grad: 0.0003 
Train Epoch: 1 [2467/4995 (49%)] loss: 0.0010 L_si: 0.0006 L_grad: 0.0004 
Train Epoch: 1 [2468/4995 (49%)] loss: 0.0005 L_si: 0.0002 L_grad: 0.0003 
Train Epoch: 1 [2469/4995 (49%)] loss: 0.0001 L_si: 0.0000 L_grad: 0.0001 
Train Epoch: 1 [2470/4995 (49%)] loss: 0.0006 L_si: 0.0002 L_grad: 0.0004 
Train Epoch: 1 [2471/4995 (49%)] loss: 0.0005 L_si: 0.0002 L_grad: 0.0003 
Train Epoch: 1 [2472/4995 (49%)] loss: 0.0006 L_si: 0.0003 L_grad: 0.0003 
Train Epoch: 1 [2473/4995 (50%)] loss: 0.0008 L_si: 0.0004 L_grad: 0.0003 
Train Epoch: 1 [2474/4995 (50%)] loss: 0.0018 L_si: 0.0010 L_grad: 0.0008 
Train Epoch: 1 [2475/4995 (50%)] loss: 0.0005 L_si: 0.0002 L_grad: 0.0003 
Train Epoch: 1 [2476/4995 (50%)] loss: 0.0007 L_si: 0.0003 L_grad: 0.0004 
Train Epoch: 1 [2477/4995 (50%)] loss: 0.0006 L_si: 0.0002 L_grad: 0.0004 
Train Epoch: 1 [2478/4995 (50%)] loss: 0.0006 L_si: 0.0002 L_grad: 0.0004 
Train Epoch: 1 [2479/4995 (50%)] loss: 0.0005 L_si: 0.0002 L_grad: 0.0003 
Train Epoch: 1 [2480/4995 (50%)] loss: 0.0005 L_si: 0.0002 L_grad: 0.0003 
Train Epoch: 1 [2481/4995 (50%)] loss: 0.0009 L_si: 0.0004 L_grad: 0.0004 
Train Epoch: 1 [2482/4995 (50%)] loss: 0.0006 L_si: 0.0002 L_grad: 0.0004 
Train Epoch: 1 [2483/4995 (50%)] loss: 0.0001 L_si: 0.0000 L_grad: 0.0001 
Train Epoch: 1 [2484/4995 (50%)] loss: 0.0020 L_si: 0.0012 L_grad: 0.0007 
Train Epoch: 1 [2485/4995 (50%)] loss: 0.0007 L_si: 0.0003 L_grad: 0.0004 
Train Epoch: 1 [2486/4995 (50%)] loss: 0.0005 L_si: 0.0002 L_grad: 0.0003 
Train Epoch: 1 [2487/4995 (50%)] loss: 0.0004 L_si: 0.0001 L_grad: 0.0003 
Train Epoch: 1 [2488/4995 (50%)] loss: 0.0005 L_si: 0.0002 L_grad: 0.0003 
Train Epoch: 1 [2489/4995 (50%)] loss: 0.0008 L_si: 0.0003 L_grad: 0.0005 
Train Epoch: 1 [2490/4995 (50%)] loss: 0.0008 L_si: 0.0004 L_grad: 0.0004 
Train Epoch: 1 [2491/4995 (50%)] loss: 0.0006 L_si: 0.0003 L_grad: 0.0003 
Train Epoch: 1 [2492/4995 (50%)] loss: 0.0008 L_si: 0.0004 L_grad: 0.0003 
Train Epoch: 1 [2493/4995 (50%)] loss: 0.0004 L_si: 0.0001 L_grad: 0.0002 
Train Epoch: 1 [2494/4995 (50%)] loss: 0.0004 L_si: 0.0001 L_grad: 0.0002 
Train Epoch: 1 [2495/4995 (50%)] loss: 0.0008 L_si: 0.0004 L_grad: 0.0004 
Train Epoch: 1 [2496/4995 (50%)] loss: 0.0003 L_si: 0.0001 L_grad: 0.0002 
Train Epoch: 1 [2497/4995 (50%)] loss: 0.0005 L_si: 0.0002 L_grad: 0.0003 
Train Epoch: 1 [2498/4995 (50%)] loss: 0.0005 L_si: 0.0002 L_grad: 0.0003 
Train Epoch: 1 [2499/4995 (50%)] loss: 0.0005 L_si: 0.0002 L_grad: 0.0003 
Train Epoch: 1 [2500/4995 (50%)] loss: 0.0006 L_si: 0.0002 L_grad: 0.0004 
Train Epoch: 1 [2501/4995 (50%)] loss: 0.0005 L_si: 0.0003 L_grad: 0.0003 
Train Epoch: 1 [2502/4995 (50%)] loss: 0.0005 L_si: 0.0002 L_grad: 0.0004 
Train Epoch: 1 [2503/4995 (50%)] loss: 0.0005 L_si: 0.0001 L_grad: 0.0003 
Train Epoch: 1 [2504/4995 (50%)] loss: 0.0013 L_si: 0.0007 L_grad: 0.0005 
Train Epoch: 1 [2505/4995 (50%)] loss: 0.0005 L_si: 0.0002 L_grad: 0.0003 
Train Epoch: 1 [2506/4995 (50%)] loss: 0.0005 L_si: 0.0002 L_grad: 0.0003 
Train Epoch: 1 [2507/4995 (50%)] loss: 0.0007 L_si: 0.0003 L_grad: 0.0003 
Train Epoch: 1 [2508/4995 (50%)] loss: 0.0004 L_si: 0.0001 L_grad: 0.0003 
Train Epoch: 1 [2509/4995 (50%)] loss: 0.0005 L_si: 0.0002 L_grad: 0.0003 
Train Epoch: 1 [2510/4995 (50%)] loss: 0.0007 L_si: 0.0004 L_grad: 0.0004 
Train Epoch: 1 [2511/4995 (50%)] loss: 0.0008 L_si: 0.0003 L_grad: 0.0004 
Train Epoch: 1 [2512/4995 (50%)] loss: 0.0004 L_si: 0.0002 L_grad: 0.0003 
Train Epoch: 1 [2513/4995 (50%)] loss: 0.0005 L_si: 0.0002 L_grad: 0.0003 
Train Epoch: 1 [2514/4995 (50%)] loss: 0.0005 L_si: 0.0002 L_grad: 0.0003 
Train Epoch: 1 [2515/4995 (50%)] loss: 0.0005 L_si: 0.0002 L_grad: 0.0003 
Train Epoch: 1 [2516/4995 (50%)] loss: 0.0002 L_si: 0.0001 L_grad: 0.0002 
Train Epoch: 1 [2517/4995 (50%)] loss: 0.0007 L_si: 0.0004 L_grad: 0.0004 
Train Epoch: 1 [2518/4995 (50%)] loss: 0.0007 L_si: 0.0003 L_grad: 0.0004 
Train Epoch: 1 [2519/4995 (50%)] loss: 0.0004 L_si: 0.0002 L_grad: 0.0002 
Train Epoch: 1 [2520/4995 (50%)] loss: 0.0006 L_si: 0.0003 L_grad: 0.0004 
Train Epoch: 1 [2521/4995 (50%)] loss: 0.0004 L_si: 0.0001 L_grad: 0.0003 
Train Epoch: 1 [2522/4995 (50%)] loss: 0.0003 L_si: 0.0001 L_grad: 0.0002 
Train Epoch: 1 [2523/4995 (51%)] loss: 0.0001 L_si: 0.0000 L_grad: 0.0001 
Train Epoch: 1 [2524/4995 (51%)] loss: 0.0008 L_si: 0.0003 L_grad: 0.0005 
Train Epoch: 1 [2525/4995 (51%)] loss: 0.0003 L_si: 0.0001 L_grad: 0.0002 
Train Epoch: 1 [2526/4995 (51%)] loss: 0.0005 L_si: 0.0001 L_grad: 0.0003 
Train Epoch: 1 [2527/4995 (51%)] loss: 0.0004 L_si: 0.0001 L_grad: 0.0002 
Train Epoch: 1 [2528/4995 (51%)] loss: 0.0004 L_si: 0.0001 L_grad: 0.0003 
Train Epoch: 1 [2529/4995 (51%)] loss: 0.0005 L_si: 0.0001 L_grad: 0.0003 
Train Epoch: 1 [2530/4995 (51%)] loss: 0.0004 L_si: 0.0002 L_grad: 0.0003 
Train Epoch: 1 [2531/4995 (51%)] loss: 0.0004 L_si: 0.0002 L_grad: 0.0003 
Train Epoch: 1 [2532/4995 (51%)] loss: 0.0008 L_si: 0.0003 L_grad: 0.0005 
Train Epoch: 1 [2533/4995 (51%)] loss: 0.0011 L_si: 0.0006 L_grad: 0.0005 
Train Epoch: 1 [2534/4995 (51%)] loss: 0.0006 L_si: 0.0002 L_grad: 0.0004 
Train Epoch: 1 [2535/4995 (51%)] loss: 0.0007 L_si: 0.0004 L_grad: 0.0004 
Train Epoch: 1 [2536/4995 (51%)] loss: 0.0016 L_si: 0.0008 L_grad: 0.0008 
Train Epoch: 1 [2537/4995 (51%)] loss: 0.0006 L_si: 0.0002 L_grad: 0.0004 
Train Epoch: 1 [2538/4995 (51%)] loss: 0.0005 L_si: 0.0002 L_grad: 0.0003 
Train Epoch: 1 [2539/4995 (51%)] loss: 0.0001 L_si: 0.0000 L_grad: 0.0001 
Train Epoch: 1 [2540/4995 (51%)] loss: 0.0007 L_si: 0.0003 L_grad: 0.0004 
Train Epoch: 1 [2541/4995 (51%)] loss: 0.0003 L_si: 0.0001 L_grad: 0.0002 
Train Epoch: 1 [2542/4995 (51%)] loss: 0.0005 L_si: 0.0001 L_grad: 0.0004 
Train Epoch: 1 [2543/4995 (51%)] loss: 0.0004 L_si: 0.0002 L_grad: 0.0002 
Train Epoch: 1 [2544/4995 (51%)] loss: 0.0014 L_si: 0.0007 L_grad: 0.0007 
Train Epoch: 1 [2545/4995 (51%)] loss: 0.0005 L_si: 0.0002 L_grad: 0.0003 
Train Epoch: 1 [2546/4995 (51%)] loss: 0.0005 L_si: 0.0002 L_grad: 0.0003 
Train Epoch: 1 [2547/4995 (51%)] loss: 0.0008 L_si: 0.0004 L_grad: 0.0004 
Train Epoch: 1 [2548/4995 (51%)] loss: 0.0007 L_si: 0.0003 L_grad: 0.0003 
Train Epoch: 1 [2549/4995 (51%)] loss: 0.0003 L_si: 0.0001 L_grad: 0.0002 
Train Epoch: 1 [2550/4995 (51%)] loss: 0.0004 L_si: 0.0001 L_grad: 0.0003 
Train Epoch: 1 [2551/4995 (51%)] loss: 0.0009 L_si: 0.0004 L_grad: 0.0005 
Train Epoch: 1 [2552/4995 (51%)] loss: 0.0011 L_si: 0.0007 L_grad: 0.0004 
Train Epoch: 1 [2553/4995 (51%)] loss: 0.0005 L_si: 0.0002 L_grad: 0.0003 
Train Epoch: 1 [2554/4995 (51%)] loss: 0.0010 L_si: 0.0005 L_grad: 0.0004 
Train Epoch: 1 [2555/4995 (51%)] loss: 0.0001 L_si: 0.0000 L_grad: 0.0001 
Train Epoch: 1 [2556/4995 (51%)] loss: 0.0003 L_si: 0.0001 L_grad: 0.0002 
Train Epoch: 1 [2557/4995 (51%)] loss: 0.0005 L_si: 0.0003 L_grad: 0.0003 
Train Epoch: 1 [2558/4995 (51%)] loss: 0.0004 L_si: 0.0001 L_grad: 0.0002 
Train Epoch: 1 [2559/4995 (51%)] loss: 0.0004 L_si: 0.0001 L_grad: 0.0003 
Train Epoch: 1 [2560/4995 (51%)] loss: 0.0005 L_si: 0.0002 L_grad: 0.0003 
Train Epoch: 1 [2561/4995 (51%)] loss: 0.0004 L_si: 0.0002 L_grad: 0.0002 
Train Epoch: 1 [2562/4995 (51%)] loss: 0.0006 L_si: 0.0002 L_grad: 0.0003 
Train Epoch: 1 [2563/4995 (51%)] loss: 0.0004 L_si: 0.0001 L_grad: 0.0003 
Train Epoch: 1 [2564/4995 (51%)] loss: 0.0010 L_si: 0.0005 L_grad: 0.0005 
Train Epoch: 1 [2565/4995 (51%)] loss: 0.0005 L_si: 0.0002 L_grad: 0.0004 
Train Epoch: 1 [2566/4995 (51%)] loss: 0.0019 L_si: 0.0010 L_grad: 0.0009 
Train Epoch: 1 [2567/4995 (51%)] loss: 0.0006 L_si: 0.0002 L_grad: 0.0003 
Train Epoch: 1 [2568/4995 (51%)] loss: 0.0005 L_si: 0.0001 L_grad: 0.0004 
Train Epoch: 1 [2569/4995 (51%)] loss: 0.0008 L_si: 0.0004 L_grad: 0.0005 
Train Epoch: 1 [2570/4995 (51%)] loss: 0.0018 L_si: 0.0008 L_grad: 0.0009 
Train Epoch: 1 [2571/4995 (51%)] loss: 0.0037 L_si: 0.0027 L_grad: 0.0010 
Train Epoch: 1 [2572/4995 (51%)] loss: 0.0003 L_si: 0.0001 L_grad: 0.0002 
Train Epoch: 1 [2573/4995 (52%)] loss: 0.0009 L_si: 0.0004 L_grad: 0.0005 
Train Epoch: 1 [2574/4995 (52%)] loss: 0.0002 L_si: 0.0000 L_grad: 0.0002 
Train Epoch: 1 [2575/4995 (52%)] loss: 0.0006 L_si: 0.0003 L_grad: 0.0003 
Train Epoch: 1 [2576/4995 (52%)] loss: 0.0004 L_si: 0.0001 L_grad: 0.0003 
Train Epoch: 1 [2577/4995 (52%)] loss: 0.0007 L_si: 0.0003 L_grad: 0.0004 
Train Epoch: 1 [2578/4995 (52%)] loss: 0.0005 L_si: 0.0002 L_grad: 0.0003 
Train Epoch: 1 [2579/4995 (52%)] loss: 0.0010 L_si: 0.0005 L_grad: 0.0005 
Train Epoch: 1 [2580/4995 (52%)] loss: 0.0006 L_si: 0.0003 L_grad: 0.0004 
Train Epoch: 1 [2581/4995 (52%)] loss: 0.0006 L_si: 0.0003 L_grad: 0.0004 
Train Epoch: 1 [2582/4995 (52%)] loss: 0.0003 L_si: 0.0001 L_grad: 0.0002 
Train Epoch: 1 [2583/4995 (52%)] loss: 0.0003 L_si: 0.0001 L_grad: 0.0002 
Train Epoch: 1 [2584/4995 (52%)] loss: 0.0007 L_si: 0.0003 L_grad: 0.0004 
Train Epoch: 1 [2585/4995 (52%)] loss: 0.0008 L_si: 0.0004 L_grad: 0.0004 
Train Epoch: 1 [2586/4995 (52%)] loss: 0.0004 L_si: 0.0001 L_grad: 0.0003 
Train Epoch: 1 [2587/4995 (52%)] loss: 0.0003 L_si: 0.0001 L_grad: 0.0002 
Train Epoch: 1 [2588/4995 (52%)] loss: 0.0006 L_si: 0.0003 L_grad: 0.0003 
Train Epoch: 1 [2589/4995 (52%)] loss: 0.0005 L_si: 0.0002 L_grad: 0.0003 
Train Epoch: 1 [2590/4995 (52%)] loss: 0.0018 L_si: 0.0013 L_grad: 0.0006 
Train Epoch: 1 [2591/4995 (52%)] loss: 0.0006 L_si: 0.0003 L_grad: 0.0003 
Train Epoch: 1 [2592/4995 (52%)] loss: 0.0006 L_si: 0.0002 L_grad: 0.0003 
Train Epoch: 1 [2593/4995 (52%)] loss: 0.0008 L_si: 0.0003 L_grad: 0.0005 
Train Epoch: 1 [2594/4995 (52%)] loss: 0.0005 L_si: 0.0003 L_grad: 0.0003 
Train Epoch: 1 [2595/4995 (52%)] loss: 0.0005 L_si: 0.0002 L_grad: 0.0003 
Train Epoch: 1 [2596/4995 (52%)] loss: 0.0010 L_si: 0.0005 L_grad: 0.0004 
Train Epoch: 1 [2597/4995 (52%)] loss: 0.0011 L_si: 0.0005 L_grad: 0.0005 
Train Epoch: 1 [2598/4995 (52%)] loss: 0.0004 L_si: 0.0001 L_grad: 0.0003 
Train Epoch: 1 [2599/4995 (52%)] loss: 0.0016 L_si: 0.0011 L_grad: 0.0006 
Train Epoch: 1 [2600/4995 (52%)] loss: 0.0005 L_si: 0.0002 L_grad: 0.0003 
Train Epoch: 1 [2601/4995 (52%)] loss: 0.0012 L_si: 0.0006 L_grad: 0.0006 
Train Epoch: 1 [2602/4995 (52%)] loss: 0.0004 L_si: 0.0001 L_grad: 0.0003 
Train Epoch: 1 [2603/4995 (52%)] loss: 0.0011 L_si: 0.0006 L_grad: 0.0004 
Train Epoch: 1 [2604/4995 (52%)] loss: 0.0007 L_si: 0.0004 L_grad: 0.0003 
Train Epoch: 1 [2605/4995 (52%)] loss: 0.0007 L_si: 0.0004 L_grad: 0.0003 
Train Epoch: 1 [2606/4995 (52%)] loss: 0.0005 L_si: 0.0002 L_grad: 0.0003 
Train Epoch: 1 [2607/4995 (52%)] loss: 0.0003 L_si: 0.0001 L_grad: 0.0002 
Train Epoch: 1 [2608/4995 (52%)] loss: 0.0004 L_si: 0.0001 L_grad: 0.0003 
Train Epoch: 1 [2609/4995 (52%)] loss: 0.0004 L_si: 0.0001 L_grad: 0.0002 
Train Epoch: 1 [2610/4995 (52%)] loss: 0.0002 L_si: 0.0001 L_grad: 0.0002 
Train Epoch: 1 [2611/4995 (52%)] loss: 0.0004 L_si: 0.0002 L_grad: 0.0002 
Train Epoch: 1 [2612/4995 (52%)] loss: 0.0004 L_si: 0.0002 L_grad: 0.0003 
Train Epoch: 1 [2613/4995 (52%)] loss: 0.0006 L_si: 0.0003 L_grad: 0.0003 
Train Epoch: 1 [2614/4995 (52%)] loss: 0.0005 L_si: 0.0003 L_grad: 0.0003 
Train Epoch: 1 [2615/4995 (52%)] loss: 0.0003 L_si: 0.0001 L_grad: 0.0002 
Train Epoch: 1 [2616/4995 (52%)] loss: 0.0003 L_si: 0.0001 L_grad: 0.0002 
Train Epoch: 1 [2617/4995 (52%)] loss: 0.0007 L_si: 0.0003 L_grad: 0.0004 
Train Epoch: 1 [2618/4995 (52%)] loss: 0.0013 L_si: 0.0007 L_grad: 0.0006 
Train Epoch: 1 [2619/4995 (52%)] loss: 0.0011 L_si: 0.0005 L_grad: 0.0005 
Train Epoch: 1 [2620/4995 (52%)] loss: 0.0007 L_si: 0.0003 L_grad: 0.0003 
Train Epoch: 1 [2621/4995 (52%)] loss: 0.0004 L_si: 0.0002 L_grad: 0.0003 
Train Epoch: 1 [2622/4995 (52%)] loss: 0.0003 L_si: 0.0001 L_grad: 0.0002 
Train Epoch: 1 [2623/4995 (53%)] loss: 0.0007 L_si: 0.0003 L_grad: 0.0004 
Train Epoch: 1 [2624/4995 (53%)] loss: 0.0005 L_si: 0.0002 L_grad: 0.0003 
Train Epoch: 1 [2625/4995 (53%)] loss: 0.0005 L_si: 0.0002 L_grad: 0.0002 
Train Epoch: 1 [2626/4995 (53%)] loss: 0.0004 L_si: 0.0002 L_grad: 0.0003 
Train Epoch: 1 [2627/4995 (53%)] loss: 0.0003 L_si: 0.0001 L_grad: 0.0002 
Train Epoch: 1 [2628/4995 (53%)] loss: 0.0004 L_si: 0.0002 L_grad: 0.0002 
Train Epoch: 1 [2629/4995 (53%)] loss: 0.0010 L_si: 0.0005 L_grad: 0.0005 
Train Epoch: 1 [2630/4995 (53%)] loss: 0.0009 L_si: 0.0006 L_grad: 0.0004 
Train Epoch: 1 [2631/4995 (53%)] loss: 0.0005 L_si: 0.0002 L_grad: 0.0003 
Train Epoch: 1 [2632/4995 (53%)] loss: 0.0006 L_si: 0.0003 L_grad: 0.0003 
Train Epoch: 1 [2633/4995 (53%)] loss: 0.0002 L_si: 0.0001 L_grad: 0.0002 
Train Epoch: 1 [2634/4995 (53%)] loss: 0.0007 L_si: 0.0003 L_grad: 0.0004 
Train Epoch: 1 [2635/4995 (53%)] loss: 0.0003 L_si: 0.0001 L_grad: 0.0002 
Train Epoch: 1 [2636/4995 (53%)] loss: 0.0004 L_si: 0.0001 L_grad: 0.0003 
Train Epoch: 1 [2637/4995 (53%)] loss: 0.0005 L_si: 0.0002 L_grad: 0.0003 
Train Epoch: 1 [2638/4995 (53%)] loss: 0.0003 L_si: 0.0001 L_grad: 0.0002 
Train Epoch: 1 [2639/4995 (53%)] loss: 0.0006 L_si: 0.0002 L_grad: 0.0003 
Train Epoch: 1 [2640/4995 (53%)] loss: 0.0008 L_si: 0.0004 L_grad: 0.0004 
Train Epoch: 1 [2641/4995 (53%)] loss: 0.0006 L_si: 0.0003 L_grad: 0.0004 
Train Epoch: 1 [2642/4995 (53%)] loss: 0.0003 L_si: 0.0001 L_grad: 0.0002 
Train Epoch: 1 [2643/4995 (53%)] loss: 0.0005 L_si: 0.0001 L_grad: 0.0003 
Train Epoch: 1 [2644/4995 (53%)] loss: 0.0005 L_si: 0.0002 L_grad: 0.0003 
Train Epoch: 1 [2645/4995 (53%)] loss: 0.0008 L_si: 0.0003 L_grad: 0.0005 
Train Epoch: 1 [2646/4995 (53%)] loss: 0.0004 L_si: 0.0001 L_grad: 0.0003 
Train Epoch: 1 [2647/4995 (53%)] loss: 0.0006 L_si: 0.0002 L_grad: 0.0004 
Train Epoch: 1 [2648/4995 (53%)] loss: 0.0004 L_si: 0.0002 L_grad: 0.0003 
Train Epoch: 1 [2649/4995 (53%)] loss: 0.0005 L_si: 0.0002 L_grad: 0.0003 
Train Epoch: 1 [2650/4995 (53%)] loss: 0.0006 L_si: 0.0003 L_grad: 0.0003 
Train Epoch: 1 [2651/4995 (53%)] loss: 0.0006 L_si: 0.0003 L_grad: 0.0003 
Train Epoch: 1 [2652/4995 (53%)] loss: 0.0003 L_si: 0.0001 L_grad: 0.0002 
Train Epoch: 1 [2653/4995 (53%)] loss: 0.0005 L_si: 0.0002 L_grad: 0.0003 
Train Epoch: 1 [2654/4995 (53%)] loss: 0.0005 L_si: 0.0002 L_grad: 0.0003 
Train Epoch: 1 [2655/4995 (53%)] loss: 0.0006 L_si: 0.0004 L_grad: 0.0002 
Train Epoch: 1 [2656/4995 (53%)] loss: 0.0005 L_si: 0.0002 L_grad: 0.0003 
Train Epoch: 1 [2657/4995 (53%)] loss: 0.0003 L_si: 0.0001 L_grad: 0.0002 
Train Epoch: 1 [2658/4995 (53%)] loss: 0.0004 L_si: 0.0001 L_grad: 0.0003 
Train Epoch: 1 [2659/4995 (53%)] loss: 0.0007 L_si: 0.0003 L_grad: 0.0004 
Train Epoch: 1 [2660/4995 (53%)] loss: 0.0004 L_si: 0.0001 L_grad: 0.0003 
Train Epoch: 1 [2661/4995 (53%)] loss: 0.0005 L_si: 0.0002 L_grad: 0.0003 
Train Epoch: 1 [2662/4995 (53%)] loss: 0.0003 L_si: 0.0001 L_grad: 0.0002 
Train Epoch: 1 [2663/4995 (53%)] loss: 0.0006 L_si: 0.0002 L_grad: 0.0004 
Train Epoch: 1 [2664/4995 (53%)] loss: 0.0004 L_si: 0.0001 L_grad: 0.0002 
Train Epoch: 1 [2665/4995 (53%)] loss: 0.0006 L_si: 0.0003 L_grad: 0.0004 
Train Epoch: 1 [2666/4995 (53%)] loss: 0.0007 L_si: 0.0003 L_grad: 0.0004 
Train Epoch: 1 [2667/4995 (53%)] loss: 0.0003 L_si: 0.0001 L_grad: 0.0002 
Train Epoch: 1 [2668/4995 (53%)] loss: 0.0006 L_si: 0.0003 L_grad: 0.0003 
Train Epoch: 1 [2669/4995 (53%)] loss: 0.0021 L_si: 0.0015 L_grad: 0.0006 
Train Epoch: 1 [2670/4995 (53%)] loss: 0.0005 L_si: 0.0002 L_grad: 0.0002 
Train Epoch: 1 [2671/4995 (53%)] loss: 0.0004 L_si: 0.0002 L_grad: 0.0003 
Train Epoch: 1 [2672/4995 (53%)] loss: 0.0014 L_si: 0.0009 L_grad: 0.0005 
Train Epoch: 1 [2673/4995 (54%)] loss: 0.0014 L_si: 0.0009 L_grad: 0.0004 
Train Epoch: 1 [2674/4995 (54%)] loss: 0.0006 L_si: 0.0003 L_grad: 0.0003 
Train Epoch: 1 [2675/4995 (54%)] loss: 0.0005 L_si: 0.0002 L_grad: 0.0003 
Train Epoch: 1 [2676/4995 (54%)] loss: 0.0003 L_si: 0.0001 L_grad: 0.0002 
Train Epoch: 1 [2677/4995 (54%)] loss: 0.0001 L_si: 0.0000 L_grad: 0.0001 
Train Epoch: 1 [2678/4995 (54%)] loss: 0.0003 L_si: 0.0001 L_grad: 0.0002 
Train Epoch: 1 [2679/4995 (54%)] loss: 0.0004 L_si: 0.0001 L_grad: 0.0003 
Train Epoch: 1 [2680/4995 (54%)] loss: 0.0002 L_si: 0.0000 L_grad: 0.0001 
Train Epoch: 1 [2681/4995 (54%)] loss: 0.0004 L_si: 0.0002 L_grad: 0.0003 
Train Epoch: 1 [2682/4995 (54%)] loss: 0.0006 L_si: 0.0003 L_grad: 0.0003 
Train Epoch: 1 [2683/4995 (54%)] loss: 0.0003 L_si: 0.0001 L_grad: 0.0002 
Train Epoch: 1 [2684/4995 (54%)] loss: 0.0003 L_si: 0.0001 L_grad: 0.0002 
Train Epoch: 1 [2685/4995 (54%)] loss: 0.0002 L_si: 0.0000 L_grad: 0.0001 
Train Epoch: 1 [2686/4995 (54%)] loss: 0.0006 L_si: 0.0003 L_grad: 0.0003 
Train Epoch: 1 [2687/4995 (54%)] loss: 0.0008 L_si: 0.0003 L_grad: 0.0005 
Train Epoch: 1 [2688/4995 (54%)] loss: 0.0008 L_si: 0.0004 L_grad: 0.0004 
Train Epoch: 1 [2689/4995 (54%)] loss: 0.0014 L_si: 0.0009 L_grad: 0.0005 
Train Epoch: 1 [2690/4995 (54%)] loss: 0.0005 L_si: 0.0002 L_grad: 0.0003 
Train Epoch: 1 [2691/4995 (54%)] loss: 0.0002 L_si: 0.0000 L_grad: 0.0002 
Train Epoch: 1 [2692/4995 (54%)] loss: 0.0018 L_si: 0.0009 L_grad: 0.0008 
Train Epoch: 1 [2693/4995 (54%)] loss: 0.0011 L_si: 0.0006 L_grad: 0.0005 
Train Epoch: 1 [2694/4995 (54%)] loss: 0.0010 L_si: 0.0003 L_grad: 0.0007 
Train Epoch: 1 [2695/4995 (54%)] loss: 0.0006 L_si: 0.0003 L_grad: 0.0003 
Train Epoch: 1 [2696/4995 (54%)] loss: 0.0005 L_si: 0.0001 L_grad: 0.0004 
Train Epoch: 1 [2697/4995 (54%)] loss: 0.0008 L_si: 0.0003 L_grad: 0.0005 
Train Epoch: 1 [2698/4995 (54%)] loss: 0.0003 L_si: 0.0001 L_grad: 0.0003 
Train Epoch: 1 [2699/4995 (54%)] loss: 0.0003 L_si: 0.0000 L_grad: 0.0002 
Train Epoch: 1 [2700/4995 (54%)] loss: 0.0007 L_si: 0.0002 L_grad: 0.0005 
Train Epoch: 1 [2701/4995 (54%)] loss: 0.0005 L_si: 0.0002 L_grad: 0.0003 
Train Epoch: 1 [2702/4995 (54%)] loss: 0.0005 L_si: 0.0002 L_grad: 0.0003 
Train Epoch: 1 [2703/4995 (54%)] loss: 0.0005 L_si: 0.0002 L_grad: 0.0004 
Train Epoch: 1 [2704/4995 (54%)] loss: 0.0006 L_si: 0.0002 L_grad: 0.0004 
Train Epoch: 1 [2705/4995 (54%)] loss: 0.0008 L_si: 0.0003 L_grad: 0.0004 
Train Epoch: 1 [2706/4995 (54%)] loss: 0.0004 L_si: 0.0001 L_grad: 0.0003 
Train Epoch: 1 [2707/4995 (54%)] loss: 0.0006 L_si: 0.0002 L_grad: 0.0004 
Train Epoch: 1 [2708/4995 (54%)] loss: 0.0002 L_si: 0.0000 L_grad: 0.0002 
Train Epoch: 1 [2709/4995 (54%)] loss: 0.0005 L_si: 0.0002 L_grad: 0.0003 
Train Epoch: 1 [2710/4995 (54%)] loss: 0.0005 L_si: 0.0002 L_grad: 0.0003 
Train Epoch: 1 [2711/4995 (54%)] loss: 0.0006 L_si: 0.0003 L_grad: 0.0003 
Train Epoch: 1 [2712/4995 (54%)] loss: 0.0006 L_si: 0.0002 L_grad: 0.0004 
Train Epoch: 1 [2713/4995 (54%)] loss: 0.0004 L_si: 0.0001 L_grad: 0.0002 
Train Epoch: 1 [2714/4995 (54%)] loss: 0.0008 L_si: 0.0004 L_grad: 0.0004 
Train Epoch: 1 [2715/4995 (54%)] loss: 0.0005 L_si: 0.0002 L_grad: 0.0003 
Train Epoch: 1 [2716/4995 (54%)] loss: 0.0003 L_si: 0.0001 L_grad: 0.0002 
Train Epoch: 1 [2717/4995 (54%)] loss: 0.0004 L_si: 0.0002 L_grad: 0.0003 
Train Epoch: 1 [2718/4995 (54%)] loss: 0.0015 L_si: 0.0010 L_grad: 0.0005 
Train Epoch: 1 [2719/4995 (54%)] loss: 0.0007 L_si: 0.0004 L_grad: 0.0004 
Train Epoch: 1 [2720/4995 (54%)] loss: 0.0009 L_si: 0.0004 L_grad: 0.0005 
Train Epoch: 1 [2721/4995 (54%)] loss: 0.0004 L_si: 0.0001 L_grad: 0.0003 
Train Epoch: 1 [2722/4995 (54%)] loss: 0.0006 L_si: 0.0003 L_grad: 0.0004 
Train Epoch: 1 [2723/4995 (55%)] loss: 0.0005 L_si: 0.0002 L_grad: 0.0003 
Train Epoch: 1 [2724/4995 (55%)] loss: 0.0005 L_si: 0.0003 L_grad: 0.0002 
Train Epoch: 1 [2725/4995 (55%)] loss: 0.0003 L_si: 0.0001 L_grad: 0.0002 
Train Epoch: 1 [2726/4995 (55%)] loss: 0.0007 L_si: 0.0003 L_grad: 0.0003 
Train Epoch: 1 [2727/4995 (55%)] loss: 0.0003 L_si: 0.0001 L_grad: 0.0002 
Train Epoch: 1 [2728/4995 (55%)] loss: 0.0012 L_si: 0.0006 L_grad: 0.0006 
Train Epoch: 1 [2729/4995 (55%)] loss: 0.0005 L_si: 0.0002 L_grad: 0.0003 
Train Epoch: 1 [2730/4995 (55%)] loss: 0.0005 L_si: 0.0001 L_grad: 0.0003 
Train Epoch: 1 [2731/4995 (55%)] loss: 0.0003 L_si: 0.0001 L_grad: 0.0002 
Train Epoch: 1 [2732/4995 (55%)] loss: 0.0004 L_si: 0.0001 L_grad: 0.0003 
Train Epoch: 1 [2733/4995 (55%)] loss: 0.0005 L_si: 0.0002 L_grad: 0.0003 
Train Epoch: 1 [2734/4995 (55%)] loss: 0.0003 L_si: 0.0001 L_grad: 0.0002 
Train Epoch: 1 [2735/4995 (55%)] loss: 0.0006 L_si: 0.0003 L_grad: 0.0003 
Train Epoch: 1 [2736/4995 (55%)] loss: 0.0005 L_si: 0.0002 L_grad: 0.0003 
Train Epoch: 1 [2737/4995 (55%)] loss: 0.0004 L_si: 0.0002 L_grad: 0.0003 
Train Epoch: 1 [2738/4995 (55%)] loss: 0.0004 L_si: 0.0001 L_grad: 0.0003 
Train Epoch: 1 [2739/4995 (55%)] loss: 0.0007 L_si: 0.0004 L_grad: 0.0004 
Train Epoch: 1 [2740/4995 (55%)] loss: 0.0006 L_si: 0.0002 L_grad: 0.0004 
Train Epoch: 1 [2741/4995 (55%)] loss: 0.0016 L_si: 0.0008 L_grad: 0.0008 
Train Epoch: 1 [2742/4995 (55%)] loss: 0.0004 L_si: 0.0001 L_grad: 0.0003 
Train Epoch: 1 [2743/4995 (55%)] loss: 0.0010 L_si: 0.0005 L_grad: 0.0005 
Train Epoch: 1 [2744/4995 (55%)] loss: 0.0005 L_si: 0.0002 L_grad: 0.0003 
Train Epoch: 1 [2745/4995 (55%)] loss: 0.0005 L_si: 0.0002 L_grad: 0.0003 
Train Epoch: 1 [2746/4995 (55%)] loss: 0.0004 L_si: 0.0001 L_grad: 0.0003 
Train Epoch: 1 [2747/4995 (55%)] loss: 0.0007 L_si: 0.0003 L_grad: 0.0004 
Train Epoch: 1 [2748/4995 (55%)] loss: 0.0009 L_si: 0.0005 L_grad: 0.0004 
Train Epoch: 1 [2749/4995 (55%)] loss: 0.0007 L_si: 0.0002 L_grad: 0.0004 
Train Epoch: 1 [2750/4995 (55%)] loss: 0.0009 L_si: 0.0004 L_grad: 0.0005 
Train Epoch: 1 [2751/4995 (55%)] loss: 0.0007 L_si: 0.0002 L_grad: 0.0005 
Train Epoch: 1 [2752/4995 (55%)] loss: 0.0005 L_si: 0.0002 L_grad: 0.0003 
Train Epoch: 1 [2753/4995 (55%)] loss: 0.0024 L_si: 0.0016 L_grad: 0.0008 
Train Epoch: 1 [2754/4995 (55%)] loss: 0.0007 L_si: 0.0002 L_grad: 0.0005 
Train Epoch: 1 [2755/4995 (55%)] loss: 0.0014 L_si: 0.0007 L_grad: 0.0008 
Train Epoch: 1 [2756/4995 (55%)] loss: 0.0007 L_si: 0.0003 L_grad: 0.0004 
Train Epoch: 1 [2757/4995 (55%)] loss: 0.0006 L_si: 0.0003 L_grad: 0.0004 
Train Epoch: 1 [2758/4995 (55%)] loss: 0.0008 L_si: 0.0003 L_grad: 0.0004 
Train Epoch: 1 [2759/4995 (55%)] loss: 0.0008 L_si: 0.0003 L_grad: 0.0005 
Train Epoch: 1 [2760/4995 (55%)] loss: 0.0004 L_si: 0.0001 L_grad: 0.0003 
Train Epoch: 1 [2761/4995 (55%)] loss: 0.0008 L_si: 0.0003 L_grad: 0.0004 
Train Epoch: 1 [2762/4995 (55%)] loss: 0.0007 L_si: 0.0003 L_grad: 0.0005 
Train Epoch: 1 [2763/4995 (55%)] loss: 0.0014 L_si: 0.0008 L_grad: 0.0006 
Train Epoch: 1 [2764/4995 (55%)] loss: 0.0006 L_si: 0.0002 L_grad: 0.0004 
Train Epoch: 1 [2765/4995 (55%)] loss: 0.0008 L_si: 0.0003 L_grad: 0.0005 
Train Epoch: 1 [2766/4995 (55%)] loss: 0.0005 L_si: 0.0001 L_grad: 0.0004 
Train Epoch: 1 [2767/4995 (55%)] loss: 0.0005 L_si: 0.0002 L_grad: 0.0003 
Train Epoch: 1 [2768/4995 (55%)] loss: 0.0004 L_si: 0.0001 L_grad: 0.0003 
Train Epoch: 1 [2769/4995 (55%)] loss: 0.0007 L_si: 0.0003 L_grad: 0.0004 
Train Epoch: 1 [2770/4995 (55%)] loss: 0.0005 L_si: 0.0002 L_grad: 0.0003 
Train Epoch: 1 [2771/4995 (55%)] loss: 0.0004 L_si: 0.0001 L_grad: 0.0003 
Train Epoch: 1 [2772/4995 (55%)] loss: 0.0003 L_si: 0.0001 L_grad: 0.0002 
Train Epoch: 1 [2773/4995 (56%)] loss: 0.0006 L_si: 0.0002 L_grad: 0.0004 
Train Epoch: 1 [2774/4995 (56%)] loss: 0.0006 L_si: 0.0002 L_grad: 0.0004 
Train Epoch: 1 [2775/4995 (56%)] loss: 0.0005 L_si: 0.0002 L_grad: 0.0003 
Train Epoch: 1 [2776/4995 (56%)] loss: 0.0008 L_si: 0.0002 L_grad: 0.0005 
Train Epoch: 1 [2777/4995 (56%)] loss: 0.0005 L_si: 0.0001 L_grad: 0.0003 
Train Epoch: 1 [2778/4995 (56%)] loss: 0.0006 L_si: 0.0002 L_grad: 0.0004 
Train Epoch: 1 [2779/4995 (56%)] loss: 0.0005 L_si: 0.0001 L_grad: 0.0003 
Train Epoch: 1 [2780/4995 (56%)] loss: 0.0008 L_si: 0.0004 L_grad: 0.0004 
Train Epoch: 1 [2781/4995 (56%)] loss: 0.0009 L_si: 0.0003 L_grad: 0.0005 
Train Epoch: 1 [2782/4995 (56%)] loss: 0.0006 L_si: 0.0003 L_grad: 0.0004 
Train Epoch: 1 [2783/4995 (56%)] loss: 0.0003 L_si: 0.0001 L_grad: 0.0002 
Train Epoch: 1 [2784/4995 (56%)] loss: 0.0002 L_si: 0.0000 L_grad: 0.0001 
Train Epoch: 1 [2785/4995 (56%)] loss: 0.0022 L_si: 0.0014 L_grad: 0.0009 
Train Epoch: 1 [2786/4995 (56%)] loss: 0.0006 L_si: 0.0002 L_grad: 0.0004 
Train Epoch: 1 [2787/4995 (56%)] loss: 0.0005 L_si: 0.0002 L_grad: 0.0003 
Train Epoch: 1 [2788/4995 (56%)] loss: 0.0003 L_si: 0.0001 L_grad: 0.0002 
Train Epoch: 1 [2789/4995 (56%)] loss: 0.0005 L_si: 0.0002 L_grad: 0.0003 
Train Epoch: 1 [2790/4995 (56%)] loss: 0.0004 L_si: 0.0001 L_grad: 0.0003 
Train Epoch: 1 [2791/4995 (56%)] loss: 0.0006 L_si: 0.0003 L_grad: 0.0003 
Train Epoch: 1 [2792/4995 (56%)] loss: 0.0007 L_si: 0.0004 L_grad: 0.0004 
Train Epoch: 1 [2793/4995 (56%)] loss: 0.0004 L_si: 0.0002 L_grad: 0.0002 
Train Epoch: 1 [2794/4995 (56%)] loss: 0.0006 L_si: 0.0003 L_grad: 0.0004 
Train Epoch: 1 [2795/4995 (56%)] loss: 0.0001 L_si: 0.0000 L_grad: 0.0001 
Train Epoch: 1 [2796/4995 (56%)] loss: 0.0009 L_si: 0.0005 L_grad: 0.0004 
Train Epoch: 1 [2797/4995 (56%)] loss: 0.0004 L_si: 0.0002 L_grad: 0.0003 
Train Epoch: 1 [2798/4995 (56%)] loss: 0.0006 L_si: 0.0002 L_grad: 0.0004 
Train Epoch: 1 [2799/4995 (56%)] loss: 0.0005 L_si: 0.0002 L_grad: 0.0003 
Train Epoch: 1 [2800/4995 (56%)] loss: 0.0007 L_si: 0.0003 L_grad: 0.0004 
Train Epoch: 1 [2801/4995 (56%)] loss: 0.0006 L_si: 0.0002 L_grad: 0.0004 
Train Epoch: 1 [2802/4995 (56%)] loss: 0.0005 L_si: 0.0002 L_grad: 0.0003 
Train Epoch: 1 [2803/4995 (56%)] loss: 0.0004 L_si: 0.0001 L_grad: 0.0003 
Train Epoch: 1 [2804/4995 (56%)] loss: 0.0006 L_si: 0.0002 L_grad: 0.0004 
Train Epoch: 1 [2805/4995 (56%)] loss: 0.0005 L_si: 0.0002 L_grad: 0.0003 
Train Epoch: 1 [2806/4995 (56%)] loss: 0.0008 L_si: 0.0003 L_grad: 0.0005 
Train Epoch: 1 [2807/4995 (56%)] loss: 0.0008 L_si: 0.0004 L_grad: 0.0004 
Train Epoch: 1 [2808/4995 (56%)] loss: 0.0001 L_si: 0.0000 L_grad: 0.0001 
Train Epoch: 1 [2809/4995 (56%)] loss: 0.0006 L_si: 0.0002 L_grad: 0.0004 
Train Epoch: 1 [2810/4995 (56%)] loss: 0.0006 L_si: 0.0002 L_grad: 0.0004 
Train Epoch: 1 [2811/4995 (56%)] loss: 0.0001 L_si: 0.0000 L_grad: 0.0001 
Train Epoch: 1 [2812/4995 (56%)] loss: 0.0004 L_si: 0.0001 L_grad: 0.0003 
Train Epoch: 1 [2813/4995 (56%)] loss: 0.0004 L_si: 0.0001 L_grad: 0.0002 
Train Epoch: 1 [2814/4995 (56%)] loss: 0.0005 L_si: 0.0002 L_grad: 0.0003 
Train Epoch: 1 [2815/4995 (56%)] loss: 0.0003 L_si: 0.0001 L_grad: 0.0002 
Train Epoch: 1 [2816/4995 (56%)] loss: 0.0004 L_si: 0.0001 L_grad: 0.0002 
Train Epoch: 1 [2817/4995 (56%)] loss: 0.0006 L_si: 0.0002 L_grad: 0.0003 
Train Epoch: 1 [2818/4995 (56%)] loss: 0.0027 L_si: 0.0019 L_grad: 0.0008 
Train Epoch: 1 [2819/4995 (56%)] loss: 0.0003 L_si: 0.0001 L_grad: 0.0002 
Train Epoch: 1 [2820/4995 (56%)] loss: 0.0006 L_si: 0.0002 L_grad: 0.0004 
Train Epoch: 1 [2821/4995 (56%)] loss: 0.0002 L_si: 0.0001 L_grad: 0.0002 
Train Epoch: 1 [2822/4995 (56%)] loss: 0.0013 L_si: 0.0008 L_grad: 0.0006 
Train Epoch: 1 [2823/4995 (57%)] loss: 0.0006 L_si: 0.0003 L_grad: 0.0003 
Train Epoch: 1 [2824/4995 (57%)] loss: 0.0004 L_si: 0.0001 L_grad: 0.0003 
Train Epoch: 1 [2825/4995 (57%)] loss: 0.0015 L_si: 0.0008 L_grad: 0.0007 
Train Epoch: 1 [2826/4995 (57%)] loss: 0.0006 L_si: 0.0002 L_grad: 0.0004 
Train Epoch: 1 [2827/4995 (57%)] loss: 0.0006 L_si: 0.0002 L_grad: 0.0004 
Train Epoch: 1 [2828/4995 (57%)] loss: 0.0004 L_si: 0.0002 L_grad: 0.0003 
Train Epoch: 1 [2829/4995 (57%)] loss: 0.0004 L_si: 0.0001 L_grad: 0.0003 
Train Epoch: 1 [2830/4995 (57%)] loss: 0.0005 L_si: 0.0001 L_grad: 0.0003 
Train Epoch: 1 [2831/4995 (57%)] loss: 0.0006 L_si: 0.0003 L_grad: 0.0003 
Train Epoch: 1 [2832/4995 (57%)] loss: 0.0005 L_si: 0.0002 L_grad: 0.0003 
Train Epoch: 1 [2833/4995 (57%)] loss: 0.0024 L_si: 0.0017 L_grad: 0.0007 
Train Epoch: 1 [2834/4995 (57%)] loss: 0.0003 L_si: 0.0001 L_grad: 0.0003 
Train Epoch: 1 [2835/4995 (57%)] loss: 0.0009 L_si: 0.0004 L_grad: 0.0005 
Train Epoch: 1 [2836/4995 (57%)] loss: 0.0006 L_si: 0.0002 L_grad: 0.0004 
Train Epoch: 1 [2837/4995 (57%)] loss: 0.0011 L_si: 0.0005 L_grad: 0.0006 
Train Epoch: 1 [2838/4995 (57%)] loss: 0.0010 L_si: 0.0005 L_grad: 0.0005 
Train Epoch: 1 [2839/4995 (57%)] loss: 0.0001 L_si: 0.0000 L_grad: 0.0001 
Train Epoch: 1 [2840/4995 (57%)] loss: 0.0005 L_si: 0.0002 L_grad: 0.0003 
Train Epoch: 1 [2841/4995 (57%)] loss: 0.0006 L_si: 0.0002 L_grad: 0.0004 
Train Epoch: 1 [2842/4995 (57%)] loss: 0.0002 L_si: 0.0001 L_grad: 0.0002 
Train Epoch: 1 [2843/4995 (57%)] loss: 0.0011 L_si: 0.0005 L_grad: 0.0006 
Train Epoch: 1 [2844/4995 (57%)] loss: 0.0005 L_si: 0.0002 L_grad: 0.0003 
Train Epoch: 1 [2845/4995 (57%)] loss: 0.0004 L_si: 0.0001 L_grad: 0.0003 
Train Epoch: 1 [2846/4995 (57%)] loss: 0.0003 L_si: 0.0001 L_grad: 0.0002 
Train Epoch: 1 [2847/4995 (57%)] loss: 0.0006 L_si: 0.0002 L_grad: 0.0004 
Train Epoch: 1 [2848/4995 (57%)] loss: 0.0004 L_si: 0.0001 L_grad: 0.0003 
Train Epoch: 1 [2849/4995 (57%)] loss: 0.0010 L_si: 0.0005 L_grad: 0.0005 
Train Epoch: 1 [2850/4995 (57%)] loss: 0.0005 L_si: 0.0002 L_grad: 0.0003 
Train Epoch: 1 [2851/4995 (57%)] loss: 0.0005 L_si: 0.0002 L_grad: 0.0003 
Train Epoch: 1 [2852/4995 (57%)] loss: 0.0005 L_si: 0.0002 L_grad: 0.0003 
Train Epoch: 1 [2853/4995 (57%)] loss: 0.0006 L_si: 0.0003 L_grad: 0.0004 
Train Epoch: 1 [2854/4995 (57%)] loss: 0.0006 L_si: 0.0002 L_grad: 0.0003 
Train Epoch: 1 [2855/4995 (57%)] loss: 0.0007 L_si: 0.0003 L_grad: 0.0004 
Train Epoch: 1 [2856/4995 (57%)] loss: 0.0003 L_si: 0.0001 L_grad: 0.0002 
Train Epoch: 1 [2857/4995 (57%)] loss: 0.0003 L_si: 0.0001 L_grad: 0.0003 
Train Epoch: 1 [2858/4995 (57%)] loss: 0.0007 L_si: 0.0003 L_grad: 0.0004 
Train Epoch: 1 [2859/4995 (57%)] loss: 0.0005 L_si: 0.0001 L_grad: 0.0003 
Train Epoch: 1 [2860/4995 (57%)] loss: 0.0007 L_si: 0.0003 L_grad: 0.0004 
Train Epoch: 1 [2861/4995 (57%)] loss: 0.0004 L_si: 0.0002 L_grad: 0.0003 
Train Epoch: 1 [2862/4995 (57%)] loss: 0.0006 L_si: 0.0003 L_grad: 0.0003 
Train Epoch: 1 [2863/4995 (57%)] loss: 0.0017 L_si: 0.0010 L_grad: 0.0007 
Train Epoch: 1 [2864/4995 (57%)] loss: 0.0007 L_si: 0.0003 L_grad: 0.0004 
Train Epoch: 1 [2865/4995 (57%)] loss: 0.0005 L_si: 0.0002 L_grad: 0.0003 
Train Epoch: 1 [2866/4995 (57%)] loss: 0.0004 L_si: 0.0001 L_grad: 0.0003 
Train Epoch: 1 [2867/4995 (57%)] loss: 0.0018 L_si: 0.0009 L_grad: 0.0009 
Train Epoch: 1 [2868/4995 (57%)] loss: 0.0008 L_si: 0.0003 L_grad: 0.0005 
Train Epoch: 1 [2869/4995 (57%)] loss: 0.0012 L_si: 0.0006 L_grad: 0.0006 
Train Epoch: 1 [2870/4995 (57%)] loss: 0.0008 L_si: 0.0005 L_grad: 0.0003 
Train Epoch: 1 [2871/4995 (57%)] loss: 0.0007 L_si: 0.0003 L_grad: 0.0004 
Train Epoch: 1 [2872/4995 (57%)] loss: 0.0006 L_si: 0.0003 L_grad: 0.0003 
Train Epoch: 1 [2873/4995 (58%)] loss: 0.0004 L_si: 0.0001 L_grad: 0.0002 
Train Epoch: 1 [2874/4995 (58%)] loss: 0.0014 L_si: 0.0009 L_grad: 0.0004 
Train Epoch: 1 [2875/4995 (58%)] loss: 0.0004 L_si: 0.0001 L_grad: 0.0003 
Train Epoch: 1 [2876/4995 (58%)] loss: 0.0002 L_si: 0.0000 L_grad: 0.0002 
Train Epoch: 1 [2877/4995 (58%)] loss: 0.0001 L_si: 0.0000 L_grad: 0.0001 
Train Epoch: 1 [2878/4995 (58%)] loss: 0.0009 L_si: 0.0005 L_grad: 0.0004 
Train Epoch: 1 [2879/4995 (58%)] loss: 0.0005 L_si: 0.0002 L_grad: 0.0003 
Train Epoch: 1 [2880/4995 (58%)] loss: 0.0005 L_si: 0.0002 L_grad: 0.0003 
Train Epoch: 1 [2881/4995 (58%)] loss: 0.0007 L_si: 0.0003 L_grad: 0.0004 
Train Epoch: 1 [2882/4995 (58%)] loss: 0.0007 L_si: 0.0003 L_grad: 0.0004 
Train Epoch: 1 [2883/4995 (58%)] loss: 0.0006 L_si: 0.0002 L_grad: 0.0004 
Train Epoch: 1 [2884/4995 (58%)] loss: 0.0005 L_si: 0.0001 L_grad: 0.0004 
Train Epoch: 1 [2885/4995 (58%)] loss: 0.0008 L_si: 0.0003 L_grad: 0.0005 
Train Epoch: 1 [2886/4995 (58%)] loss: 0.0004 L_si: 0.0001 L_grad: 0.0002 
Train Epoch: 1 [2887/4995 (58%)] loss: 0.0008 L_si: 0.0004 L_grad: 0.0004 
Train Epoch: 1 [2888/4995 (58%)] loss: 0.0021 L_si: 0.0014 L_grad: 0.0006 
Train Epoch: 1 [2889/4995 (58%)] loss: 0.0003 L_si: 0.0001 L_grad: 0.0002 
Train Epoch: 1 [2890/4995 (58%)] loss: 0.0013 L_si: 0.0008 L_grad: 0.0005 
Train Epoch: 1 [2891/4995 (58%)] loss: 0.0002 L_si: 0.0001 L_grad: 0.0002 
Train Epoch: 1 [2892/4995 (58%)] loss: 0.0006 L_si: 0.0003 L_grad: 0.0004 
Train Epoch: 1 [2893/4995 (58%)] loss: 0.0011 L_si: 0.0007 L_grad: 0.0004 
Train Epoch: 1 [2894/4995 (58%)] loss: 0.0003 L_si: 0.0001 L_grad: 0.0003 
Train Epoch: 1 [2895/4995 (58%)] loss: 0.0004 L_si: 0.0001 L_grad: 0.0003 
Train Epoch: 1 [2896/4995 (58%)] loss: 0.0001 L_si: 0.0000 L_grad: 0.0001 
Train Epoch: 1 [2897/4995 (58%)] loss: 0.0008 L_si: 0.0004 L_grad: 0.0004 
Train Epoch: 1 [2898/4995 (58%)] loss: 0.0004 L_si: 0.0001 L_grad: 0.0002 
Train Epoch: 1 [2899/4995 (58%)] loss: 0.0006 L_si: 0.0002 L_grad: 0.0003 
Train Epoch: 1 [2900/4995 (58%)] loss: 0.0003 L_si: 0.0001 L_grad: 0.0002 
Train Epoch: 1 [2901/4995 (58%)] loss: 0.0002 L_si: 0.0000 L_grad: 0.0001 
Train Epoch: 1 [2902/4995 (58%)] loss: 0.0011 L_si: 0.0005 L_grad: 0.0006 
Train Epoch: 1 [2903/4995 (58%)] loss: 0.0004 L_si: 0.0001 L_grad: 0.0003 
Train Epoch: 1 [2904/4995 (58%)] loss: 0.0001 L_si: 0.0000 L_grad: 0.0001 
Train Epoch: 1 [2905/4995 (58%)] loss: 0.0009 L_si: 0.0005 L_grad: 0.0005 
Train Epoch: 1 [2906/4995 (58%)] loss: 0.0005 L_si: 0.0002 L_grad: 0.0003 
Train Epoch: 1 [2907/4995 (58%)] loss: 0.0004 L_si: 0.0001 L_grad: 0.0002 
Train Epoch: 1 [2908/4995 (58%)] loss: 0.0003 L_si: 0.0001 L_grad: 0.0002 
Train Epoch: 1 [2909/4995 (58%)] loss: 0.0004 L_si: 0.0001 L_grad: 0.0003 
Train Epoch: 1 [2910/4995 (58%)] loss: 0.0004 L_si: 0.0002 L_grad: 0.0002 
Train Epoch: 1 [2911/4995 (58%)] loss: 0.0003 L_si: 0.0001 L_grad: 0.0002 
Train Epoch: 1 [2912/4995 (58%)] loss: 0.0006 L_si: 0.0003 L_grad: 0.0004 
Train Epoch: 1 [2913/4995 (58%)] loss: 0.0004 L_si: 0.0002 L_grad: 0.0002 
Train Epoch: 1 [2914/4995 (58%)] loss: 0.0004 L_si: 0.0001 L_grad: 0.0002 
Train Epoch: 1 [2915/4995 (58%)] loss: 0.0003 L_si: 0.0001 L_grad: 0.0002 
Train Epoch: 1 [2916/4995 (58%)] loss: 0.0003 L_si: 0.0001 L_grad: 0.0002 
Train Epoch: 1 [2917/4995 (58%)] loss: 0.0004 L_si: 0.0002 L_grad: 0.0002 
Train Epoch: 1 [2918/4995 (58%)] loss: 0.0003 L_si: 0.0001 L_grad: 0.0002 
Train Epoch: 1 [2919/4995 (58%)] loss: 0.0003 L_si: 0.0001 L_grad: 0.0002 
Train Epoch: 1 [2920/4995 (58%)] loss: 0.0001 L_si: 0.0000 L_grad: 0.0001 
Train Epoch: 1 [2921/4995 (58%)] loss: 0.0004 L_si: 0.0001 L_grad: 0.0002 
Train Epoch: 1 [2922/4995 (58%)] loss: 0.0005 L_si: 0.0002 L_grad: 0.0003 
Train Epoch: 1 [2923/4995 (59%)] loss: 0.0005 L_si: 0.0002 L_grad: 0.0003 
Train Epoch: 1 [2924/4995 (59%)] loss: 0.0006 L_si: 0.0004 L_grad: 0.0003 
Train Epoch: 1 [2925/4995 (59%)] loss: 0.0003 L_si: 0.0001 L_grad: 0.0002 
Train Epoch: 1 [2926/4995 (59%)] loss: 0.0021 L_si: 0.0015 L_grad: 0.0006 
Train Epoch: 1 [2927/4995 (59%)] loss: 0.0008 L_si: 0.0004 L_grad: 0.0004 
Train Epoch: 1 [2928/4995 (59%)] loss: 0.0002 L_si: 0.0001 L_grad: 0.0002 
Train Epoch: 1 [2929/4995 (59%)] loss: 0.0004 L_si: 0.0002 L_grad: 0.0003 
Train Epoch: 1 [2930/4995 (59%)] loss: 0.0005 L_si: 0.0002 L_grad: 0.0003 
Train Epoch: 1 [2931/4995 (59%)] loss: 0.0002 L_si: 0.0001 L_grad: 0.0002 
Train Epoch: 1 [2932/4995 (59%)] loss: 0.0004 L_si: 0.0001 L_grad: 0.0002 
Train Epoch: 1 [2933/4995 (59%)] loss: 0.0001 L_si: 0.0000 L_grad: 0.0001 
Train Epoch: 1 [2934/4995 (59%)] loss: 0.0021 L_si: 0.0011 L_grad: 0.0010 
Train Epoch: 1 [2935/4995 (59%)] loss: 0.0004 L_si: 0.0002 L_grad: 0.0002 
Train Epoch: 1 [2936/4995 (59%)] loss: 0.0020 L_si: 0.0012 L_grad: 0.0008 
Train Epoch: 1 [2937/4995 (59%)] loss: 0.0003 L_si: 0.0001 L_grad: 0.0002 
Train Epoch: 1 [2938/4995 (59%)] loss: 0.0009 L_si: 0.0005 L_grad: 0.0004 
Train Epoch: 1 [2939/4995 (59%)] loss: 0.0004 L_si: 0.0001 L_grad: 0.0002 
Train Epoch: 1 [2940/4995 (59%)] loss: 0.0004 L_si: 0.0001 L_grad: 0.0003 
Train Epoch: 1 [2941/4995 (59%)] loss: 0.0004 L_si: 0.0002 L_grad: 0.0002 
Train Epoch: 1 [2942/4995 (59%)] loss: 0.0007 L_si: 0.0003 L_grad: 0.0004 
Train Epoch: 1 [2943/4995 (59%)] loss: 0.0003 L_si: 0.0001 L_grad: 0.0002 
Train Epoch: 1 [2944/4995 (59%)] loss: 0.0004 L_si: 0.0002 L_grad: 0.0002 
Train Epoch: 1 [2945/4995 (59%)] loss: 0.0004 L_si: 0.0002 L_grad: 0.0002 
Train Epoch: 1 [2946/4995 (59%)] loss: 0.0003 L_si: 0.0001 L_grad: 0.0002 
Train Epoch: 1 [2947/4995 (59%)] loss: 0.0004 L_si: 0.0002 L_grad: 0.0002 
Train Epoch: 1 [2948/4995 (59%)] loss: 0.0002 L_si: 0.0000 L_grad: 0.0002 
Train Epoch: 1 [2949/4995 (59%)] loss: 0.0002 L_si: 0.0001 L_grad: 0.0002 
Train Epoch: 1 [2950/4995 (59%)] loss: 0.0008 L_si: 0.0004 L_grad: 0.0003 
Train Epoch: 1 [2951/4995 (59%)] loss: 0.0005 L_si: 0.0002 L_grad: 0.0003 
Train Epoch: 1 [2952/4995 (59%)] loss: 0.0005 L_si: 0.0002 L_grad: 0.0003 
Train Epoch: 1 [2953/4995 (59%)] loss: 0.0006 L_si: 0.0003 L_grad: 0.0004 
Train Epoch: 1 [2954/4995 (59%)] loss: 0.0014 L_si: 0.0009 L_grad: 0.0005 
Train Epoch: 1 [2955/4995 (59%)] loss: 0.0001 L_si: 0.0000 L_grad: 0.0001 
Train Epoch: 1 [2956/4995 (59%)] loss: 0.0010 L_si: 0.0005 L_grad: 0.0005 
Train Epoch: 1 [2957/4995 (59%)] loss: 0.0003 L_si: 0.0001 L_grad: 0.0002 
Train Epoch: 1 [2958/4995 (59%)] loss: 0.0003 L_si: 0.0001 L_grad: 0.0002 
Train Epoch: 1 [2959/4995 (59%)] loss: 0.0006 L_si: 0.0003 L_grad: 0.0003 
Train Epoch: 1 [2960/4995 (59%)] loss: 0.0005 L_si: 0.0002 L_grad: 0.0002 
Train Epoch: 1 [2961/4995 (59%)] loss: 0.0002 L_si: 0.0000 L_grad: 0.0001 
Train Epoch: 1 [2962/4995 (59%)] loss: 0.0004 L_si: 0.0001 L_grad: 0.0003 
Train Epoch: 1 [2963/4995 (59%)] loss: 0.0012 L_si: 0.0008 L_grad: 0.0004 
Train Epoch: 1 [2964/4995 (59%)] loss: 0.0014 L_si: 0.0008 L_grad: 0.0006 
Train Epoch: 1 [2965/4995 (59%)] loss: 0.0005 L_si: 0.0002 L_grad: 0.0003 
Train Epoch: 1 [2966/4995 (59%)] loss: 0.0009 L_si: 0.0005 L_grad: 0.0004 
Train Epoch: 1 [2967/4995 (59%)] loss: 0.0005 L_si: 0.0002 L_grad: 0.0003 
Train Epoch: 1 [2968/4995 (59%)] loss: 0.0005 L_si: 0.0002 L_grad: 0.0003 
Train Epoch: 1 [2969/4995 (59%)] loss: 0.0001 L_si: 0.0000 L_grad: 0.0001 
Train Epoch: 1 [2970/4995 (59%)] loss: 0.0005 L_si: 0.0002 L_grad: 0.0003 
Train Epoch: 1 [2971/4995 (59%)] loss: 0.0006 L_si: 0.0003 L_grad: 0.0003 
Train Epoch: 1 [2972/4995 (59%)] loss: 0.0012 L_si: 0.0006 L_grad: 0.0005 
Train Epoch: 1 [2973/4995 (60%)] loss: 0.0004 L_si: 0.0001 L_grad: 0.0003 
Train Epoch: 1 [2974/4995 (60%)] loss: 0.0010 L_si: 0.0006 L_grad: 0.0004 
Train Epoch: 1 [2975/4995 (60%)] loss: 0.0006 L_si: 0.0003 L_grad: 0.0003 
Train Epoch: 1 [2976/4995 (60%)] loss: 0.0005 L_si: 0.0002 L_grad: 0.0003 
Train Epoch: 1 [2977/4995 (60%)] loss: 0.0010 L_si: 0.0005 L_grad: 0.0005 
Train Epoch: 1 [2978/4995 (60%)] loss: 0.0006 L_si: 0.0002 L_grad: 0.0004 
Train Epoch: 1 [2979/4995 (60%)] loss: 0.0013 L_si: 0.0009 L_grad: 0.0004 
Train Epoch: 1 [2980/4995 (60%)] loss: 0.0004 L_si: 0.0002 L_grad: 0.0002 
Train Epoch: 1 [2981/4995 (60%)] loss: 0.0004 L_si: 0.0002 L_grad: 0.0003 
Train Epoch: 1 [2982/4995 (60%)] loss: 0.0005 L_si: 0.0002 L_grad: 0.0003 
Train Epoch: 1 [2983/4995 (60%)] loss: 0.0012 L_si: 0.0007 L_grad: 0.0004 
Train Epoch: 1 [2984/4995 (60%)] loss: 0.0002 L_si: 0.0001 L_grad: 0.0002 
Train Epoch: 1 [2985/4995 (60%)] loss: 0.0005 L_si: 0.0002 L_grad: 0.0003 
Train Epoch: 1 [2986/4995 (60%)] loss: 0.0001 L_si: 0.0000 L_grad: 0.0001 
Train Epoch: 1 [2987/4995 (60%)] loss: 0.0005 L_si: 0.0002 L_grad: 0.0003 
Train Epoch: 1 [2988/4995 (60%)] loss: 0.0004 L_si: 0.0002 L_grad: 0.0003 
Train Epoch: 1 [2989/4995 (60%)] loss: 0.0005 L_si: 0.0002 L_grad: 0.0003 
Train Epoch: 1 [2990/4995 (60%)] loss: 0.0004 L_si: 0.0002 L_grad: 0.0002 
Train Epoch: 1 [2991/4995 (60%)] loss: 0.0001 L_si: 0.0000 L_grad: 0.0001 
Train Epoch: 1 [2992/4995 (60%)] loss: 0.0003 L_si: 0.0001 L_grad: 0.0002 
Train Epoch: 1 [2993/4995 (60%)] loss: 0.0005 L_si: 0.0002 L_grad: 0.0003 
Train Epoch: 1 [2994/4995 (60%)] loss: 0.0003 L_si: 0.0001 L_grad: 0.0002 
Train Epoch: 1 [2995/4995 (60%)] loss: 0.0012 L_si: 0.0006 L_grad: 0.0006 
Train Epoch: 1 [2996/4995 (60%)] loss: 0.0014 L_si: 0.0007 L_grad: 0.0007 
Train Epoch: 1 [2997/4995 (60%)] loss: 0.0003 L_si: 0.0001 L_grad: 0.0002 
Train Epoch: 1 [2998/4995 (60%)] loss: 0.0005 L_si: 0.0002 L_grad: 0.0003 
Train Epoch: 1 [2999/4995 (60%)] loss: 0.0003 L_si: 0.0001 L_grad: 0.0002 
Train Epoch: 1 [3000/4995 (60%)] loss: 0.0003 L_si: 0.0001 L_grad: 0.0002 
Train Epoch: 1 [3001/4995 (60%)] loss: 0.0001 L_si: 0.0000 L_grad: 0.0001 
Train Epoch: 1 [3002/4995 (60%)] loss: 0.0003 L_si: 0.0001 L_grad: 0.0002 
Train Epoch: 1 [3003/4995 (60%)] loss: 0.0005 L_si: 0.0002 L_grad: 0.0003 
Train Epoch: 1 [3004/4995 (60%)] loss: 0.0003 L_si: 0.0001 L_grad: 0.0002 
Train Epoch: 1 [3005/4995 (60%)] loss: 0.0009 L_si: 0.0005 L_grad: 0.0004 
Train Epoch: 1 [3006/4995 (60%)] loss: 0.0011 L_si: 0.0006 L_grad: 0.0005 
Train Epoch: 1 [3007/4995 (60%)] loss: 0.0003 L_si: 0.0001 L_grad: 0.0002 
Train Epoch: 1 [3008/4995 (60%)] loss: 0.0014 L_si: 0.0007 L_grad: 0.0007 
Train Epoch: 1 [3009/4995 (60%)] loss: 0.0012 L_si: 0.0008 L_grad: 0.0004 
Train Epoch: 1 [3010/4995 (60%)] loss: 0.0004 L_si: 0.0001 L_grad: 0.0003 
Train Epoch: 1 [3011/4995 (60%)] loss: 0.0006 L_si: 0.0003 L_grad: 0.0003 
Train Epoch: 1 [3012/4995 (60%)] loss: 0.0003 L_si: 0.0001 L_grad: 0.0002 
Train Epoch: 1 [3013/4995 (60%)] loss: 0.0001 L_si: 0.0000 L_grad: 0.0001 
Train Epoch: 1 [3014/4995 (60%)] loss: 0.0006 L_si: 0.0003 L_grad: 0.0003 
Train Epoch: 1 [3015/4995 (60%)] loss: 0.0004 L_si: 0.0002 L_grad: 0.0002 
Train Epoch: 1 [3016/4995 (60%)] loss: 0.0001 L_si: 0.0000 L_grad: 0.0001 
Train Epoch: 1 [3017/4995 (60%)] loss: 0.0006 L_si: 0.0003 L_grad: 0.0003 
Train Epoch: 1 [3018/4995 (60%)] loss: 0.0002 L_si: 0.0000 L_grad: 0.0002 
Train Epoch: 1 [3019/4995 (60%)] loss: 0.0003 L_si: 0.0001 L_grad: 0.0002 
Train Epoch: 1 [3020/4995 (60%)] loss: 0.0005 L_si: 0.0002 L_grad: 0.0003 
Train Epoch: 1 [3021/4995 (60%)] loss: 0.0006 L_si: 0.0003 L_grad: 0.0003 
Train Epoch: 1 [3022/4995 (61%)] loss: 0.0004 L_si: 0.0001 L_grad: 0.0003 
Train Epoch: 1 [3023/4995 (61%)] loss: 0.0004 L_si: 0.0002 L_grad: 0.0002 
Train Epoch: 1 [3024/4995 (61%)] loss: 0.0007 L_si: 0.0003 L_grad: 0.0004 
Train Epoch: 1 [3025/4995 (61%)] loss: 0.0005 L_si: 0.0002 L_grad: 0.0003 
Train Epoch: 1 [3026/4995 (61%)] loss: 0.0004 L_si: 0.0001 L_grad: 0.0002 
Train Epoch: 1 [3027/4995 (61%)] loss: 0.0009 L_si: 0.0004 L_grad: 0.0004 
Train Epoch: 1 [3028/4995 (61%)] loss: 0.0005 L_si: 0.0002 L_grad: 0.0003 
Train Epoch: 1 [3029/4995 (61%)] loss: 0.0002 L_si: 0.0001 L_grad: 0.0002 
Train Epoch: 1 [3030/4995 (61%)] loss: 0.0010 L_si: 0.0005 L_grad: 0.0005 
Train Epoch: 1 [3031/4995 (61%)] loss: 0.0005 L_si: 0.0002 L_grad: 0.0003 
Train Epoch: 1 [3032/4995 (61%)] loss: 0.0006 L_si: 0.0003 L_grad: 0.0003 
Train Epoch: 1 [3033/4995 (61%)] loss: 0.0003 L_si: 0.0001 L_grad: 0.0002 
Train Epoch: 1 [3034/4995 (61%)] loss: 0.0007 L_si: 0.0003 L_grad: 0.0003 
Train Epoch: 1 [3035/4995 (61%)] loss: 0.0004 L_si: 0.0001 L_grad: 0.0003 
Train Epoch: 1 [3036/4995 (61%)] loss: 0.0005 L_si: 0.0002 L_grad: 0.0002 
Train Epoch: 1 [3037/4995 (61%)] loss: 0.0003 L_si: 0.0001 L_grad: 0.0002 
Train Epoch: 1 [3038/4995 (61%)] loss: 0.0008 L_si: 0.0004 L_grad: 0.0004 
Train Epoch: 1 [3039/4995 (61%)] loss: 0.0005 L_si: 0.0002 L_grad: 0.0003 
Train Epoch: 1 [3040/4995 (61%)] loss: 0.0002 L_si: 0.0000 L_grad: 0.0002 
Train Epoch: 1 [3041/4995 (61%)] loss: 0.0005 L_si: 0.0002 L_grad: 0.0003 
Train Epoch: 1 [3042/4995 (61%)] loss: 0.0004 L_si: 0.0002 L_grad: 0.0002 
Train Epoch: 1 [3043/4995 (61%)] loss: 0.0004 L_si: 0.0002 L_grad: 0.0002 
Train Epoch: 1 [3044/4995 (61%)] loss: 0.0006 L_si: 0.0002 L_grad: 0.0003 
Train Epoch: 1 [3045/4995 (61%)] loss: 0.0004 L_si: 0.0002 L_grad: 0.0002 
Train Epoch: 1 [3046/4995 (61%)] loss: 0.0006 L_si: 0.0003 L_grad: 0.0003 
Train Epoch: 1 [3047/4995 (61%)] loss: 0.0002 L_si: 0.0001 L_grad: 0.0002 
Train Epoch: 1 [3048/4995 (61%)] loss: 0.0004 L_si: 0.0002 L_grad: 0.0003 
Train Epoch: 1 [3049/4995 (61%)] loss: 0.0007 L_si: 0.0003 L_grad: 0.0004 
Train Epoch: 1 [3050/4995 (61%)] loss: 0.0004 L_si: 0.0002 L_grad: 0.0003 
Train Epoch: 1 [3051/4995 (61%)] loss: 0.0002 L_si: 0.0000 L_grad: 0.0002 
Train Epoch: 1 [3052/4995 (61%)] loss: 0.0004 L_si: 0.0001 L_grad: 0.0002 
Train Epoch: 1 [3053/4995 (61%)] loss: 0.0005 L_si: 0.0002 L_grad: 0.0003 
Train Epoch: 1 [3054/4995 (61%)] loss: 0.0005 L_si: 0.0001 L_grad: 0.0004 
Train Epoch: 1 [3055/4995 (61%)] loss: 0.0008 L_si: 0.0004 L_grad: 0.0004 
Train Epoch: 1 [3056/4995 (61%)] loss: 0.0003 L_si: 0.0001 L_grad: 0.0002 
Train Epoch: 1 [3057/4995 (61%)] loss: 0.0006 L_si: 0.0003 L_grad: 0.0003 
Train Epoch: 1 [3058/4995 (61%)] loss: 0.0002 L_si: 0.0000 L_grad: 0.0001 
Train Epoch: 1 [3059/4995 (61%)] loss: 0.0009 L_si: 0.0004 L_grad: 0.0005 
Train Epoch: 1 [3060/4995 (61%)] loss: 0.0008 L_si: 0.0004 L_grad: 0.0004 
Train Epoch: 1 [3061/4995 (61%)] loss: 0.0005 L_si: 0.0002 L_grad: 0.0003 
Train Epoch: 1 [3062/4995 (61%)] loss: 0.0009 L_si: 0.0004 L_grad: 0.0005 
Train Epoch: 1 [3063/4995 (61%)] loss: 0.0004 L_si: 0.0001 L_grad: 0.0002 
Train Epoch: 1 [3064/4995 (61%)] loss: 0.0015 L_si: 0.0008 L_grad: 0.0008 
Train Epoch: 1 [3065/4995 (61%)] loss: 0.0008 L_si: 0.0004 L_grad: 0.0004 
Train Epoch: 1 [3066/4995 (61%)] loss: 0.0004 L_si: 0.0001 L_grad: 0.0003 
Train Epoch: 1 [3067/4995 (61%)] loss: 0.0006 L_si: 0.0002 L_grad: 0.0003 
Train Epoch: 1 [3068/4995 (61%)] loss: 0.0005 L_si: 0.0002 L_grad: 0.0003 
Train Epoch: 1 [3069/4995 (61%)] loss: 0.0004 L_si: 0.0001 L_grad: 0.0003 
Train Epoch: 1 [3070/4995 (61%)] loss: 0.0016 L_si: 0.0010 L_grad: 0.0006 
Train Epoch: 1 [3071/4995 (61%)] loss: 0.0004 L_si: 0.0001 L_grad: 0.0003 
Train Epoch: 1 [3072/4995 (62%)] loss: 0.0004 L_si: 0.0001 L_grad: 0.0003 
Train Epoch: 1 [3073/4995 (62%)] loss: 0.0003 L_si: 0.0001 L_grad: 0.0002 
Train Epoch: 1 [3074/4995 (62%)] loss: 0.0006 L_si: 0.0002 L_grad: 0.0004 
Train Epoch: 1 [3075/4995 (62%)] loss: 0.0013 L_si: 0.0007 L_grad: 0.0006 
Train Epoch: 1 [3076/4995 (62%)] loss: 0.0009 L_si: 0.0006 L_grad: 0.0004 
Train Epoch: 1 [3077/4995 (62%)] loss: 0.0014 L_si: 0.0009 L_grad: 0.0005 
Train Epoch: 1 [3078/4995 (62%)] loss: 0.0002 L_si: 0.0001 L_grad: 0.0002 
Train Epoch: 1 [3079/4995 (62%)] loss: 0.0007 L_si: 0.0004 L_grad: 0.0003 
Train Epoch: 1 [3080/4995 (62%)] loss: 0.0015 L_si: 0.0007 L_grad: 0.0008 
Train Epoch: 1 [3081/4995 (62%)] loss: 0.0006 L_si: 0.0002 L_grad: 0.0004 
Train Epoch: 1 [3082/4995 (62%)] loss: 0.0013 L_si: 0.0006 L_grad: 0.0007 
Train Epoch: 1 [3083/4995 (62%)] loss: 0.0003 L_si: 0.0001 L_grad: 0.0002 
Train Epoch: 1 [3084/4995 (62%)] loss: 0.0009 L_si: 0.0004 L_grad: 0.0004 
Train Epoch: 1 [3085/4995 (62%)] loss: 0.0007 L_si: 0.0003 L_grad: 0.0004 
Train Epoch: 1 [3086/4995 (62%)] loss: 0.0005 L_si: 0.0002 L_grad: 0.0003 
Train Epoch: 1 [3087/4995 (62%)] loss: 0.0002 L_si: 0.0000 L_grad: 0.0002 
Train Epoch: 1 [3088/4995 (62%)] loss: 0.0005 L_si: 0.0001 L_grad: 0.0003 
Train Epoch: 1 [3089/4995 (62%)] loss: 0.0006 L_si: 0.0003 L_grad: 0.0003 
Train Epoch: 1 [3090/4995 (62%)] loss: 0.0009 L_si: 0.0004 L_grad: 0.0005 
Train Epoch: 1 [3091/4995 (62%)] loss: 0.0005 L_si: 0.0002 L_grad: 0.0003 
Train Epoch: 1 [3092/4995 (62%)] loss: 0.0003 L_si: 0.0001 L_grad: 0.0002 
Train Epoch: 1 [3093/4995 (62%)] loss: 0.0005 L_si: 0.0003 L_grad: 0.0003 
Train Epoch: 1 [3094/4995 (62%)] loss: 0.0008 L_si: 0.0004 L_grad: 0.0003 
Train Epoch: 1 [3095/4995 (62%)] loss: 0.0003 L_si: 0.0001 L_grad: 0.0002 
Train Epoch: 1 [3096/4995 (62%)] loss: 0.0004 L_si: 0.0002 L_grad: 0.0002 
Train Epoch: 1 [3097/4995 (62%)] loss: 0.0005 L_si: 0.0002 L_grad: 0.0003 
Train Epoch: 1 [3098/4995 (62%)] loss: 0.0002 L_si: 0.0001 L_grad: 0.0001 
Train Epoch: 1 [3099/4995 (62%)] loss: 0.0004 L_si: 0.0001 L_grad: 0.0002 
Train Epoch: 1 [3100/4995 (62%)] loss: 0.0008 L_si: 0.0004 L_grad: 0.0004 
Train Epoch: 1 [3101/4995 (62%)] loss: 0.0005 L_si: 0.0002 L_grad: 0.0003 
Train Epoch: 1 [3102/4995 (62%)] loss: 0.0012 L_si: 0.0006 L_grad: 0.0006 
Train Epoch: 1 [3103/4995 (62%)] loss: 0.0004 L_si: 0.0001 L_grad: 0.0002 
Train Epoch: 1 [3104/4995 (62%)] loss: 0.0006 L_si: 0.0003 L_grad: 0.0003 
Train Epoch: 1 [3105/4995 (62%)] loss: 0.0009 L_si: 0.0004 L_grad: 0.0004 
Train Epoch: 1 [3106/4995 (62%)] loss: 0.0004 L_si: 0.0002 L_grad: 0.0002 
Train Epoch: 1 [3107/4995 (62%)] loss: 0.0003 L_si: 0.0001 L_grad: 0.0002 
Train Epoch: 1 [3108/4995 (62%)] loss: 0.0006 L_si: 0.0003 L_grad: 0.0003 
Train Epoch: 1 [3109/4995 (62%)] loss: 0.0005 L_si: 0.0002 L_grad: 0.0003 
Train Epoch: 1 [3110/4995 (62%)] loss: 0.0016 L_si: 0.0008 L_grad: 0.0008 
Train Epoch: 1 [3111/4995 (62%)] loss: 0.0006 L_si: 0.0004 L_grad: 0.0002 
Train Epoch: 1 [3112/4995 (62%)] loss: 0.0003 L_si: 0.0001 L_grad: 0.0002 
Train Epoch: 1 [3113/4995 (62%)] loss: 0.0003 L_si: 0.0001 L_grad: 0.0002 
Train Epoch: 1 [3114/4995 (62%)] loss: 0.0007 L_si: 0.0004 L_grad: 0.0002 
Train Epoch: 1 [3115/4995 (62%)] loss: 0.0003 L_si: 0.0001 L_grad: 0.0002 
Train Epoch: 1 [3116/4995 (62%)] loss: 0.0003 L_si: 0.0001 L_grad: 0.0002 
Train Epoch: 1 [3117/4995 (62%)] loss: 0.0004 L_si: 0.0002 L_grad: 0.0003 
Train Epoch: 1 [3118/4995 (62%)] loss: 0.0008 L_si: 0.0004 L_grad: 0.0004 
Train Epoch: 1 [3119/4995 (62%)] loss: 0.0006 L_si: 0.0003 L_grad: 0.0003 
Train Epoch: 1 [3120/4995 (62%)] loss: 0.0014 L_si: 0.0007 L_grad: 0.0007 
Train Epoch: 1 [3121/4995 (62%)] loss: 0.0005 L_si: 0.0002 L_grad: 0.0003 
Train Epoch: 1 [3122/4995 (63%)] loss: 0.0011 L_si: 0.0006 L_grad: 0.0005 
Train Epoch: 1 [3123/4995 (63%)] loss: 0.0004 L_si: 0.0001 L_grad: 0.0003 
Train Epoch: 1 [3124/4995 (63%)] loss: 0.0003 L_si: 0.0001 L_grad: 0.0002 
Train Epoch: 1 [3125/4995 (63%)] loss: 0.0004 L_si: 0.0001 L_grad: 0.0002 
Train Epoch: 1 [3126/4995 (63%)] loss: 0.0002 L_si: 0.0000 L_grad: 0.0002 
Train Epoch: 1 [3127/4995 (63%)] loss: 0.0009 L_si: 0.0004 L_grad: 0.0005 
Train Epoch: 1 [3128/4995 (63%)] loss: 0.0003 L_si: 0.0001 L_grad: 0.0002 
Train Epoch: 1 [3129/4995 (63%)] loss: 0.0010 L_si: 0.0006 L_grad: 0.0005 
Train Epoch: 1 [3130/4995 (63%)] loss: 0.0005 L_si: 0.0002 L_grad: 0.0003 
Train Epoch: 1 [3131/4995 (63%)] loss: 0.0001 L_si: 0.0000 L_grad: 0.0001 
Train Epoch: 1 [3132/4995 (63%)] loss: 0.0003 L_si: 0.0001 L_grad: 0.0002 
Train Epoch: 1 [3133/4995 (63%)] loss: 0.0003 L_si: 0.0001 L_grad: 0.0002 
Train Epoch: 1 [3134/4995 (63%)] loss: 0.0003 L_si: 0.0001 L_grad: 0.0002 
Train Epoch: 1 [3135/4995 (63%)] loss: 0.0007 L_si: 0.0004 L_grad: 0.0003 
Train Epoch: 1 [3136/4995 (63%)] loss: 0.0011 L_si: 0.0007 L_grad: 0.0004 
Train Epoch: 1 [3137/4995 (63%)] loss: 0.0005 L_si: 0.0002 L_grad: 0.0003 
Train Epoch: 1 [3138/4995 (63%)] loss: 0.0003 L_si: 0.0001 L_grad: 0.0002 
Train Epoch: 1 [3139/4995 (63%)] loss: 0.0004 L_si: 0.0001 L_grad: 0.0002 
Train Epoch: 1 [3140/4995 (63%)] loss: 0.0004 L_si: 0.0001 L_grad: 0.0003 
Train Epoch: 1 [3141/4995 (63%)] loss: 0.0001 L_si: 0.0000 L_grad: 0.0001 
Train Epoch: 1 [3142/4995 (63%)] loss: 0.0003 L_si: 0.0001 L_grad: 0.0002 
Train Epoch: 1 [3143/4995 (63%)] loss: 0.0004 L_si: 0.0002 L_grad: 0.0002 
Train Epoch: 1 [3144/4995 (63%)] loss: 0.0006 L_si: 0.0003 L_grad: 0.0003 
Train Epoch: 1 [3145/4995 (63%)] loss: 0.0005 L_si: 0.0002 L_grad: 0.0003 
Train Epoch: 1 [3146/4995 (63%)] loss: 0.0013 L_si: 0.0009 L_grad: 0.0004 
Train Epoch: 1 [3147/4995 (63%)] loss: 0.0004 L_si: 0.0001 L_grad: 0.0003 
Train Epoch: 1 [3148/4995 (63%)] loss: 0.0004 L_si: 0.0002 L_grad: 0.0002 
Train Epoch: 1 [3149/4995 (63%)] loss: 0.0001 L_si: 0.0000 L_grad: 0.0001 
Train Epoch: 1 [3150/4995 (63%)] loss: 0.0004 L_si: 0.0002 L_grad: 0.0003 
Train Epoch: 1 [3151/4995 (63%)] loss: 0.0011 L_si: 0.0005 L_grad: 0.0005 
Train Epoch: 1 [3152/4995 (63%)] loss: 0.0005 L_si: 0.0002 L_grad: 0.0003 
Train Epoch: 1 [3153/4995 (63%)] loss: 0.0004 L_si: 0.0002 L_grad: 0.0002 
Train Epoch: 1 [3154/4995 (63%)] loss: 0.0003 L_si: 0.0001 L_grad: 0.0002 
Train Epoch: 1 [3155/4995 (63%)] loss: 0.0006 L_si: 0.0003 L_grad: 0.0003 
Train Epoch: 1 [3156/4995 (63%)] loss: 0.0009 L_si: 0.0004 L_grad: 0.0004 
Train Epoch: 1 [3157/4995 (63%)] loss: 0.0006 L_si: 0.0003 L_grad: 0.0003 
Train Epoch: 1 [3158/4995 (63%)] loss: 0.0006 L_si: 0.0003 L_grad: 0.0003 
Train Epoch: 1 [3159/4995 (63%)] loss: 0.0001 L_si: 0.0000 L_grad: 0.0001 
Train Epoch: 1 [3160/4995 (63%)] loss: 0.0005 L_si: 0.0002 L_grad: 0.0003 
Train Epoch: 1 [3161/4995 (63%)] loss: 0.0006 L_si: 0.0002 L_grad: 0.0004 
Train Epoch: 1 [3162/4995 (63%)] loss: 0.0003 L_si: 0.0001 L_grad: 0.0002 
Train Epoch: 1 [3163/4995 (63%)] loss: 0.0017 L_si: 0.0010 L_grad: 0.0007 
Train Epoch: 1 [3164/4995 (63%)] loss: 0.0005 L_si: 0.0002 L_grad: 0.0003 
Train Epoch: 1 [3165/4995 (63%)] loss: 0.0006 L_si: 0.0003 L_grad: 0.0003 
Train Epoch: 1 [3166/4995 (63%)] loss: 0.0003 L_si: 0.0001 L_grad: 0.0002 
Train Epoch: 1 [3167/4995 (63%)] loss: 0.0006 L_si: 0.0002 L_grad: 0.0003 
Train Epoch: 1 [3168/4995 (63%)] loss: 0.0002 L_si: 0.0000 L_grad: 0.0001 
Train Epoch: 1 [3169/4995 (63%)] loss: 0.0004 L_si: 0.0002 L_grad: 0.0002 
Train Epoch: 1 [3170/4995 (63%)] loss: 0.0008 L_si: 0.0004 L_grad: 0.0004 
Train Epoch: 1 [3171/4995 (63%)] loss: 0.0010 L_si: 0.0006 L_grad: 0.0004 
Train Epoch: 1 [3172/4995 (64%)] loss: 0.0004 L_si: 0.0002 L_grad: 0.0003 
Train Epoch: 1 [3173/4995 (64%)] loss: 0.0015 L_si: 0.0010 L_grad: 0.0005 
Train Epoch: 1 [3174/4995 (64%)] loss: 0.0003 L_si: 0.0001 L_grad: 0.0002 
Train Epoch: 1 [3175/4995 (64%)] loss: 0.0004 L_si: 0.0002 L_grad: 0.0002 
Train Epoch: 1 [3176/4995 (64%)] loss: 0.0008 L_si: 0.0005 L_grad: 0.0003 
Train Epoch: 1 [3177/4995 (64%)] loss: 0.0004 L_si: 0.0002 L_grad: 0.0003 
Train Epoch: 1 [3178/4995 (64%)] loss: 0.0001 L_si: 0.0000 L_grad: 0.0001 
Train Epoch: 1 [3179/4995 (64%)] loss: 0.0001 L_si: 0.0000 L_grad: 0.0001 
Train Epoch: 1 [3180/4995 (64%)] loss: 0.0006 L_si: 0.0003 L_grad: 0.0003 
Train Epoch: 1 [3181/4995 (64%)] loss: 0.0004 L_si: 0.0001 L_grad: 0.0002 
Train Epoch: 1 [3182/4995 (64%)] loss: 0.0003 L_si: 0.0001 L_grad: 0.0002 
Train Epoch: 1 [3183/4995 (64%)] loss: 0.0014 L_si: 0.0009 L_grad: 0.0005 
Train Epoch: 1 [3184/4995 (64%)] loss: 0.0004 L_si: 0.0002 L_grad: 0.0003 
Train Epoch: 1 [3185/4995 (64%)] loss: 0.0002 L_si: 0.0001 L_grad: 0.0002 
Train Epoch: 1 [3186/4995 (64%)] loss: 0.0009 L_si: 0.0005 L_grad: 0.0004 
Train Epoch: 1 [3187/4995 (64%)] loss: 0.0003 L_si: 0.0001 L_grad: 0.0002 
Train Epoch: 1 [3188/4995 (64%)] loss: 0.0003 L_si: 0.0001 L_grad: 0.0002 
Train Epoch: 1 [3189/4995 (64%)] loss: 0.0004 L_si: 0.0001 L_grad: 0.0003 
Train Epoch: 1 [3190/4995 (64%)] loss: 0.0003 L_si: 0.0001 L_grad: 0.0002 
Train Epoch: 1 [3191/4995 (64%)] loss: 0.0005 L_si: 0.0002 L_grad: 0.0003 
Train Epoch: 1 [3192/4995 (64%)] loss: 0.0001 L_si: 0.0000 L_grad: 0.0001 
Train Epoch: 1 [3193/4995 (64%)] loss: 0.0005 L_si: 0.0002 L_grad: 0.0003 
Train Epoch: 1 [3194/4995 (64%)] loss: 0.0004 L_si: 0.0001 L_grad: 0.0002 
Train Epoch: 1 [3195/4995 (64%)] loss: 0.0004 L_si: 0.0001 L_grad: 0.0002 
Train Epoch: 1 [3196/4995 (64%)] loss: 0.0006 L_si: 0.0004 L_grad: 0.0003 
Train Epoch: 1 [3197/4995 (64%)] loss: 0.0003 L_si: 0.0001 L_grad: 0.0002 
Train Epoch: 1 [3198/4995 (64%)] loss: 0.0005 L_si: 0.0002 L_grad: 0.0003 
Train Epoch: 1 [3199/4995 (64%)] loss: 0.0008 L_si: 0.0004 L_grad: 0.0003 
Train Epoch: 1 [3200/4995 (64%)] loss: 0.0004 L_si: 0.0001 L_grad: 0.0003 
Train Epoch: 1 [3201/4995 (64%)] loss: 0.0003 L_si: 0.0001 L_grad: 0.0002 
Train Epoch: 1 [3202/4995 (64%)] loss: 0.0003 L_si: 0.0001 L_grad: 0.0002 
Train Epoch: 1 [3203/4995 (64%)] loss: 0.0002 L_si: 0.0001 L_grad: 0.0001 
Train Epoch: 1 [3204/4995 (64%)] loss: 0.0004 L_si: 0.0002 L_grad: 0.0003 
Train Epoch: 1 [3205/4995 (64%)] loss: 0.0004 L_si: 0.0002 L_grad: 0.0002 
Train Epoch: 1 [3206/4995 (64%)] loss: 0.0004 L_si: 0.0002 L_grad: 0.0002 
Train Epoch: 1 [3207/4995 (64%)] loss: 0.0001 L_si: 0.0000 L_grad: 0.0001 
Train Epoch: 1 [3208/4995 (64%)] loss: 0.0008 L_si: 0.0005 L_grad: 0.0003 
Train Epoch: 1 [3209/4995 (64%)] loss: 0.0004 L_si: 0.0001 L_grad: 0.0003 
Train Epoch: 1 [3210/4995 (64%)] loss: 0.0010 L_si: 0.0006 L_grad: 0.0004 
Train Epoch: 1 [3211/4995 (64%)] loss: 0.0005 L_si: 0.0003 L_grad: 0.0002 
Train Epoch: 1 [3212/4995 (64%)] loss: 0.0005 L_si: 0.0002 L_grad: 0.0003 
Train Epoch: 1 [3213/4995 (64%)] loss: 0.0005 L_si: 0.0002 L_grad: 0.0003 
Train Epoch: 1 [3214/4995 (64%)] loss: 0.0004 L_si: 0.0002 L_grad: 0.0002 
Train Epoch: 1 [3215/4995 (64%)] loss: 0.0008 L_si: 0.0003 L_grad: 0.0004 
Train Epoch: 1 [3216/4995 (64%)] loss: 0.0006 L_si: 0.0003 L_grad: 0.0003 
Train Epoch: 1 [3217/4995 (64%)] loss: 0.0002 L_si: 0.0000 L_grad: 0.0001 
Train Epoch: 1 [3218/4995 (64%)] loss: 0.0004 L_si: 0.0002 L_grad: 0.0003 
Train Epoch: 1 [3219/4995 (64%)] loss: 0.0005 L_si: 0.0002 L_grad: 0.0003 
Train Epoch: 1 [3220/4995 (64%)] loss: 0.0009 L_si: 0.0004 L_grad: 0.0005 
Train Epoch: 1 [3221/4995 (64%)] loss: 0.0003 L_si: 0.0001 L_grad: 0.0002 
Train Epoch: 1 [3222/4995 (65%)] loss: 0.0004 L_si: 0.0001 L_grad: 0.0003 
Train Epoch: 1 [3223/4995 (65%)] loss: 0.0003 L_si: 0.0001 L_grad: 0.0002 
Train Epoch: 1 [3224/4995 (65%)] loss: 0.0005 L_si: 0.0002 L_grad: 0.0004 
Train Epoch: 1 [3225/4995 (65%)] loss: 0.0002 L_si: 0.0001 L_grad: 0.0002 
Train Epoch: 1 [3226/4995 (65%)] loss: 0.0009 L_si: 0.0004 L_grad: 0.0005 
Train Epoch: 1 [3227/4995 (65%)] loss: 0.0005 L_si: 0.0002 L_grad: 0.0003 
Train Epoch: 1 [3228/4995 (65%)] loss: 0.0001 L_si: 0.0000 L_grad: 0.0001 
Train Epoch: 1 [3229/4995 (65%)] loss: 0.0005 L_si: 0.0001 L_grad: 0.0003 
Train Epoch: 1 [3230/4995 (65%)] loss: 0.0006 L_si: 0.0002 L_grad: 0.0004 
Train Epoch: 1 [3231/4995 (65%)] loss: 0.0007 L_si: 0.0003 L_grad: 0.0004 
Train Epoch: 1 [3232/4995 (65%)] loss: 0.0004 L_si: 0.0001 L_grad: 0.0003 
Train Epoch: 1 [3233/4995 (65%)] loss: 0.0005 L_si: 0.0002 L_grad: 0.0003 
Train Epoch: 1 [3234/4995 (65%)] loss: 0.0005 L_si: 0.0001 L_grad: 0.0003 
Train Epoch: 1 [3235/4995 (65%)] loss: 0.0006 L_si: 0.0003 L_grad: 0.0003 
Train Epoch: 1 [3236/4995 (65%)] loss: 0.0005 L_si: 0.0002 L_grad: 0.0003 
Train Epoch: 1 [3237/4995 (65%)] loss: 0.0004 L_si: 0.0002 L_grad: 0.0002 
Train Epoch: 1 [3238/4995 (65%)] loss: 0.0010 L_si: 0.0005 L_grad: 0.0005 
Train Epoch: 1 [3239/4995 (65%)] loss: 0.0005 L_si: 0.0002 L_grad: 0.0003 
Train Epoch: 1 [3240/4995 (65%)] loss: 0.0005 L_si: 0.0002 L_grad: 0.0003 
Train Epoch: 1 [3241/4995 (65%)] loss: 0.0003 L_si: 0.0001 L_grad: 0.0002 
Train Epoch: 1 [3242/4995 (65%)] loss: 0.0005 L_si: 0.0002 L_grad: 0.0003 
Train Epoch: 1 [3243/4995 (65%)] loss: 0.0004 L_si: 0.0001 L_grad: 0.0003 
Train Epoch: 1 [3244/4995 (65%)] loss: 0.0007 L_si: 0.0003 L_grad: 0.0004 
Train Epoch: 1 [3245/4995 (65%)] loss: 0.0003 L_si: 0.0001 L_grad: 0.0002 
Train Epoch: 1 [3246/4995 (65%)] loss: 0.0007 L_si: 0.0003 L_grad: 0.0004 
Train Epoch: 1 [3247/4995 (65%)] loss: 0.0018 L_si: 0.0010 L_grad: 0.0008 
Train Epoch: 1 [3248/4995 (65%)] loss: 0.0003 L_si: 0.0001 L_grad: 0.0002 
Train Epoch: 1 [3249/4995 (65%)] loss: 0.0005 L_si: 0.0002 L_grad: 0.0003 
Train Epoch: 1 [3250/4995 (65%)] loss: 0.0007 L_si: 0.0003 L_grad: 0.0003 
Train Epoch: 1 [3251/4995 (65%)] loss: 0.0004 L_si: 0.0001 L_grad: 0.0003 
Train Epoch: 1 [3252/4995 (65%)] loss: 0.0005 L_si: 0.0002 L_grad: 0.0003 
Train Epoch: 1 [3253/4995 (65%)] loss: 0.0007 L_si: 0.0004 L_grad: 0.0004 
Train Epoch: 1 [3254/4995 (65%)] loss: 0.0004 L_si: 0.0001 L_grad: 0.0003 
Train Epoch: 1 [3255/4995 (65%)] loss: 0.0004 L_si: 0.0001 L_grad: 0.0003 
Train Epoch: 1 [3256/4995 (65%)] loss: 0.0002 L_si: 0.0000 L_grad: 0.0002 
Train Epoch: 1 [3257/4995 (65%)] loss: 0.0004 L_si: 0.0001 L_grad: 0.0003 
Train Epoch: 1 [3258/4995 (65%)] loss: 0.0004 L_si: 0.0001 L_grad: 0.0003 
Train Epoch: 1 [3259/4995 (65%)] loss: 0.0032 L_si: 0.0023 L_grad: 0.0009 
Train Epoch: 1 [3260/4995 (65%)] loss: 0.0006 L_si: 0.0002 L_grad: 0.0004 
Train Epoch: 1 [3261/4995 (65%)] loss: 0.0009 L_si: 0.0005 L_grad: 0.0004 
Train Epoch: 1 [3262/4995 (65%)] loss: 0.0009 L_si: 0.0004 L_grad: 0.0005 
Train Epoch: 1 [3263/4995 (65%)] loss: 0.0008 L_si: 0.0003 L_grad: 0.0004 
Train Epoch: 1 [3264/4995 (65%)] loss: 0.0012 L_si: 0.0006 L_grad: 0.0006 
Train Epoch: 1 [3265/4995 (65%)] loss: 0.0005 L_si: 0.0001 L_grad: 0.0003 
Train Epoch: 1 [3266/4995 (65%)] loss: 0.0004 L_si: 0.0001 L_grad: 0.0003 
Train Epoch: 1 [3267/4995 (65%)] loss: 0.0008 L_si: 0.0005 L_grad: 0.0003 
Train Epoch: 1 [3268/4995 (65%)] loss: 0.0004 L_si: 0.0001 L_grad: 0.0003 
Train Epoch: 1 [3269/4995 (65%)] loss: 0.0004 L_si: 0.0001 L_grad: 0.0003 
Train Epoch: 1 [3270/4995 (65%)] loss: 0.0006 L_si: 0.0003 L_grad: 0.0003 
Train Epoch: 1 [3271/4995 (65%)] loss: 0.0007 L_si: 0.0003 L_grad: 0.0004 
Train Epoch: 1 [3272/4995 (66%)] loss: 0.0002 L_si: 0.0000 L_grad: 0.0002 
Train Epoch: 1 [3273/4995 (66%)] loss: 0.0003 L_si: 0.0001 L_grad: 0.0002 
Train Epoch: 1 [3274/4995 (66%)] loss: 0.0005 L_si: 0.0002 L_grad: 0.0003 
Train Epoch: 1 [3275/4995 (66%)] loss: 0.0013 L_si: 0.0009 L_grad: 0.0005 
Train Epoch: 1 [3276/4995 (66%)] loss: 0.0007 L_si: 0.0004 L_grad: 0.0004 
Train Epoch: 1 [3277/4995 (66%)] loss: 0.0006 L_si: 0.0002 L_grad: 0.0004 
Train Epoch: 1 [3278/4995 (66%)] loss: 0.0005 L_si: 0.0001 L_grad: 0.0003 
Train Epoch: 1 [3279/4995 (66%)] loss: 0.0005 L_si: 0.0002 L_grad: 0.0003 
Train Epoch: 1 [3280/4995 (66%)] loss: 0.0006 L_si: 0.0004 L_grad: 0.0003 
Train Epoch: 1 [3281/4995 (66%)] loss: 0.0004 L_si: 0.0001 L_grad: 0.0003 
Train Epoch: 1 [3282/4995 (66%)] loss: 0.0006 L_si: 0.0004 L_grad: 0.0002 
Train Epoch: 1 [3283/4995 (66%)] loss: 0.0004 L_si: 0.0002 L_grad: 0.0002 
Train Epoch: 1 [3284/4995 (66%)] loss: 0.0004 L_si: 0.0001 L_grad: 0.0003 
Train Epoch: 1 [3285/4995 (66%)] loss: 0.0007 L_si: 0.0003 L_grad: 0.0004 
Train Epoch: 1 [3286/4995 (66%)] loss: 0.0005 L_si: 0.0002 L_grad: 0.0003 
Train Epoch: 1 [3287/4995 (66%)] loss: 0.0004 L_si: 0.0001 L_grad: 0.0003 
Train Epoch: 1 [3288/4995 (66%)] loss: 0.0003 L_si: 0.0001 L_grad: 0.0002 
Train Epoch: 1 [3289/4995 (66%)] loss: 0.0004 L_si: 0.0001 L_grad: 0.0003 
Train Epoch: 1 [3290/4995 (66%)] loss: 0.0004 L_si: 0.0001 L_grad: 0.0002 
Train Epoch: 1 [3291/4995 (66%)] loss: 0.0006 L_si: 0.0003 L_grad: 0.0003 
Train Epoch: 1 [3292/4995 (66%)] loss: 0.0004 L_si: 0.0001 L_grad: 0.0003 
Train Epoch: 1 [3293/4995 (66%)] loss: 0.0003 L_si: 0.0001 L_grad: 0.0002 
Train Epoch: 1 [3294/4995 (66%)] loss: 0.0007 L_si: 0.0003 L_grad: 0.0003 
Train Epoch: 1 [3295/4995 (66%)] loss: 0.0006 L_si: 0.0002 L_grad: 0.0004 
Train Epoch: 1 [3296/4995 (66%)] loss: 0.0008 L_si: 0.0004 L_grad: 0.0004 
Train Epoch: 1 [3297/4995 (66%)] loss: 0.0005 L_si: 0.0002 L_grad: 0.0003 
Train Epoch: 1 [3298/4995 (66%)] loss: 0.0011 L_si: 0.0007 L_grad: 0.0004 
Train Epoch: 1 [3299/4995 (66%)] loss: 0.0004 L_si: 0.0001 L_grad: 0.0003 
Train Epoch: 1 [3300/4995 (66%)] loss: 0.0003 L_si: 0.0001 L_grad: 0.0002 
Train Epoch: 1 [3301/4995 (66%)] loss: 0.0005 L_si: 0.0002 L_grad: 0.0003 
Train Epoch: 1 [3302/4995 (66%)] loss: 0.0006 L_si: 0.0003 L_grad: 0.0003 
Train Epoch: 1 [3303/4995 (66%)] loss: 0.0005 L_si: 0.0002 L_grad: 0.0003 
Train Epoch: 1 [3304/4995 (66%)] loss: 0.0002 L_si: 0.0001 L_grad: 0.0002 
Train Epoch: 1 [3305/4995 (66%)] loss: 0.0001 L_si: 0.0000 L_grad: 0.0001 
Train Epoch: 1 [3306/4995 (66%)] loss: 0.0001 L_si: 0.0000 L_grad: 0.0001 
Train Epoch: 1 [3307/4995 (66%)] loss: 0.0007 L_si: 0.0003 L_grad: 0.0003 
Train Epoch: 1 [3308/4995 (66%)] loss: 0.0003 L_si: 0.0001 L_grad: 0.0003 
Train Epoch: 1 [3309/4995 (66%)] loss: 0.0006 L_si: 0.0003 L_grad: 0.0003 
Train Epoch: 1 [3310/4995 (66%)] loss: 0.0004 L_si: 0.0001 L_grad: 0.0003 
Train Epoch: 1 [3311/4995 (66%)] loss: 0.0003 L_si: 0.0001 L_grad: 0.0002 
Train Epoch: 1 [3312/4995 (66%)] loss: 0.0006 L_si: 0.0003 L_grad: 0.0003 
Train Epoch: 1 [3313/4995 (66%)] loss: 0.0029 L_si: 0.0017 L_grad: 0.0012 
Train Epoch: 1 [3314/4995 (66%)] loss: 0.0011 L_si: 0.0006 L_grad: 0.0005 
Train Epoch: 1 [3315/4995 (66%)] loss: 0.0006 L_si: 0.0003 L_grad: 0.0004 
Train Epoch: 1 [3316/4995 (66%)] loss: 0.0008 L_si: 0.0004 L_grad: 0.0004 
Train Epoch: 1 [3317/4995 (66%)] loss: 0.0004 L_si: 0.0001 L_grad: 0.0003 
Train Epoch: 1 [3318/4995 (66%)] loss: 0.0009 L_si: 0.0005 L_grad: 0.0004 
Train Epoch: 1 [3319/4995 (66%)] loss: 0.0006 L_si: 0.0003 L_grad: 0.0003 
Train Epoch: 1 [3320/4995 (66%)] loss: 0.0005 L_si: 0.0002 L_grad: 0.0003 
Train Epoch: 1 [3321/4995 (66%)] loss: 0.0003 L_si: 0.0001 L_grad: 0.0002 
Train Epoch: 1 [3322/4995 (67%)] loss: 0.0006 L_si: 0.0003 L_grad: 0.0002 
Train Epoch: 1 [3323/4995 (67%)] loss: 0.0007 L_si: 0.0005 L_grad: 0.0003 
Train Epoch: 1 [3324/4995 (67%)] loss: 0.0015 L_si: 0.0010 L_grad: 0.0005 
Train Epoch: 1 [3325/4995 (67%)] loss: 0.0003 L_si: 0.0001 L_grad: 0.0002 
Train Epoch: 1 [3326/4995 (67%)] loss: 0.0006 L_si: 0.0003 L_grad: 0.0003 
Train Epoch: 1 [3327/4995 (67%)] loss: 0.0002 L_si: 0.0000 L_grad: 0.0001 
Train Epoch: 1 [3328/4995 (67%)] loss: 0.0006 L_si: 0.0004 L_grad: 0.0002 
Train Epoch: 1 [3329/4995 (67%)] loss: 0.0006 L_si: 0.0003 L_grad: 0.0003 
Train Epoch: 1 [3330/4995 (67%)] loss: 0.0002 L_si: 0.0001 L_grad: 0.0002 
Train Epoch: 1 [3331/4995 (67%)] loss: 0.0004 L_si: 0.0001 L_grad: 0.0002 
Train Epoch: 1 [3332/4995 (67%)] loss: 0.0004 L_si: 0.0002 L_grad: 0.0003 
Train Epoch: 1 [3333/4995 (67%)] loss: 0.0004 L_si: 0.0001 L_grad: 0.0003 
Train Epoch: 1 [3334/4995 (67%)] loss: 0.0015 L_si: 0.0009 L_grad: 0.0006 
Train Epoch: 1 [3335/4995 (67%)] loss: 0.0003 L_si: 0.0001 L_grad: 0.0002 
Train Epoch: 1 [3336/4995 (67%)] loss: 0.0005 L_si: 0.0002 L_grad: 0.0003 
Train Epoch: 1 [3337/4995 (67%)] loss: 0.0003 L_si: 0.0001 L_grad: 0.0002 
Train Epoch: 1 [3338/4995 (67%)] loss: 0.0005 L_si: 0.0002 L_grad: 0.0003 
Train Epoch: 1 [3339/4995 (67%)] loss: 0.0004 L_si: 0.0002 L_grad: 0.0002 
Train Epoch: 1 [3340/4995 (67%)] loss: 0.0003 L_si: 0.0001 L_grad: 0.0002 
Train Epoch: 1 [3341/4995 (67%)] loss: 0.0003 L_si: 0.0001 L_grad: 0.0002 
Train Epoch: 1 [3342/4995 (67%)] loss: 0.0003 L_si: 0.0001 L_grad: 0.0002 
Train Epoch: 1 [3343/4995 (67%)] loss: 0.0001 L_si: 0.0000 L_grad: 0.0001 
Train Epoch: 1 [3344/4995 (67%)] loss: 0.0013 L_si: 0.0008 L_grad: 0.0004 
Train Epoch: 1 [3345/4995 (67%)] loss: 0.0003 L_si: 0.0001 L_grad: 0.0002 
Train Epoch: 1 [3346/4995 (67%)] loss: 0.0006 L_si: 0.0002 L_grad: 0.0003 
Train Epoch: 1 [3347/4995 (67%)] loss: 0.0004 L_si: 0.0001 L_grad: 0.0003 
Train Epoch: 1 [3348/4995 (67%)] loss: 0.0003 L_si: 0.0001 L_grad: 0.0002 
Train Epoch: 1 [3349/4995 (67%)] loss: 0.0005 L_si: 0.0001 L_grad: 0.0003 
Train Epoch: 1 [3350/4995 (67%)] loss: 0.0010 L_si: 0.0005 L_grad: 0.0005 
Train Epoch: 1 [3351/4995 (67%)] loss: 0.0011 L_si: 0.0007 L_grad: 0.0004 
Train Epoch: 1 [3352/4995 (67%)] loss: 0.0003 L_si: 0.0001 L_grad: 0.0002 
Train Epoch: 1 [3353/4995 (67%)] loss: 0.0012 L_si: 0.0008 L_grad: 0.0004 
Train Epoch: 1 [3354/4995 (67%)] loss: 0.0006 L_si: 0.0002 L_grad: 0.0003 
Train Epoch: 1 [3355/4995 (67%)] loss: 0.0005 L_si: 0.0002 L_grad: 0.0003 
Train Epoch: 1 [3356/4995 (67%)] loss: 0.0005 L_si: 0.0002 L_grad: 0.0003 
Train Epoch: 1 [3357/4995 (67%)] loss: 0.0003 L_si: 0.0001 L_grad: 0.0002 
Train Epoch: 1 [3358/4995 (67%)] loss: 0.0003 L_si: 0.0001 L_grad: 0.0003 
Train Epoch: 1 [3359/4995 (67%)] loss: 0.0005 L_si: 0.0002 L_grad: 0.0003 
Train Epoch: 1 [3360/4995 (67%)] loss: 0.0009 L_si: 0.0005 L_grad: 0.0005 
Train Epoch: 1 [3361/4995 (67%)] loss: 0.0004 L_si: 0.0002 L_grad: 0.0003 
Train Epoch: 1 [3362/4995 (67%)] loss: 0.0010 L_si: 0.0006 L_grad: 0.0004 
Train Epoch: 1 [3363/4995 (67%)] loss: 0.0005 L_si: 0.0002 L_grad: 0.0003 
Train Epoch: 1 [3364/4995 (67%)] loss: 0.0005 L_si: 0.0002 L_grad: 0.0003 
Train Epoch: 1 [3365/4995 (67%)] loss: 0.0004 L_si: 0.0001 L_grad: 0.0002 
Train Epoch: 1 [3366/4995 (67%)] loss: 0.0011 L_si: 0.0006 L_grad: 0.0005 
Train Epoch: 1 [3367/4995 (67%)] loss: 0.0013 L_si: 0.0006 L_grad: 0.0006 
Train Epoch: 1 [3368/4995 (67%)] loss: 0.0003 L_si: 0.0001 L_grad: 0.0002 
Train Epoch: 1 [3369/4995 (67%)] loss: 0.0006 L_si: 0.0003 L_grad: 0.0003 
Train Epoch: 1 [3370/4995 (67%)] loss: 0.0004 L_si: 0.0001 L_grad: 0.0002 
Train Epoch: 1 [3371/4995 (67%)] loss: 0.0006 L_si: 0.0003 L_grad: 0.0003 
Train Epoch: 1 [3372/4995 (68%)] loss: 0.0003 L_si: 0.0001 L_grad: 0.0002 
Train Epoch: 1 [3373/4995 (68%)] loss: 0.0003 L_si: 0.0001 L_grad: 0.0002 
Train Epoch: 1 [3374/4995 (68%)] loss: 0.0003 L_si: 0.0001 L_grad: 0.0002 
Train Epoch: 1 [3375/4995 (68%)] loss: 0.0010 L_si: 0.0005 L_grad: 0.0005 
Train Epoch: 1 [3376/4995 (68%)] loss: 0.0008 L_si: 0.0004 L_grad: 0.0004 
Train Epoch: 1 [3377/4995 (68%)] loss: 0.0006 L_si: 0.0003 L_grad: 0.0003 
Train Epoch: 1 [3378/4995 (68%)] loss: 0.0014 L_si: 0.0010 L_grad: 0.0005 
Train Epoch: 1 [3379/4995 (68%)] loss: 0.0008 L_si: 0.0004 L_grad: 0.0004 
Train Epoch: 1 [3380/4995 (68%)] loss: 0.0005 L_si: 0.0002 L_grad: 0.0003 
Train Epoch: 1 [3381/4995 (68%)] loss: 0.0006 L_si: 0.0004 L_grad: 0.0003 
Train Epoch: 1 [3382/4995 (68%)] loss: 0.0004 L_si: 0.0002 L_grad: 0.0002 
Train Epoch: 1 [3383/4995 (68%)] loss: 0.0003 L_si: 0.0001 L_grad: 0.0002 
Train Epoch: 1 [3384/4995 (68%)] loss: 0.0007 L_si: 0.0003 L_grad: 0.0003 
Train Epoch: 1 [3385/4995 (68%)] loss: 0.0002 L_si: 0.0001 L_grad: 0.0002 
Train Epoch: 1 [3386/4995 (68%)] loss: 0.0005 L_si: 0.0002 L_grad: 0.0003 
Train Epoch: 1 [3387/4995 (68%)] loss: 0.0005 L_si: 0.0002 L_grad: 0.0003 
Train Epoch: 1 [3388/4995 (68%)] loss: 0.0004 L_si: 0.0002 L_grad: 0.0003 
Train Epoch: 1 [3389/4995 (68%)] loss: 0.0003 L_si: 0.0001 L_grad: 0.0002 
Train Epoch: 1 [3390/4995 (68%)] loss: 0.0002 L_si: 0.0000 L_grad: 0.0002 
Train Epoch: 1 [3391/4995 (68%)] loss: 0.0003 L_si: 0.0001 L_grad: 0.0002 
Train Epoch: 1 [3392/4995 (68%)] loss: 0.0003 L_si: 0.0001 L_grad: 0.0002 
Train Epoch: 1 [3393/4995 (68%)] loss: 0.0008 L_si: 0.0004 L_grad: 0.0004 
Train Epoch: 1 [3394/4995 (68%)] loss: 0.0005 L_si: 0.0001 L_grad: 0.0004 
Train Epoch: 1 [3395/4995 (68%)] loss: 0.0007 L_si: 0.0003 L_grad: 0.0004 
Train Epoch: 1 [3396/4995 (68%)] loss: 0.0005 L_si: 0.0002 L_grad: 0.0003 
Train Epoch: 1 [3397/4995 (68%)] loss: 0.0024 L_si: 0.0016 L_grad: 0.0007 
Train Epoch: 1 [3398/4995 (68%)] loss: 0.0004 L_si: 0.0002 L_grad: 0.0003 
Train Epoch: 1 [3399/4995 (68%)] loss: 0.0002 L_si: 0.0000 L_grad: 0.0002 
Train Epoch: 1 [3400/4995 (68%)] loss: 0.0010 L_si: 0.0005 L_grad: 0.0005 
Train Epoch: 1 [3401/4995 (68%)] loss: 0.0003 L_si: 0.0001 L_grad: 0.0002 
Train Epoch: 1 [3402/4995 (68%)] loss: 0.0002 L_si: 0.0000 L_grad: 0.0002 
Train Epoch: 1 [3403/4995 (68%)] loss: 0.0004 L_si: 0.0001 L_grad: 0.0003 
Train Epoch: 1 [3404/4995 (68%)] loss: 0.0002 L_si: 0.0000 L_grad: 0.0001 
Train Epoch: 1 [3405/4995 (68%)] loss: 0.0005 L_si: 0.0001 L_grad: 0.0003 
Train Epoch: 1 [3406/4995 (68%)] loss: 0.0004 L_si: 0.0001 L_grad: 0.0003 
Train Epoch: 1 [3407/4995 (68%)] loss: 0.0006 L_si: 0.0002 L_grad: 0.0003 
Train Epoch: 1 [3408/4995 (68%)] loss: 0.0007 L_si: 0.0003 L_grad: 0.0004 
Train Epoch: 1 [3409/4995 (68%)] loss: 0.0004 L_si: 0.0002 L_grad: 0.0003 
Train Epoch: 1 [3410/4995 (68%)] loss: 0.0014 L_si: 0.0007 L_grad: 0.0007 
Train Epoch: 1 [3411/4995 (68%)] loss: 0.0011 L_si: 0.0005 L_grad: 0.0006 
Train Epoch: 1 [3412/4995 (68%)] loss: 0.0004 L_si: 0.0001 L_grad: 0.0002 
Train Epoch: 1 [3413/4995 (68%)] loss: 0.0004 L_si: 0.0001 L_grad: 0.0003 
Train Epoch: 1 [3414/4995 (68%)] loss: 0.0005 L_si: 0.0002 L_grad: 0.0003 
Train Epoch: 1 [3415/4995 (68%)] loss: 0.0004 L_si: 0.0001 L_grad: 0.0003 
Train Epoch: 1 [3416/4995 (68%)] loss: 0.0010 L_si: 0.0003 L_grad: 0.0007 
Train Epoch: 1 [3417/4995 (68%)] loss: 0.0004 L_si: 0.0001 L_grad: 0.0003 
Train Epoch: 1 [3418/4995 (68%)] loss: 0.0010 L_si: 0.0004 L_grad: 0.0005 
Train Epoch: 1 [3419/4995 (68%)] loss: 0.0004 L_si: 0.0001 L_grad: 0.0003 
Train Epoch: 1 [3420/4995 (68%)] loss: 0.0005 L_si: 0.0002 L_grad: 0.0004 
Train Epoch: 1 [3421/4995 (68%)] loss: 0.0007 L_si: 0.0004 L_grad: 0.0003 
Train Epoch: 1 [3422/4995 (69%)] loss: 0.0008 L_si: 0.0004 L_grad: 0.0005 
Train Epoch: 1 [3423/4995 (69%)] loss: 0.0005 L_si: 0.0002 L_grad: 0.0003 
Train Epoch: 1 [3424/4995 (69%)] loss: 0.0007 L_si: 0.0004 L_grad: 0.0003 
Train Epoch: 1 [3425/4995 (69%)] loss: 0.0009 L_si: 0.0005 L_grad: 0.0004 
Train Epoch: 1 [3426/4995 (69%)] loss: 0.0007 L_si: 0.0003 L_grad: 0.0004 
Train Epoch: 1 [3427/4995 (69%)] loss: 0.0010 L_si: 0.0007 L_grad: 0.0004 
Train Epoch: 1 [3428/4995 (69%)] loss: 0.0016 L_si: 0.0011 L_grad: 0.0005 
Train Epoch: 1 [3429/4995 (69%)] loss: 0.0003 L_si: 0.0001 L_grad: 0.0002 
Train Epoch: 1 [3430/4995 (69%)] loss: 0.0005 L_si: 0.0002 L_grad: 0.0003 
Train Epoch: 1 [3431/4995 (69%)] loss: 0.0005 L_si: 0.0002 L_grad: 0.0003 
Train Epoch: 1 [3432/4995 (69%)] loss: 0.0005 L_si: 0.0002 L_grad: 0.0003 
Train Epoch: 1 [3433/4995 (69%)] loss: 0.0002 L_si: 0.0000 L_grad: 0.0001 
Train Epoch: 1 [3434/4995 (69%)] loss: 0.0012 L_si: 0.0008 L_grad: 0.0005 
Train Epoch: 1 [3435/4995 (69%)] loss: 0.0003 L_si: 0.0001 L_grad: 0.0002 
Train Epoch: 1 [3436/4995 (69%)] loss: 0.0004 L_si: 0.0001 L_grad: 0.0003 
Train Epoch: 1 [3437/4995 (69%)] loss: 0.0005 L_si: 0.0002 L_grad: 0.0003 
Train Epoch: 1 [3438/4995 (69%)] loss: 0.0007 L_si: 0.0004 L_grad: 0.0004 
Train Epoch: 1 [3439/4995 (69%)] loss: 0.0015 L_si: 0.0008 L_grad: 0.0007 
Train Epoch: 1 [3440/4995 (69%)] loss: 0.0007 L_si: 0.0003 L_grad: 0.0004 
Train Epoch: 1 [3441/4995 (69%)] loss: 0.0003 L_si: 0.0001 L_grad: 0.0002 
Train Epoch: 1 [3442/4995 (69%)] loss: 0.0004 L_si: 0.0001 L_grad: 0.0002 
Train Epoch: 1 [3443/4995 (69%)] loss: 0.0004 L_si: 0.0001 L_grad: 0.0003 
Train Epoch: 1 [3444/4995 (69%)] loss: 0.0004 L_si: 0.0002 L_grad: 0.0002 
Train Epoch: 1 [3445/4995 (69%)] loss: 0.0015 L_si: 0.0008 L_grad: 0.0007 
Train Epoch: 1 [3446/4995 (69%)] loss: 0.0009 L_si: 0.0006 L_grad: 0.0003 
Train Epoch: 1 [3447/4995 (69%)] loss: 0.0003 L_si: 0.0001 L_grad: 0.0002 
Train Epoch: 1 [3448/4995 (69%)] loss: 0.0012 L_si: 0.0005 L_grad: 0.0006 
Train Epoch: 1 [3449/4995 (69%)] loss: 0.0005 L_si: 0.0002 L_grad: 0.0003 
Train Epoch: 1 [3450/4995 (69%)] loss: 0.0001 L_si: 0.0000 L_grad: 0.0001 
Train Epoch: 1 [3451/4995 (69%)] loss: 0.0002 L_si: 0.0001 L_grad: 0.0002 
Train Epoch: 1 [3452/4995 (69%)] loss: 0.0005 L_si: 0.0002 L_grad: 0.0003 
Train Epoch: 1 [3453/4995 (69%)] loss: 0.0006 L_si: 0.0003 L_grad: 0.0004 
Train Epoch: 1 [3454/4995 (69%)] loss: 0.0015 L_si: 0.0008 L_grad: 0.0006 
Train Epoch: 1 [3455/4995 (69%)] loss: 0.0003 L_si: 0.0001 L_grad: 0.0002 
Train Epoch: 1 [3456/4995 (69%)] loss: 0.0016 L_si: 0.0011 L_grad: 0.0005 
Train Epoch: 1 [3457/4995 (69%)] loss: 0.0004 L_si: 0.0002 L_grad: 0.0003 
Train Epoch: 1 [3458/4995 (69%)] loss: 0.0004 L_si: 0.0002 L_grad: 0.0003 
Train Epoch: 1 [3459/4995 (69%)] loss: 0.0006 L_si: 0.0003 L_grad: 0.0003 
Train Epoch: 1 [3460/4995 (69%)] loss: 0.0004 L_si: 0.0001 L_grad: 0.0003 
Train Epoch: 1 [3461/4995 (69%)] loss: 0.0011 L_si: 0.0007 L_grad: 0.0004 
Train Epoch: 1 [3462/4995 (69%)] loss: 0.0005 L_si: 0.0002 L_grad: 0.0003 
Train Epoch: 1 [3463/4995 (69%)] loss: 0.0004 L_si: 0.0001 L_grad: 0.0003 
Train Epoch: 1 [3464/4995 (69%)] loss: 0.0009 L_si: 0.0005 L_grad: 0.0004 
Train Epoch: 1 [3465/4995 (69%)] loss: 0.0003 L_si: 0.0001 L_grad: 0.0002 
Train Epoch: 1 [3466/4995 (69%)] loss: 0.0002 L_si: 0.0001 L_grad: 0.0001 
Train Epoch: 1 [3467/4995 (69%)] loss: 0.0005 L_si: 0.0002 L_grad: 0.0003 
Train Epoch: 1 [3468/4995 (69%)] loss: 0.0006 L_si: 0.0003 L_grad: 0.0003 
Train Epoch: 1 [3469/4995 (69%)] loss: 0.0003 L_si: 0.0001 L_grad: 0.0002 
Train Epoch: 1 [3470/4995 (69%)] loss: 0.0013 L_si: 0.0006 L_grad: 0.0006 
Train Epoch: 1 [3471/4995 (69%)] loss: 0.0005 L_si: 0.0002 L_grad: 0.0003 
Train Epoch: 1 [3472/4995 (70%)] loss: 0.0013 L_si: 0.0009 L_grad: 0.0004 
Train Epoch: 1 [3473/4995 (70%)] loss: 0.0005 L_si: 0.0002 L_grad: 0.0003 
Train Epoch: 1 [3474/4995 (70%)] loss: 0.0005 L_si: 0.0002 L_grad: 0.0003 
Train Epoch: 1 [3475/4995 (70%)] loss: 0.0008 L_si: 0.0005 L_grad: 0.0003 
Train Epoch: 1 [3476/4995 (70%)] loss: 0.0004 L_si: 0.0001 L_grad: 0.0003 
Train Epoch: 1 [3477/4995 (70%)] loss: 0.0005 L_si: 0.0002 L_grad: 0.0003 
Train Epoch: 1 [3478/4995 (70%)] loss: 0.0001 L_si: 0.0000 L_grad: 0.0001 
Train Epoch: 1 [3479/4995 (70%)] loss: 0.0005 L_si: 0.0002 L_grad: 0.0003 
Train Epoch: 1 [3480/4995 (70%)] loss: 0.0003 L_si: 0.0001 L_grad: 0.0002 
Train Epoch: 1 [3481/4995 (70%)] loss: 0.0003 L_si: 0.0001 L_grad: 0.0002 
Train Epoch: 1 [3482/4995 (70%)] loss: 0.0002 L_si: 0.0001 L_grad: 0.0002 
Train Epoch: 1 [3483/4995 (70%)] loss: 0.0001 L_si: 0.0000 L_grad: 0.0001 
Train Epoch: 1 [3484/4995 (70%)] loss: 0.0005 L_si: 0.0003 L_grad: 0.0003 
Train Epoch: 1 [3485/4995 (70%)] loss: 0.0002 L_si: 0.0001 L_grad: 0.0002 
Train Epoch: 1 [3486/4995 (70%)] loss: 0.0004 L_si: 0.0001 L_grad: 0.0003 
Train Epoch: 1 [3487/4995 (70%)] loss: 0.0004 L_si: 0.0001 L_grad: 0.0003 
Train Epoch: 1 [3488/4995 (70%)] loss: 0.0003 L_si: 0.0001 L_grad: 0.0002 
Train Epoch: 1 [3489/4995 (70%)] loss: 0.0004 L_si: 0.0002 L_grad: 0.0002 
Train Epoch: 1 [3490/4995 (70%)] loss: 0.0003 L_si: 0.0001 L_grad: 0.0002 
Train Epoch: 1 [3491/4995 (70%)] loss: 0.0009 L_si: 0.0004 L_grad: 0.0005 
Train Epoch: 1 [3492/4995 (70%)] loss: 0.0005 L_si: 0.0003 L_grad: 0.0002 
Train Epoch: 1 [3493/4995 (70%)] loss: 0.0011 L_si: 0.0007 L_grad: 0.0004 
Train Epoch: 1 [3494/4995 (70%)] loss: 0.0007 L_si: 0.0003 L_grad: 0.0004 
Train Epoch: 1 [3495/4995 (70%)] loss: 0.0003 L_si: 0.0001 L_grad: 0.0002 
Train Epoch: 1 [3496/4995 (70%)] loss: 0.0003 L_si: 0.0001 L_grad: 0.0002 
Train Epoch: 1 [3497/4995 (70%)] loss: 0.0006 L_si: 0.0003 L_grad: 0.0003 
Train Epoch: 1 [3498/4995 (70%)] loss: 0.0004 L_si: 0.0002 L_grad: 0.0003 
Train Epoch: 1 [3499/4995 (70%)] loss: 0.0004 L_si: 0.0001 L_grad: 0.0003 
Train Epoch: 1 [3500/4995 (70%)] loss: 0.0004 L_si: 0.0002 L_grad: 0.0002 
Train Epoch: 1 [3501/4995 (70%)] loss: 0.0005 L_si: 0.0002 L_grad: 0.0003 
Train Epoch: 1 [3502/4995 (70%)] loss: 0.0003 L_si: 0.0001 L_grad: 0.0002 
Train Epoch: 1 [3503/4995 (70%)] loss: 0.0005 L_si: 0.0002 L_grad: 0.0003 
Train Epoch: 1 [3504/4995 (70%)] loss: 0.0004 L_si: 0.0002 L_grad: 0.0003 
Train Epoch: 1 [3505/4995 (70%)] loss: 0.0011 L_si: 0.0006 L_grad: 0.0005 
Train Epoch: 1 [3506/4995 (70%)] loss: 0.0006 L_si: 0.0004 L_grad: 0.0003 
Train Epoch: 1 [3507/4995 (70%)] loss: 0.0005 L_si: 0.0002 L_grad: 0.0003 
Train Epoch: 1 [3508/4995 (70%)] loss: 0.0004 L_si: 0.0002 L_grad: 0.0002 
Train Epoch: 1 [3509/4995 (70%)] loss: 0.0006 L_si: 0.0003 L_grad: 0.0003 
Train Epoch: 1 [3510/4995 (70%)] loss: 0.0004 L_si: 0.0002 L_grad: 0.0002 
Train Epoch: 1 [3511/4995 (70%)] loss: 0.0006 L_si: 0.0003 L_grad: 0.0004 
Train Epoch: 1 [3512/4995 (70%)] loss: 0.0005 L_si: 0.0002 L_grad: 0.0004 
Train Epoch: 1 [3513/4995 (70%)] loss: 0.0004 L_si: 0.0001 L_grad: 0.0002 
Train Epoch: 1 [3514/4995 (70%)] loss: 0.0002 L_si: 0.0000 L_grad: 0.0002 
Train Epoch: 1 [3515/4995 (70%)] loss: 0.0004 L_si: 0.0001 L_grad: 0.0002 
Train Epoch: 1 [3516/4995 (70%)] loss: 0.0005 L_si: 0.0002 L_grad: 0.0003 
Train Epoch: 1 [3517/4995 (70%)] loss: 0.0004 L_si: 0.0001 L_grad: 0.0003 
Train Epoch: 1 [3518/4995 (70%)] loss: 0.0005 L_si: 0.0002 L_grad: 0.0003 
Train Epoch: 1 [3519/4995 (70%)] loss: 0.0007 L_si: 0.0004 L_grad: 0.0003 
Train Epoch: 1 [3520/4995 (70%)] loss: 0.0007 L_si: 0.0002 L_grad: 0.0005 
Train Epoch: 1 [3521/4995 (70%)] loss: 0.0004 L_si: 0.0001 L_grad: 0.0003 
Train Epoch: 1 [3522/4995 (71%)] loss: 0.0007 L_si: 0.0004 L_grad: 0.0003 
Train Epoch: 1 [3523/4995 (71%)] loss: 0.0003 L_si: 0.0001 L_grad: 0.0002 
Train Epoch: 1 [3524/4995 (71%)] loss: 0.0004 L_si: 0.0001 L_grad: 0.0003 
Train Epoch: 1 [3525/4995 (71%)] loss: 0.0003 L_si: 0.0001 L_grad: 0.0002 
Train Epoch: 1 [3526/4995 (71%)] loss: 0.0005 L_si: 0.0002 L_grad: 0.0003 
Train Epoch: 1 [3527/4995 (71%)] loss: 0.0014 L_si: 0.0009 L_grad: 0.0005 
Train Epoch: 1 [3528/4995 (71%)] loss: 0.0005 L_si: 0.0001 L_grad: 0.0004 
Train Epoch: 1 [3529/4995 (71%)] loss: 0.0006 L_si: 0.0002 L_grad: 0.0004 
Train Epoch: 1 [3530/4995 (71%)] loss: 0.0006 L_si: 0.0002 L_grad: 0.0003 
Train Epoch: 1 [3531/4995 (71%)] loss: 0.0014 L_si: 0.0009 L_grad: 0.0005 
Train Epoch: 1 [3532/4995 (71%)] loss: 0.0004 L_si: 0.0001 L_grad: 0.0003 
Train Epoch: 1 [3533/4995 (71%)] loss: 0.0003 L_si: 0.0001 L_grad: 0.0002 
Train Epoch: 1 [3534/4995 (71%)] loss: 0.0008 L_si: 0.0004 L_grad: 0.0005 
Train Epoch: 1 [3535/4995 (71%)] loss: 0.0005 L_si: 0.0002 L_grad: 0.0003 
Train Epoch: 1 [3536/4995 (71%)] loss: 0.0005 L_si: 0.0002 L_grad: 0.0003 
Train Epoch: 1 [3537/4995 (71%)] loss: 0.0004 L_si: 0.0001 L_grad: 0.0003 
Train Epoch: 1 [3538/4995 (71%)] loss: 0.0007 L_si: 0.0003 L_grad: 0.0004 
Train Epoch: 1 [3539/4995 (71%)] loss: 0.0005 L_si: 0.0001 L_grad: 0.0003 
Train Epoch: 1 [3540/4995 (71%)] loss: 0.0002 L_si: 0.0000 L_grad: 0.0002 
Train Epoch: 1 [3541/4995 (71%)] loss: 0.0008 L_si: 0.0003 L_grad: 0.0006 
Train Epoch: 1 [3542/4995 (71%)] loss: 0.0008 L_si: 0.0003 L_grad: 0.0005 
Train Epoch: 1 [3543/4995 (71%)] loss: 0.0009 L_si: 0.0003 L_grad: 0.0006 
Train Epoch: 1 [3544/4995 (71%)] loss: 0.0012 L_si: 0.0005 L_grad: 0.0007 
Train Epoch: 1 [3545/4995 (71%)] loss: 0.0012 L_si: 0.0006 L_grad: 0.0006 
Train Epoch: 1 [3546/4995 (71%)] loss: 0.0011 L_si: 0.0003 L_grad: 0.0008 
Train Epoch: 1 [3547/4995 (71%)] loss: 0.0018 L_si: 0.0008 L_grad: 0.0010 
Train Epoch: 1 [3548/4995 (71%)] loss: 0.0009 L_si: 0.0003 L_grad: 0.0006 
Train Epoch: 1 [3549/4995 (71%)] loss: 0.0007 L_si: 0.0002 L_grad: 0.0005 
Train Epoch: 1 [3550/4995 (71%)] loss: 0.0009 L_si: 0.0004 L_grad: 0.0006 
Train Epoch: 1 [3551/4995 (71%)] loss: 0.0005 L_si: 0.0001 L_grad: 0.0004 
Train Epoch: 1 [3552/4995 (71%)] loss: 0.0005 L_si: 0.0002 L_grad: 0.0003 
Train Epoch: 1 [3553/4995 (71%)] loss: 0.0010 L_si: 0.0004 L_grad: 0.0006 
Train Epoch: 1 [3554/4995 (71%)] loss: 0.0013 L_si: 0.0004 L_grad: 0.0009 
Train Epoch: 1 [3555/4995 (71%)] loss: 0.0006 L_si: 0.0002 L_grad: 0.0004 
Train Epoch: 1 [3556/4995 (71%)] loss: 0.0009 L_si: 0.0003 L_grad: 0.0006 
Train Epoch: 1 [3557/4995 (71%)] loss: 0.0003 L_si: 0.0001 L_grad: 0.0002 
Train Epoch: 1 [3558/4995 (71%)] loss: 0.0005 L_si: 0.0001 L_grad: 0.0003 
Train Epoch: 1 [3559/4995 (71%)] loss: 0.0011 L_si: 0.0003 L_grad: 0.0007 
Train Epoch: 1 [3560/4995 (71%)] loss: 0.0008 L_si: 0.0003 L_grad: 0.0005 
Train Epoch: 1 [3561/4995 (71%)] loss: 0.0003 L_si: 0.0001 L_grad: 0.0003 
Train Epoch: 1 [3562/4995 (71%)] loss: 0.0004 L_si: 0.0001 L_grad: 0.0003 
Train Epoch: 1 [3563/4995 (71%)] loss: 0.0009 L_si: 0.0004 L_grad: 0.0005 
Train Epoch: 1 [3564/4995 (71%)] loss: 0.0006 L_si: 0.0002 L_grad: 0.0004 
Train Epoch: 1 [3565/4995 (71%)] loss: 0.0005 L_si: 0.0001 L_grad: 0.0004 
Train Epoch: 1 [3566/4995 (71%)] loss: 0.0003 L_si: 0.0001 L_grad: 0.0002 
Train Epoch: 1 [3567/4995 (71%)] loss: 0.0005 L_si: 0.0001 L_grad: 0.0003 
Train Epoch: 1 [3568/4995 (71%)] loss: 0.0013 L_si: 0.0005 L_grad: 0.0008 
Train Epoch: 1 [3569/4995 (71%)] loss: 0.0006 L_si: 0.0002 L_grad: 0.0004 
Train Epoch: 1 [3570/4995 (71%)] loss: 0.0027 L_si: 0.0014 L_grad: 0.0012 
Train Epoch: 1 [3571/4995 (71%)] loss: 0.0005 L_si: 0.0002 L_grad: 0.0003 
Train Epoch: 1 [3572/4995 (72%)] loss: 0.0007 L_si: 0.0002 L_grad: 0.0005 
Train Epoch: 1 [3573/4995 (72%)] loss: 0.0009 L_si: 0.0002 L_grad: 0.0006 
Train Epoch: 1 [3574/4995 (72%)] loss: 0.0006 L_si: 0.0002 L_grad: 0.0004 
Train Epoch: 1 [3575/4995 (72%)] loss: 0.0009 L_si: 0.0004 L_grad: 0.0005 
Train Epoch: 1 [3576/4995 (72%)] loss: 0.0004 L_si: 0.0001 L_grad: 0.0003 
Train Epoch: 1 [3577/4995 (72%)] loss: 0.0008 L_si: 0.0004 L_grad: 0.0005 
Train Epoch: 1 [3578/4995 (72%)] loss: 0.0005 L_si: 0.0002 L_grad: 0.0004 
Train Epoch: 1 [3579/4995 (72%)] loss: 0.0003 L_si: 0.0001 L_grad: 0.0002 
Train Epoch: 1 [3580/4995 (72%)] loss: 0.0011 L_si: 0.0004 L_grad: 0.0006 
Train Epoch: 1 [3581/4995 (72%)] loss: 0.0004 L_si: 0.0001 L_grad: 0.0003 
Train Epoch: 1 [3582/4995 (72%)] loss: 0.0007 L_si: 0.0002 L_grad: 0.0005 
Train Epoch: 1 [3583/4995 (72%)] loss: 0.0011 L_si: 0.0005 L_grad: 0.0006 
Train Epoch: 1 [3584/4995 (72%)] loss: 0.0008 L_si: 0.0004 L_grad: 0.0005 
Train Epoch: 1 [3585/4995 (72%)] loss: 0.0014 L_si: 0.0007 L_grad: 0.0007 
Train Epoch: 1 [3586/4995 (72%)] loss: 0.0014 L_si: 0.0007 L_grad: 0.0007 
Train Epoch: 1 [3587/4995 (72%)] loss: 0.0008 L_si: 0.0003 L_grad: 0.0005 
Train Epoch: 1 [3588/4995 (72%)] loss: 0.0002 L_si: 0.0000 L_grad: 0.0002 
Train Epoch: 1 [3589/4995 (72%)] loss: 0.0007 L_si: 0.0002 L_grad: 0.0005 
Train Epoch: 1 [3590/4995 (72%)] loss: 0.0024 L_si: 0.0012 L_grad: 0.0012 
Train Epoch: 1 [3591/4995 (72%)] loss: 0.0006 L_si: 0.0002 L_grad: 0.0004 
Train Epoch: 1 [3592/4995 (72%)] loss: 0.0006 L_si: 0.0002 L_grad: 0.0004 
Train Epoch: 1 [3593/4995 (72%)] loss: 0.0008 L_si: 0.0002 L_grad: 0.0006 
Train Epoch: 1 [3594/4995 (72%)] loss: 0.0005 L_si: 0.0002 L_grad: 0.0004 
Train Epoch: 1 [3595/4995 (72%)] loss: 0.0005 L_si: 0.0002 L_grad: 0.0003 
Train Epoch: 1 [3596/4995 (72%)] loss: 0.0010 L_si: 0.0005 L_grad: 0.0005 
Train Epoch: 1 [3597/4995 (72%)] loss: 0.0005 L_si: 0.0001 L_grad: 0.0003 
Train Epoch: 1 [3598/4995 (72%)] loss: 0.0007 L_si: 0.0003 L_grad: 0.0005 
Train Epoch: 1 [3599/4995 (72%)] loss: 0.0011 L_si: 0.0006 L_grad: 0.0005 
Train Epoch: 1 [3600/4995 (72%)] loss: 0.0004 L_si: 0.0001 L_grad: 0.0003 
Train Epoch: 1 [3601/4995 (72%)] loss: 0.0004 L_si: 0.0001 L_grad: 0.0003 
Train Epoch: 1 [3602/4995 (72%)] loss: 0.0013 L_si: 0.0007 L_grad: 0.0006 
Train Epoch: 1 [3603/4995 (72%)] loss: 0.0005 L_si: 0.0001 L_grad: 0.0004 
Train Epoch: 1 [3604/4995 (72%)] loss: 0.0005 L_si: 0.0002 L_grad: 0.0003 
Train Epoch: 1 [3605/4995 (72%)] loss: 0.0004 L_si: 0.0001 L_grad: 0.0003 
Train Epoch: 1 [3606/4995 (72%)] loss: 0.0004 L_si: 0.0001 L_grad: 0.0003 
Train Epoch: 1 [3607/4995 (72%)] loss: 0.0003 L_si: 0.0001 L_grad: 0.0002 
Train Epoch: 1 [3608/4995 (72%)] loss: 0.0005 L_si: 0.0002 L_grad: 0.0004 
Train Epoch: 1 [3609/4995 (72%)] loss: 0.0004 L_si: 0.0001 L_grad: 0.0003 
Train Epoch: 1 [3610/4995 (72%)] loss: 0.0007 L_si: 0.0002 L_grad: 0.0004 
Train Epoch: 1 [3611/4995 (72%)] loss: 0.0007 L_si: 0.0003 L_grad: 0.0004 
Train Epoch: 1 [3612/4995 (72%)] loss: 0.0004 L_si: 0.0001 L_grad: 0.0003 
Train Epoch: 1 [3613/4995 (72%)] loss: 0.0006 L_si: 0.0002 L_grad: 0.0004 
Train Epoch: 1 [3614/4995 (72%)] loss: 0.0004 L_si: 0.0001 L_grad: 0.0003 
Train Epoch: 1 [3615/4995 (72%)] loss: 0.0009 L_si: 0.0004 L_grad: 0.0005 
Train Epoch: 1 [3616/4995 (72%)] loss: 0.0004 L_si: 0.0001 L_grad: 0.0003 
Train Epoch: 1 [3617/4995 (72%)] loss: 0.0003 L_si: 0.0001 L_grad: 0.0002 
Train Epoch: 1 [3618/4995 (72%)] loss: 0.0002 L_si: 0.0000 L_grad: 0.0001 
Train Epoch: 1 [3619/4995 (72%)] loss: 0.0007 L_si: 0.0003 L_grad: 0.0003 
Train Epoch: 1 [3620/4995 (72%)] loss: 0.0008 L_si: 0.0004 L_grad: 0.0004 
Train Epoch: 1 [3621/4995 (72%)] loss: 0.0005 L_si: 0.0002 L_grad: 0.0003 
Train Epoch: 1 [3622/4995 (73%)] loss: 0.0006 L_si: 0.0002 L_grad: 0.0004 
Train Epoch: 1 [3623/4995 (73%)] loss: 0.0005 L_si: 0.0001 L_grad: 0.0003 
Train Epoch: 1 [3624/4995 (73%)] loss: 0.0002 L_si: 0.0001 L_grad: 0.0002 
Train Epoch: 1 [3625/4995 (73%)] loss: 0.0007 L_si: 0.0003 L_grad: 0.0004 
Train Epoch: 1 [3626/4995 (73%)] loss: 0.0006 L_si: 0.0002 L_grad: 0.0004 
Train Epoch: 1 [3627/4995 (73%)] loss: 0.0001 L_si: 0.0000 L_grad: 0.0001 
Train Epoch: 1 [3628/4995 (73%)] loss: 0.0007 L_si: 0.0003 L_grad: 0.0004 
Train Epoch: 1 [3629/4995 (73%)] loss: 0.0004 L_si: 0.0001 L_grad: 0.0003 
Train Epoch: 1 [3630/4995 (73%)] loss: 0.0006 L_si: 0.0002 L_grad: 0.0004 
Train Epoch: 1 [3631/4995 (73%)] loss: 0.0009 L_si: 0.0004 L_grad: 0.0005 
Train Epoch: 1 [3632/4995 (73%)] loss: 0.0020 L_si: 0.0011 L_grad: 0.0009 
Train Epoch: 1 [3633/4995 (73%)] loss: 0.0013 L_si: 0.0006 L_grad: 0.0007 
Train Epoch: 1 [3634/4995 (73%)] loss: 0.0010 L_si: 0.0007 L_grad: 0.0004 
Train Epoch: 1 [3635/4995 (73%)] loss: 0.0006 L_si: 0.0001 L_grad: 0.0004 
Train Epoch: 1 [3636/4995 (73%)] loss: 0.0002 L_si: 0.0000 L_grad: 0.0001 
Train Epoch: 1 [3637/4995 (73%)] loss: 0.0003 L_si: 0.0001 L_grad: 0.0002 
Train Epoch: 1 [3638/4995 (73%)] loss: 0.0006 L_si: 0.0002 L_grad: 0.0004 
Train Epoch: 1 [3639/4995 (73%)] loss: 0.0003 L_si: 0.0001 L_grad: 0.0002 
Train Epoch: 1 [3640/4995 (73%)] loss: 0.0002 L_si: 0.0000 L_grad: 0.0002 
Train Epoch: 1 [3641/4995 (73%)] loss: 0.0006 L_si: 0.0002 L_grad: 0.0004 
Train Epoch: 1 [3642/4995 (73%)] loss: 0.0004 L_si: 0.0001 L_grad: 0.0003 
Train Epoch: 1 [3643/4995 (73%)] loss: 0.0003 L_si: 0.0001 L_grad: 0.0002 
Train Epoch: 1 [3644/4995 (73%)] loss: 0.0008 L_si: 0.0003 L_grad: 0.0005 
Train Epoch: 1 [3645/4995 (73%)] loss: 0.0007 L_si: 0.0003 L_grad: 0.0004 
Train Epoch: 1 [3646/4995 (73%)] loss: 0.0007 L_si: 0.0003 L_grad: 0.0004 
Train Epoch: 1 [3647/4995 (73%)] loss: 0.0014 L_si: 0.0009 L_grad: 0.0005 
Train Epoch: 1 [3648/4995 (73%)] loss: 0.0003 L_si: 0.0001 L_grad: 0.0002 
Train Epoch: 1 [3649/4995 (73%)] loss: 0.0006 L_si: 0.0002 L_grad: 0.0004 
Train Epoch: 1 [3650/4995 (73%)] loss: 0.0005 L_si: 0.0001 L_grad: 0.0003 
Train Epoch: 1 [3651/4995 (73%)] loss: 0.0026 L_si: 0.0014 L_grad: 0.0012 
Train Epoch: 1 [3652/4995 (73%)] loss: 0.0005 L_si: 0.0001 L_grad: 0.0003 
Train Epoch: 1 [3653/4995 (73%)] loss: 0.0005 L_si: 0.0002 L_grad: 0.0003 
Train Epoch: 1 [3654/4995 (73%)] loss: 0.0007 L_si: 0.0003 L_grad: 0.0005 
Train Epoch: 1 [3655/4995 (73%)] loss: 0.0014 L_si: 0.0006 L_grad: 0.0008 
Train Epoch: 1 [3656/4995 (73%)] loss: 0.0003 L_si: 0.0001 L_grad: 0.0002 
Train Epoch: 1 [3657/4995 (73%)] loss: 0.0004 L_si: 0.0001 L_grad: 0.0003 
Train Epoch: 1 [3658/4995 (73%)] loss: 0.0003 L_si: 0.0001 L_grad: 0.0002 
Train Epoch: 1 [3659/4995 (73%)] loss: 0.0001 L_si: 0.0000 L_grad: 0.0001 
Train Epoch: 1 [3660/4995 (73%)] loss: 0.0007 L_si: 0.0004 L_grad: 0.0003 
Train Epoch: 1 [3661/4995 (73%)] loss: 0.0008 L_si: 0.0003 L_grad: 0.0004 
Train Epoch: 1 [3662/4995 (73%)] loss: 0.0005 L_si: 0.0002 L_grad: 0.0003 
Train Epoch: 1 [3663/4995 (73%)] loss: 0.0002 L_si: 0.0000 L_grad: 0.0002 
Train Epoch: 1 [3664/4995 (73%)] loss: 0.0001 L_si: 0.0000 L_grad: 0.0001 
Train Epoch: 1 [3665/4995 (73%)] loss: 0.0004 L_si: 0.0001 L_grad: 0.0003 
Train Epoch: 1 [3666/4995 (73%)] loss: 0.0006 L_si: 0.0003 L_grad: 0.0004 
Train Epoch: 1 [3667/4995 (73%)] loss: 0.0005 L_si: 0.0003 L_grad: 0.0002 
Train Epoch: 1 [3668/4995 (73%)] loss: 0.0010 L_si: 0.0005 L_grad: 0.0005 
Train Epoch: 1 [3669/4995 (73%)] loss: 0.0002 L_si: 0.0000 L_grad: 0.0002 
Train Epoch: 1 [3670/4995 (73%)] loss: 0.0007 L_si: 0.0003 L_grad: 0.0004 
Train Epoch: 1 [3671/4995 (73%)] loss: 0.0001 L_si: 0.0000 L_grad: 0.0001 
Train Epoch: 1 [3672/4995 (74%)] loss: 0.0005 L_si: 0.0002 L_grad: 0.0004 
Train Epoch: 1 [3673/4995 (74%)] loss: 0.0003 L_si: 0.0001 L_grad: 0.0002 
Train Epoch: 1 [3674/4995 (74%)] loss: 0.0005 L_si: 0.0002 L_grad: 0.0003 
Train Epoch: 1 [3675/4995 (74%)] loss: 0.0007 L_si: 0.0003 L_grad: 0.0004 
Train Epoch: 1 [3676/4995 (74%)] loss: 0.0006 L_si: 0.0002 L_grad: 0.0003 
Train Epoch: 1 [3677/4995 (74%)] loss: 0.0004 L_si: 0.0002 L_grad: 0.0002 
Train Epoch: 1 [3678/4995 (74%)] loss: 0.0007 L_si: 0.0002 L_grad: 0.0004 
Train Epoch: 1 [3679/4995 (74%)] loss: 0.0004 L_si: 0.0001 L_grad: 0.0003 
Train Epoch: 1 [3680/4995 (74%)] loss: 0.0005 L_si: 0.0002 L_grad: 0.0003 
Train Epoch: 1 [3681/4995 (74%)] loss: 0.0004 L_si: 0.0002 L_grad: 0.0002 
Train Epoch: 1 [3682/4995 (74%)] loss: 0.0004 L_si: 0.0001 L_grad: 0.0003 
Train Epoch: 1 [3683/4995 (74%)] loss: 0.0005 L_si: 0.0003 L_grad: 0.0003 
Train Epoch: 1 [3684/4995 (74%)] loss: 0.0006 L_si: 0.0003 L_grad: 0.0003 
Train Epoch: 1 [3685/4995 (74%)] loss: 0.0003 L_si: 0.0001 L_grad: 0.0002 
Train Epoch: 1 [3686/4995 (74%)] loss: 0.0003 L_si: 0.0001 L_grad: 0.0002 
Train Epoch: 1 [3687/4995 (74%)] loss: 0.0004 L_si: 0.0001 L_grad: 0.0002 
Train Epoch: 1 [3688/4995 (74%)] loss: 0.0001 L_si: 0.0000 L_grad: 0.0001 
Train Epoch: 1 [3689/4995 (74%)] loss: 0.0005 L_si: 0.0001 L_grad: 0.0003 
Train Epoch: 1 [3690/4995 (74%)] loss: 0.0002 L_si: 0.0000 L_grad: 0.0002 
Train Epoch: 1 [3691/4995 (74%)] loss: 0.0003 L_si: 0.0001 L_grad: 0.0002 
Train Epoch: 1 [3692/4995 (74%)] loss: 0.0004 L_si: 0.0002 L_grad: 0.0002 
Train Epoch: 1 [3693/4995 (74%)] loss: 0.0005 L_si: 0.0002 L_grad: 0.0003 
Train Epoch: 1 [3694/4995 (74%)] loss: 0.0004 L_si: 0.0001 L_grad: 0.0002 
Train Epoch: 1 [3695/4995 (74%)] loss: 0.0010 L_si: 0.0005 L_grad: 0.0005 
Train Epoch: 1 [3696/4995 (74%)] loss: 0.0009 L_si: 0.0006 L_grad: 0.0004 
Train Epoch: 1 [3697/4995 (74%)] loss: 0.0004 L_si: 0.0001 L_grad: 0.0002 
Train Epoch: 1 [3698/4995 (74%)] loss: 0.0002 L_si: 0.0000 L_grad: 0.0002 
Train Epoch: 1 [3699/4995 (74%)] loss: 0.0005 L_si: 0.0002 L_grad: 0.0003 
Train Epoch: 1 [3700/4995 (74%)] loss: 0.0004 L_si: 0.0002 L_grad: 0.0003 
Train Epoch: 1 [3701/4995 (74%)] loss: 0.0005 L_si: 0.0002 L_grad: 0.0002 
Train Epoch: 1 [3702/4995 (74%)] loss: 0.0006 L_si: 0.0003 L_grad: 0.0003 
Train Epoch: 1 [3703/4995 (74%)] loss: 0.0006 L_si: 0.0003 L_grad: 0.0003 
Train Epoch: 1 [3704/4995 (74%)] loss: 0.0006 L_si: 0.0003 L_grad: 0.0003 
Train Epoch: 1 [3705/4995 (74%)] loss: 0.0019 L_si: 0.0014 L_grad: 0.0005 
Train Epoch: 1 [3706/4995 (74%)] loss: 0.0007 L_si: 0.0003 L_grad: 0.0004 
Train Epoch: 1 [3707/4995 (74%)] loss: 0.0005 L_si: 0.0002 L_grad: 0.0003 
Train Epoch: 1 [3708/4995 (74%)] loss: 0.0003 L_si: 0.0001 L_grad: 0.0002 
Train Epoch: 1 [3709/4995 (74%)] loss: 0.0004 L_si: 0.0001 L_grad: 0.0002 
Train Epoch: 1 [3710/4995 (74%)] loss: 0.0003 L_si: 0.0001 L_grad: 0.0002 
Train Epoch: 1 [3711/4995 (74%)] loss: 0.0004 L_si: 0.0001 L_grad: 0.0003 
Train Epoch: 1 [3712/4995 (74%)] loss: 0.0001 L_si: 0.0000 L_grad: 0.0001 
Train Epoch: 1 [3713/4995 (74%)] loss: 0.0002 L_si: 0.0001 L_grad: 0.0001 
Train Epoch: 1 [3714/4995 (74%)] loss: 0.0021 L_si: 0.0011 L_grad: 0.0009 
Train Epoch: 1 [3715/4995 (74%)] loss: 0.0005 L_si: 0.0002 L_grad: 0.0003 
Train Epoch: 1 [3716/4995 (74%)] loss: 0.0004 L_si: 0.0001 L_grad: 0.0002 
Train Epoch: 1 [3717/4995 (74%)] loss: 0.0017 L_si: 0.0010 L_grad: 0.0007 
Train Epoch: 1 [3718/4995 (74%)] loss: 0.0004 L_si: 0.0002 L_grad: 0.0003 
Train Epoch: 1 [3719/4995 (74%)] loss: 0.0006 L_si: 0.0002 L_grad: 0.0004 
Train Epoch: 1 [3720/4995 (74%)] loss: 0.0004 L_si: 0.0001 L_grad: 0.0002 
Train Epoch: 1 [3721/4995 (74%)] loss: 0.0005 L_si: 0.0002 L_grad: 0.0003 
Train Epoch: 1 [3722/4995 (75%)] loss: 0.0020 L_si: 0.0010 L_grad: 0.0009 
Train Epoch: 1 [3723/4995 (75%)] loss: 0.0001 L_si: 0.0000 L_grad: 0.0001 
Train Epoch: 1 [3724/4995 (75%)] loss: 0.0005 L_si: 0.0002 L_grad: 0.0003 
Train Epoch: 1 [3725/4995 (75%)] loss: 0.0006 L_si: 0.0002 L_grad: 0.0004 
Train Epoch: 1 [3726/4995 (75%)] loss: 0.0007 L_si: 0.0003 L_grad: 0.0004 
Train Epoch: 1 [3727/4995 (75%)] loss: 0.0005 L_si: 0.0001 L_grad: 0.0004 
Train Epoch: 1 [3728/4995 (75%)] loss: 0.0008 L_si: 0.0004 L_grad: 0.0004 
Train Epoch: 1 [3729/4995 (75%)] loss: 0.0005 L_si: 0.0002 L_grad: 0.0003 
Train Epoch: 1 [3730/4995 (75%)] loss: 0.0006 L_si: 0.0003 L_grad: 0.0004 
Train Epoch: 1 [3731/4995 (75%)] loss: 0.0006 L_si: 0.0002 L_grad: 0.0004 
Train Epoch: 1 [3732/4995 (75%)] loss: 0.0014 L_si: 0.0007 L_grad: 0.0007 
Train Epoch: 1 [3733/4995 (75%)] loss: 0.0005 L_si: 0.0002 L_grad: 0.0003 
Train Epoch: 1 [3734/4995 (75%)] loss: 0.0004 L_si: 0.0001 L_grad: 0.0003 
Train Epoch: 1 [3735/4995 (75%)] loss: 0.0007 L_si: 0.0003 L_grad: 0.0004 
Train Epoch: 1 [3736/4995 (75%)] loss: 0.0007 L_si: 0.0002 L_grad: 0.0004 
Train Epoch: 1 [3737/4995 (75%)] loss: 0.0002 L_si: 0.0000 L_grad: 0.0002 
Train Epoch: 1 [3738/4995 (75%)] loss: 0.0004 L_si: 0.0001 L_grad: 0.0003 
Train Epoch: 1 [3739/4995 (75%)] loss: 0.0004 L_si: 0.0001 L_grad: 0.0003 
Train Epoch: 1 [3740/4995 (75%)] loss: 0.0002 L_si: 0.0000 L_grad: 0.0002 
Train Epoch: 1 [3741/4995 (75%)] loss: 0.0004 L_si: 0.0001 L_grad: 0.0003 
Train Epoch: 1 [3742/4995 (75%)] loss: 0.0003 L_si: 0.0001 L_grad: 0.0002 
Train Epoch: 1 [3743/4995 (75%)] loss: 0.0006 L_si: 0.0002 L_grad: 0.0004 
Train Epoch: 1 [3744/4995 (75%)] loss: 0.0004 L_si: 0.0002 L_grad: 0.0003 
Train Epoch: 1 [3745/4995 (75%)] loss: 0.0007 L_si: 0.0003 L_grad: 0.0004 
Train Epoch: 1 [3746/4995 (75%)] loss: 0.0011 L_si: 0.0005 L_grad: 0.0006 
Train Epoch: 1 [3747/4995 (75%)] loss: 0.0003 L_si: 0.0001 L_grad: 0.0002 
Train Epoch: 1 [3748/4995 (75%)] loss: 0.0004 L_si: 0.0002 L_grad: 0.0003 
Train Epoch: 1 [3749/4995 (75%)] loss: 0.0007 L_si: 0.0003 L_grad: 0.0003 
Train Epoch: 1 [3750/4995 (75%)] loss: 0.0004 L_si: 0.0001 L_grad: 0.0002 
Train Epoch: 1 [3751/4995 (75%)] loss: 0.0004 L_si: 0.0002 L_grad: 0.0003 
Train Epoch: 1 [3752/4995 (75%)] loss: 0.0007 L_si: 0.0002 L_grad: 0.0004 
Train Epoch: 1 [3753/4995 (75%)] loss: 0.0006 L_si: 0.0003 L_grad: 0.0003 
Train Epoch: 1 [3754/4995 (75%)] loss: 0.0005 L_si: 0.0001 L_grad: 0.0004 
Train Epoch: 1 [3755/4995 (75%)] loss: 0.0005 L_si: 0.0001 L_grad: 0.0003 
Train Epoch: 1 [3756/4995 (75%)] loss: 0.0004 L_si: 0.0001 L_grad: 0.0003 
Train Epoch: 1 [3757/4995 (75%)] loss: 0.0004 L_si: 0.0001 L_grad: 0.0003 
Train Epoch: 1 [3758/4995 (75%)] loss: 0.0003 L_si: 0.0001 L_grad: 0.0002 
Train Epoch: 1 [3759/4995 (75%)] loss: 0.0004 L_si: 0.0001 L_grad: 0.0003 
Train Epoch: 1 [3760/4995 (75%)] loss: 0.0004 L_si: 0.0002 L_grad: 0.0002 
Train Epoch: 1 [3761/4995 (75%)] loss: 0.0003 L_si: 0.0001 L_grad: 0.0003 
Train Epoch: 1 [3762/4995 (75%)] loss: 0.0004 L_si: 0.0001 L_grad: 0.0003 
Train Epoch: 1 [3763/4995 (75%)] loss: 0.0008 L_si: 0.0004 L_grad: 0.0004 
Train Epoch: 1 [3764/4995 (75%)] loss: 0.0003 L_si: 0.0001 L_grad: 0.0003 
Train Epoch: 1 [3765/4995 (75%)] loss: 0.0005 L_si: 0.0002 L_grad: 0.0004 
Train Epoch: 1 [3766/4995 (75%)] loss: 0.0004 L_si: 0.0001 L_grad: 0.0003 
Train Epoch: 1 [3767/4995 (75%)] loss: 0.0006 L_si: 0.0003 L_grad: 0.0003 
Train Epoch: 1 [3768/4995 (75%)] loss: 0.0011 L_si: 0.0005 L_grad: 0.0006 
Train Epoch: 1 [3769/4995 (75%)] loss: 0.0009 L_si: 0.0005 L_grad: 0.0004 
Train Epoch: 1 [3770/4995 (75%)] loss: 0.0009 L_si: 0.0004 L_grad: 0.0005 
Train Epoch: 1 [3771/4995 (75%)] loss: 0.0003 L_si: 0.0001 L_grad: 0.0002 
Train Epoch: 1 [3772/4995 (76%)] loss: 0.0009 L_si: 0.0004 L_grad: 0.0005 
Train Epoch: 1 [3773/4995 (76%)] loss: 0.0003 L_si: 0.0001 L_grad: 0.0002 
Train Epoch: 1 [3774/4995 (76%)] loss: 0.0006 L_si: 0.0002 L_grad: 0.0003 
Train Epoch: 1 [3775/4995 (76%)] loss: 0.0009 L_si: 0.0005 L_grad: 0.0004 
Train Epoch: 1 [3776/4995 (76%)] loss: 0.0007 L_si: 0.0003 L_grad: 0.0004 
Train Epoch: 1 [3777/4995 (76%)] loss: 0.0004 L_si: 0.0001 L_grad: 0.0003 
Train Epoch: 1 [3778/4995 (76%)] loss: 0.0004 L_si: 0.0001 L_grad: 0.0003 
Train Epoch: 1 [3779/4995 (76%)] loss: 0.0003 L_si: 0.0001 L_grad: 0.0002 
Train Epoch: 1 [3780/4995 (76%)] loss: 0.0007 L_si: 0.0003 L_grad: 0.0003 
Train Epoch: 1 [3781/4995 (76%)] loss: 0.0007 L_si: 0.0003 L_grad: 0.0004 
Train Epoch: 1 [3782/4995 (76%)] loss: 0.0014 L_si: 0.0007 L_grad: 0.0007 
Train Epoch: 1 [3783/4995 (76%)] loss: 0.0005 L_si: 0.0002 L_grad: 0.0003 
Train Epoch: 1 [3784/4995 (76%)] loss: 0.0007 L_si: 0.0002 L_grad: 0.0004 
Train Epoch: 1 [3785/4995 (76%)] loss: 0.0002 L_si: 0.0000 L_grad: 0.0002 
Train Epoch: 1 [3786/4995 (76%)] loss: 0.0006 L_si: 0.0003 L_grad: 0.0003 
Train Epoch: 1 [3787/4995 (76%)] loss: 0.0003 L_si: 0.0001 L_grad: 0.0003 
Train Epoch: 1 [3788/4995 (76%)] loss: 0.0003 L_si: 0.0001 L_grad: 0.0002 
Train Epoch: 1 [3789/4995 (76%)] loss: 0.0003 L_si: 0.0001 L_grad: 0.0002 
Train Epoch: 1 [3790/4995 (76%)] loss: 0.0003 L_si: 0.0001 L_grad: 0.0002 
Train Epoch: 1 [3791/4995 (76%)] loss: 0.0003 L_si: 0.0001 L_grad: 0.0002 
Train Epoch: 1 [3792/4995 (76%)] loss: 0.0004 L_si: 0.0001 L_grad: 0.0002 
Train Epoch: 1 [3793/4995 (76%)] loss: 0.0004 L_si: 0.0001 L_grad: 0.0003 
Train Epoch: 1 [3794/4995 (76%)] loss: 0.0003 L_si: 0.0001 L_grad: 0.0002 
Train Epoch: 1 [3795/4995 (76%)] loss: 0.0004 L_si: 0.0001 L_grad: 0.0003 
Train Epoch: 1 [3796/4995 (76%)] loss: 0.0004 L_si: 0.0001 L_grad: 0.0003 
Train Epoch: 1 [3797/4995 (76%)] loss: 0.0015 L_si: 0.0008 L_grad: 0.0007 
Train Epoch: 1 [3798/4995 (76%)] loss: 0.0007 L_si: 0.0003 L_grad: 0.0004 
Train Epoch: 1 [3799/4995 (76%)] loss: 0.0002 L_si: 0.0000 L_grad: 0.0002 
Train Epoch: 1 [3800/4995 (76%)] loss: 0.0003 L_si: 0.0001 L_grad: 0.0002 
Train Epoch: 1 [3801/4995 (76%)] loss: 0.0005 L_si: 0.0002 L_grad: 0.0003 
Train Epoch: 1 [3802/4995 (76%)] loss: 0.0007 L_si: 0.0004 L_grad: 0.0003 
Train Epoch: 1 [3803/4995 (76%)] loss: 0.0003 L_si: 0.0001 L_grad: 0.0002 
Train Epoch: 1 [3804/4995 (76%)] loss: 0.0001 L_si: 0.0000 L_grad: 0.0001 
Train Epoch: 1 [3805/4995 (76%)] loss: 0.0003 L_si: 0.0001 L_grad: 0.0002 
Train Epoch: 1 [3806/4995 (76%)] loss: 0.0008 L_si: 0.0004 L_grad: 0.0004 
Train Epoch: 1 [3807/4995 (76%)] loss: 0.0004 L_si: 0.0001 L_grad: 0.0002 
Train Epoch: 1 [3808/4995 (76%)] loss: 0.0003 L_si: 0.0001 L_grad: 0.0002 
Train Epoch: 1 [3809/4995 (76%)] loss: 0.0004 L_si: 0.0002 L_grad: 0.0002 
Train Epoch: 1 [3810/4995 (76%)] loss: 0.0009 L_si: 0.0004 L_grad: 0.0005 
Train Epoch: 1 [3811/4995 (76%)] loss: 0.0002 L_si: 0.0001 L_grad: 0.0002 
Train Epoch: 1 [3812/4995 (76%)] loss: 0.0004 L_si: 0.0002 L_grad: 0.0002 
Train Epoch: 1 [3813/4995 (76%)] loss: 0.0002 L_si: 0.0001 L_grad: 0.0002 
Train Epoch: 1 [3814/4995 (76%)] loss: 0.0002 L_si: 0.0000 L_grad: 0.0002 
Train Epoch: 1 [3815/4995 (76%)] loss: 0.0004 L_si: 0.0002 L_grad: 0.0002 
Train Epoch: 1 [3816/4995 (76%)] loss: 0.0004 L_si: 0.0002 L_grad: 0.0003 
Train Epoch: 1 [3817/4995 (76%)] loss: 0.0003 L_si: 0.0001 L_grad: 0.0002 
Train Epoch: 1 [3818/4995 (76%)] loss: 0.0005 L_si: 0.0002 L_grad: 0.0003 
Train Epoch: 1 [3819/4995 (76%)] loss: 0.0006 L_si: 0.0002 L_grad: 0.0003 
Train Epoch: 1 [3820/4995 (76%)] loss: 0.0003 L_si: 0.0001 L_grad: 0.0002 
Train Epoch: 1 [3821/4995 (76%)] loss: 0.0003 L_si: 0.0001 L_grad: 0.0002 
Train Epoch: 1 [3822/4995 (77%)] loss: 0.0004 L_si: 0.0002 L_grad: 0.0002 
Train Epoch: 1 [3823/4995 (77%)] loss: 0.0004 L_si: 0.0002 L_grad: 0.0003 
Train Epoch: 1 [3824/4995 (77%)] loss: 0.0005 L_si: 0.0003 L_grad: 0.0003 
Train Epoch: 1 [3825/4995 (77%)] loss: 0.0003 L_si: 0.0001 L_grad: 0.0002 
Train Epoch: 1 [3826/4995 (77%)] loss: 0.0003 L_si: 0.0001 L_grad: 0.0002 
Train Epoch: 1 [3827/4995 (77%)] loss: 0.0006 L_si: 0.0003 L_grad: 0.0004 
Train Epoch: 1 [3828/4995 (77%)] loss: 0.0013 L_si: 0.0007 L_grad: 0.0006 
Train Epoch: 1 [3829/4995 (77%)] loss: 0.0003 L_si: 0.0001 L_grad: 0.0002 
Train Epoch: 1 [3830/4995 (77%)] loss: 0.0003 L_si: 0.0001 L_grad: 0.0002 
Train Epoch: 1 [3831/4995 (77%)] loss: 0.0018 L_si: 0.0012 L_grad: 0.0006 
Train Epoch: 1 [3832/4995 (77%)] loss: 0.0003 L_si: 0.0001 L_grad: 0.0002 
Train Epoch: 1 [3833/4995 (77%)] loss: 0.0004 L_si: 0.0001 L_grad: 0.0003 
Train Epoch: 1 [3834/4995 (77%)] loss: 0.0006 L_si: 0.0003 L_grad: 0.0003 
Train Epoch: 1 [3835/4995 (77%)] loss: 0.0004 L_si: 0.0002 L_grad: 0.0002 
Train Epoch: 1 [3836/4995 (77%)] loss: 0.0007 L_si: 0.0003 L_grad: 0.0004 
Train Epoch: 1 [3837/4995 (77%)] loss: 0.0005 L_si: 0.0003 L_grad: 0.0002 
Train Epoch: 1 [3838/4995 (77%)] loss: 0.0005 L_si: 0.0002 L_grad: 0.0003 
Train Epoch: 1 [3839/4995 (77%)] loss: 0.0005 L_si: 0.0002 L_grad: 0.0003 
Train Epoch: 1 [3840/4995 (77%)] loss: 0.0004 L_si: 0.0001 L_grad: 0.0003 
Train Epoch: 1 [3841/4995 (77%)] loss: 0.0001 L_si: 0.0000 L_grad: 0.0001 
Train Epoch: 1 [3842/4995 (77%)] loss: 0.0004 L_si: 0.0001 L_grad: 0.0002 
Train Epoch: 1 [3843/4995 (77%)] loss: 0.0014 L_si: 0.0008 L_grad: 0.0007 
Train Epoch: 1 [3844/4995 (77%)] loss: 0.0002 L_si: 0.0001 L_grad: 0.0002 
Train Epoch: 1 [3845/4995 (77%)] loss: 0.0006 L_si: 0.0002 L_grad: 0.0004 
Train Epoch: 1 [3846/4995 (77%)] loss: 0.0009 L_si: 0.0004 L_grad: 0.0005 
Train Epoch: 1 [3847/4995 (77%)] loss: 0.0006 L_si: 0.0002 L_grad: 0.0004 
Train Epoch: 1 [3848/4995 (77%)] loss: 0.0005 L_si: 0.0001 L_grad: 0.0003 
Train Epoch: 1 [3849/4995 (77%)] loss: 0.0005 L_si: 0.0002 L_grad: 0.0003 
Train Epoch: 1 [3850/4995 (77%)] loss: 0.0005 L_si: 0.0002 L_grad: 0.0003 
Train Epoch: 1 [3851/4995 (77%)] loss: 0.0007 L_si: 0.0002 L_grad: 0.0004 
Train Epoch: 1 [3852/4995 (77%)] loss: 0.0007 L_si: 0.0003 L_grad: 0.0003 
Train Epoch: 1 [3853/4995 (77%)] loss: 0.0002 L_si: 0.0000 L_grad: 0.0002 
Train Epoch: 1 [3854/4995 (77%)] loss: 0.0006 L_si: 0.0003 L_grad: 0.0003 
Train Epoch: 1 [3855/4995 (77%)] loss: 0.0005 L_si: 0.0001 L_grad: 0.0004 
Train Epoch: 1 [3856/4995 (77%)] loss: 0.0005 L_si: 0.0002 L_grad: 0.0003 
Train Epoch: 1 [3857/4995 (77%)] loss: 0.0004 L_si: 0.0001 L_grad: 0.0003 
Train Epoch: 1 [3858/4995 (77%)] loss: 0.0004 L_si: 0.0001 L_grad: 0.0003 
Train Epoch: 1 [3859/4995 (77%)] loss: 0.0005 L_si: 0.0002 L_grad: 0.0003 
Train Epoch: 1 [3860/4995 (77%)] loss: 0.0004 L_si: 0.0001 L_grad: 0.0002 
Train Epoch: 1 [3861/4995 (77%)] loss: 0.0005 L_si: 0.0002 L_grad: 0.0003 
Train Epoch: 1 [3862/4995 (77%)] loss: 0.0004 L_si: 0.0001 L_grad: 0.0003 
Train Epoch: 1 [3863/4995 (77%)] loss: 0.0005 L_si: 0.0002 L_grad: 0.0003 
Train Epoch: 1 [3864/4995 (77%)] loss: 0.0008 L_si: 0.0004 L_grad: 0.0004 
Train Epoch: 1 [3865/4995 (77%)] loss: 0.0003 L_si: 0.0001 L_grad: 0.0002 
Train Epoch: 1 [3866/4995 (77%)] loss: 0.0004 L_si: 0.0001 L_grad: 0.0003 
Train Epoch: 1 [3867/4995 (77%)] loss: 0.0003 L_si: 0.0001 L_grad: 0.0002 
Train Epoch: 1 [3868/4995 (77%)] loss: 0.0003 L_si: 0.0001 L_grad: 0.0002 
Train Epoch: 1 [3869/4995 (77%)] loss: 0.0003 L_si: 0.0001 L_grad: 0.0002 
Train Epoch: 1 [3870/4995 (77%)] loss: 0.0016 L_si: 0.0009 L_grad: 0.0007 
Train Epoch: 1 [3871/4995 (77%)] loss: 0.0001 L_si: 0.0000 L_grad: 0.0001 
Train Epoch: 1 [3872/4995 (78%)] loss: 0.0003 L_si: 0.0001 L_grad: 0.0002 
Train Epoch: 1 [3873/4995 (78%)] loss: 0.0005 L_si: 0.0002 L_grad: 0.0003 
Train Epoch: 1 [3874/4995 (78%)] loss: 0.0014 L_si: 0.0009 L_grad: 0.0005 
Train Epoch: 1 [3875/4995 (78%)] loss: 0.0004 L_si: 0.0001 L_grad: 0.0002 
Train Epoch: 1 [3876/4995 (78%)] loss: 0.0005 L_si: 0.0002 L_grad: 0.0003 
Train Epoch: 1 [3877/4995 (78%)] loss: 0.0004 L_si: 0.0002 L_grad: 0.0002 
Train Epoch: 1 [3878/4995 (78%)] loss: 0.0009 L_si: 0.0004 L_grad: 0.0005 
Train Epoch: 1 [3879/4995 (78%)] loss: 0.0013 L_si: 0.0008 L_grad: 0.0005 
Train Epoch: 1 [3880/4995 (78%)] loss: 0.0007 L_si: 0.0002 L_grad: 0.0005 
Train Epoch: 1 [3881/4995 (78%)] loss: 0.0005 L_si: 0.0002 L_grad: 0.0003 
Train Epoch: 1 [3882/4995 (78%)] loss: 0.0003 L_si: 0.0001 L_grad: 0.0002 
Train Epoch: 1 [3883/4995 (78%)] loss: 0.0005 L_si: 0.0002 L_grad: 0.0004 
Train Epoch: 1 [3884/4995 (78%)] loss: 0.0005 L_si: 0.0002 L_grad: 0.0003 
Train Epoch: 1 [3885/4995 (78%)] loss: 0.0006 L_si: 0.0002 L_grad: 0.0004 
Train Epoch: 1 [3886/4995 (78%)] loss: 0.0001 L_si: 0.0000 L_grad: 0.0001 
Train Epoch: 1 [3887/4995 (78%)] loss: 0.0003 L_si: 0.0001 L_grad: 0.0002 
Train Epoch: 1 [3888/4995 (78%)] loss: 0.0008 L_si: 0.0004 L_grad: 0.0004 
Train Epoch: 1 [3889/4995 (78%)] loss: 0.0005 L_si: 0.0002 L_grad: 0.0003 
Train Epoch: 1 [3890/4995 (78%)] loss: 0.0004 L_si: 0.0001 L_grad: 0.0003 
Train Epoch: 1 [3891/4995 (78%)] loss: 0.0004 L_si: 0.0001 L_grad: 0.0003 
Train Epoch: 1 [3892/4995 (78%)] loss: 0.0006 L_si: 0.0002 L_grad: 0.0003 
Train Epoch: 1 [3893/4995 (78%)] loss: 0.0004 L_si: 0.0001 L_grad: 0.0003 
Train Epoch: 1 [3894/4995 (78%)] loss: 0.0003 L_si: 0.0001 L_grad: 0.0002 
Train Epoch: 1 [3895/4995 (78%)] loss: 0.0009 L_si: 0.0004 L_grad: 0.0005 
Train Epoch: 1 [3896/4995 (78%)] loss: 0.0002 L_si: 0.0000 L_grad: 0.0001 
Train Epoch: 1 [3897/4995 (78%)] loss: 0.0002 L_si: 0.0000 L_grad: 0.0002 
Train Epoch: 1 [3898/4995 (78%)] loss: 0.0005 L_si: 0.0002 L_grad: 0.0003 
Train Epoch: 1 [3899/4995 (78%)] loss: 0.0006 L_si: 0.0002 L_grad: 0.0004 
Train Epoch: 1 [3900/4995 (78%)] loss: 0.0006 L_si: 0.0002 L_grad: 0.0004 
Train Epoch: 1 [3901/4995 (78%)] loss: 0.0001 L_si: 0.0000 L_grad: 0.0001 
Train Epoch: 1 [3902/4995 (78%)] loss: 0.0005 L_si: 0.0002 L_grad: 0.0003 
Train Epoch: 1 [3903/4995 (78%)] loss: 0.0004 L_si: 0.0001 L_grad: 0.0003 
Train Epoch: 1 [3904/4995 (78%)] loss: 0.0006 L_si: 0.0003 L_grad: 0.0003 
Train Epoch: 1 [3905/4995 (78%)] loss: 0.0007 L_si: 0.0003 L_grad: 0.0004 
Train Epoch: 1 [3906/4995 (78%)] loss: 0.0002 L_si: 0.0000 L_grad: 0.0002 
Train Epoch: 1 [3907/4995 (78%)] loss: 0.0003 L_si: 0.0001 L_grad: 0.0002 
Train Epoch: 1 [3908/4995 (78%)] loss: 0.0006 L_si: 0.0003 L_grad: 0.0003 
Train Epoch: 1 [3909/4995 (78%)] loss: 0.0008 L_si: 0.0003 L_grad: 0.0005 
Train Epoch: 1 [3910/4995 (78%)] loss: 0.0003 L_si: 0.0001 L_grad: 0.0002 
Train Epoch: 1 [3911/4995 (78%)] loss: 0.0002 L_si: 0.0001 L_grad: 0.0002 
Train Epoch: 1 [3912/4995 (78%)] loss: 0.0003 L_si: 0.0001 L_grad: 0.0002 
Train Epoch: 1 [3913/4995 (78%)] loss: 0.0004 L_si: 0.0002 L_grad: 0.0002 
Train Epoch: 1 [3914/4995 (78%)] loss: 0.0002 L_si: 0.0001 L_grad: 0.0002 
Train Epoch: 1 [3915/4995 (78%)] loss: 0.0006 L_si: 0.0004 L_grad: 0.0003 
Train Epoch: 1 [3916/4995 (78%)] loss: 0.0003 L_si: 0.0001 L_grad: 0.0002 
Train Epoch: 1 [3917/4995 (78%)] loss: 0.0009 L_si: 0.0005 L_grad: 0.0004 
Train Epoch: 1 [3918/4995 (78%)] loss: 0.0010 L_si: 0.0006 L_grad: 0.0005 
Train Epoch: 1 [3919/4995 (78%)] loss: 0.0004 L_si: 0.0002 L_grad: 0.0003 
Train Epoch: 1 [3920/4995 (78%)] loss: 0.0005 L_si: 0.0002 L_grad: 0.0003 
Train Epoch: 1 [3921/4995 (78%)] loss: 0.0003 L_si: 0.0001 L_grad: 0.0002 
Train Epoch: 1 [3922/4995 (79%)] loss: 0.0003 L_si: 0.0001 L_grad: 0.0002 
Train Epoch: 1 [3923/4995 (79%)] loss: 0.0026 L_si: 0.0019 L_grad: 0.0007 
Train Epoch: 1 [3924/4995 (79%)] loss: 0.0004 L_si: 0.0001 L_grad: 0.0003 
Train Epoch: 1 [3925/4995 (79%)] loss: 0.0004 L_si: 0.0001 L_grad: 0.0003 
Train Epoch: 1 [3926/4995 (79%)] loss: 0.0005 L_si: 0.0002 L_grad: 0.0003 
Train Epoch: 1 [3927/4995 (79%)] loss: 0.0003 L_si: 0.0001 L_grad: 0.0002 
Train Epoch: 1 [3928/4995 (79%)] loss: 0.0003 L_si: 0.0001 L_grad: 0.0002 
Train Epoch: 1 [3929/4995 (79%)] loss: 0.0003 L_si: 0.0001 L_grad: 0.0002 
Train Epoch: 1 [3930/4995 (79%)] loss: 0.0011 L_si: 0.0007 L_grad: 0.0004 
Train Epoch: 1 [3931/4995 (79%)] loss: 0.0004 L_si: 0.0001 L_grad: 0.0003 
Train Epoch: 1 [3932/4995 (79%)] loss: 0.0003 L_si: 0.0001 L_grad: 0.0002 
Train Epoch: 1 [3933/4995 (79%)] loss: 0.0005 L_si: 0.0002 L_grad: 0.0003 
Train Epoch: 1 [3934/4995 (79%)] loss: 0.0005 L_si: 0.0002 L_grad: 0.0003 
Train Epoch: 1 [3935/4995 (79%)] loss: 0.0004 L_si: 0.0001 L_grad: 0.0003 
Train Epoch: 1 [3936/4995 (79%)] loss: 0.0006 L_si: 0.0002 L_grad: 0.0004 
Train Epoch: 1 [3937/4995 (79%)] loss: 0.0021 L_si: 0.0011 L_grad: 0.0010 
Train Epoch: 1 [3938/4995 (79%)] loss: 0.0004 L_si: 0.0001 L_grad: 0.0002 
Train Epoch: 1 [3939/4995 (79%)] loss: 0.0007 L_si: 0.0003 L_grad: 0.0004 
Train Epoch: 1 [3940/4995 (79%)] loss: 0.0006 L_si: 0.0003 L_grad: 0.0003 
Train Epoch: 1 [3941/4995 (79%)] loss: 0.0017 L_si: 0.0010 L_grad: 0.0008 
Train Epoch: 1 [3942/4995 (79%)] loss: 0.0003 L_si: 0.0001 L_grad: 0.0002 
Train Epoch: 1 [3943/4995 (79%)] loss: 0.0006 L_si: 0.0002 L_grad: 0.0004 
Train Epoch: 1 [3944/4995 (79%)] loss: 0.0004 L_si: 0.0001 L_grad: 0.0003 
Train Epoch: 1 [3945/4995 (79%)] loss: 0.0003 L_si: 0.0000 L_grad: 0.0003 
Train Epoch: 1 [3946/4995 (79%)] loss: 0.0005 L_si: 0.0001 L_grad: 0.0004 
Train Epoch: 1 [3947/4995 (79%)] loss: 0.0002 L_si: 0.0001 L_grad: 0.0002 
Train Epoch: 1 [3948/4995 (79%)] loss: 0.0005 L_si: 0.0001 L_grad: 0.0003 
Train Epoch: 1 [3949/4995 (79%)] loss: 0.0003 L_si: 0.0001 L_grad: 0.0003 
Train Epoch: 1 [3950/4995 (79%)] loss: 0.0005 L_si: 0.0001 L_grad: 0.0003 
Train Epoch: 1 [3951/4995 (79%)] loss: 0.0006 L_si: 0.0003 L_grad: 0.0004 
Train Epoch: 1 [3952/4995 (79%)] loss: 0.0005 L_si: 0.0002 L_grad: 0.0003 
Train Epoch: 1 [3953/4995 (79%)] loss: 0.0003 L_si: 0.0001 L_grad: 0.0002 
Train Epoch: 1 [3954/4995 (79%)] loss: 0.0004 L_si: 0.0001 L_grad: 0.0003 
Train Epoch: 1 [3955/4995 (79%)] loss: 0.0002 L_si: 0.0001 L_grad: 0.0002 
Train Epoch: 1 [3956/4995 (79%)] loss: 0.0006 L_si: 0.0002 L_grad: 0.0004 
Train Epoch: 1 [3957/4995 (79%)] loss: 0.0024 L_si: 0.0017 L_grad: 0.0007 
Train Epoch: 1 [3958/4995 (79%)] loss: 0.0006 L_si: 0.0003 L_grad: 0.0003 
Train Epoch: 1 [3959/4995 (79%)] loss: 0.0006 L_si: 0.0002 L_grad: 0.0004 
Train Epoch: 1 [3960/4995 (79%)] loss: 0.0012 L_si: 0.0005 L_grad: 0.0006 
Train Epoch: 1 [3961/4995 (79%)] loss: 0.0007 L_si: 0.0005 L_grad: 0.0003 
Train Epoch: 1 [3962/4995 (79%)] loss: 0.0003 L_si: 0.0001 L_grad: 0.0002 
Train Epoch: 1 [3963/4995 (79%)] loss: 0.0007 L_si: 0.0003 L_grad: 0.0004 
Train Epoch: 1 [3964/4995 (79%)] loss: 0.0006 L_si: 0.0002 L_grad: 0.0004 
Train Epoch: 1 [3965/4995 (79%)] loss: 0.0006 L_si: 0.0002 L_grad: 0.0004 
Train Epoch: 1 [3966/4995 (79%)] loss: 0.0003 L_si: 0.0001 L_grad: 0.0002 
Train Epoch: 1 [3967/4995 (79%)] loss: 0.0007 L_si: 0.0003 L_grad: 0.0003 
Train Epoch: 1 [3968/4995 (79%)] loss: 0.0011 L_si: 0.0005 L_grad: 0.0006 
Train Epoch: 1 [3969/4995 (79%)] loss: 0.0004 L_si: 0.0001 L_grad: 0.0003 
Train Epoch: 1 [3970/4995 (79%)] loss: 0.0007 L_si: 0.0002 L_grad: 0.0005 
Train Epoch: 1 [3971/4995 (79%)] loss: 0.0008 L_si: 0.0004 L_grad: 0.0004 
Train Epoch: 1 [3972/4995 (80%)] loss: 0.0007 L_si: 0.0004 L_grad: 0.0003 
Train Epoch: 1 [3973/4995 (80%)] loss: 0.0003 L_si: 0.0001 L_grad: 0.0002 
Train Epoch: 1 [3974/4995 (80%)] loss: 0.0006 L_si: 0.0002 L_grad: 0.0004 
Train Epoch: 1 [3975/4995 (80%)] loss: 0.0004 L_si: 0.0001 L_grad: 0.0003 
Train Epoch: 1 [3976/4995 (80%)] loss: 0.0005 L_si: 0.0002 L_grad: 0.0003 
Train Epoch: 1 [3977/4995 (80%)] loss: 0.0001 L_si: 0.0000 L_grad: 0.0001 
Train Epoch: 1 [3978/4995 (80%)] loss: 0.0003 L_si: 0.0001 L_grad: 0.0002 
Train Epoch: 1 [3979/4995 (80%)] loss: 0.0004 L_si: 0.0001 L_grad: 0.0002 
Train Epoch: 1 [3980/4995 (80%)] loss: 0.0004 L_si: 0.0001 L_grad: 0.0003 
Train Epoch: 1 [3981/4995 (80%)] loss: 0.0005 L_si: 0.0002 L_grad: 0.0003 
Train Epoch: 1 [3982/4995 (80%)] loss: 0.0004 L_si: 0.0001 L_grad: 0.0003 
Train Epoch: 1 [3983/4995 (80%)] loss: 0.0002 L_si: 0.0001 L_grad: 0.0002 
Train Epoch: 1 [3984/4995 (80%)] loss: 0.0004 L_si: 0.0001 L_grad: 0.0003 
Train Epoch: 1 [3985/4995 (80%)] loss: 0.0003 L_si: 0.0001 L_grad: 0.0002 
Train Epoch: 1 [3986/4995 (80%)] loss: 0.0021 L_si: 0.0012 L_grad: 0.0010 
Train Epoch: 1 [3987/4995 (80%)] loss: 0.0006 L_si: 0.0003 L_grad: 0.0003 
Train Epoch: 1 [3988/4995 (80%)] loss: 0.0002 L_si: 0.0000 L_grad: 0.0001 
Train Epoch: 1 [3989/4995 (80%)] loss: 0.0006 L_si: 0.0002 L_grad: 0.0004 
Train Epoch: 1 [3990/4995 (80%)] loss: 0.0007 L_si: 0.0003 L_grad: 0.0003 
Train Epoch: 1 [3991/4995 (80%)] loss: 0.0007 L_si: 0.0004 L_grad: 0.0003 
Train Epoch: 1 [3992/4995 (80%)] loss: 0.0005 L_si: 0.0003 L_grad: 0.0002 
Train Epoch: 1 [3993/4995 (80%)] loss: 0.0005 L_si: 0.0002 L_grad: 0.0004 
Train Epoch: 1 [3994/4995 (80%)] loss: 0.0005 L_si: 0.0002 L_grad: 0.0003 
Train Epoch: 1 [3995/4995 (80%)] loss: 0.0004 L_si: 0.0001 L_grad: 0.0003 
Train Epoch: 1 [3996/4995 (80%)] loss: 0.0008 L_si: 0.0004 L_grad: 0.0004 
Train Epoch: 1 [3997/4995 (80%)] loss: 0.0007 L_si: 0.0002 L_grad: 0.0005 
Train Epoch: 1 [3998/4995 (80%)] loss: 0.0006 L_si: 0.0003 L_grad: 0.0003 
Train Epoch: 1 [3999/4995 (80%)] loss: 0.0006 L_si: 0.0003 L_grad: 0.0003 
Train Epoch: 1 [4000/4995 (80%)] loss: 0.0005 L_si: 0.0002 L_grad: 0.0003 
Train Epoch: 1 [4001/4995 (80%)] loss: 0.0011 L_si: 0.0005 L_grad: 0.0006 
Train Epoch: 1 [4002/4995 (80%)] loss: 0.0002 L_si: 0.0000 L_grad: 0.0002 
Train Epoch: 1 [4003/4995 (80%)] loss: 0.0002 L_si: 0.0000 L_grad: 0.0002 
Train Epoch: 1 [4004/4995 (80%)] loss: 0.0007 L_si: 0.0003 L_grad: 0.0004 
Train Epoch: 1 [4005/4995 (80%)] loss: 0.0001 L_si: 0.0000 L_grad: 0.0001 
Train Epoch: 1 [4006/4995 (80%)] loss: 0.0008 L_si: 0.0004 L_grad: 0.0004 
Train Epoch: 1 [4007/4995 (80%)] loss: 0.0003 L_si: 0.0001 L_grad: 0.0002 
Train Epoch: 1 [4008/4995 (80%)] loss: 0.0005 L_si: 0.0001 L_grad: 0.0004 
Train Epoch: 1 [4009/4995 (80%)] loss: 0.0006 L_si: 0.0002 L_grad: 0.0003 
Train Epoch: 1 [4010/4995 (80%)] loss: 0.0005 L_si: 0.0002 L_grad: 0.0003 
Train Epoch: 1 [4011/4995 (80%)] loss: 0.0005 L_si: 0.0002 L_grad: 0.0003 
Train Epoch: 1 [4012/4995 (80%)] loss: 0.0005 L_si: 0.0002 L_grad: 0.0003 
Train Epoch: 1 [4013/4995 (80%)] loss: 0.0004 L_si: 0.0002 L_grad: 0.0003 
Train Epoch: 1 [4014/4995 (80%)] loss: 0.0005 L_si: 0.0002 L_grad: 0.0003 
Train Epoch: 1 [4015/4995 (80%)] loss: 0.0006 L_si: 0.0002 L_grad: 0.0004 
Train Epoch: 1 [4016/4995 (80%)] loss: 0.0003 L_si: 0.0001 L_grad: 0.0003 
Train Epoch: 1 [4017/4995 (80%)] loss: 0.0002 L_si: 0.0000 L_grad: 0.0002 
Train Epoch: 1 [4018/4995 (80%)] loss: 0.0003 L_si: 0.0001 L_grad: 0.0002 
Train Epoch: 1 [4019/4995 (80%)] loss: 0.0004 L_si: 0.0001 L_grad: 0.0003 
Train Epoch: 1 [4020/4995 (80%)] loss: 0.0002 L_si: 0.0000 L_grad: 0.0002 
Train Epoch: 1 [4021/4995 (81%)] loss: 0.0003 L_si: 0.0001 L_grad: 0.0002 
Train Epoch: 1 [4022/4995 (81%)] loss: 0.0003 L_si: 0.0001 L_grad: 0.0002 
Train Epoch: 1 [4023/4995 (81%)] loss: 0.0005 L_si: 0.0002 L_grad: 0.0003 
Train Epoch: 1 [4024/4995 (81%)] loss: 0.0001 L_si: 0.0000 L_grad: 0.0001 
Train Epoch: 1 [4025/4995 (81%)] loss: 0.0005 L_si: 0.0002 L_grad: 0.0003 
Train Epoch: 1 [4026/4995 (81%)] loss: 0.0004 L_si: 0.0001 L_grad: 0.0003 
Train Epoch: 1 [4027/4995 (81%)] loss: 0.0008 L_si: 0.0004 L_grad: 0.0004 
Train Epoch: 1 [4028/4995 (81%)] loss: 0.0003 L_si: 0.0001 L_grad: 0.0002 
Train Epoch: 1 [4029/4995 (81%)] loss: 0.0009 L_si: 0.0005 L_grad: 0.0005 
Train Epoch: 1 [4030/4995 (81%)] loss: 0.0007 L_si: 0.0003 L_grad: 0.0005 
Train Epoch: 1 [4031/4995 (81%)] loss: 0.0003 L_si: 0.0001 L_grad: 0.0002 
Train Epoch: 1 [4032/4995 (81%)] loss: 0.0004 L_si: 0.0001 L_grad: 0.0002 
Train Epoch: 1 [4033/4995 (81%)] loss: 0.0004 L_si: 0.0001 L_grad: 0.0003 
Train Epoch: 1 [4034/4995 (81%)] loss: 0.0002 L_si: 0.0001 L_grad: 0.0002 
Train Epoch: 1 [4035/4995 (81%)] loss: 0.0010 L_si: 0.0006 L_grad: 0.0005 
Train Epoch: 1 [4036/4995 (81%)] loss: 0.0008 L_si: 0.0003 L_grad: 0.0004 
Train Epoch: 1 [4037/4995 (81%)] loss: 0.0003 L_si: 0.0001 L_grad: 0.0002 
Train Epoch: 1 [4038/4995 (81%)] loss: 0.0007 L_si: 0.0004 L_grad: 0.0003 
Train Epoch: 1 [4039/4995 (81%)] loss: 0.0006 L_si: 0.0003 L_grad: 0.0003 
Train Epoch: 1 [4040/4995 (81%)] loss: 0.0007 L_si: 0.0003 L_grad: 0.0003 
Train Epoch: 1 [4041/4995 (81%)] loss: 0.0001 L_si: 0.0000 L_grad: 0.0001 
Train Epoch: 1 [4042/4995 (81%)] loss: 0.0004 L_si: 0.0001 L_grad: 0.0002 
Train Epoch: 1 [4043/4995 (81%)] loss: 0.0005 L_si: 0.0002 L_grad: 0.0003 
Train Epoch: 1 [4044/4995 (81%)] loss: 0.0007 L_si: 0.0003 L_grad: 0.0004 
Train Epoch: 1 [4045/4995 (81%)] loss: 0.0008 L_si: 0.0004 L_grad: 0.0004 
Train Epoch: 1 [4046/4995 (81%)] loss: 0.0003 L_si: 0.0001 L_grad: 0.0002 
Train Epoch: 1 [4047/4995 (81%)] loss: 0.0003 L_si: 0.0001 L_grad: 0.0002 
Train Epoch: 1 [4048/4995 (81%)] loss: 0.0004 L_si: 0.0001 L_grad: 0.0002 
Train Epoch: 1 [4049/4995 (81%)] loss: 0.0006 L_si: 0.0003 L_grad: 0.0003 
Train Epoch: 1 [4050/4995 (81%)] loss: 0.0004 L_si: 0.0001 L_grad: 0.0003 
Train Epoch: 1 [4051/4995 (81%)] loss: 0.0004 L_si: 0.0001 L_grad: 0.0003 
Train Epoch: 1 [4052/4995 (81%)] loss: 0.0003 L_si: 0.0001 L_grad: 0.0002 
Train Epoch: 1 [4053/4995 (81%)] loss: 0.0005 L_si: 0.0002 L_grad: 0.0003 
Train Epoch: 1 [4054/4995 (81%)] loss: 0.0004 L_si: 0.0001 L_grad: 0.0003 
Train Epoch: 1 [4055/4995 (81%)] loss: 0.0003 L_si: 0.0001 L_grad: 0.0002 
Train Epoch: 1 [4056/4995 (81%)] loss: 0.0006 L_si: 0.0003 L_grad: 0.0003 
Train Epoch: 1 [4057/4995 (81%)] loss: 0.0003 L_si: 0.0001 L_grad: 0.0002 
Train Epoch: 1 [4058/4995 (81%)] loss: 0.0004 L_si: 0.0001 L_grad: 0.0002 
Train Epoch: 1 [4059/4995 (81%)] loss: 0.0004 L_si: 0.0001 L_grad: 0.0003 
Train Epoch: 1 [4060/4995 (81%)] loss: 0.0004 L_si: 0.0001 L_grad: 0.0002 
Train Epoch: 1 [4061/4995 (81%)] loss: 0.0003 L_si: 0.0001 L_grad: 0.0002 
Train Epoch: 1 [4062/4995 (81%)] loss: 0.0002 L_si: 0.0001 L_grad: 0.0002 
Train Epoch: 1 [4063/4995 (81%)] loss: 0.0003 L_si: 0.0001 L_grad: 0.0002 
Train Epoch: 1 [4064/4995 (81%)] loss: 0.0001 L_si: 0.0000 L_grad: 0.0001 
Train Epoch: 1 [4065/4995 (81%)] loss: 0.0005 L_si: 0.0002 L_grad: 0.0003 
Train Epoch: 1 [4066/4995 (81%)] loss: 0.0004 L_si: 0.0001 L_grad: 0.0003 
Train Epoch: 1 [4067/4995 (81%)] loss: 0.0004 L_si: 0.0001 L_grad: 0.0003 
Train Epoch: 1 [4068/4995 (81%)] loss: 0.0017 L_si: 0.0010 L_grad: 0.0008 
Train Epoch: 1 [4069/4995 (81%)] loss: 0.0002 L_si: 0.0001 L_grad: 0.0002 
Train Epoch: 1 [4070/4995 (81%)] loss: 0.0013 L_si: 0.0009 L_grad: 0.0004 
Train Epoch: 1 [4071/4995 (82%)] loss: 0.0005 L_si: 0.0002 L_grad: 0.0003 
Train Epoch: 1 [4072/4995 (82%)] loss: 0.0005 L_si: 0.0002 L_grad: 0.0003 
Train Epoch: 1 [4073/4995 (82%)] loss: 0.0004 L_si: 0.0002 L_grad: 0.0003 
Train Epoch: 1 [4074/4995 (82%)] loss: 0.0003 L_si: 0.0001 L_grad: 0.0002 
Train Epoch: 1 [4075/4995 (82%)] loss: 0.0005 L_si: 0.0002 L_grad: 0.0003 
Train Epoch: 1 [4076/4995 (82%)] loss: 0.0005 L_si: 0.0002 L_grad: 0.0003 
Train Epoch: 1 [4077/4995 (82%)] loss: 0.0005 L_si: 0.0003 L_grad: 0.0003 
Train Epoch: 1 [4078/4995 (82%)] loss: 0.0005 L_si: 0.0003 L_grad: 0.0002 
Train Epoch: 1 [4079/4995 (82%)] loss: 0.0004 L_si: 0.0002 L_grad: 0.0002 
Train Epoch: 1 [4080/4995 (82%)] loss: 0.0009 L_si: 0.0005 L_grad: 0.0003 
Train Epoch: 1 [4081/4995 (82%)] loss: 0.0003 L_si: 0.0001 L_grad: 0.0002 
Train Epoch: 1 [4082/4995 (82%)] loss: 0.0004 L_si: 0.0002 L_grad: 0.0002 
Train Epoch: 1 [4083/4995 (82%)] loss: 0.0006 L_si: 0.0004 L_grad: 0.0002 
Train Epoch: 1 [4084/4995 (82%)] loss: 0.0001 L_si: 0.0000 L_grad: 0.0001 
Train Epoch: 1 [4085/4995 (82%)] loss: 0.0004 L_si: 0.0001 L_grad: 0.0002 
Train Epoch: 1 [4086/4995 (82%)] loss: 0.0003 L_si: 0.0001 L_grad: 0.0002 
Train Epoch: 1 [4087/4995 (82%)] loss: 0.0005 L_si: 0.0002 L_grad: 0.0003 
Train Epoch: 1 [4088/4995 (82%)] loss: 0.0003 L_si: 0.0001 L_grad: 0.0002 
Train Epoch: 1 [4089/4995 (82%)] loss: 0.0014 L_si: 0.0009 L_grad: 0.0005 
Train Epoch: 1 [4090/4995 (82%)] loss: 0.0007 L_si: 0.0003 L_grad: 0.0004 
Train Epoch: 1 [4091/4995 (82%)] loss: 0.0001 L_si: 0.0000 L_grad: 0.0001 
Train Epoch: 1 [4092/4995 (82%)] loss: 0.0004 L_si: 0.0001 L_grad: 0.0003 
Train Epoch: 1 [4093/4995 (82%)] loss: 0.0006 L_si: 0.0002 L_grad: 0.0004 
Train Epoch: 1 [4094/4995 (82%)] loss: 0.0003 L_si: 0.0001 L_grad: 0.0002 
Train Epoch: 1 [4095/4995 (82%)] loss: 0.0003 L_si: 0.0001 L_grad: 0.0002 
Train Epoch: 1 [4096/4995 (82%)] loss: 0.0006 L_si: 0.0003 L_grad: 0.0004 
Train Epoch: 1 [4097/4995 (82%)] loss: 0.0005 L_si: 0.0002 L_grad: 0.0003 
Train Epoch: 1 [4098/4995 (82%)] loss: 0.0006 L_si: 0.0003 L_grad: 0.0003 
Train Epoch: 1 [4099/4995 (82%)] loss: 0.0003 L_si: 0.0001 L_grad: 0.0002 
Train Epoch: 1 [4100/4995 (82%)] loss: 0.0004 L_si: 0.0001 L_grad: 0.0003 
Train Epoch: 1 [4101/4995 (82%)] loss: 0.0003 L_si: 0.0001 L_grad: 0.0002 
Train Epoch: 1 [4102/4995 (82%)] loss: 0.0002 L_si: 0.0000 L_grad: 0.0001 
Train Epoch: 1 [4103/4995 (82%)] loss: 0.0003 L_si: 0.0001 L_grad: 0.0003 
Train Epoch: 1 [4104/4995 (82%)] loss: 0.0003 L_si: 0.0002 L_grad: 0.0002 
Train Epoch: 1 [4105/4995 (82%)] loss: 0.0009 L_si: 0.0006 L_grad: 0.0003 
Train Epoch: 1 [4106/4995 (82%)] loss: 0.0004 L_si: 0.0002 L_grad: 0.0003 
Train Epoch: 1 [4107/4995 (82%)] loss: 0.0004 L_si: 0.0002 L_grad: 0.0002 
Train Epoch: 1 [4108/4995 (82%)] loss: 0.0008 L_si: 0.0005 L_grad: 0.0003 
Train Epoch: 1 [4109/4995 (82%)] loss: 0.0002 L_si: 0.0001 L_grad: 0.0001 
Train Epoch: 1 [4110/4995 (82%)] loss: 0.0008 L_si: 0.0004 L_grad: 0.0004 
Train Epoch: 1 [4111/4995 (82%)] loss: 0.0002 L_si: 0.0000 L_grad: 0.0001 
Train Epoch: 1 [4112/4995 (82%)] loss: 0.0005 L_si: 0.0002 L_grad: 0.0003 
Train Epoch: 1 [4113/4995 (82%)] loss: 0.0005 L_si: 0.0002 L_grad: 0.0002 
Train Epoch: 1 [4114/4995 (82%)] loss: 0.0003 L_si: 0.0001 L_grad: 0.0002 
Train Epoch: 1 [4115/4995 (82%)] loss: 0.0004 L_si: 0.0001 L_grad: 0.0003 
Train Epoch: 1 [4116/4995 (82%)] loss: 0.0005 L_si: 0.0002 L_grad: 0.0002 
Train Epoch: 1 [4117/4995 (82%)] loss: 0.0004 L_si: 0.0001 L_grad: 0.0002 
Train Epoch: 1 [4118/4995 (82%)] loss: 0.0007 L_si: 0.0004 L_grad: 0.0003 
Train Epoch: 1 [4119/4995 (82%)] loss: 0.0001 L_si: 0.0000 L_grad: 0.0001 
Train Epoch: 1 [4120/4995 (82%)] loss: 0.0006 L_si: 0.0003 L_grad: 0.0003 
Train Epoch: 1 [4121/4995 (83%)] loss: 0.0002 L_si: 0.0000 L_grad: 0.0002 
Train Epoch: 1 [4122/4995 (83%)] loss: 0.0003 L_si: 0.0001 L_grad: 0.0002 
Train Epoch: 1 [4123/4995 (83%)] loss: 0.0005 L_si: 0.0003 L_grad: 0.0002 
Train Epoch: 1 [4124/4995 (83%)] loss: 0.0004 L_si: 0.0001 L_grad: 0.0003 
Train Epoch: 1 [4125/4995 (83%)] loss: 0.0002 L_si: 0.0000 L_grad: 0.0001 
Train Epoch: 1 [4126/4995 (83%)] loss: 0.0004 L_si: 0.0001 L_grad: 0.0003 
Train Epoch: 1 [4127/4995 (83%)] loss: 0.0001 L_si: 0.0000 L_grad: 0.0001 
Train Epoch: 1 [4128/4995 (83%)] loss: 0.0001 L_si: 0.0000 L_grad: 0.0001 
Train Epoch: 1 [4129/4995 (83%)] loss: 0.0005 L_si: 0.0002 L_grad: 0.0003 
Train Epoch: 1 [4130/4995 (83%)] loss: 0.0005 L_si: 0.0002 L_grad: 0.0003 
Train Epoch: 1 [4131/4995 (83%)] loss: 0.0005 L_si: 0.0002 L_grad: 0.0003 
Train Epoch: 1 [4132/4995 (83%)] loss: 0.0004 L_si: 0.0002 L_grad: 0.0002 
Train Epoch: 1 [4133/4995 (83%)] loss: 0.0006 L_si: 0.0003 L_grad: 0.0003 
Train Epoch: 1 [4134/4995 (83%)] loss: 0.0005 L_si: 0.0002 L_grad: 0.0003 
Train Epoch: 1 [4135/4995 (83%)] loss: 0.0006 L_si: 0.0003 L_grad: 0.0003 
Train Epoch: 1 [4136/4995 (83%)] loss: 0.0003 L_si: 0.0001 L_grad: 0.0003 
Train Epoch: 1 [4137/4995 (83%)] loss: 0.0005 L_si: 0.0002 L_grad: 0.0003 
Train Epoch: 1 [4138/4995 (83%)] loss: 0.0005 L_si: 0.0002 L_grad: 0.0003 
Train Epoch: 1 [4139/4995 (83%)] loss: 0.0007 L_si: 0.0003 L_grad: 0.0004 
Train Epoch: 1 [4140/4995 (83%)] loss: 0.0007 L_si: 0.0003 L_grad: 0.0004 
Train Epoch: 1 [4141/4995 (83%)] loss: 0.0003 L_si: 0.0001 L_grad: 0.0002 
Train Epoch: 1 [4142/4995 (83%)] loss: 0.0004 L_si: 0.0001 L_grad: 0.0003 
Train Epoch: 1 [4143/4995 (83%)] loss: 0.0003 L_si: 0.0001 L_grad: 0.0003 
Train Epoch: 1 [4144/4995 (83%)] loss: 0.0003 L_si: 0.0001 L_grad: 0.0002 
Train Epoch: 1 [4145/4995 (83%)] loss: 0.0003 L_si: 0.0001 L_grad: 0.0002 
Train Epoch: 1 [4146/4995 (83%)] loss: 0.0003 L_si: 0.0001 L_grad: 0.0002 
Train Epoch: 1 [4147/4995 (83%)] loss: 0.0007 L_si: 0.0004 L_grad: 0.0003 
Train Epoch: 1 [4148/4995 (83%)] loss: 0.0002 L_si: 0.0000 L_grad: 0.0002 
Train Epoch: 1 [4149/4995 (83%)] loss: 0.0002 L_si: 0.0000 L_grad: 0.0002 
Train Epoch: 1 [4150/4995 (83%)] loss: 0.0004 L_si: 0.0001 L_grad: 0.0002 
Train Epoch: 1 [4151/4995 (83%)] loss: 0.0006 L_si: 0.0003 L_grad: 0.0003 
Train Epoch: 1 [4152/4995 (83%)] loss: 0.0004 L_si: 0.0002 L_grad: 0.0003 
Train Epoch: 1 [4153/4995 (83%)] loss: 0.0002 L_si: 0.0000 L_grad: 0.0002 
Train Epoch: 1 [4154/4995 (83%)] loss: 0.0008 L_si: 0.0004 L_grad: 0.0004 
Train Epoch: 1 [4155/4995 (83%)] loss: 0.0003 L_si: 0.0001 L_grad: 0.0002 
Train Epoch: 1 [4156/4995 (83%)] loss: 0.0006 L_si: 0.0003 L_grad: 0.0003 
Train Epoch: 1 [4157/4995 (83%)] loss: 0.0004 L_si: 0.0001 L_grad: 0.0002 
Train Epoch: 1 [4158/4995 (83%)] loss: 0.0003 L_si: 0.0001 L_grad: 0.0002 
Train Epoch: 1 [4159/4995 (83%)] loss: 0.0004 L_si: 0.0002 L_grad: 0.0002 
Train Epoch: 1 [4160/4995 (83%)] loss: 0.0004 L_si: 0.0001 L_grad: 0.0003 
Train Epoch: 1 [4161/4995 (83%)] loss: 0.0002 L_si: 0.0000 L_grad: 0.0001 
Train Epoch: 1 [4162/4995 (83%)] loss: 0.0003 L_si: 0.0001 L_grad: 0.0002 
Train Epoch: 1 [4163/4995 (83%)] loss: 0.0001 L_si: 0.0000 L_grad: 0.0001 
Train Epoch: 1 [4164/4995 (83%)] loss: 0.0004 L_si: 0.0001 L_grad: 0.0003 
Train Epoch: 1 [4165/4995 (83%)] loss: 0.0005 L_si: 0.0002 L_grad: 0.0003 
Train Epoch: 1 [4166/4995 (83%)] loss: 0.0006 L_si: 0.0003 L_grad: 0.0004 
Train Epoch: 1 [4167/4995 (83%)] loss: 0.0005 L_si: 0.0002 L_grad: 0.0003 
Train Epoch: 1 [4168/4995 (83%)] loss: 0.0003 L_si: 0.0001 L_grad: 0.0002 
Train Epoch: 1 [4169/4995 (83%)] loss: 0.0006 L_si: 0.0002 L_grad: 0.0003 
Train Epoch: 1 [4170/4995 (83%)] loss: 0.0003 L_si: 0.0001 L_grad: 0.0002 
Train Epoch: 1 [4171/4995 (84%)] loss: 0.0003 L_si: 0.0001 L_grad: 0.0002 
Train Epoch: 1 [4172/4995 (84%)] loss: 0.0002 L_si: 0.0000 L_grad: 0.0001 
Train Epoch: 1 [4173/4995 (84%)] loss: 0.0006 L_si: 0.0003 L_grad: 0.0003 
Train Epoch: 1 [4174/4995 (84%)] loss: 0.0003 L_si: 0.0001 L_grad: 0.0002 
Train Epoch: 1 [4175/4995 (84%)] loss: 0.0004 L_si: 0.0001 L_grad: 0.0003 
Train Epoch: 1 [4176/4995 (84%)] loss: 0.0005 L_si: 0.0002 L_grad: 0.0003 
Train Epoch: 1 [4177/4995 (84%)] loss: 0.0010 L_si: 0.0006 L_grad: 0.0004 
Train Epoch: 1 [4178/4995 (84%)] loss: 0.0003 L_si: 0.0001 L_grad: 0.0002 
Train Epoch: 1 [4179/4995 (84%)] loss: 0.0004 L_si: 0.0001 L_grad: 0.0002 
Train Epoch: 1 [4180/4995 (84%)] loss: 0.0002 L_si: 0.0000 L_grad: 0.0002 
Train Epoch: 1 [4181/4995 (84%)] loss: 0.0003 L_si: 0.0001 L_grad: 0.0002 
Train Epoch: 1 [4182/4995 (84%)] loss: 0.0005 L_si: 0.0003 L_grad: 0.0002 
Train Epoch: 1 [4183/4995 (84%)] loss: 0.0004 L_si: 0.0002 L_grad: 0.0003 
Train Epoch: 1 [4184/4995 (84%)] loss: 0.0006 L_si: 0.0003 L_grad: 0.0003 
Train Epoch: 1 [4185/4995 (84%)] loss: 0.0004 L_si: 0.0001 L_grad: 0.0003 
Train Epoch: 1 [4186/4995 (84%)] loss: 0.0001 L_si: 0.0000 L_grad: 0.0001 
Train Epoch: 1 [4187/4995 (84%)] loss: 0.0006 L_si: 0.0003 L_grad: 0.0003 
Train Epoch: 1 [4188/4995 (84%)] loss: 0.0008 L_si: 0.0004 L_grad: 0.0004 
Train Epoch: 1 [4189/4995 (84%)] loss: 0.0005 L_si: 0.0002 L_grad: 0.0003 
Train Epoch: 1 [4190/4995 (84%)] loss: 0.0004 L_si: 0.0002 L_grad: 0.0003 
Train Epoch: 1 [4191/4995 (84%)] loss: 0.0003 L_si: 0.0001 L_grad: 0.0002 
Train Epoch: 1 [4192/4995 (84%)] loss: 0.0004 L_si: 0.0001 L_grad: 0.0003 
Train Epoch: 1 [4193/4995 (84%)] loss: 0.0005 L_si: 0.0002 L_grad: 0.0003 
Train Epoch: 1 [4194/4995 (84%)] loss: 0.0004 L_si: 0.0001 L_grad: 0.0003 
Train Epoch: 1 [4195/4995 (84%)] loss: 0.0004 L_si: 0.0001 L_grad: 0.0002 
Train Epoch: 1 [4196/4995 (84%)] loss: 0.0004 L_si: 0.0002 L_grad: 0.0002 
Train Epoch: 1 [4197/4995 (84%)] loss: 0.0004 L_si: 0.0001 L_grad: 0.0003 
Train Epoch: 1 [4198/4995 (84%)] loss: 0.0005 L_si: 0.0002 L_grad: 0.0003 
Train Epoch: 1 [4199/4995 (84%)] loss: 0.0004 L_si: 0.0002 L_grad: 0.0003 
Train Epoch: 1 [4200/4995 (84%)] loss: 0.0002 L_si: 0.0001 L_grad: 0.0002 
Train Epoch: 1 [4201/4995 (84%)] loss: 0.0005 L_si: 0.0002 L_grad: 0.0003 
Train Epoch: 1 [4202/4995 (84%)] loss: 0.0004 L_si: 0.0002 L_grad: 0.0003 
Train Epoch: 1 [4203/4995 (84%)] loss: 0.0009 L_si: 0.0005 L_grad: 0.0004 
Train Epoch: 1 [4204/4995 (84%)] loss: 0.0003 L_si: 0.0001 L_grad: 0.0002 
Train Epoch: 1 [4205/4995 (84%)] loss: 0.0004 L_si: 0.0002 L_grad: 0.0003 
Train Epoch: 1 [4206/4995 (84%)] loss: 0.0005 L_si: 0.0002 L_grad: 0.0003 
Train Epoch: 1 [4207/4995 (84%)] loss: 0.0004 L_si: 0.0001 L_grad: 0.0003 
Train Epoch: 1 [4208/4995 (84%)] loss: 0.0003 L_si: 0.0001 L_grad: 0.0002 
Train Epoch: 1 [4209/4995 (84%)] loss: 0.0004 L_si: 0.0001 L_grad: 0.0003 
Train Epoch: 1 [4210/4995 (84%)] loss: 0.0004 L_si: 0.0001 L_grad: 0.0003 
Train Epoch: 1 [4211/4995 (84%)] loss: 0.0014 L_si: 0.0009 L_grad: 0.0004 
Train Epoch: 1 [4212/4995 (84%)] loss: 0.0007 L_si: 0.0002 L_grad: 0.0005 
Train Epoch: 1 [4213/4995 (84%)] loss: 0.0006 L_si: 0.0003 L_grad: 0.0002 
Train Epoch: 1 [4214/4995 (84%)] loss: 0.0002 L_si: 0.0000 L_grad: 0.0002 
Train Epoch: 1 [4215/4995 (84%)] loss: 0.0005 L_si: 0.0002 L_grad: 0.0003 
Train Epoch: 1 [4216/4995 (84%)] loss: 0.0004 L_si: 0.0001 L_grad: 0.0003 
Train Epoch: 1 [4217/4995 (84%)] loss: 0.0006 L_si: 0.0002 L_grad: 0.0003 
Train Epoch: 1 [4218/4995 (84%)] loss: 0.0006 L_si: 0.0003 L_grad: 0.0003 
Train Epoch: 1 [4219/4995 (84%)] loss: 0.0001 L_si: 0.0000 L_grad: 0.0001 
Train Epoch: 1 [4220/4995 (84%)] loss: 0.0001 L_si: 0.0000 L_grad: 0.0001 
Train Epoch: 1 [4221/4995 (85%)] loss: 0.0006 L_si: 0.0003 L_grad: 0.0003 
Train Epoch: 1 [4222/4995 (85%)] loss: 0.0002 L_si: 0.0000 L_grad: 0.0001 
Train Epoch: 1 [4223/4995 (85%)] loss: 0.0004 L_si: 0.0002 L_grad: 0.0003 
Train Epoch: 1 [4224/4995 (85%)] loss: 0.0003 L_si: 0.0001 L_grad: 0.0002 
Train Epoch: 1 [4225/4995 (85%)] loss: 0.0004 L_si: 0.0002 L_grad: 0.0002 
Train Epoch: 1 [4226/4995 (85%)] loss: 0.0003 L_si: 0.0001 L_grad: 0.0002 
Train Epoch: 1 [4227/4995 (85%)] loss: 0.0006 L_si: 0.0002 L_grad: 0.0004 
Train Epoch: 1 [4228/4995 (85%)] loss: 0.0011 L_si: 0.0006 L_grad: 0.0004 
Train Epoch: 1 [4229/4995 (85%)] loss: 0.0004 L_si: 0.0001 L_grad: 0.0003 
Train Epoch: 1 [4230/4995 (85%)] loss: 0.0005 L_si: 0.0002 L_grad: 0.0003 
Train Epoch: 1 [4231/4995 (85%)] loss: 0.0003 L_si: 0.0001 L_grad: 0.0003 
Train Epoch: 1 [4232/4995 (85%)] loss: 0.0003 L_si: 0.0001 L_grad: 0.0002 
Train Epoch: 1 [4233/4995 (85%)] loss: 0.0006 L_si: 0.0003 L_grad: 0.0004 
Train Epoch: 1 [4234/4995 (85%)] loss: 0.0002 L_si: 0.0000 L_grad: 0.0002 
Train Epoch: 1 [4235/4995 (85%)] loss: 0.0008 L_si: 0.0004 L_grad: 0.0004 
Train Epoch: 1 [4236/4995 (85%)] loss: 0.0007 L_si: 0.0004 L_grad: 0.0003 
Train Epoch: 1 [4237/4995 (85%)] loss: 0.0014 L_si: 0.0007 L_grad: 0.0007 
Train Epoch: 1 [4238/4995 (85%)] loss: 0.0005 L_si: 0.0002 L_grad: 0.0003 
Train Epoch: 1 [4239/4995 (85%)] loss: 0.0003 L_si: 0.0001 L_grad: 0.0002 
Train Epoch: 1 [4240/4995 (85%)] loss: 0.0003 L_si: 0.0001 L_grad: 0.0002 
Train Epoch: 1 [4241/4995 (85%)] loss: 0.0002 L_si: 0.0001 L_grad: 0.0002 
Train Epoch: 1 [4242/4995 (85%)] loss: 0.0003 L_si: 0.0001 L_grad: 0.0002 
Train Epoch: 1 [4243/4995 (85%)] loss: 0.0005 L_si: 0.0002 L_grad: 0.0002 
Train Epoch: 1 [4244/4995 (85%)] loss: 0.0003 L_si: 0.0001 L_grad: 0.0002 
Train Epoch: 1 [4245/4995 (85%)] loss: 0.0022 L_si: 0.0012 L_grad: 0.0010 
Train Epoch: 1 [4246/4995 (85%)] loss: 0.0004 L_si: 0.0002 L_grad: 0.0003 
Train Epoch: 1 [4247/4995 (85%)] loss: 0.0004 L_si: 0.0001 L_grad: 0.0003 
Train Epoch: 1 [4248/4995 (85%)] loss: 0.0003 L_si: 0.0001 L_grad: 0.0002 
Train Epoch: 1 [4249/4995 (85%)] loss: 0.0003 L_si: 0.0001 L_grad: 0.0003 
Train Epoch: 1 [4250/4995 (85%)] loss: 0.0004 L_si: 0.0001 L_grad: 0.0003 
Train Epoch: 1 [4251/4995 (85%)] loss: 0.0004 L_si: 0.0002 L_grad: 0.0002 
Train Epoch: 1 [4252/4995 (85%)] loss: 0.0005 L_si: 0.0002 L_grad: 0.0003 
Train Epoch: 1 [4253/4995 (85%)] loss: 0.0003 L_si: 0.0001 L_grad: 0.0002 
Train Epoch: 1 [4254/4995 (85%)] loss: 0.0013 L_si: 0.0006 L_grad: 0.0007 
Train Epoch: 1 [4255/4995 (85%)] loss: 0.0014 L_si: 0.0008 L_grad: 0.0006 
Train Epoch: 1 [4256/4995 (85%)] loss: 0.0004 L_si: 0.0001 L_grad: 0.0003 
Train Epoch: 1 [4257/4995 (85%)] loss: 0.0001 L_si: 0.0000 L_grad: 0.0001 
Train Epoch: 1 [4258/4995 (85%)] loss: 0.0003 L_si: 0.0001 L_grad: 0.0002 
Train Epoch: 1 [4259/4995 (85%)] loss: 0.0002 L_si: 0.0000 L_grad: 0.0002 
Train Epoch: 1 [4260/4995 (85%)] loss: 0.0003 L_si: 0.0001 L_grad: 0.0002 
Train Epoch: 1 [4261/4995 (85%)] loss: 0.0009 L_si: 0.0003 L_grad: 0.0006 
Train Epoch: 1 [4262/4995 (85%)] loss: 0.0005 L_si: 0.0002 L_grad: 0.0003 
Train Epoch: 1 [4263/4995 (85%)] loss: 0.0006 L_si: 0.0002 L_grad: 0.0004 
Train Epoch: 1 [4264/4995 (85%)] loss: 0.0006 L_si: 0.0002 L_grad: 0.0004 
Train Epoch: 1 [4265/4995 (85%)] loss: 0.0005 L_si: 0.0003 L_grad: 0.0003 
Train Epoch: 1 [4266/4995 (85%)] loss: 0.0005 L_si: 0.0002 L_grad: 0.0003 
Train Epoch: 1 [4267/4995 (85%)] loss: 0.0004 L_si: 0.0001 L_grad: 0.0003 
Train Epoch: 1 [4268/4995 (85%)] loss: 0.0007 L_si: 0.0003 L_grad: 0.0003 
Train Epoch: 1 [4269/4995 (85%)] loss: 0.0004 L_si: 0.0002 L_grad: 0.0003 
Train Epoch: 1 [4270/4995 (85%)] loss: 0.0003 L_si: 0.0001 L_grad: 0.0002 
Train Epoch: 1 [4271/4995 (86%)] loss: 0.0004 L_si: 0.0002 L_grad: 0.0003 
Train Epoch: 1 [4272/4995 (86%)] loss: 0.0005 L_si: 0.0002 L_grad: 0.0003 
Train Epoch: 1 [4273/4995 (86%)] loss: 0.0003 L_si: 0.0001 L_grad: 0.0002 
Train Epoch: 1 [4274/4995 (86%)] loss: 0.0005 L_si: 0.0002 L_grad: 0.0003 
Train Epoch: 1 [4275/4995 (86%)] loss: 0.0004 L_si: 0.0001 L_grad: 0.0003 
Train Epoch: 1 [4276/4995 (86%)] loss: 0.0004 L_si: 0.0001 L_grad: 0.0003 
Train Epoch: 1 [4277/4995 (86%)] loss: 0.0009 L_si: 0.0004 L_grad: 0.0005 
Train Epoch: 1 [4278/4995 (86%)] loss: 0.0002 L_si: 0.0001 L_grad: 0.0001 
Train Epoch: 1 [4279/4995 (86%)] loss: 0.0006 L_si: 0.0003 L_grad: 0.0003 
Train Epoch: 1 [4280/4995 (86%)] loss: 0.0003 L_si: 0.0001 L_grad: 0.0002 
Train Epoch: 1 [4281/4995 (86%)] loss: 0.0004 L_si: 0.0001 L_grad: 0.0002 
Train Epoch: 1 [4282/4995 (86%)] loss: 0.0011 L_si: 0.0006 L_grad: 0.0005 
Train Epoch: 1 [4283/4995 (86%)] loss: 0.0006 L_si: 0.0002 L_grad: 0.0004 
Train Epoch: 1 [4284/4995 (86%)] loss: 0.0004 L_si: 0.0002 L_grad: 0.0002 
Train Epoch: 1 [4285/4995 (86%)] loss: 0.0008 L_si: 0.0003 L_grad: 0.0005 
Train Epoch: 1 [4286/4995 (86%)] loss: 0.0004 L_si: 0.0001 L_grad: 0.0003 
Train Epoch: 1 [4287/4995 (86%)] loss: 0.0004 L_si: 0.0002 L_grad: 0.0003 
Train Epoch: 1 [4288/4995 (86%)] loss: 0.0001 L_si: 0.0000 L_grad: 0.0001 
Train Epoch: 1 [4289/4995 (86%)] loss: 0.0005 L_si: 0.0003 L_grad: 0.0003 
Train Epoch: 1 [4290/4995 (86%)] loss: 0.0002 L_si: 0.0001 L_grad: 0.0002 
Train Epoch: 1 [4291/4995 (86%)] loss: 0.0006 L_si: 0.0002 L_grad: 0.0004 
Train Epoch: 1 [4292/4995 (86%)] loss: 0.0004 L_si: 0.0001 L_grad: 0.0003 
Train Epoch: 1 [4293/4995 (86%)] loss: 0.0004 L_si: 0.0002 L_grad: 0.0002 
Train Epoch: 1 [4294/4995 (86%)] loss: 0.0005 L_si: 0.0003 L_grad: 0.0003 
Train Epoch: 1 [4295/4995 (86%)] loss: 0.0006 L_si: 0.0002 L_grad: 0.0003 
Train Epoch: 1 [4296/4995 (86%)] loss: 0.0002 L_si: 0.0001 L_grad: 0.0002 
Train Epoch: 1 [4297/4995 (86%)] loss: 0.0004 L_si: 0.0001 L_grad: 0.0003 
Train Epoch: 1 [4298/4995 (86%)] loss: 0.0002 L_si: 0.0000 L_grad: 0.0001 
Train Epoch: 1 [4299/4995 (86%)] loss: 0.0003 L_si: 0.0001 L_grad: 0.0002 
Train Epoch: 1 [4300/4995 (86%)] loss: 0.0002 L_si: 0.0000 L_grad: 0.0002 
Train Epoch: 1 [4301/4995 (86%)] loss: 0.0005 L_si: 0.0002 L_grad: 0.0003 
Train Epoch: 1 [4302/4995 (86%)] loss: 0.0006 L_si: 0.0003 L_grad: 0.0003 
Train Epoch: 1 [4303/4995 (86%)] loss: 0.0006 L_si: 0.0003 L_grad: 0.0003 
Train Epoch: 1 [4304/4995 (86%)] loss: 0.0003 L_si: 0.0001 L_grad: 0.0002 
Train Epoch: 1 [4305/4995 (86%)] loss: 0.0003 L_si: 0.0001 L_grad: 0.0002 
Train Epoch: 1 [4306/4995 (86%)] loss: 0.0005 L_si: 0.0002 L_grad: 0.0003 
Train Epoch: 1 [4307/4995 (86%)] loss: 0.0005 L_si: 0.0001 L_grad: 0.0003 
Train Epoch: 1 [4308/4995 (86%)] loss: 0.0020 L_si: 0.0010 L_grad: 0.0009 
Train Epoch: 1 [4309/4995 (86%)] loss: 0.0004 L_si: 0.0002 L_grad: 0.0002 
Train Epoch: 1 [4310/4995 (86%)] loss: 0.0007 L_si: 0.0004 L_grad: 0.0003 
Train Epoch: 1 [4311/4995 (86%)] loss: 0.0001 L_si: 0.0000 L_grad: 0.0001 
Train Epoch: 1 [4312/4995 (86%)] loss: 0.0001 L_si: 0.0000 L_grad: 0.0001 
Train Epoch: 1 [4313/4995 (86%)] loss: 0.0004 L_si: 0.0001 L_grad: 0.0003 
Train Epoch: 1 [4314/4995 (86%)] loss: 0.0004 L_si: 0.0002 L_grad: 0.0003 
Train Epoch: 1 [4315/4995 (86%)] loss: 0.0003 L_si: 0.0001 L_grad: 0.0002 
Train Epoch: 1 [4316/4995 (86%)] loss: 0.0004 L_si: 0.0001 L_grad: 0.0003 
Train Epoch: 1 [4317/4995 (86%)] loss: 0.0011 L_si: 0.0005 L_grad: 0.0006 
Train Epoch: 1 [4318/4995 (86%)] loss: 0.0005 L_si: 0.0002 L_grad: 0.0003 
Train Epoch: 1 [4319/4995 (86%)] loss: 0.0001 L_si: 0.0000 L_grad: 0.0001 
Train Epoch: 1 [4320/4995 (86%)] loss: 0.0003 L_si: 0.0001 L_grad: 0.0002 
Train Epoch: 1 [4321/4995 (87%)] loss: 0.0004 L_si: 0.0001 L_grad: 0.0003 
Train Epoch: 1 [4322/4995 (87%)] loss: 0.0006 L_si: 0.0002 L_grad: 0.0004 
Train Epoch: 1 [4323/4995 (87%)] loss: 0.0003 L_si: 0.0001 L_grad: 0.0002 
Train Epoch: 1 [4324/4995 (87%)] loss: 0.0007 L_si: 0.0003 L_grad: 0.0004 
Train Epoch: 1 [4325/4995 (87%)] loss: 0.0003 L_si: 0.0000 L_grad: 0.0002 
Train Epoch: 1 [4326/4995 (87%)] loss: 0.0006 L_si: 0.0003 L_grad: 0.0003 
Train Epoch: 1 [4327/4995 (87%)] loss: 0.0004 L_si: 0.0001 L_grad: 0.0003 
Train Epoch: 1 [4328/4995 (87%)] loss: 0.0002 L_si: 0.0000 L_grad: 0.0002 
Train Epoch: 1 [4329/4995 (87%)] loss: 0.0012 L_si: 0.0007 L_grad: 0.0005 
Train Epoch: 1 [4330/4995 (87%)] loss: 0.0004 L_si: 0.0001 L_grad: 0.0003 
Train Epoch: 1 [4331/4995 (87%)] loss: 0.0005 L_si: 0.0002 L_grad: 0.0003 
Train Epoch: 1 [4332/4995 (87%)] loss: 0.0016 L_si: 0.0008 L_grad: 0.0008 
Train Epoch: 1 [4333/4995 (87%)] loss: 0.0005 L_si: 0.0002 L_grad: 0.0003 
Train Epoch: 1 [4334/4995 (87%)] loss: 0.0003 L_si: 0.0001 L_grad: 0.0002 
Train Epoch: 1 [4335/4995 (87%)] loss: 0.0004 L_si: 0.0001 L_grad: 0.0002 
Train Epoch: 1 [4336/4995 (87%)] loss: 0.0014 L_si: 0.0007 L_grad: 0.0007 
Train Epoch: 1 [4337/4995 (87%)] loss: 0.0007 L_si: 0.0004 L_grad: 0.0003 
Train Epoch: 1 [4338/4995 (87%)] loss: 0.0004 L_si: 0.0001 L_grad: 0.0003 
Train Epoch: 1 [4339/4995 (87%)] loss: 0.0004 L_si: 0.0001 L_grad: 0.0003 
Train Epoch: 1 [4340/4995 (87%)] loss: 0.0004 L_si: 0.0001 L_grad: 0.0003 
Train Epoch: 1 [4341/4995 (87%)] loss: 0.0003 L_si: 0.0001 L_grad: 0.0002 
Train Epoch: 1 [4342/4995 (87%)] loss: 0.0003 L_si: 0.0001 L_grad: 0.0002 
Train Epoch: 1 [4343/4995 (87%)] loss: 0.0005 L_si: 0.0002 L_grad: 0.0003 
Train Epoch: 1 [4344/4995 (87%)] loss: 0.0001 L_si: 0.0000 L_grad: 0.0001 
Train Epoch: 1 [4345/4995 (87%)] loss: 0.0007 L_si: 0.0004 L_grad: 0.0003 
Train Epoch: 1 [4346/4995 (87%)] loss: 0.0003 L_si: 0.0001 L_grad: 0.0002 
Train Epoch: 1 [4347/4995 (87%)] loss: 0.0003 L_si: 0.0001 L_grad: 0.0002 
Train Epoch: 1 [4348/4995 (87%)] loss: 0.0005 L_si: 0.0002 L_grad: 0.0003 
Train Epoch: 1 [4349/4995 (87%)] loss: 0.0005 L_si: 0.0002 L_grad: 0.0003 
Train Epoch: 1 [4350/4995 (87%)] loss: 0.0003 L_si: 0.0001 L_grad: 0.0002 
Train Epoch: 1 [4351/4995 (87%)] loss: 0.0005 L_si: 0.0002 L_grad: 0.0003 
Train Epoch: 1 [4352/4995 (87%)] loss: 0.0003 L_si: 0.0001 L_grad: 0.0002 
Train Epoch: 1 [4353/4995 (87%)] loss: 0.0005 L_si: 0.0002 L_grad: 0.0003 
Train Epoch: 1 [4354/4995 (87%)] loss: 0.0004 L_si: 0.0001 L_grad: 0.0003 
Train Epoch: 1 [4355/4995 (87%)] loss: 0.0014 L_si: 0.0009 L_grad: 0.0005 
Train Epoch: 1 [4356/4995 (87%)] loss: 0.0001 L_si: 0.0000 L_grad: 0.0001 
Train Epoch: 1 [4357/4995 (87%)] loss: 0.0002 L_si: 0.0000 L_grad: 0.0002 
Train Epoch: 1 [4358/4995 (87%)] loss: 0.0004 L_si: 0.0001 L_grad: 0.0003 
Train Epoch: 1 [4359/4995 (87%)] loss: 0.0004 L_si: 0.0002 L_grad: 0.0003 
Train Epoch: 1 [4360/4995 (87%)] loss: 0.0006 L_si: 0.0003 L_grad: 0.0003 
Train Epoch: 1 [4361/4995 (87%)] loss: 0.0002 L_si: 0.0001 L_grad: 0.0002 
Train Epoch: 1 [4362/4995 (87%)] loss: 0.0003 L_si: 0.0001 L_grad: 0.0002 
Train Epoch: 1 [4363/4995 (87%)] loss: 0.0003 L_si: 0.0001 L_grad: 0.0002 
Train Epoch: 1 [4364/4995 (87%)] loss: 0.0017 L_si: 0.0009 L_grad: 0.0008 
Train Epoch: 1 [4365/4995 (87%)] loss: 0.0001 L_si: 0.0000 L_grad: 0.0001 
Train Epoch: 1 [4366/4995 (87%)] loss: 0.0001 L_si: 0.0000 L_grad: 0.0001 
Train Epoch: 1 [4367/4995 (87%)] loss: 0.0001 L_si: 0.0000 L_grad: 0.0001 
Train Epoch: 1 [4368/4995 (87%)] loss: 0.0007 L_si: 0.0002 L_grad: 0.0004 
Train Epoch: 1 [4369/4995 (87%)] loss: 0.0006 L_si: 0.0002 L_grad: 0.0003 
Train Epoch: 1 [4370/4995 (87%)] loss: 0.0004 L_si: 0.0001 L_grad: 0.0003 
Train Epoch: 1 [4371/4995 (88%)] loss: 0.0011 L_si: 0.0007 L_grad: 0.0005 
Train Epoch: 1 [4372/4995 (88%)] loss: 0.0011 L_si: 0.0005 L_grad: 0.0006 
Train Epoch: 1 [4373/4995 (88%)] loss: 0.0005 L_si: 0.0003 L_grad: 0.0002 
Train Epoch: 1 [4374/4995 (88%)] loss: 0.0003 L_si: 0.0001 L_grad: 0.0002 
Train Epoch: 1 [4375/4995 (88%)] loss: 0.0005 L_si: 0.0002 L_grad: 0.0003 
Train Epoch: 1 [4376/4995 (88%)] loss: 0.0003 L_si: 0.0001 L_grad: 0.0002 
Train Epoch: 1 [4377/4995 (88%)] loss: 0.0003 L_si: 0.0001 L_grad: 0.0002 
Train Epoch: 1 [4378/4995 (88%)] loss: 0.0006 L_si: 0.0003 L_grad: 0.0003 
Train Epoch: 1 [4379/4995 (88%)] loss: 0.0004 L_si: 0.0001 L_grad: 0.0002 
Train Epoch: 1 [4380/4995 (88%)] loss: 0.0003 L_si: 0.0001 L_grad: 0.0002 
Train Epoch: 1 [4381/4995 (88%)] loss: 0.0004 L_si: 0.0002 L_grad: 0.0003 
Train Epoch: 1 [4382/4995 (88%)] loss: 0.0004 L_si: 0.0001 L_grad: 0.0003 
Train Epoch: 1 [4383/4995 (88%)] loss: 0.0006 L_si: 0.0003 L_grad: 0.0003 
Train Epoch: 1 [4384/4995 (88%)] loss: 0.0014 L_si: 0.0009 L_grad: 0.0005 
Train Epoch: 1 [4385/4995 (88%)] loss: 0.0003 L_si: 0.0001 L_grad: 0.0002 
Train Epoch: 1 [4386/4995 (88%)] loss: 0.0002 L_si: 0.0001 L_grad: 0.0002 
Train Epoch: 1 [4387/4995 (88%)] loss: 0.0003 L_si: 0.0001 L_grad: 0.0002 
Train Epoch: 1 [4388/4995 (88%)] loss: 0.0008 L_si: 0.0005 L_grad: 0.0003 
Train Epoch: 1 [4389/4995 (88%)] loss: 0.0016 L_si: 0.0008 L_grad: 0.0008 
Train Epoch: 1 [4390/4995 (88%)] loss: 0.0003 L_si: 0.0001 L_grad: 0.0002 
Train Epoch: 1 [4391/4995 (88%)] loss: 0.0004 L_si: 0.0001 L_grad: 0.0003 
Train Epoch: 1 [4392/4995 (88%)] loss: 0.0005 L_si: 0.0002 L_grad: 0.0003 
Train Epoch: 1 [4393/4995 (88%)] loss: 0.0003 L_si: 0.0001 L_grad: 0.0002 
Train Epoch: 1 [4394/4995 (88%)] loss: 0.0009 L_si: 0.0004 L_grad: 0.0005 
Train Epoch: 1 [4395/4995 (88%)] loss: 0.0002 L_si: 0.0001 L_grad: 0.0002 
Train Epoch: 1 [4396/4995 (88%)] loss: 0.0005 L_si: 0.0002 L_grad: 0.0003 
Train Epoch: 1 [4397/4995 (88%)] loss: 0.0004 L_si: 0.0002 L_grad: 0.0003 
Train Epoch: 1 [4398/4995 (88%)] loss: 0.0006 L_si: 0.0002 L_grad: 0.0004 
Train Epoch: 1 [4399/4995 (88%)] loss: 0.0003 L_si: 0.0001 L_grad: 0.0003 
Train Epoch: 1 [4400/4995 (88%)] loss: 0.0005 L_si: 0.0002 L_grad: 0.0003 
Train Epoch: 1 [4401/4995 (88%)] loss: 0.0005 L_si: 0.0003 L_grad: 0.0002 
Train Epoch: 1 [4402/4995 (88%)] loss: 0.0004 L_si: 0.0001 L_grad: 0.0003 
Train Epoch: 1 [4403/4995 (88%)] loss: 0.0004 L_si: 0.0001 L_grad: 0.0003 
Train Epoch: 1 [4404/4995 (88%)] loss: 0.0005 L_si: 0.0002 L_grad: 0.0004 
Train Epoch: 1 [4405/4995 (88%)] loss: 0.0007 L_si: 0.0002 L_grad: 0.0005 
Train Epoch: 1 [4406/4995 (88%)] loss: 0.0003 L_si: 0.0001 L_grad: 0.0002 
Train Epoch: 1 [4407/4995 (88%)] loss: 0.0005 L_si: 0.0001 L_grad: 0.0004 
Train Epoch: 1 [4408/4995 (88%)] loss: 0.0009 L_si: 0.0003 L_grad: 0.0006 
Train Epoch: 1 [4409/4995 (88%)] loss: 0.0012 L_si: 0.0005 L_grad: 0.0006 
Train Epoch: 1 [4410/4995 (88%)] loss: 0.0008 L_si: 0.0004 L_grad: 0.0004 
Train Epoch: 1 [4411/4995 (88%)] loss: 0.0004 L_si: 0.0001 L_grad: 0.0003 
Train Epoch: 1 [4412/4995 (88%)] loss: 0.0012 L_si: 0.0006 L_grad: 0.0007 
Train Epoch: 1 [4413/4995 (88%)] loss: 0.0005 L_si: 0.0001 L_grad: 0.0004 
Train Epoch: 1 [4414/4995 (88%)] loss: 0.0006 L_si: 0.0002 L_grad: 0.0005 
Train Epoch: 1 [4415/4995 (88%)] loss: 0.0001 L_si: 0.0000 L_grad: 0.0001 
Train Epoch: 1 [4416/4995 (88%)] loss: 0.0005 L_si: 0.0001 L_grad: 0.0003 
Train Epoch: 1 [4417/4995 (88%)] loss: 0.0009 L_si: 0.0004 L_grad: 0.0005 
Train Epoch: 1 [4418/4995 (88%)] loss: 0.0011 L_si: 0.0007 L_grad: 0.0005 
Train Epoch: 1 [4419/4995 (88%)] loss: 0.0009 L_si: 0.0004 L_grad: 0.0005 
Train Epoch: 1 [4420/4995 (88%)] loss: 0.0003 L_si: 0.0001 L_grad: 0.0003 
Train Epoch: 1 [4421/4995 (89%)] loss: 0.0004 L_si: 0.0001 L_grad: 0.0003 
Train Epoch: 1 [4422/4995 (89%)] loss: 0.0005 L_si: 0.0002 L_grad: 0.0003 
Train Epoch: 1 [4423/4995 (89%)] loss: 0.0001 L_si: 0.0000 L_grad: 0.0001 
Train Epoch: 1 [4424/4995 (89%)] loss: 0.0001 L_si: 0.0000 L_grad: 0.0001 
Train Epoch: 1 [4425/4995 (89%)] loss: 0.0005 L_si: 0.0002 L_grad: 0.0003 
Train Epoch: 1 [4426/4995 (89%)] loss: 0.0008 L_si: 0.0004 L_grad: 0.0004 
Train Epoch: 1 [4427/4995 (89%)] loss: 0.0005 L_si: 0.0002 L_grad: 0.0003 
Train Epoch: 1 [4428/4995 (89%)] loss: 0.0009 L_si: 0.0004 L_grad: 0.0005 
Train Epoch: 1 [4429/4995 (89%)] loss: 0.0005 L_si: 0.0002 L_grad: 0.0004 
Train Epoch: 1 [4430/4995 (89%)] loss: 0.0007 L_si: 0.0003 L_grad: 0.0004 
Train Epoch: 1 [4431/4995 (89%)] loss: 0.0006 L_si: 0.0002 L_grad: 0.0005 
Train Epoch: 1 [4432/4995 (89%)] loss: 0.0006 L_si: 0.0002 L_grad: 0.0004 
Train Epoch: 1 [4433/4995 (89%)] loss: 0.0004 L_si: 0.0001 L_grad: 0.0003 
Train Epoch: 1 [4434/4995 (89%)] loss: 0.0005 L_si: 0.0002 L_grad: 0.0003 
Train Epoch: 1 [4435/4995 (89%)] loss: 0.0010 L_si: 0.0005 L_grad: 0.0005 
Train Epoch: 1 [4436/4995 (89%)] loss: 0.0004 L_si: 0.0001 L_grad: 0.0003 
Train Epoch: 1 [4437/4995 (89%)] loss: 0.0022 L_si: 0.0013 L_grad: 0.0010 
Train Epoch: 1 [4438/4995 (89%)] loss: 0.0003 L_si: 0.0001 L_grad: 0.0003 
Train Epoch: 1 [4439/4995 (89%)] loss: 0.0007 L_si: 0.0003 L_grad: 0.0004 
Train Epoch: 1 [4440/4995 (89%)] loss: 0.0004 L_si: 0.0001 L_grad: 0.0003 
Train Epoch: 1 [4441/4995 (89%)] loss: 0.0005 L_si: 0.0002 L_grad: 0.0003 
Train Epoch: 1 [4442/4995 (89%)] loss: 0.0005 L_si: 0.0002 L_grad: 0.0003 
Train Epoch: 1 [4443/4995 (89%)] loss: 0.0003 L_si: 0.0001 L_grad: 0.0002 
Train Epoch: 1 [4444/4995 (89%)] loss: 0.0007 L_si: 0.0004 L_grad: 0.0003 
Train Epoch: 1 [4445/4995 (89%)] loss: 0.0007 L_si: 0.0004 L_grad: 0.0003 
Train Epoch: 1 [4446/4995 (89%)] loss: 0.0003 L_si: 0.0001 L_grad: 0.0002 
Train Epoch: 1 [4447/4995 (89%)] loss: 0.0003 L_si: 0.0001 L_grad: 0.0002 
Train Epoch: 1 [4448/4995 (89%)] loss: 0.0004 L_si: 0.0002 L_grad: 0.0002 
Train Epoch: 1 [4449/4995 (89%)] loss: 0.0003 L_si: 0.0001 L_grad: 0.0002 
Train Epoch: 1 [4450/4995 (89%)] loss: 0.0004 L_si: 0.0001 L_grad: 0.0003 
Train Epoch: 1 [4451/4995 (89%)] loss: 0.0006 L_si: 0.0003 L_grad: 0.0003 
Train Epoch: 1 [4452/4995 (89%)] loss: 0.0004 L_si: 0.0001 L_grad: 0.0003 
Train Epoch: 1 [4453/4995 (89%)] loss: 0.0005 L_si: 0.0002 L_grad: 0.0003 
Train Epoch: 1 [4454/4995 (89%)] loss: 0.0004 L_si: 0.0001 L_grad: 0.0002 
Train Epoch: 1 [4455/4995 (89%)] loss: 0.0002 L_si: 0.0000 L_grad: 0.0002 
Train Epoch: 1 [4456/4995 (89%)] loss: 0.0004 L_si: 0.0002 L_grad: 0.0002 
Train Epoch: 1 [4457/4995 (89%)] loss: 0.0005 L_si: 0.0002 L_grad: 0.0003 
Train Epoch: 1 [4458/4995 (89%)] loss: 0.0003 L_si: 0.0001 L_grad: 0.0002 
Train Epoch: 1 [4459/4995 (89%)] loss: 0.0004 L_si: 0.0002 L_grad: 0.0002 
Train Epoch: 1 [4460/4995 (89%)] loss: 0.0006 L_si: 0.0003 L_grad: 0.0003 
Train Epoch: 1 [4461/4995 (89%)] loss: 0.0002 L_si: 0.0000 L_grad: 0.0002 
Train Epoch: 1 [4462/4995 (89%)] loss: 0.0003 L_si: 0.0001 L_grad: 0.0002 
Train Epoch: 1 [4463/4995 (89%)] loss: 0.0002 L_si: 0.0001 L_grad: 0.0001 
Train Epoch: 1 [4464/4995 (89%)] loss: 0.0003 L_si: 0.0001 L_grad: 0.0002 
Train Epoch: 1 [4465/4995 (89%)] loss: 0.0002 L_si: 0.0001 L_grad: 0.0002 
Train Epoch: 1 [4466/4995 (89%)] loss: 0.0002 L_si: 0.0000 L_grad: 0.0002 
Train Epoch: 1 [4467/4995 (89%)] loss: 0.0002 L_si: 0.0000 L_grad: 0.0002 
Train Epoch: 1 [4468/4995 (89%)] loss: 0.0005 L_si: 0.0002 L_grad: 0.0002 
Train Epoch: 1 [4469/4995 (89%)] loss: 0.0004 L_si: 0.0002 L_grad: 0.0002 
Train Epoch: 1 [4470/4995 (89%)] loss: 0.0003 L_si: 0.0001 L_grad: 0.0003 
Train Epoch: 1 [4471/4995 (90%)] loss: 0.0008 L_si: 0.0004 L_grad: 0.0004 
Train Epoch: 1 [4472/4995 (90%)] loss: 0.0002 L_si: 0.0000 L_grad: 0.0001 
Train Epoch: 1 [4473/4995 (90%)] loss: 0.0004 L_si: 0.0001 L_grad: 0.0003 
Train Epoch: 1 [4474/4995 (90%)] loss: 0.0007 L_si: 0.0003 L_grad: 0.0004 
Train Epoch: 1 [4475/4995 (90%)] loss: 0.0005 L_si: 0.0002 L_grad: 0.0003 
Train Epoch: 1 [4476/4995 (90%)] loss: 0.0004 L_si: 0.0001 L_grad: 0.0003 
Train Epoch: 1 [4477/4995 (90%)] loss: 0.0004 L_si: 0.0001 L_grad: 0.0002 
Train Epoch: 1 [4478/4995 (90%)] loss: 0.0004 L_si: 0.0001 L_grad: 0.0003 
Train Epoch: 1 [4479/4995 (90%)] loss: 0.0003 L_si: 0.0001 L_grad: 0.0002 
Train Epoch: 1 [4480/4995 (90%)] loss: 0.0003 L_si: 0.0001 L_grad: 0.0002 
Train Epoch: 1 [4481/4995 (90%)] loss: 0.0005 L_si: 0.0002 L_grad: 0.0003 
Train Epoch: 1 [4482/4995 (90%)] loss: 0.0003 L_si: 0.0001 L_grad: 0.0002 
Train Epoch: 1 [4483/4995 (90%)] loss: 0.0007 L_si: 0.0003 L_grad: 0.0003 
Train Epoch: 1 [4484/4995 (90%)] loss: 0.0003 L_si: 0.0001 L_grad: 0.0002 
Train Epoch: 1 [4485/4995 (90%)] loss: 0.0003 L_si: 0.0001 L_grad: 0.0002 
Train Epoch: 1 [4486/4995 (90%)] loss: 0.0007 L_si: 0.0004 L_grad: 0.0004 
Train Epoch: 1 [4487/4995 (90%)] loss: 0.0003 L_si: 0.0001 L_grad: 0.0002 
Train Epoch: 1 [4488/4995 (90%)] loss: 0.0007 L_si: 0.0003 L_grad: 0.0004 
Train Epoch: 1 [4489/4995 (90%)] loss: 0.0002 L_si: 0.0001 L_grad: 0.0002 
Train Epoch: 1 [4490/4995 (90%)] loss: 0.0005 L_si: 0.0002 L_grad: 0.0003 
Train Epoch: 1 [4491/4995 (90%)] loss: 0.0003 L_si: 0.0001 L_grad: 0.0002 
Train Epoch: 1 [4492/4995 (90%)] loss: 0.0011 L_si: 0.0005 L_grad: 0.0006 
Train Epoch: 1 [4493/4995 (90%)] loss: 0.0004 L_si: 0.0002 L_grad: 0.0003 
Train Epoch: 1 [4494/4995 (90%)] loss: 0.0003 L_si: 0.0001 L_grad: 0.0002 
Train Epoch: 1 [4495/4995 (90%)] loss: 0.0004 L_si: 0.0001 L_grad: 0.0002 
Train Epoch: 1 [4496/4995 (90%)] loss: 0.0004 L_si: 0.0001 L_grad: 0.0003 
Train Epoch: 1 [4497/4995 (90%)] loss: 0.0002 L_si: 0.0000 L_grad: 0.0002 
Train Epoch: 1 [4498/4995 (90%)] loss: 0.0004 L_si: 0.0002 L_grad: 0.0002 
Train Epoch: 1 [4499/4995 (90%)] loss: 0.0001 L_si: 0.0000 L_grad: 0.0001 
Train Epoch: 1 [4500/4995 (90%)] loss: 0.0004 L_si: 0.0002 L_grad: 0.0003 
Train Epoch: 1 [4501/4995 (90%)] loss: 0.0001 L_si: 0.0000 L_grad: 0.0001 
Train Epoch: 1 [4502/4995 (90%)] loss: 0.0004 L_si: 0.0001 L_grad: 0.0003 
Train Epoch: 1 [4503/4995 (90%)] loss: 0.0005 L_si: 0.0003 L_grad: 0.0003 
Train Epoch: 1 [4504/4995 (90%)] loss: 0.0006 L_si: 0.0003 L_grad: 0.0003 
Train Epoch: 1 [4505/4995 (90%)] loss: 0.0005 L_si: 0.0003 L_grad: 0.0003 
Train Epoch: 1 [4506/4995 (90%)] loss: 0.0003 L_si: 0.0001 L_grad: 0.0002 
Train Epoch: 1 [4507/4995 (90%)] loss: 0.0004 L_si: 0.0001 L_grad: 0.0003 
Train Epoch: 1 [4508/4995 (90%)] loss: 0.0017 L_si: 0.0010 L_grad: 0.0007 
Train Epoch: 1 [4509/4995 (90%)] loss: 0.0007 L_si: 0.0003 L_grad: 0.0004 
Train Epoch: 1 [4510/4995 (90%)] loss: 0.0003 L_si: 0.0001 L_grad: 0.0002 
Train Epoch: 1 [4511/4995 (90%)] loss: 0.0005 L_si: 0.0003 L_grad: 0.0002 
Train Epoch: 1 [4512/4995 (90%)] loss: 0.0002 L_si: 0.0000 L_grad: 0.0002 
Train Epoch: 1 [4513/4995 (90%)] loss: 0.0003 L_si: 0.0001 L_grad: 0.0002 
Train Epoch: 1 [4514/4995 (90%)] loss: 0.0005 L_si: 0.0002 L_grad: 0.0002 
Train Epoch: 1 [4515/4995 (90%)] loss: 0.0002 L_si: 0.0001 L_grad: 0.0001 
Train Epoch: 1 [4516/4995 (90%)] loss: 0.0009 L_si: 0.0004 L_grad: 0.0005 
Train Epoch: 1 [4517/4995 (90%)] loss: 0.0003 L_si: 0.0001 L_grad: 0.0002 
Train Epoch: 1 [4518/4995 (90%)] loss: 0.0003 L_si: 0.0001 L_grad: 0.0002 
Train Epoch: 1 [4519/4995 (90%)] loss: 0.0001 L_si: 0.0000 L_grad: 0.0001 
Train Epoch: 1 [4520/4995 (90%)] loss: 0.0006 L_si: 0.0003 L_grad: 0.0003 
Train Epoch: 1 [4521/4995 (91%)] loss: 0.0015 L_si: 0.0007 L_grad: 0.0007 
Train Epoch: 1 [4522/4995 (91%)] loss: 0.0004 L_si: 0.0001 L_grad: 0.0003 
Train Epoch: 1 [4523/4995 (91%)] loss: 0.0005 L_si: 0.0002 L_grad: 0.0003 
Train Epoch: 1 [4524/4995 (91%)] loss: 0.0002 L_si: 0.0001 L_grad: 0.0002 
Train Epoch: 1 [4525/4995 (91%)] loss: 0.0006 L_si: 0.0003 L_grad: 0.0003 
Train Epoch: 1 [4526/4995 (91%)] loss: 0.0003 L_si: 0.0001 L_grad: 0.0002 
Train Epoch: 1 [4527/4995 (91%)] loss: 0.0002 L_si: 0.0000 L_grad: 0.0001 
Train Epoch: 1 [4528/4995 (91%)] loss: 0.0006 L_si: 0.0003 L_grad: 0.0004 
Train Epoch: 1 [4529/4995 (91%)] loss: 0.0003 L_si: 0.0001 L_grad: 0.0002 
Train Epoch: 1 [4530/4995 (91%)] loss: 0.0003 L_si: 0.0001 L_grad: 0.0002 
Train Epoch: 1 [4531/4995 (91%)] loss: 0.0006 L_si: 0.0002 L_grad: 0.0004 
Train Epoch: 1 [4532/4995 (91%)] loss: 0.0004 L_si: 0.0001 L_grad: 0.0003 
Train Epoch: 1 [4533/4995 (91%)] loss: 0.0004 L_si: 0.0001 L_grad: 0.0003 
Train Epoch: 1 [4534/4995 (91%)] loss: 0.0004 L_si: 0.0001 L_grad: 0.0003 
Train Epoch: 1 [4535/4995 (91%)] loss: 0.0004 L_si: 0.0002 L_grad: 0.0003 
Train Epoch: 1 [4536/4995 (91%)] loss: 0.0005 L_si: 0.0002 L_grad: 0.0003 
Train Epoch: 1 [4537/4995 (91%)] loss: 0.0004 L_si: 0.0002 L_grad: 0.0003 
Train Epoch: 1 [4538/4995 (91%)] loss: 0.0008 L_si: 0.0004 L_grad: 0.0003 
Train Epoch: 1 [4539/4995 (91%)] loss: 0.0003 L_si: 0.0001 L_grad: 0.0003 
Train Epoch: 1 [4540/4995 (91%)] loss: 0.0006 L_si: 0.0003 L_grad: 0.0004 
Train Epoch: 1 [4541/4995 (91%)] loss: 0.0004 L_si: 0.0001 L_grad: 0.0003 
Train Epoch: 1 [4542/4995 (91%)] loss: 0.0004 L_si: 0.0002 L_grad: 0.0003 
Train Epoch: 1 [4543/4995 (91%)] loss: 0.0006 L_si: 0.0002 L_grad: 0.0004 
Train Epoch: 1 [4544/4995 (91%)] loss: 0.0006 L_si: 0.0002 L_grad: 0.0004 
Train Epoch: 1 [4545/4995 (91%)] loss: 0.0010 L_si: 0.0005 L_grad: 0.0005 
Train Epoch: 1 [4546/4995 (91%)] loss: 0.0003 L_si: 0.0001 L_grad: 0.0002 
Train Epoch: 1 [4547/4995 (91%)] loss: 0.0007 L_si: 0.0003 L_grad: 0.0004 
Train Epoch: 1 [4548/4995 (91%)] loss: 0.0005 L_si: 0.0002 L_grad: 0.0003 
Train Epoch: 1 [4549/4995 (91%)] loss: 0.0004 L_si: 0.0001 L_grad: 0.0002 
Train Epoch: 1 [4550/4995 (91%)] loss: 0.0003 L_si: 0.0001 L_grad: 0.0003 
Train Epoch: 1 [4551/4995 (91%)] loss: 0.0004 L_si: 0.0001 L_grad: 0.0003 
Train Epoch: 1 [4552/4995 (91%)] loss: 0.0004 L_si: 0.0001 L_grad: 0.0003 
Train Epoch: 1 [4553/4995 (91%)] loss: 0.0009 L_si: 0.0004 L_grad: 0.0005 
Train Epoch: 1 [4554/4995 (91%)] loss: 0.0006 L_si: 0.0003 L_grad: 0.0003 
Train Epoch: 1 [4555/4995 (91%)] loss: 0.0009 L_si: 0.0004 L_grad: 0.0005 
Train Epoch: 1 [4556/4995 (91%)] loss: 0.0004 L_si: 0.0002 L_grad: 0.0002 
Train Epoch: 1 [4557/4995 (91%)] loss: 0.0002 L_si: 0.0001 L_grad: 0.0002 
Train Epoch: 1 [4558/4995 (91%)] loss: 0.0005 L_si: 0.0002 L_grad: 0.0003 
Train Epoch: 1 [4559/4995 (91%)] loss: 0.0003 L_si: 0.0001 L_grad: 0.0002 
Train Epoch: 1 [4560/4995 (91%)] loss: 0.0004 L_si: 0.0001 L_grad: 0.0003 
Train Epoch: 1 [4561/4995 (91%)] loss: 0.0003 L_si: 0.0001 L_grad: 0.0002 
Train Epoch: 1 [4562/4995 (91%)] loss: 0.0003 L_si: 0.0001 L_grad: 0.0002 
Train Epoch: 1 [4563/4995 (91%)] loss: 0.0001 L_si: 0.0000 L_grad: 0.0001 
Train Epoch: 1 [4564/4995 (91%)] loss: 0.0006 L_si: 0.0002 L_grad: 0.0004 
Train Epoch: 1 [4565/4995 (91%)] loss: 0.0007 L_si: 0.0003 L_grad: 0.0004 
Train Epoch: 1 [4566/4995 (91%)] loss: 0.0001 L_si: 0.0000 L_grad: 0.0001 
Train Epoch: 1 [4567/4995 (91%)] loss: 0.0003 L_si: 0.0001 L_grad: 0.0003 
Train Epoch: 1 [4568/4995 (91%)] loss: 0.0004 L_si: 0.0001 L_grad: 0.0003 
Train Epoch: 1 [4569/4995 (91%)] loss: 0.0003 L_si: 0.0001 L_grad: 0.0002 
Train Epoch: 1 [4570/4995 (91%)] loss: 0.0007 L_si: 0.0003 L_grad: 0.0004 
Train Epoch: 1 [4571/4995 (92%)] loss: 0.0004 L_si: 0.0001 L_grad: 0.0003 
Train Epoch: 1 [4572/4995 (92%)] loss: 0.0004 L_si: 0.0001 L_grad: 0.0003 
Train Epoch: 1 [4573/4995 (92%)] loss: 0.0006 L_si: 0.0002 L_grad: 0.0003 
Train Epoch: 1 [4574/4995 (92%)] loss: 0.0004 L_si: 0.0001 L_grad: 0.0003 
Train Epoch: 1 [4575/4995 (92%)] loss: 0.0004 L_si: 0.0001 L_grad: 0.0003 
Train Epoch: 1 [4576/4995 (92%)] loss: 0.0002 L_si: 0.0000 L_grad: 0.0002 
Train Epoch: 1 [4577/4995 (92%)] loss: 0.0005 L_si: 0.0002 L_grad: 0.0003 
Train Epoch: 1 [4578/4995 (92%)] loss: 0.0003 L_si: 0.0001 L_grad: 0.0002 
Train Epoch: 1 [4579/4995 (92%)] loss: 0.0004 L_si: 0.0001 L_grad: 0.0003 
Train Epoch: 1 [4580/4995 (92%)] loss: 0.0004 L_si: 0.0002 L_grad: 0.0002 
Train Epoch: 1 [4581/4995 (92%)] loss: 0.0005 L_si: 0.0002 L_grad: 0.0003 
Train Epoch: 1 [4582/4995 (92%)] loss: 0.0005 L_si: 0.0002 L_grad: 0.0003 
Train Epoch: 1 [4583/4995 (92%)] loss: 0.0005 L_si: 0.0002 L_grad: 0.0003 
Train Epoch: 1 [4584/4995 (92%)] loss: 0.0004 L_si: 0.0002 L_grad: 0.0003 
Train Epoch: 1 [4585/4995 (92%)] loss: 0.0004 L_si: 0.0001 L_grad: 0.0003 
Train Epoch: 1 [4586/4995 (92%)] loss: 0.0007 L_si: 0.0004 L_grad: 0.0003 
Train Epoch: 1 [4587/4995 (92%)] loss: 0.0012 L_si: 0.0006 L_grad: 0.0006 
Train Epoch: 1 [4588/4995 (92%)] loss: 0.0004 L_si: 0.0001 L_grad: 0.0003 
Train Epoch: 1 [4589/4995 (92%)] loss: 0.0004 L_si: 0.0002 L_grad: 0.0002 
Train Epoch: 1 [4590/4995 (92%)] loss: 0.0004 L_si: 0.0001 L_grad: 0.0003 
Train Epoch: 1 [4591/4995 (92%)] loss: 0.0010 L_si: 0.0005 L_grad: 0.0005 
Train Epoch: 1 [4592/4995 (92%)] loss: 0.0003 L_si: 0.0001 L_grad: 0.0002 
Train Epoch: 1 [4593/4995 (92%)] loss: 0.0004 L_si: 0.0001 L_grad: 0.0003 
Train Epoch: 1 [4594/4995 (92%)] loss: 0.0004 L_si: 0.0001 L_grad: 0.0003 
Train Epoch: 1 [4595/4995 (92%)] loss: 0.0005 L_si: 0.0002 L_grad: 0.0003 
Train Epoch: 1 [4596/4995 (92%)] loss: 0.0003 L_si: 0.0001 L_grad: 0.0003 
Train Epoch: 1 [4597/4995 (92%)] loss: 0.0003 L_si: 0.0001 L_grad: 0.0002 
Train Epoch: 1 [4598/4995 (92%)] loss: 0.0001 L_si: 0.0000 L_grad: 0.0001 
Train Epoch: 1 [4599/4995 (92%)] loss: 0.0002 L_si: 0.0000 L_grad: 0.0001 
Train Epoch: 1 [4600/4995 (92%)] loss: 0.0004 L_si: 0.0002 L_grad: 0.0003 
Train Epoch: 1 [4601/4995 (92%)] loss: 0.0002 L_si: 0.0000 L_grad: 0.0001 
Train Epoch: 1 [4602/4995 (92%)] loss: 0.0011 L_si: 0.0005 L_grad: 0.0006 
Train Epoch: 1 [4603/4995 (92%)] loss: 0.0002 L_si: 0.0000 L_grad: 0.0002 
Train Epoch: 1 [4604/4995 (92%)] loss: 0.0006 L_si: 0.0003 L_grad: 0.0002 
Train Epoch: 1 [4605/4995 (92%)] loss: 0.0003 L_si: 0.0001 L_grad: 0.0002 
Train Epoch: 1 [4606/4995 (92%)] loss: 0.0007 L_si: 0.0004 L_grad: 0.0003 
Train Epoch: 1 [4607/4995 (92%)] loss: 0.0007 L_si: 0.0003 L_grad: 0.0004 
Train Epoch: 1 [4608/4995 (92%)] loss: 0.0006 L_si: 0.0003 L_grad: 0.0003 
Train Epoch: 1 [4609/4995 (92%)] loss: 0.0003 L_si: 0.0001 L_grad: 0.0002 
Train Epoch: 1 [4610/4995 (92%)] loss: 0.0010 L_si: 0.0005 L_grad: 0.0005 
Train Epoch: 1 [4611/4995 (92%)] loss: 0.0004 L_si: 0.0001 L_grad: 0.0002 
Train Epoch: 1 [4612/4995 (92%)] loss: 0.0005 L_si: 0.0002 L_grad: 0.0003 
Train Epoch: 1 [4613/4995 (92%)] loss: 0.0005 L_si: 0.0002 L_grad: 0.0003 
Train Epoch: 1 [4614/4995 (92%)] loss: 0.0005 L_si: 0.0002 L_grad: 0.0003 
Train Epoch: 1 [4615/4995 (92%)] loss: 0.0001 L_si: 0.0000 L_grad: 0.0001 
Train Epoch: 1 [4616/4995 (92%)] loss: 0.0005 L_si: 0.0002 L_grad: 0.0003 
Train Epoch: 1 [4617/4995 (92%)] loss: 0.0001 L_si: 0.0000 L_grad: 0.0001 
Train Epoch: 1 [4618/4995 (92%)] loss: 0.0006 L_si: 0.0002 L_grad: 0.0004 
Train Epoch: 1 [4619/4995 (92%)] loss: 0.0003 L_si: 0.0001 L_grad: 0.0002 
Train Epoch: 1 [4620/4995 (92%)] loss: 0.0006 L_si: 0.0003 L_grad: 0.0003 
Train Epoch: 1 [4621/4995 (93%)] loss: 0.0010 L_si: 0.0007 L_grad: 0.0003 
Train Epoch: 1 [4622/4995 (93%)] loss: 0.0006 L_si: 0.0003 L_grad: 0.0003 
Train Epoch: 1 [4623/4995 (93%)] loss: 0.0004 L_si: 0.0001 L_grad: 0.0003 
Train Epoch: 1 [4624/4995 (93%)] loss: 0.0006 L_si: 0.0002 L_grad: 0.0004 
Train Epoch: 1 [4625/4995 (93%)] loss: 0.0004 L_si: 0.0002 L_grad: 0.0003 
Train Epoch: 1 [4626/4995 (93%)] loss: 0.0003 L_si: 0.0001 L_grad: 0.0002 
Train Epoch: 1 [4627/4995 (93%)] loss: 0.0005 L_si: 0.0002 L_grad: 0.0003 
Train Epoch: 1 [4628/4995 (93%)] loss: 0.0004 L_si: 0.0002 L_grad: 0.0003 
Train Epoch: 1 [4629/4995 (93%)] loss: 0.0003 L_si: 0.0001 L_grad: 0.0002 
Train Epoch: 1 [4630/4995 (93%)] loss: 0.0001 L_si: 0.0000 L_grad: 0.0001 
Train Epoch: 1 [4631/4995 (93%)] loss: 0.0008 L_si: 0.0004 L_grad: 0.0004 
Train Epoch: 1 [4632/4995 (93%)] loss: 0.0001 L_si: 0.0000 L_grad: 0.0001 
Train Epoch: 1 [4633/4995 (93%)] loss: 0.0005 L_si: 0.0002 L_grad: 0.0003 
Train Epoch: 1 [4634/4995 (93%)] loss: 0.0006 L_si: 0.0003 L_grad: 0.0003 
Train Epoch: 1 [4635/4995 (93%)] loss: 0.0004 L_si: 0.0001 L_grad: 0.0003 
Train Epoch: 1 [4636/4995 (93%)] loss: 0.0004 L_si: 0.0002 L_grad: 0.0002 
Train Epoch: 1 [4637/4995 (93%)] loss: 0.0001 L_si: 0.0000 L_grad: 0.0001 
Train Epoch: 1 [4638/4995 (93%)] loss: 0.0003 L_si: 0.0001 L_grad: 0.0002 
Train Epoch: 1 [4639/4995 (93%)] loss: 0.0004 L_si: 0.0001 L_grad: 0.0003 
Train Epoch: 1 [4640/4995 (93%)] loss: 0.0002 L_si: 0.0001 L_grad: 0.0002 
Train Epoch: 1 [4641/4995 (93%)] loss: 0.0003 L_si: 0.0001 L_grad: 0.0002 
Train Epoch: 1 [4642/4995 (93%)] loss: 0.0013 L_si: 0.0006 L_grad: 0.0007 
Train Epoch: 1 [4643/4995 (93%)] loss: 0.0005 L_si: 0.0002 L_grad: 0.0003 
Train Epoch: 1 [4644/4995 (93%)] loss: 0.0006 L_si: 0.0003 L_grad: 0.0004 
Train Epoch: 1 [4645/4995 (93%)] loss: 0.0004 L_si: 0.0002 L_grad: 0.0003 
Train Epoch: 1 [4646/4995 (93%)] loss: 0.0005 L_si: 0.0002 L_grad: 0.0003 
Train Epoch: 1 [4647/4995 (93%)] loss: 0.0005 L_si: 0.0002 L_grad: 0.0003 
Train Epoch: 1 [4648/4995 (93%)] loss: 0.0005 L_si: 0.0003 L_grad: 0.0002 
Train Epoch: 1 [4649/4995 (93%)] loss: 0.0001 L_si: 0.0000 L_grad: 0.0001 
Train Epoch: 1 [4650/4995 (93%)] loss: 0.0006 L_si: 0.0003 L_grad: 0.0003 
Train Epoch: 1 [4651/4995 (93%)] loss: 0.0004 L_si: 0.0002 L_grad: 0.0002 
Train Epoch: 1 [4652/4995 (93%)] loss: 0.0004 L_si: 0.0001 L_grad: 0.0003 
Train Epoch: 1 [4653/4995 (93%)] loss: 0.0005 L_si: 0.0002 L_grad: 0.0002 
Train Epoch: 1 [4654/4995 (93%)] loss: 0.0004 L_si: 0.0001 L_grad: 0.0002 
Train Epoch: 1 [4655/4995 (93%)] loss: 0.0010 L_si: 0.0005 L_grad: 0.0005 
Train Epoch: 1 [4656/4995 (93%)] loss: 0.0004 L_si: 0.0001 L_grad: 0.0002 
Train Epoch: 1 [4657/4995 (93%)] loss: 0.0004 L_si: 0.0001 L_grad: 0.0003 
Train Epoch: 1 [4658/4995 (93%)] loss: 0.0004 L_si: 0.0001 L_grad: 0.0002 
Train Epoch: 1 [4659/4995 (93%)] loss: 0.0002 L_si: 0.0000 L_grad: 0.0002 
Train Epoch: 1 [4660/4995 (93%)] loss: 0.0003 L_si: 0.0001 L_grad: 0.0002 
Train Epoch: 1 [4661/4995 (93%)] loss: 0.0009 L_si: 0.0004 L_grad: 0.0004 
Train Epoch: 1 [4662/4995 (93%)] loss: 0.0005 L_si: 0.0002 L_grad: 0.0003 
Train Epoch: 1 [4663/4995 (93%)] loss: 0.0004 L_si: 0.0001 L_grad: 0.0002 
Train Epoch: 1 [4664/4995 (93%)] loss: 0.0004 L_si: 0.0002 L_grad: 0.0003 
Train Epoch: 1 [4665/4995 (93%)] loss: 0.0004 L_si: 0.0002 L_grad: 0.0003 
Train Epoch: 1 [4666/4995 (93%)] loss: 0.0011 L_si: 0.0006 L_grad: 0.0005 
Train Epoch: 1 [4667/4995 (93%)] loss: 0.0027 L_si: 0.0015 L_grad: 0.0012 
Train Epoch: 1 [4668/4995 (93%)] loss: 0.0005 L_si: 0.0003 L_grad: 0.0003 
Train Epoch: 1 [4669/4995 (93%)] loss: 0.0003 L_si: 0.0001 L_grad: 0.0002 
Train Epoch: 1 [4670/4995 (93%)] loss: 0.0004 L_si: 0.0001 L_grad: 0.0003 
Train Epoch: 1 [4671/4995 (94%)] loss: 0.0006 L_si: 0.0002 L_grad: 0.0004 
Train Epoch: 1 [4672/4995 (94%)] loss: 0.0013 L_si: 0.0006 L_grad: 0.0007 
Train Epoch: 1 [4673/4995 (94%)] loss: 0.0006 L_si: 0.0004 L_grad: 0.0003 
Train Epoch: 1 [4674/4995 (94%)] loss: 0.0007 L_si: 0.0003 L_grad: 0.0003 
Train Epoch: 1 [4675/4995 (94%)] loss: 0.0005 L_si: 0.0002 L_grad: 0.0003 
Train Epoch: 1 [4676/4995 (94%)] loss: 0.0007 L_si: 0.0003 L_grad: 0.0003 
Train Epoch: 1 [4677/4995 (94%)] loss: 0.0005 L_si: 0.0002 L_grad: 0.0003 
Train Epoch: 1 [4678/4995 (94%)] loss: 0.0004 L_si: 0.0001 L_grad: 0.0002 
Train Epoch: 1 [4679/4995 (94%)] loss: 0.0011 L_si: 0.0004 L_grad: 0.0006 
Train Epoch: 1 [4680/4995 (94%)] loss: 0.0015 L_si: 0.0008 L_grad: 0.0007 
Train Epoch: 1 [4681/4995 (94%)] loss: 0.0018 L_si: 0.0012 L_grad: 0.0006 
Train Epoch: 1 [4682/4995 (94%)] loss: 0.0005 L_si: 0.0003 L_grad: 0.0002 
Train Epoch: 1 [4683/4995 (94%)] loss: 0.0004 L_si: 0.0001 L_grad: 0.0003 
Train Epoch: 1 [4684/4995 (94%)] loss: 0.0005 L_si: 0.0003 L_grad: 0.0003 
Train Epoch: 1 [4685/4995 (94%)] loss: 0.0005 L_si: 0.0002 L_grad: 0.0003 
Train Epoch: 1 [4686/4995 (94%)] loss: 0.0003 L_si: 0.0001 L_grad: 0.0002 
Train Epoch: 1 [4687/4995 (94%)] loss: 0.0003 L_si: 0.0001 L_grad: 0.0002 
Train Epoch: 1 [4688/4995 (94%)] loss: 0.0002 L_si: 0.0001 L_grad: 0.0002 
Train Epoch: 1 [4689/4995 (94%)] loss: 0.0003 L_si: 0.0001 L_grad: 0.0002 
Train Epoch: 1 [4690/4995 (94%)] loss: 0.0002 L_si: 0.0000 L_grad: 0.0001 
Train Epoch: 1 [4691/4995 (94%)] loss: 0.0004 L_si: 0.0001 L_grad: 0.0003 
Train Epoch: 1 [4692/4995 (94%)] loss: 0.0006 L_si: 0.0002 L_grad: 0.0004 
Train Epoch: 1 [4693/4995 (94%)] loss: 0.0003 L_si: 0.0000 L_grad: 0.0002 
Train Epoch: 1 [4694/4995 (94%)] loss: 0.0004 L_si: 0.0002 L_grad: 0.0002 
Train Epoch: 1 [4695/4995 (94%)] loss: 0.0002 L_si: 0.0001 L_grad: 0.0002 
Train Epoch: 1 [4696/4995 (94%)] loss: 0.0004 L_si: 0.0001 L_grad: 0.0003 
Train Epoch: 1 [4697/4995 (94%)] loss: 0.0009 L_si: 0.0005 L_grad: 0.0004 
Train Epoch: 1 [4698/4995 (94%)] loss: 0.0006 L_si: 0.0003 L_grad: 0.0003 
Train Epoch: 1 [4699/4995 (94%)] loss: 0.0007 L_si: 0.0003 L_grad: 0.0004 
Train Epoch: 1 [4700/4995 (94%)] loss: 0.0003 L_si: 0.0001 L_grad: 0.0002 
Train Epoch: 1 [4701/4995 (94%)] loss: 0.0003 L_si: 0.0001 L_grad: 0.0002 
Train Epoch: 1 [4702/4995 (94%)] loss: 0.0001 L_si: 0.0000 L_grad: 0.0001 
Train Epoch: 1 [4703/4995 (94%)] loss: 0.0005 L_si: 0.0003 L_grad: 0.0002 
Train Epoch: 1 [4704/4995 (94%)] loss: 0.0003 L_si: 0.0001 L_grad: 0.0002 
Train Epoch: 1 [4705/4995 (94%)] loss: 0.0001 L_si: 0.0000 L_grad: 0.0001 
Train Epoch: 1 [4706/4995 (94%)] loss: 0.0007 L_si: 0.0003 L_grad: 0.0003 
Train Epoch: 1 [4707/4995 (94%)] loss: 0.0004 L_si: 0.0001 L_grad: 0.0003 
Train Epoch: 1 [4708/4995 (94%)] loss: 0.0003 L_si: 0.0001 L_grad: 0.0002 
Train Epoch: 1 [4709/4995 (94%)] loss: 0.0003 L_si: 0.0001 L_grad: 0.0002 
Train Epoch: 1 [4710/4995 (94%)] loss: 0.0017 L_si: 0.0009 L_grad: 0.0008 
Train Epoch: 1 [4711/4995 (94%)] loss: 0.0003 L_si: 0.0001 L_grad: 0.0002 
Train Epoch: 1 [4712/4995 (94%)] loss: 0.0003 L_si: 0.0001 L_grad: 0.0002 
Train Epoch: 1 [4713/4995 (94%)] loss: 0.0005 L_si: 0.0002 L_grad: 0.0003 
Train Epoch: 1 [4714/4995 (94%)] loss: 0.0005 L_si: 0.0001 L_grad: 0.0003 
Train Epoch: 1 [4715/4995 (94%)] loss: 0.0004 L_si: 0.0002 L_grad: 0.0003 
Train Epoch: 1 [4716/4995 (94%)] loss: 0.0003 L_si: 0.0001 L_grad: 0.0002 
Train Epoch: 1 [4717/4995 (94%)] loss: 0.0004 L_si: 0.0002 L_grad: 0.0003 
Train Epoch: 1 [4718/4995 (94%)] loss: 0.0001 L_si: 0.0000 L_grad: 0.0001 
Train Epoch: 1 [4719/4995 (94%)] loss: 0.0003 L_si: 0.0001 L_grad: 0.0002 
Train Epoch: 1 [4720/4995 (94%)] loss: 0.0004 L_si: 0.0001 L_grad: 0.0003 
Train Epoch: 1 [4721/4995 (95%)] loss: 0.0002 L_si: 0.0001 L_grad: 0.0002 
Train Epoch: 1 [4722/4995 (95%)] loss: 0.0003 L_si: 0.0001 L_grad: 0.0002 
Train Epoch: 1 [4723/4995 (95%)] loss: 0.0003 L_si: 0.0001 L_grad: 0.0002 
Train Epoch: 1 [4724/4995 (95%)] loss: 0.0002 L_si: 0.0000 L_grad: 0.0002 
Train Epoch: 1 [4725/4995 (95%)] loss: 0.0001 L_si: 0.0000 L_grad: 0.0001 
Train Epoch: 1 [4726/4995 (95%)] loss: 0.0004 L_si: 0.0002 L_grad: 0.0002 
Train Epoch: 1 [4727/4995 (95%)] loss: 0.0003 L_si: 0.0001 L_grad: 0.0003 
Train Epoch: 1 [4728/4995 (95%)] loss: 0.0005 L_si: 0.0002 L_grad: 0.0004 
Train Epoch: 1 [4729/4995 (95%)] loss: 0.0002 L_si: 0.0001 L_grad: 0.0002 
Train Epoch: 1 [4730/4995 (95%)] loss: 0.0001 L_si: 0.0000 L_grad: 0.0001 
Train Epoch: 1 [4731/4995 (95%)] loss: 0.0006 L_si: 0.0002 L_grad: 0.0004 
Train Epoch: 1 [4732/4995 (95%)] loss: 0.0003 L_si: 0.0001 L_grad: 0.0002 
Train Epoch: 1 [4733/4995 (95%)] loss: 0.0004 L_si: 0.0001 L_grad: 0.0003 
Train Epoch: 1 [4734/4995 (95%)] loss: 0.0004 L_si: 0.0002 L_grad: 0.0002 
Train Epoch: 1 [4735/4995 (95%)] loss: 0.0001 L_si: 0.0000 L_grad: 0.0001 
Train Epoch: 1 [4736/4995 (95%)] loss: 0.0004 L_si: 0.0002 L_grad: 0.0003 
Train Epoch: 1 [4737/4995 (95%)] loss: 0.0005 L_si: 0.0002 L_grad: 0.0003 
Train Epoch: 1 [4738/4995 (95%)] loss: 0.0004 L_si: 0.0001 L_grad: 0.0003 
Train Epoch: 1 [4739/4995 (95%)] loss: 0.0004 L_si: 0.0001 L_grad: 0.0003 
Train Epoch: 1 [4740/4995 (95%)] loss: 0.0005 L_si: 0.0002 L_grad: 0.0003 
Train Epoch: 1 [4741/4995 (95%)] loss: 0.0008 L_si: 0.0003 L_grad: 0.0005 
Train Epoch: 1 [4742/4995 (95%)] loss: 0.0003 L_si: 0.0001 L_grad: 0.0002 
Train Epoch: 1 [4743/4995 (95%)] loss: 0.0002 L_si: 0.0000 L_grad: 0.0002 
Train Epoch: 1 [4744/4995 (95%)] loss: 0.0005 L_si: 0.0002 L_grad: 0.0003 
Train Epoch: 1 [4745/4995 (95%)] loss: 0.0006 L_si: 0.0002 L_grad: 0.0004 
Train Epoch: 1 [4746/4995 (95%)] loss: 0.0005 L_si: 0.0002 L_grad: 0.0003 
Train Epoch: 1 [4747/4995 (95%)] loss: 0.0020 L_si: 0.0011 L_grad: 0.0009 
Train Epoch: 1 [4748/4995 (95%)] loss: 0.0003 L_si: 0.0001 L_grad: 0.0002 
Train Epoch: 1 [4749/4995 (95%)] loss: 0.0001 L_si: 0.0000 L_grad: 0.0001 
Train Epoch: 1 [4750/4995 (95%)] loss: 0.0002 L_si: 0.0000 L_grad: 0.0001 
Train Epoch: 1 [4751/4995 (95%)] loss: 0.0006 L_si: 0.0003 L_grad: 0.0004 
Train Epoch: 1 [4752/4995 (95%)] loss: 0.0002 L_si: 0.0001 L_grad: 0.0002 
Train Epoch: 1 [4753/4995 (95%)] loss: 0.0002 L_si: 0.0001 L_grad: 0.0002 
Train Epoch: 1 [4754/4995 (95%)] loss: 0.0004 L_si: 0.0002 L_grad: 0.0003 
Train Epoch: 1 [4755/4995 (95%)] loss: 0.0003 L_si: 0.0001 L_grad: 0.0002 
Train Epoch: 1 [4756/4995 (95%)] loss: 0.0008 L_si: 0.0004 L_grad: 0.0004 
Train Epoch: 1 [4757/4995 (95%)] loss: 0.0003 L_si: 0.0001 L_grad: 0.0002 
Train Epoch: 1 [4758/4995 (95%)] loss: 0.0003 L_si: 0.0001 L_grad: 0.0003 
Train Epoch: 1 [4759/4995 (95%)] loss: 0.0006 L_si: 0.0003 L_grad: 0.0003 
Train Epoch: 1 [4760/4995 (95%)] loss: 0.0003 L_si: 0.0001 L_grad: 0.0002 
Train Epoch: 1 [4761/4995 (95%)] loss: 0.0002 L_si: 0.0000 L_grad: 0.0001 
Train Epoch: 1 [4762/4995 (95%)] loss: 0.0006 L_si: 0.0002 L_grad: 0.0004 
Train Epoch: 1 [4763/4995 (95%)] loss: 0.0006 L_si: 0.0002 L_grad: 0.0003 
Train Epoch: 1 [4764/4995 (95%)] loss: 0.0004 L_si: 0.0001 L_grad: 0.0003 
Train Epoch: 1 [4765/4995 (95%)] loss: 0.0003 L_si: 0.0001 L_grad: 0.0002 
Train Epoch: 1 [4766/4995 (95%)] loss: 0.0006 L_si: 0.0003 L_grad: 0.0004 
Train Epoch: 1 [4767/4995 (95%)] loss: 0.0010 L_si: 0.0005 L_grad: 0.0005 
Train Epoch: 1 [4768/4995 (95%)] loss: 0.0004 L_si: 0.0001 L_grad: 0.0003 
Train Epoch: 1 [4769/4995 (95%)] loss: 0.0005 L_si: 0.0002 L_grad: 0.0003 
Train Epoch: 1 [4770/4995 (95%)] loss: 0.0005 L_si: 0.0002 L_grad: 0.0003 
Train Epoch: 1 [4771/4995 (96%)] loss: 0.0006 L_si: 0.0003 L_grad: 0.0003 
Train Epoch: 1 [4772/4995 (96%)] loss: 0.0002 L_si: 0.0000 L_grad: 0.0002 
Train Epoch: 1 [4773/4995 (96%)] loss: 0.0004 L_si: 0.0001 L_grad: 0.0003 
Train Epoch: 1 [4774/4995 (96%)] loss: 0.0005 L_si: 0.0002 L_grad: 0.0003 
Train Epoch: 1 [4775/4995 (96%)] loss: 0.0001 L_si: 0.0000 L_grad: 0.0001 
Train Epoch: 1 [4776/4995 (96%)] loss: 0.0003 L_si: 0.0001 L_grad: 0.0002 
Train Epoch: 1 [4777/4995 (96%)] loss: 0.0005 L_si: 0.0002 L_grad: 0.0004 
Train Epoch: 1 [4778/4995 (96%)] loss: 0.0005 L_si: 0.0002 L_grad: 0.0003 
Train Epoch: 1 [4779/4995 (96%)] loss: 0.0004 L_si: 0.0002 L_grad: 0.0002 
Train Epoch: 1 [4780/4995 (96%)] loss: 0.0008 L_si: 0.0003 L_grad: 0.0005 
Train Epoch: 1 [4781/4995 (96%)] loss: 0.0005 L_si: 0.0002 L_grad: 0.0004 
Train Epoch: 1 [4782/4995 (96%)] loss: 0.0003 L_si: 0.0001 L_grad: 0.0002 
Train Epoch: 1 [4783/4995 (96%)] loss: 0.0002 L_si: 0.0000 L_grad: 0.0001 
Train Epoch: 1 [4784/4995 (96%)] loss: 0.0004 L_si: 0.0001 L_grad: 0.0003 
Train Epoch: 1 [4785/4995 (96%)] loss: 0.0004 L_si: 0.0001 L_grad: 0.0002 
Train Epoch: 1 [4786/4995 (96%)] loss: 0.0006 L_si: 0.0002 L_grad: 0.0004 
Train Epoch: 1 [4787/4995 (96%)] loss: 0.0001 L_si: 0.0000 L_grad: 0.0001 
Train Epoch: 1 [4788/4995 (96%)] loss: 0.0001 L_si: 0.0000 L_grad: 0.0001 
Train Epoch: 1 [4789/4995 (96%)] loss: 0.0003 L_si: 0.0001 L_grad: 0.0002 
Train Epoch: 1 [4790/4995 (96%)] loss: 0.0019 L_si: 0.0009 L_grad: 0.0009 
Train Epoch: 1 [4791/4995 (96%)] loss: 0.0005 L_si: 0.0003 L_grad: 0.0002 
Train Epoch: 1 [4792/4995 (96%)] loss: 0.0005 L_si: 0.0003 L_grad: 0.0002 
Train Epoch: 1 [4793/4995 (96%)] loss: 0.0002 L_si: 0.0000 L_grad: 0.0002 
Train Epoch: 1 [4794/4995 (96%)] loss: 0.0006 L_si: 0.0002 L_grad: 0.0003 
Train Epoch: 1 [4795/4995 (96%)] loss: 0.0002 L_si: 0.0000 L_grad: 0.0001 
Train Epoch: 1 [4796/4995 (96%)] loss: 0.0005 L_si: 0.0002 L_grad: 0.0003 
Train Epoch: 1 [4797/4995 (96%)] loss: 0.0003 L_si: 0.0001 L_grad: 0.0002 
Train Epoch: 1 [4798/4995 (96%)] loss: 0.0004 L_si: 0.0001 L_grad: 0.0003 
Train Epoch: 1 [4799/4995 (96%)] loss: 0.0003 L_si: 0.0001 L_grad: 0.0002 
Train Epoch: 1 [4800/4995 (96%)] loss: 0.0005 L_si: 0.0002 L_grad: 0.0003 
Train Epoch: 1 [4801/4995 (96%)] loss: 0.0010 L_si: 0.0006 L_grad: 0.0004 
Train Epoch: 1 [4802/4995 (96%)] loss: 0.0004 L_si: 0.0001 L_grad: 0.0003 
Train Epoch: 1 [4803/4995 (96%)] loss: 0.0010 L_si: 0.0005 L_grad: 0.0005 
Train Epoch: 1 [4804/4995 (96%)] loss: 0.0013 L_si: 0.0006 L_grad: 0.0007 
Train Epoch: 1 [4805/4995 (96%)] loss: 0.0005 L_si: 0.0002 L_grad: 0.0003 
Train Epoch: 1 [4806/4995 (96%)] loss: 0.0009 L_si: 0.0005 L_grad: 0.0004 
Train Epoch: 1 [4807/4995 (96%)] loss: 0.0001 L_si: 0.0000 L_grad: 0.0001 
Train Epoch: 1 [4808/4995 (96%)] loss: 0.0004 L_si: 0.0001 L_grad: 0.0002 
Train Epoch: 1 [4809/4995 (96%)] loss: 0.0003 L_si: 0.0001 L_grad: 0.0002 
Train Epoch: 1 [4810/4995 (96%)] loss: 0.0004 L_si: 0.0001 L_grad: 0.0003 
Train Epoch: 1 [4811/4995 (96%)] loss: 0.0005 L_si: 0.0002 L_grad: 0.0003 
Train Epoch: 1 [4812/4995 (96%)] loss: 0.0002 L_si: 0.0000 L_grad: 0.0002 
Train Epoch: 1 [4813/4995 (96%)] loss: 0.0005 L_si: 0.0002 L_grad: 0.0003 
Train Epoch: 1 [4814/4995 (96%)] loss: 0.0003 L_si: 0.0001 L_grad: 0.0002 
Train Epoch: 1 [4815/4995 (96%)] loss: 0.0003 L_si: 0.0001 L_grad: 0.0003 
Train Epoch: 1 [4816/4995 (96%)] loss: 0.0002 L_si: 0.0001 L_grad: 0.0002 
Train Epoch: 1 [4817/4995 (96%)] loss: 0.0003 L_si: 0.0001 L_grad: 0.0002 
Train Epoch: 1 [4818/4995 (96%)] loss: 0.0003 L_si: 0.0001 L_grad: 0.0002 
Train Epoch: 1 [4819/4995 (96%)] loss: 0.0004 L_si: 0.0002 L_grad: 0.0003 
Train Epoch: 1 [4820/4995 (96%)] loss: 0.0003 L_si: 0.0001 L_grad: 0.0002 
Train Epoch: 1 [4821/4995 (97%)] loss: 0.0001 L_si: 0.0000 L_grad: 0.0001 
Train Epoch: 1 [4822/4995 (97%)] loss: 0.0005 L_si: 0.0002 L_grad: 0.0003 
Train Epoch: 1 [4823/4995 (97%)] loss: 0.0005 L_si: 0.0002 L_grad: 0.0003 
Train Epoch: 1 [4824/4995 (97%)] loss: 0.0013 L_si: 0.0007 L_grad: 0.0006 
Train Epoch: 1 [4825/4995 (97%)] loss: 0.0008 L_si: 0.0004 L_grad: 0.0004 
Train Epoch: 1 [4826/4995 (97%)] loss: 0.0006 L_si: 0.0002 L_grad: 0.0003 
Train Epoch: 1 [4827/4995 (97%)] loss: 0.0004 L_si: 0.0002 L_grad: 0.0002 
Train Epoch: 1 [4828/4995 (97%)] loss: 0.0011 L_si: 0.0005 L_grad: 0.0006 
Train Epoch: 1 [4829/4995 (97%)] loss: 0.0005 L_si: 0.0002 L_grad: 0.0002 
Train Epoch: 1 [4830/4995 (97%)] loss: 0.0005 L_si: 0.0002 L_grad: 0.0003 
Train Epoch: 1 [4831/4995 (97%)] loss: 0.0004 L_si: 0.0001 L_grad: 0.0003 
Train Epoch: 1 [4832/4995 (97%)] loss: 0.0001 L_si: 0.0000 L_grad: 0.0001 
Train Epoch: 1 [4833/4995 (97%)] loss: 0.0005 L_si: 0.0002 L_grad: 0.0003 
Train Epoch: 1 [4834/4995 (97%)] loss: 0.0006 L_si: 0.0002 L_grad: 0.0003 
Train Epoch: 1 [4835/4995 (97%)] loss: 0.0004 L_si: 0.0001 L_grad: 0.0003 
Train Epoch: 1 [4836/4995 (97%)] loss: 0.0005 L_si: 0.0003 L_grad: 0.0003 
Train Epoch: 1 [4837/4995 (97%)] loss: 0.0005 L_si: 0.0002 L_grad: 0.0003 
Train Epoch: 1 [4838/4995 (97%)] loss: 0.0004 L_si: 0.0001 L_grad: 0.0002 
Train Epoch: 1 [4839/4995 (97%)] loss: 0.0006 L_si: 0.0003 L_grad: 0.0003 
Train Epoch: 1 [4840/4995 (97%)] loss: 0.0003 L_si: 0.0001 L_grad: 0.0002 
Train Epoch: 1 [4841/4995 (97%)] loss: 0.0005 L_si: 0.0002 L_grad: 0.0003 
Train Epoch: 1 [4842/4995 (97%)] loss: 0.0007 L_si: 0.0003 L_grad: 0.0004 
Train Epoch: 1 [4843/4995 (97%)] loss: 0.0003 L_si: 0.0001 L_grad: 0.0002 
Train Epoch: 1 [4844/4995 (97%)] loss: 0.0006 L_si: 0.0003 L_grad: 0.0003 
Train Epoch: 1 [4845/4995 (97%)] loss: 0.0005 L_si: 0.0002 L_grad: 0.0003 
Train Epoch: 1 [4846/4995 (97%)] loss: 0.0004 L_si: 0.0001 L_grad: 0.0002 
Train Epoch: 1 [4847/4995 (97%)] loss: 0.0002 L_si: 0.0001 L_grad: 0.0002 
Train Epoch: 1 [4848/4995 (97%)] loss: 0.0004 L_si: 0.0002 L_grad: 0.0002 
Train Epoch: 1 [4849/4995 (97%)] loss: 0.0005 L_si: 0.0003 L_grad: 0.0002 
Train Epoch: 1 [4850/4995 (97%)] loss: 0.0004 L_si: 0.0001 L_grad: 0.0002 
Train Epoch: 1 [4851/4995 (97%)] loss: 0.0003 L_si: 0.0001 L_grad: 0.0002 
Train Epoch: 1 [4852/4995 (97%)] loss: 0.0002 L_si: 0.0000 L_grad: 0.0001 
Train Epoch: 1 [4853/4995 (97%)] loss: 0.0003 L_si: 0.0001 L_grad: 0.0002 
Train Epoch: 1 [4854/4995 (97%)] loss: 0.0004 L_si: 0.0001 L_grad: 0.0002 
Train Epoch: 1 [4855/4995 (97%)] loss: 0.0005 L_si: 0.0002 L_grad: 0.0003 
Train Epoch: 1 [4856/4995 (97%)] loss: 0.0008 L_si: 0.0005 L_grad: 0.0003 
Train Epoch: 1 [4857/4995 (97%)] loss: 0.0017 L_si: 0.0009 L_grad: 0.0008 
Train Epoch: 1 [4858/4995 (97%)] loss: 0.0012 L_si: 0.0008 L_grad: 0.0004 
Train Epoch: 1 [4859/4995 (97%)] loss: 0.0002 L_si: 0.0000 L_grad: 0.0002 
Train Epoch: 1 [4860/4995 (97%)] loss: 0.0003 L_si: 0.0001 L_grad: 0.0002 
Train Epoch: 1 [4861/4995 (97%)] loss: 0.0004 L_si: 0.0001 L_grad: 0.0003 
Train Epoch: 1 [4862/4995 (97%)] loss: 0.0004 L_si: 0.0002 L_grad: 0.0003 
Train Epoch: 1 [4863/4995 (97%)] loss: 0.0002 L_si: 0.0000 L_grad: 0.0001 
Train Epoch: 1 [4864/4995 (97%)] loss: 0.0006 L_si: 0.0003 L_grad: 0.0003 
Train Epoch: 1 [4865/4995 (97%)] loss: 0.0003 L_si: 0.0001 L_grad: 0.0002 
Train Epoch: 1 [4866/4995 (97%)] loss: 0.0005 L_si: 0.0003 L_grad: 0.0002 
Train Epoch: 1 [4867/4995 (97%)] loss: 0.0005 L_si: 0.0002 L_grad: 0.0003 
Train Epoch: 1 [4868/4995 (97%)] loss: 0.0003 L_si: 0.0001 L_grad: 0.0002 
Train Epoch: 1 [4869/4995 (97%)] loss: 0.0002 L_si: 0.0000 L_grad: 0.0002 
Train Epoch: 1 [4870/4995 (97%)] loss: 0.0004 L_si: 0.0001 L_grad: 0.0003 
Train Epoch: 1 [4871/4995 (98%)] loss: 0.0002 L_si: 0.0001 L_grad: 0.0002 
Train Epoch: 1 [4872/4995 (98%)] loss: 0.0002 L_si: 0.0001 L_grad: 0.0002 
Train Epoch: 1 [4873/4995 (98%)] loss: 0.0003 L_si: 0.0001 L_grad: 0.0002 
Train Epoch: 1 [4874/4995 (98%)] loss: 0.0002 L_si: 0.0001 L_grad: 0.0002 
Train Epoch: 1 [4875/4995 (98%)] loss: 0.0001 L_si: 0.0000 L_grad: 0.0001 
Train Epoch: 1 [4876/4995 (98%)] loss: 0.0004 L_si: 0.0002 L_grad: 0.0002 
Train Epoch: 1 [4877/4995 (98%)] loss: 0.0017 L_si: 0.0009 L_grad: 0.0008 
Train Epoch: 1 [4878/4995 (98%)] loss: 0.0005 L_si: 0.0002 L_grad: 0.0004 
Train Epoch: 1 [4879/4995 (98%)] loss: 0.0012 L_si: 0.0006 L_grad: 0.0006 
Train Epoch: 1 [4880/4995 (98%)] loss: 0.0004 L_si: 0.0001 L_grad: 0.0003 
Train Epoch: 1 [4881/4995 (98%)] loss: 0.0016 L_si: 0.0008 L_grad: 0.0008 
Train Epoch: 1 [4882/4995 (98%)] loss: 0.0003 L_si: 0.0001 L_grad: 0.0002 
Train Epoch: 1 [4883/4995 (98%)] loss: 0.0014 L_si: 0.0006 L_grad: 0.0008 
Train Epoch: 1 [4884/4995 (98%)] loss: 0.0001 L_si: 0.0000 L_grad: 0.0001 
Train Epoch: 1 [4885/4995 (98%)] loss: 0.0014 L_si: 0.0009 L_grad: 0.0005 
Train Epoch: 1 [4886/4995 (98%)] loss: 0.0012 L_si: 0.0008 L_grad: 0.0004 
Train Epoch: 1 [4887/4995 (98%)] loss: 0.0003 L_si: 0.0001 L_grad: 0.0003 
Train Epoch: 1 [4888/4995 (98%)] loss: 0.0005 L_si: 0.0002 L_grad: 0.0003 
Train Epoch: 1 [4889/4995 (98%)] loss: 0.0003 L_si: 0.0001 L_grad: 0.0002 
Train Epoch: 1 [4890/4995 (98%)] loss: 0.0004 L_si: 0.0001 L_grad: 0.0002 
Train Epoch: 1 [4891/4995 (98%)] loss: 0.0003 L_si: 0.0001 L_grad: 0.0002 
Train Epoch: 1 [4892/4995 (98%)] loss: 0.0008 L_si: 0.0004 L_grad: 0.0004 
Train Epoch: 1 [4893/4995 (98%)] loss: 0.0001 L_si: 0.0000 L_grad: 0.0001 
Train Epoch: 1 [4894/4995 (98%)] loss: 0.0004 L_si: 0.0001 L_grad: 0.0003 
Train Epoch: 1 [4895/4995 (98%)] loss: 0.0003 L_si: 0.0001 L_grad: 0.0002 
Train Epoch: 1 [4896/4995 (98%)] loss: 0.0003 L_si: 0.0001 L_grad: 0.0002 
Train Epoch: 1 [4897/4995 (98%)] loss: 0.0005 L_si: 0.0003 L_grad: 0.0002 
Train Epoch: 1 [4898/4995 (98%)] loss: 0.0018 L_si: 0.0009 L_grad: 0.0008 
Train Epoch: 1 [4899/4995 (98%)] loss: 0.0003 L_si: 0.0001 L_grad: 0.0002 
Train Epoch: 1 [4900/4995 (98%)] loss: 0.0003 L_si: 0.0001 L_grad: 0.0002 
Train Epoch: 1 [4901/4995 (98%)] loss: 0.0008 L_si: 0.0004 L_grad: 0.0004 
Train Epoch: 1 [4902/4995 (98%)] loss: 0.0002 L_si: 0.0001 L_grad: 0.0002 
Train Epoch: 1 [4903/4995 (98%)] loss: 0.0004 L_si: 0.0001 L_grad: 0.0003 
Train Epoch: 1 [4904/4995 (98%)] loss: 0.0005 L_si: 0.0002 L_grad: 0.0003 
Train Epoch: 1 [4905/4995 (98%)] loss: 0.0007 L_si: 0.0004 L_grad: 0.0003 
Train Epoch: 1 [4906/4995 (98%)] loss: 0.0009 L_si: 0.0003 L_grad: 0.0005 
Train Epoch: 1 [4907/4995 (98%)] loss: 0.0002 L_si: 0.0000 L_grad: 0.0002 
Train Epoch: 1 [4908/4995 (98%)] loss: 0.0001 L_si: 0.0000 L_grad: 0.0001 
Train Epoch: 1 [4909/4995 (98%)] loss: 0.0014 L_si: 0.0007 L_grad: 0.0008 
Train Epoch: 1 [4910/4995 (98%)] loss: 0.0004 L_si: 0.0002 L_grad: 0.0003 
Train Epoch: 1 [4911/4995 (98%)] loss: 0.0005 L_si: 0.0002 L_grad: 0.0003 
Train Epoch: 1 [4912/4995 (98%)] loss: 0.0002 L_si: 0.0001 L_grad: 0.0002 
Train Epoch: 1 [4913/4995 (98%)] loss: 0.0004 L_si: 0.0001 L_grad: 0.0003 
Train Epoch: 1 [4914/4995 (98%)] loss: 0.0004 L_si: 0.0001 L_grad: 0.0002 
Train Epoch: 1 [4915/4995 (98%)] loss: 0.0004 L_si: 0.0001 L_grad: 0.0003 
Train Epoch: 1 [4916/4995 (98%)] loss: 0.0002 L_si: 0.0000 L_grad: 0.0002 
Train Epoch: 1 [4917/4995 (98%)] loss: 0.0007 L_si: 0.0004 L_grad: 0.0004 
Train Epoch: 1 [4918/4995 (98%)] loss: 0.0004 L_si: 0.0002 L_grad: 0.0003 
Train Epoch: 1 [4919/4995 (98%)] loss: 0.0003 L_si: 0.0001 L_grad: 0.0002 
Train Epoch: 1 [4920/4995 (98%)] loss: 0.0003 L_si: 0.0001 L_grad: 0.0002 
Train Epoch: 1 [4921/4995 (99%)] loss: 0.0003 L_si: 0.0001 L_grad: 0.0002 
Train Epoch: 1 [4922/4995 (99%)] loss: 0.0003 L_si: 0.0001 L_grad: 0.0002 
Train Epoch: 1 [4923/4995 (99%)] loss: 0.0010 L_si: 0.0005 L_grad: 0.0006 
Train Epoch: 1 [4924/4995 (99%)] loss: 0.0001 L_si: 0.0000 L_grad: 0.0001 
Train Epoch: 1 [4925/4995 (99%)] loss: 0.0003 L_si: 0.0001 L_grad: 0.0002 
Train Epoch: 1 [4926/4995 (99%)] loss: 0.0004 L_si: 0.0002 L_grad: 0.0003 
Train Epoch: 1 [4927/4995 (99%)] loss: 0.0004 L_si: 0.0002 L_grad: 0.0002 
Train Epoch: 1 [4928/4995 (99%)] loss: 0.0008 L_si: 0.0005 L_grad: 0.0003 
Train Epoch: 1 [4929/4995 (99%)] loss: 0.0004 L_si: 0.0001 L_grad: 0.0003 
Train Epoch: 1 [4930/4995 (99%)] loss: 0.0002 L_si: 0.0001 L_grad: 0.0002 
Train Epoch: 1 [4931/4995 (99%)] loss: 0.0003 L_si: 0.0001 L_grad: 0.0002 
Train Epoch: 1 [4932/4995 (99%)] loss: 0.0004 L_si: 0.0001 L_grad: 0.0003 
Train Epoch: 1 [4933/4995 (99%)] loss: 0.0005 L_si: 0.0002 L_grad: 0.0003 
Train Epoch: 1 [4934/4995 (99%)] loss: 0.0006 L_si: 0.0003 L_grad: 0.0003 
Train Epoch: 1 [4935/4995 (99%)] loss: 0.0005 L_si: 0.0002 L_grad: 0.0003 
Train Epoch: 1 [4936/4995 (99%)] loss: 0.0005 L_si: 0.0002 L_grad: 0.0003 
Train Epoch: 1 [4937/4995 (99%)] loss: 0.0007 L_si: 0.0003 L_grad: 0.0004 
Train Epoch: 1 [4938/4995 (99%)] loss: 0.0010 L_si: 0.0005 L_grad: 0.0005 
Train Epoch: 1 [4939/4995 (99%)] loss: 0.0005 L_si: 0.0001 L_grad: 0.0003 
Train Epoch: 1 [4940/4995 (99%)] loss: 0.0006 L_si: 0.0002 L_grad: 0.0004 
Train Epoch: 1 [4941/4995 (99%)] loss: 0.0004 L_si: 0.0001 L_grad: 0.0003 
Train Epoch: 1 [4942/4995 (99%)] loss: 0.0005 L_si: 0.0002 L_grad: 0.0004 
Train Epoch: 1 [4943/4995 (99%)] loss: 0.0006 L_si: 0.0002 L_grad: 0.0004 
Train Epoch: 1 [4944/4995 (99%)] loss: 0.0005 L_si: 0.0002 L_grad: 0.0003 
Train Epoch: 1 [4945/4995 (99%)] loss: 0.0004 L_si: 0.0001 L_grad: 0.0003 
Train Epoch: 1 [4946/4995 (99%)] loss: 0.0018 L_si: 0.0008 L_grad: 0.0010 
Train Epoch: 1 [4947/4995 (99%)] loss: 0.0005 L_si: 0.0002 L_grad: 0.0003 
Train Epoch: 1 [4948/4995 (99%)] loss: 0.0006 L_si: 0.0002 L_grad: 0.0004 
Train Epoch: 1 [4949/4995 (99%)] loss: 0.0005 L_si: 0.0002 L_grad: 0.0004 
Train Epoch: 1 [4950/4995 (99%)] loss: 0.0004 L_si: 0.0002 L_grad: 0.0003 
Train Epoch: 1 [4951/4995 (99%)] loss: 0.0005 L_si: 0.0001 L_grad: 0.0003 
Train Epoch: 1 [4952/4995 (99%)] loss: 0.0006 L_si: 0.0002 L_grad: 0.0004 
Train Epoch: 1 [4953/4995 (99%)] loss: 0.0003 L_si: 0.0001 L_grad: 0.0002 
Train Epoch: 1 [4954/4995 (99%)] loss: 0.0005 L_si: 0.0001 L_grad: 0.0003 
Train Epoch: 1 [4955/4995 (99%)] loss: 0.0003 L_si: 0.0001 L_grad: 0.0002 
Train Epoch: 1 [4956/4995 (99%)] loss: 0.0003 L_si: 0.0001 L_grad: 0.0002 
Train Epoch: 1 [4957/4995 (99%)] loss: 0.0005 L_si: 0.0001 L_grad: 0.0004 
Train Epoch: 1 [4958/4995 (99%)] loss: 0.0004 L_si: 0.0001 L_grad: 0.0003 
Train Epoch: 1 [4959/4995 (99%)] loss: 0.0007 L_si: 0.0004 L_grad: 0.0003 
Train Epoch: 1 [4960/4995 (99%)] loss: 0.0005 L_si: 0.0002 L_grad: 0.0003 
Train Epoch: 1 [4961/4995 (99%)] loss: 0.0002 L_si: 0.0001 L_grad: 0.0002 
Train Epoch: 1 [4962/4995 (99%)] loss: 0.0005 L_si: 0.0003 L_grad: 0.0002 
Train Epoch: 1 [4963/4995 (99%)] loss: 0.0004 L_si: 0.0001 L_grad: 0.0002 
Train Epoch: 1 [4964/4995 (99%)] loss: 0.0009 L_si: 0.0005 L_grad: 0.0004 
Train Epoch: 1 [4965/4995 (99%)] loss: 0.0004 L_si: 0.0001 L_grad: 0.0003 
Train Epoch: 1 [4966/4995 (99%)] loss: 0.0006 L_si: 0.0002 L_grad: 0.0003 
Train Epoch: 1 [4967/4995 (99%)] loss: 0.0005 L_si: 0.0002 L_grad: 0.0003 
Train Epoch: 1 [4968/4995 (99%)] loss: 0.0009 L_si: 0.0005 L_grad: 0.0004 
Train Epoch: 1 [4969/4995 (99%)] loss: 0.0003 L_si: 0.0001 L_grad: 0.0002 
Train Epoch: 1 [4970/4995 (99%)] loss: 0.0011 L_si: 0.0007 L_grad: 0.0004 
Train Epoch: 1 [4971/4995 (100%)] loss: 0.0003 L_si: 0.0001 L_grad: 0.0003 
Train Epoch: 1 [4972/4995 (100%)] loss: 0.0004 L_si: 0.0001 L_grad: 0.0003 
Train Epoch: 1 [4973/4995 (100%)] loss: 0.0001 L_si: 0.0000 L_grad: 0.0001 
Train Epoch: 1 [4974/4995 (100%)] loss: 0.0005 L_si: 0.0002 L_grad: 0.0003 
Train Epoch: 1 [4975/4995 (100%)] loss: 0.0006 L_si: 0.0001 L_grad: 0.0004 
Train Epoch: 1 [4976/4995 (100%)] loss: 0.0003 L_si: 0.0000 L_grad: 0.0002 
Train Epoch: 1 [4977/4995 (100%)] loss: 0.0013 L_si: 0.0008 L_grad: 0.0005 
Train Epoch: 1 [4978/4995 (100%)] loss: 0.0004 L_si: 0.0001 L_grad: 0.0003 
Train Epoch: 1 [4979/4995 (100%)] loss: 0.0007 L_si: 0.0003 L_grad: 0.0004 
Train Epoch: 1 [4980/4995 (100%)] loss: 0.0005 L_si: 0.0001 L_grad: 0.0004 
Train Epoch: 1 [4981/4995 (100%)] loss: 0.0004 L_si: 0.0002 L_grad: 0.0002 
Train Epoch: 1 [4982/4995 (100%)] loss: 0.0003 L_si: 0.0001 L_grad: 0.0002 
Train Epoch: 1 [4983/4995 (100%)] loss: 0.0005 L_si: 0.0002 L_grad: 0.0003 
Train Epoch: 1 [4984/4995 (100%)] loss: 0.0007 L_si: 0.0003 L_grad: 0.0004 
Train Epoch: 1 [4985/4995 (100%)] loss: 0.0018 L_si: 0.0009 L_grad: 0.0009 
Train Epoch: 1 [4986/4995 (100%)] loss: 0.0007 L_si: 0.0004 L_grad: 0.0003 
Train Epoch: 1 [4987/4995 (100%)] loss: 0.0001 L_si: 0.0000 L_grad: 0.0001 
Train Epoch: 1 [4988/4995 (100%)] loss: 0.0005 L_si: 0.0003 L_grad: 0.0003 
Train Epoch: 1 [4989/4995 (100%)] loss: 0.0004 L_si: 0.0002 L_grad: 0.0003 
Train Epoch: 1 [4990/4995 (100%)] loss: 0.0005 L_si: 0.0002 L_grad: 0.0003 
Train Epoch: 1 [4991/4995 (100%)] loss: 0.0003 L_si: 0.0001 L_grad: 0.0002 
Train Epoch: 1 [4992/4995 (100%)] loss: 0.0006 L_si: 0.0003 L_grad: 0.0003 
Train Epoch: 1 [4993/4995 (100%)] loss: 0.0002 L_si: 0.0000 L_grad: 0.0002 
Train Epoch: 1 [4994/4995 (100%)] loss: 0.0004 L_si: 0.0001 L_grad: 0.0002 
Traceback (most recent call last):
  File "/root/shared-nvme/spikemamba/train_parallel.py", line 365, in <module>
    main()
  File "/root/shared-nvme/spikemamba/train_parallel.py", line 361, in main
    main_worker(args.gpu, ngpus_per_node, args)
  File "/root/shared-nvme/spikemamba/train_parallel.py", line 317, in main_worker
    trainer.train()
  File "/root/shared-nvme/spikemamba/base/base_trainer.py", line 85, in train
    result = self._train_epoch(epoch)
             ^^^^^^^^^^^^^^^^^^^^^^^^
  File "/root/shared-nvme/spikemamba/trainer/spiket_trainer.py", line 511, in _train_epoch
    state_previews = self.forward_pass_sequence(sequence, record=True)
                     ^^^^^^^^^^^^^^^^^^^^^^^^^^^^^^^^^^^^^^^^^^^^^^^^^
  File "/root/shared-nvme/spikemamba/trainer/spiket_trainer.py", line 374, in forward_pass_sequence
    previews[key].append(torch.sum(item[key].to(self.gpu), dim=1).unsqueeze(0))
                                   ~~~~^^^^^
KeyError: 'image'
