Setting up Multi Scale Gradient loss...
Done
---- Distributed Training ----
Setting up Multi Scale Gradient loss...
Done
Use GPU: 0 for training
Found 5 samples in /root/shared-nvme/spikemamba/DENSE-spike/DENSE/train
Found 1 samples in /root/shared-nvme/spikemamba/DENSE-spike/DENSE/validation
-----  [3, 6, 12]
Trainable parameters: 22568833
S2DepthTransformerUNetConv(
  (encoder): LongSpikeStreamEncoderConv(
    (backbone): Mamba3DEncoder(
      (patch_embed): Conv3d(1, 96, kernel_size=(32, 2, 2), stride=(32, 2, 2))
      (stages): ModuleList(
        (0): MambaStage(
          (blocks): Sequential(
            (0): ST_Mamba_Block(
              (norm1): LayerNorm((96,), eps=1e-05, elementwise_affine=True)
              (mamba): Mamba(
                (in_proj): Linear(in_features=96, out_features=384, bias=False)
                (conv1d): Conv1d(192, 192, kernel_size=(4,), stride=(1,), padding=(3,), groups=192)
                (act): SiLU()
                (x_proj): Linear(in_features=192, out_features=38, bias=False)
                (dt_proj): Linear(in_features=6, out_features=192, bias=True)
                (out_proj): Linear(in_features=192, out_features=96, bias=False)
              )
              (norm2): LayerNorm((96,), eps=1e-05, elementwise_affine=True)
              (mlp): Sequential(
                (0): Linear(in_features=96, out_features=384, bias=True)
                (1): GELU(approximate='none')
                (2): Linear(in_features=384, out_features=96, bias=True)
              )
            )
            (1): ST_Mamba_Block(
              (norm1): LayerNorm((96,), eps=1e-05, elementwise_affine=True)
              (mamba): Mamba(
                (in_proj): Linear(in_features=96, out_features=384, bias=False)
                (conv1d): Conv1d(192, 192, kernel_size=(4,), stride=(1,), padding=(3,), groups=192)
                (act): SiLU()
                (x_proj): Linear(in_features=192, out_features=38, bias=False)
                (dt_proj): Linear(in_features=6, out_features=192, bias=True)
                (out_proj): Linear(in_features=192, out_features=96, bias=False)
              )
              (norm2): LayerNorm((96,), eps=1e-05, elementwise_affine=True)
              (mlp): Sequential(
                (0): Linear(in_features=96, out_features=384, bias=True)
                (1): GELU(approximate='none')
                (2): Linear(in_features=384, out_features=96, bias=True)
              )
            )
          )
        )
        (1): MambaStage(
          (blocks): Sequential(
            (0): ST_Mamba_Block(
              (norm1): LayerNorm((192,), eps=1e-05, elementwise_affine=True)
              (mamba): Mamba(
                (in_proj): Linear(in_features=192, out_features=768, bias=False)
                (conv1d): Conv1d(384, 384, kernel_size=(4,), stride=(1,), padding=(3,), groups=384)
                (act): SiLU()
                (x_proj): Linear(in_features=384, out_features=44, bias=False)
                (dt_proj): Linear(in_features=12, out_features=384, bias=True)
                (out_proj): Linear(in_features=384, out_features=192, bias=False)
              )
              (norm2): LayerNorm((192,), eps=1e-05, elementwise_affine=True)
              (mlp): Sequential(
                (0): Linear(in_features=192, out_features=768, bias=True)
                (1): GELU(approximate='none')
                (2): Linear(in_features=768, out_features=192, bias=True)
              )
            )
            (1): ST_Mamba_Block(
              (norm1): LayerNorm((192,), eps=1e-05, elementwise_affine=True)
              (mamba): Mamba(
                (in_proj): Linear(in_features=192, out_features=768, bias=False)
                (conv1d): Conv1d(384, 384, kernel_size=(4,), stride=(1,), padding=(3,), groups=384)
                (act): SiLU()
                (x_proj): Linear(in_features=384, out_features=44, bias=False)
                (dt_proj): Linear(in_features=12, out_features=384, bias=True)
                (out_proj): Linear(in_features=384, out_features=192, bias=False)
              )
              (norm2): LayerNorm((192,), eps=1e-05, elementwise_affine=True)
              (mlp): Sequential(
                (0): Linear(in_features=192, out_features=768, bias=True)
                (1): GELU(approximate='none')
                (2): Linear(in_features=768, out_features=192, bias=True)
              )
            )
          )
        )
        (2): MambaStage(
          (blocks): Sequential(
            (0): ST_Mamba_Block(
              (norm1): LayerNorm((384,), eps=1e-05, elementwise_affine=True)
              (mamba): Mamba(
                (in_proj): Linear(in_features=384, out_features=1536, bias=False)
                (conv1d): Conv1d(768, 768, kernel_size=(4,), stride=(1,), padding=(3,), groups=768)
                (act): SiLU()
                (x_proj): Linear(in_features=768, out_features=56, bias=False)
                (dt_proj): Linear(in_features=24, out_features=768, bias=True)
                (out_proj): Linear(in_features=768, out_features=384, bias=False)
              )
              (norm2): LayerNorm((384,), eps=1e-05, elementwise_affine=True)
              (mlp): Sequential(
                (0): Linear(in_features=384, out_features=1536, bias=True)
                (1): GELU(approximate='none')
                (2): Linear(in_features=1536, out_features=384, bias=True)
              )
            )
            (1): ST_Mamba_Block(
              (norm1): LayerNorm((384,), eps=1e-05, elementwise_affine=True)
              (mamba): Mamba(
                (in_proj): Linear(in_features=384, out_features=1536, bias=False)
                (conv1d): Conv1d(768, 768, kernel_size=(4,), stride=(1,), padding=(3,), groups=768)
                (act): SiLU()
                (x_proj): Linear(in_features=768, out_features=56, bias=False)
                (dt_proj): Linear(in_features=24, out_features=768, bias=True)
                (out_proj): Linear(in_features=768, out_features=384, bias=False)
              )
              (norm2): LayerNorm((384,), eps=1e-05, elementwise_affine=True)
              (mlp): Sequential(
                (0): Linear(in_features=384, out_features=1536, bias=True)
                (1): GELU(approximate='none')
                (2): Linear(in_features=1536, out_features=384, bias=True)
              )
            )
            (2): ST_Mamba_Block(
              (norm1): LayerNorm((384,), eps=1e-05, elementwise_affine=True)
              (mamba): Mamba(
                (in_proj): Linear(in_features=384, out_features=1536, bias=False)
                (conv1d): Conv1d(768, 768, kernel_size=(4,), stride=(1,), padding=(3,), groups=768)
                (act): SiLU()
                (x_proj): Linear(in_features=768, out_features=56, bias=False)
                (dt_proj): Linear(in_features=24, out_features=768, bias=True)
                (out_proj): Linear(in_features=768, out_features=384, bias=False)
              )
              (norm2): LayerNorm((384,), eps=1e-05, elementwise_affine=True)
              (mlp): Sequential(
                (0): Linear(in_features=384, out_features=1536, bias=True)
                (1): GELU(approximate='none')
                (2): Linear(in_features=1536, out_features=384, bias=True)
              )
            )
            (3): ST_Mamba_Block(
              (norm1): LayerNorm((384,), eps=1e-05, elementwise_affine=True)
              (mamba): Mamba(
                (in_proj): Linear(in_features=384, out_features=1536, bias=False)
                (conv1d): Conv1d(768, 768, kernel_size=(4,), stride=(1,), padding=(3,), groups=768)
                (act): SiLU()
                (x_proj): Linear(in_features=768, out_features=56, bias=False)
                (dt_proj): Linear(in_features=24, out_features=768, bias=True)
                (out_proj): Linear(in_features=768, out_features=384, bias=False)
              )
              (norm2): LayerNorm((384,), eps=1e-05, elementwise_affine=True)
              (mlp): Sequential(
                (0): Linear(in_features=384, out_features=1536, bias=True)
                (1): GELU(approximate='none')
                (2): Linear(in_features=1536, out_features=384, bias=True)
              )
            )
            (4): ST_Mamba_Block(
              (norm1): LayerNorm((384,), eps=1e-05, elementwise_affine=True)
              (mamba): Mamba(
                (in_proj): Linear(in_features=384, out_features=1536, bias=False)
                (conv1d): Conv1d(768, 768, kernel_size=(4,), stride=(1,), padding=(3,), groups=768)
                (act): SiLU()
                (x_proj): Linear(in_features=768, out_features=56, bias=False)
                (dt_proj): Linear(in_features=24, out_features=768, bias=True)
                (out_proj): Linear(in_features=768, out_features=384, bias=False)
              )
              (norm2): LayerNorm((384,), eps=1e-05, elementwise_affine=True)
              (mlp): Sequential(
                (0): Linear(in_features=384, out_features=1536, bias=True)
                (1): GELU(approximate='none')
                (2): Linear(in_features=1536, out_features=384, bias=True)
              )
            )
            (5): ST_Mamba_Block(
              (norm1): LayerNorm((384,), eps=1e-05, elementwise_affine=True)
              (mamba): Mamba(
                (in_proj): Linear(in_features=384, out_features=1536, bias=False)
                (conv1d): Conv1d(768, 768, kernel_size=(4,), stride=(1,), padding=(3,), groups=768)
                (act): SiLU()
                (x_proj): Linear(in_features=768, out_features=56, bias=False)
                (dt_proj): Linear(in_features=24, out_features=768, bias=True)
                (out_proj): Linear(in_features=768, out_features=384, bias=False)
              )
              (norm2): LayerNorm((384,), eps=1e-05, elementwise_affine=True)
              (mlp): Sequential(
                (0): Linear(in_features=384, out_features=1536, bias=True)
                (1): GELU(approximate='none')
                (2): Linear(in_features=1536, out_features=384, bias=True)
              )
            )
          )
        )
      )
      (downsamples): ModuleList(
        (0): Conv3d(96, 192, kernel_size=(1, 2, 2), stride=(1, 2, 2))
        (1): Conv3d(192, 384, kernel_size=(1, 2, 2), stride=(1, 2, 2))
      )
    )
    (conv_layers): ModuleList(
      (0): ModuleList(
        (0-3): 4 x Conv2d(96, 24, kernel_size=(1, 1), stride=(1, 1))
      )
      (1): ModuleList(
        (0-3): 4 x Conv2d(192, 48, kernel_size=(1, 1), stride=(1, 1))
      )
      (2): ModuleList(
        (0-3): 4 x Conv2d(384, 96, kernel_size=(1, 1), stride=(1, 1))
      )
    )
  )
  (resblocks): ModuleList(
    (0-1): 2 x ResidualBlock(
      (conv1): Conv2d(384, 384, kernel_size=(3, 3), stride=(1, 1), padding=(1, 1))
      (relu): ReLU()
      (conv2): Conv2d(384, 384, kernel_size=(3, 3), stride=(1, 1), padding=(1, 1))
    )
  )
  (decoders): ModuleList(
    (0): UpsampleConvLayer(
      (conv2d): Conv2d(384, 192, kernel_size=(5, 5), stride=(1, 1), padding=(2, 2))
    )
    (1): UpsampleConvLayer(
      (conv2d): Conv2d(192, 96, kernel_size=(5, 5), stride=(1, 1), padding=(2, 2))
    )
    (2): UpsampleConvLayer(
      (conv2d): Conv2d(96, 48, kernel_size=(5, 5), stride=(1, 1), padding=(2, 2))
    )
  )
  (pred): ConvLayer(
    (conv2d): Conv2d(48, 1, kernel_size=(1, 1), stride=(1, 1))
  )
)
Model Initialized on GPU: 0
Using scale_invariant_loss with config {'weight': 1.0, 'n_lambda': 1.0}
Will not use phased architecture
Using Multi Scale Gradient loss with weight=0.25
Will not use MSE loss
Setting up Multi Scale Gradient loss...
Done
Setting up Multi Scale Gradient loss...
Done
Setting up Multi Scale Gradient loss...
Done
Setting up Multi Scale Gradient loss...
Done
Setting up Multi Scale Gradient loss...
Done
Setting up Multi Scale Gradient loss...
Done
Setting up Multi Scale Gradient loss...
Done
Setting up Multi Scale Gradient loss...
Done
[rank0]:[W313 11:17:38.272226240 reducer.cpp:1400] Warning: find_unused_parameters=True was specified in DDP constructor, but did not find any unused parameters in the forward pass. This flag results in an extra traversal of the autograd graph every iteration,  which can adversely affect performance. If your model indeed never has any unused parameters in the forward pass, consider turning this flag off. Note that this warning may be a false positive if your model has flow control causing later iterations to have unused parameters. (function operator())
Setting up Multi Scale Gradient loss...
Done
Setting up Multi Scale Gradient loss...
Done
Setting up Multi Scale Gradient loss...
Done
Setting up Multi Scale Gradient loss...
Done
Setting up Multi Scale Gradient loss...
Done
Setting up Multi Scale Gradient loss...
Done
Setting up Multi Scale Gradient loss...
Done
Setting up Multi Scale Gradient loss...
Done
all losses in batch in validation:  {'loss': [0.08074799180030823, 0.0871216356754303, 0.08044133335351944, 0.08345407247543335, 0.08802098035812378, 0.0760679617524147, 0.08393385261297226, 0.08820491284132004, 0.07267231494188309, 0.07711397856473923, 0.08887402713298798, 0.0784531980752945, 0.08267328143119812, 0.0752175897359848, 0.08396374434232712, 0.07709173858165741, 0.09274337440729141, 0.08986800163984299, 0.08448132872581482, 0.0698615089058876, 0.08512815088033676, 0.07424112409353256, 0.07653237879276276, 0.08701831847429276, 0.08321956545114517, 0.07179570943117142, 0.08302947878837585, 0.08740869164466858, 0.08120957016944885, 0.0776914432644844, 0.08926887065172195, 0.07427361607551575, 0.07180362194776535, 0.08407600224018097, 0.09982337057590485, 0.07219049334526062, 0.08421561121940613, 0.07684299349784851, 0.0826583057641983, 0.08304378390312195, 0.07321057468652725, 0.07035762816667557, 0.08233657479286194, 0.083418108522892, 0.07354684919118881, 0.08445245772600174, 0.08380074799060822, 0.0930277481675148, 0.0727154091000557, 0.07273191958665848, 0.08362960070371628, 0.08987273275852203, 0.08538683503866196, 0.07263350486755371, 0.06869550049304962, 0.07783644646406174, 0.07952068001031876, 0.08013442903757095, 0.09281261265277863, 0.07963172346353531, 0.07616923749446869, 0.09004765003919601, 0.07435160875320435, 0.07903730869293213, 0.08219094574451447, 0.062337443232536316, 0.07238829135894775, 0.08229847252368927, 0.08761097490787506, 0.0726805031299591, 0.08173363655805588, 0.08889421075582504, 0.09963664412498474, 0.08645287156105042, 0.08856694400310516, 0.07345901429653168, 0.08291368186473846, 0.08359155058860779, 0.07536564022302628, 0.08924606442451477, 0.08300256729125977, 0.07160568237304688, 0.08814571797847748, 0.0730564221739769, 0.07721729576587677, 0.08551415801048279, 0.08728422969579697, 0.08179674297571182, 0.08048337697982788, 0.08313848078250885, 0.0656128078699112, 0.07091668248176575, 0.07149474322795868, 0.08188328146934509, 0.08323444426059723, 0.08312913030385971, 0.08081802725791931, 0.0781574696302414, 0.08827359974384308, 0.07289338111877441, 0.090144082903862, 0.07720065116882324, 0.0828356221318245, 0.08158598840236664, 0.0805932953953743, 0.0915217474102974, 0.08973024040460587, 0.08245522528886795, 0.0736294686794281, 0.06497042626142502, 0.08855167776346207, 0.06888043135404587, 0.07793782651424408, 0.08285707235336304, 0.09271959960460663, 0.07660219073295593, 0.08716142177581787, 0.08090075850486755, 0.0866665169596672, 0.0695912167429924, 0.08095851540565491, 0.09822337329387665, 0.09023569524288177, 0.06514167040586472, 0.08166371285915375, 0.09223505854606628, 0.08348666876554489, 0.08351939916610718, 0.08246321976184845, 0.0769691988825798, 0.084696464240551, 0.08276038616895676, 0.07791058719158173, 0.07931479066610336, 0.07806551456451416, 0.07195943593978882, 0.08335631340742111, 0.08765105903148651, 0.07530640065670013, 0.07158434391021729, 0.08267644792795181, 0.09846654534339905, 0.06907834112644196], 'L_si': [0.024280309677124023, 0.027719363570213318, 0.023745745420455933, 0.026132598519325256, 0.027933627367019653, 0.021698206663131714, 0.02579095959663391, 0.02825099229812622, 0.019971489906311035, 0.02220556139945984, 0.027790874242782593, 0.021735817193984985, 0.024816840887069702, 0.02169036865234375, 0.02668708562850952, 0.020668014883995056, 0.030211269855499268, 0.029039323329925537, 0.027570873498916626, 0.02077290415763855, 0.02719700336456299, 0.022439897060394287, 0.02357974648475647, 0.02865585684776306, 0.026918262243270874, 0.01929372549057007, 0.02494978904724121, 0.025802835822105408, 0.0258328914642334, 0.022055044770240784, 0.030177772045135498, 0.021005064249038696, 0.02058166265487671, 0.026130586862564087, 0.03493577241897583, 0.019407689571380615, 0.025959894061088562, 0.02231787145137787, 0.02701696753501892, 0.02429986000061035, 0.019502192735671997, 0.018981486558914185, 0.023991703987121582, 0.024336248636245728, 0.021288186311721802, 0.02480722963809967, 0.025739192962646484, 0.0292913019657135, 0.018783360719680786, 0.021503299474716187, 0.026980429887771606, 0.02964159846305847, 0.025785982608795166, 0.01997959613800049, 0.01936766505241394, 0.020842254161834717, 0.02373039722442627, 0.02372187376022339, 0.029771670699119568, 0.024519264698028564, 0.020927011966705322, 0.02847650647163391, 0.02001538872718811, 0.023164838552474976, 0.025532394647598267, 0.015603631734848022, 0.019206881523132324, 0.026366278529167175, 0.028613954782485962, 0.021042585372924805, 0.02424493432044983, 0.029912471771240234, 0.03292389214038849, 0.026983246207237244, 0.027385637164115906, 0.022950291633605957, 0.02689272165298462, 0.02387291193008423, 0.020168855786323547, 0.02855581045150757, 0.02505028247833252, 0.020447343587875366, 0.028469175100326538, 0.02144607901573181, 0.021941766142845154, 0.026069089770317078, 0.029408931732177734, 0.024695590138435364, 0.024567216634750366, 0.024146974086761475, 0.018039733171463013, 0.01882961392402649, 0.018803298473358154, 0.025628209114074707, 0.024968013167381287, 0.023990526795387268, 0.02416202425956726, 0.023097634315490723, 0.025620266795158386, 0.019628584384918213, 0.029392331838607788, 0.021752595901489258, 0.02684396505355835, 0.02316020429134369, 0.024306610226631165, 0.028626739978790283, 0.028064578771591187, 0.024587929248809814, 0.021372437477111816, 0.016916126012802124, 0.027597710490226746, 0.018677234649658203, 0.023016631603240967, 0.02407693862915039, 0.02973124384880066, 0.022142738103866577, 0.027022063732147217, 0.024804681539535522, 0.026360392570495605, 0.019840389490127563, 0.023477226495742798, 0.03328552842140198, 0.02842077612876892, 0.017250627279281616, 0.025189459323883057, 0.030217930674552917, 0.02468806505203247, 0.024551093578338623, 0.02400970458984375, 0.021484360098838806, 0.02837720513343811, 0.024752438068389893, 0.022795557975769043, 0.024017900228500366, 0.022019654512405396, 0.021055608987808228, 0.02390076220035553, 0.02540770173072815, 0.0214654803276062, 0.01858818531036377, 0.02422015368938446, 0.034936100244522095, 0.026291579008102417], 'L_grad': [0.056467682123184204, 0.05940226837992668, 0.05669558793306351, 0.057321470230817795, 0.060087352991104126, 0.05436975508928299, 0.05814289301633835, 0.05995392054319382, 0.05270082503557205, 0.05490841716527939, 0.06108315661549568, 0.05671738460659981, 0.05785644054412842, 0.053527217358350754, 0.057276658713817596, 0.056423723697662354, 0.06253210455179214, 0.06082867830991745, 0.05691045895218849, 0.049088604748249054, 0.05793114751577377, 0.051801227033138275, 0.05295263230800629, 0.058362461626529694, 0.0563013032078743, 0.05250198394060135, 0.058079686015844345, 0.06160585954785347, 0.055376678705215454, 0.05563639849424362, 0.059091098606586456, 0.05326854810118675, 0.05122195929288864, 0.05794541910290718, 0.06488759815692902, 0.052782803773880005, 0.05825571343302727, 0.05452512577176094, 0.05564134195446968, 0.0587439239025116, 0.053708381950855255, 0.05137614160776138, 0.05834486708045006, 0.05908185988664627, 0.05225866287946701, 0.05964522808790207, 0.05806155502796173, 0.0637364462018013, 0.05393204838037491, 0.05122862011194229, 0.05664917081594467, 0.06023113429546356, 0.05960085242986679, 0.052653905004262924, 0.04932783544063568, 0.05699419230222702, 0.05579028278589249, 0.056412555277347565, 0.06304094195365906, 0.055112458765506744, 0.05524222552776337, 0.0615711435675621, 0.054336220026016235, 0.05587247014045715, 0.0566585510969162, 0.04673381149768829, 0.05318140983581543, 0.055932190269231796, 0.0589970201253891, 0.0516379177570343, 0.05748870223760605, 0.05898173898458481, 0.06671275198459625, 0.05946962535381317, 0.06118130683898926, 0.05050872638821602, 0.056020963937044144, 0.05971863865852356, 0.05519678443670273, 0.0606902576982975, 0.057952288538217545, 0.05115833878517151, 0.05967654287815094, 0.05161034315824509, 0.055275529623031616, 0.05944506824016571, 0.05787529796361923, 0.05710115283727646, 0.055916156619787216, 0.05899150297045708, 0.04757307469844818, 0.05208706483244896, 0.052691441029310226, 0.056255072355270386, 0.058266427367925644, 0.05913860350847244, 0.05665600299835205, 0.05505983531475067, 0.06265333294868469, 0.0532647967338562, 0.06075174733996391, 0.055448055267333984, 0.055991657078266144, 0.05842578411102295, 0.056286685168743134, 0.06289500743150711, 0.06166566163301468, 0.057867296040058136, 0.052257031202316284, 0.048054300248622894, 0.06095396727323532, 0.050203196704387665, 0.05492119491100311, 0.058780133724212646, 0.06298835575580597, 0.054459452629089355, 0.060139354318380356, 0.05609607696533203, 0.0603061243891716, 0.04975082725286484, 0.05748128518462181, 0.06493784487247467, 0.06181492283940315, 0.0478910431265831, 0.05647425353527069, 0.06201712787151337, 0.05879860371351242, 0.058968305587768555, 0.0584535114467144, 0.055484838783741, 0.056319259107112885, 0.058007948100566864, 0.05511502921581268, 0.055296890437603, 0.056045860052108765, 0.05090382695198059, 0.05945555120706558, 0.06224336102604866, 0.05384092405438423, 0.052996162325143814, 0.05845629423856735, 0.06353044509887695, 0.04278676211833954]}
Saving current best: model_best.pth.tar ...
Setting up Multi Scale Gradient loss...
Done
Setting up Multi Scale Gradient loss...
Done
Setting up Multi Scale Gradient loss...
Done
Setting up Multi Scale Gradient loss...
Done
Setting up Multi Scale Gradient loss...
Done
Setting up Multi Scale Gradient loss...
Done
Setting up Multi Scale Gradient loss...
Done
Setting up Multi Scale Gradient loss...
Done
Setting up Multi Scale Gradient loss...Setting up Multi Scale Gradient loss...

Done
Done
Setting up Multi Scale Gradient loss...
Done
Setting up Multi Scale Gradient loss...
Done
Setting up Multi Scale Gradient loss...
Done
Setting up Multi Scale Gradient loss...
Done
Setting up Multi Scale Gradient loss...
Done
Setting up Multi Scale Gradient loss...
Done
all losses in batch in validation:  {'loss': [0.04912558197975159, 0.052375420928001404, 0.05383063107728958, 0.05275735259056091, 0.056636109948158264, 0.05173652619123459, 0.05412607640028, 0.05618242546916008, 0.05316106975078583, 0.04275229945778847, 0.050758592784404755, 0.05454755574464798, 0.049304306507110596, 0.0460641048848629, 0.049877628684043884, 0.04924340173602104, 0.04969732090830803, 0.05296558514237404, 0.05009382590651512, 0.05018512159585953, 0.05055113136768341, 0.04968640208244324, 0.050707925111055374, 0.05064522102475166, 0.0550156831741333, 0.05653611570596695, 0.04709296673536301, 0.050915151834487915, 0.05585012212395668, 0.05011247470974922, 0.04728633910417557, 0.056008532643318176, 0.054336048662662506, 0.05708792060613632, 0.05051785707473755, 0.051332518458366394, 0.049978192895650864, 0.05564359948039055, 0.05745074898004532, 0.05048595368862152, 0.052363719791173935, 0.0564744770526886, 0.05316882207989693, 0.05824457108974457, 0.05128791183233261, 0.04815661162137985, 0.052231475710868835, 0.0510530099272728, 0.052012525498867035, 0.05313451960682869, 0.05200570449233055, 0.05178595706820488, 0.04823439568281174, 0.04610922932624817, 0.05300513654947281, 0.053655773401260376, 0.04813823103904724, 0.05307336896657944, 0.05883180350065231, 0.05838831141591072, 0.04978979751467705, 0.054579976946115494, 0.05983974039554596, 0.054781652987003326, 0.052149102091789246, 0.05165567249059677, 0.05083222687244415, 0.054794490337371826, 0.05534813553094864, 0.053332194685935974, 0.05673683434724808, 0.05505400151014328, 0.0602906197309494, 0.04683889448642731, 0.04765576124191284, 0.04968211054801941, 0.0567714124917984, 0.05789327248930931, 0.052378684282302856, 0.05177474021911621, 0.05015252158045769, 0.054630085825920105, 0.052029915153980255, 0.04538030922412872, 0.050411924719810486, 0.054722294211387634, 0.05789465829730034, 0.05437757447361946, 0.048450201749801636, 0.05791644752025604, 0.049197759479284286, 0.052895624190568924, 0.056635282933712006, 0.054373838007450104, 0.05643682926893234, 0.052375104278326035, 0.0545433834195137, 0.056006934493780136, 0.04890564829111099, 0.04875113070011139, 0.053560543805360794, 0.050748080015182495, 0.05891353636980057, 0.051857881247997284, 0.05529749393463135, 0.05215519294142723, 0.05303540080785751, 0.052312061190605164, 0.04864897206425667, 0.046804625540971756, 0.053521640598773956, 0.04666411876678467, 0.047808028757572174, 0.056238386780023575, 0.05242098122835159, 0.05447555333375931, 0.05360297113656998, 0.050449781119823456, 0.05357718467712402, 0.05440743640065193, 0.054714325815439224, 0.05848771333694458, 0.048319656401872635, 0.05104542896151543, 0.05506506562232971, 0.0549793504178524, 0.053293656557798386, 0.05472501739859581, 0.06267901510000229, 0.05310434103012085, 0.05788595229387283, 0.05527485907077789, 0.048062827438116074, 0.04922935739159584, 0.04673858359456062, 0.050308361649513245, 0.0528431311249733, 0.05940732732415199, 0.05370018631219864, 0.05018238723278046, 0.05668232589960098, 0.05022880434989929, 0.03713459149003029], 'L_si': [0.011149019002914429, 0.012912929058074951, 0.012331008911132812, 0.013726502656936646, 0.014198124408721924, 0.011729896068572998, 0.01384022831916809, 0.014566510915756226, 0.013146370649337769, 0.008572041988372803, 0.01181270182132721, 0.01220962405204773, 0.011171489953994751, 0.009534895420074463, 0.011293023824691772, 0.010450661182403564, 0.012379735708236694, 0.01353764533996582, 0.012752175331115723, 0.011922657489776611, 0.01220780611038208, 0.011977404356002808, 0.0130653977394104, 0.012892425060272217, 0.014474928379058838, 0.013599216938018799, 0.010240793228149414, 0.011951148509979248, 0.015191644430160522, 0.011336565017700195, 0.01295095682144165, 0.014089345932006836, 0.01377946138381958, 0.014325350522994995, 0.012919902801513672, 0.01061519980430603, 0.011121362447738647, 0.01359519362449646, 0.016354620456695557, 0.012504130601882935, 0.01146477460861206, 0.013244837522506714, 0.012501060962677002, 0.013471484184265137, 0.011836856603622437, 0.009549975395202637, 0.013848274946212769, 0.012055814266204834, 0.01173490285873413, 0.013303160667419434, 0.012843608856201172, 0.013817965984344482, 0.010552287101745605, 0.009539127349853516, 0.01222345232963562, 0.011327683925628662, 0.011370629072189331, 0.01219746470451355, 0.015242189168930054, 0.014417499303817749, 0.011110365390777588, 0.013307750225067139, 0.013947814702987671, 0.013291090726852417, 0.011817902326583862, 0.011700183153152466, 0.01068142056465149, 0.014322295784950256, 0.013457268476486206, 0.013837069272994995, 0.013657808303833008, 0.01440158486366272, 0.014181405305862427, 0.011298537254333496, 0.010898202657699585, 0.0129891037940979, 0.015085041522979736, 0.01406124234199524, 0.011258751153945923, 0.012736350297927856, 0.011731058359146118, 0.01306694746017456, 0.011618435382843018, 0.010020792484283447, 0.011851400136947632, 0.013133257627487183, 0.014728575944900513, 0.01363217830657959, 0.011708647012710571, 0.01434364914894104, 0.011679887771606445, 0.011248916387557983, 0.013005614280700684, 0.014187216758728027, 0.015039771795272827, 0.013020649552345276, 0.01231163740158081, 0.01329118013381958, 0.011388346552848816, 0.010477006435394287, 0.013369232416152954, 0.011162906885147095, 0.016529172658920288, 0.011711999773979187, 0.013093888759613037, 0.01309269666671753, 0.01227426528930664, 0.012139678001403809, 0.011338859796524048, 0.009987413883209229, 0.012102782726287842, 0.010169118642807007, 0.011290580034255981, 0.012653529644012451, 0.012797564268112183, 0.013165265321731567, 0.013171344995498657, 0.013179972767829895, 0.013168901205062866, 0.013328760862350464, 0.012707650661468506, 0.014219313859939575, 0.01097726821899414, 0.011746317148208618, 0.014264345169067383, 0.014061570167541504, 0.012274622917175293, 0.012436836957931519, 0.01539754867553711, 0.011954635381698608, 0.01677154004573822, 0.013938724994659424, 0.010384321212768555, 0.01069900393486023, 0.009849131107330322, 0.012296587228775024, 0.011937141418457031, 0.013742834329605103, 0.011938035488128662, 0.011608421802520752, 0.014101862907409668, 0.012885808944702148, 0.010547488927841187], 'L_grad': [0.03797656297683716, 0.03946249186992645, 0.04149962216615677, 0.03903084993362427, 0.04243798553943634, 0.04000663012266159, 0.04028584808111191, 0.041615914553403854, 0.04001469910144806, 0.034180257469415665, 0.038945890963077545, 0.04233793169260025, 0.038132816553115845, 0.03652920946478844, 0.03858460485935211, 0.03879274055361748, 0.037317585200071335, 0.03942793980240822, 0.0373416505753994, 0.038262464106082916, 0.03834332525730133, 0.03770899772644043, 0.037642527371644974, 0.037752795964479446, 0.04054075479507446, 0.04293689876794815, 0.03685217350721359, 0.03896400332450867, 0.04065847769379616, 0.038775909692049026, 0.03433538228273392, 0.04191918671131134, 0.040556587278842926, 0.04276257008314133, 0.03759795427322388, 0.040717318654060364, 0.038856830447912216, 0.04204840585589409, 0.04109612852334976, 0.037981823086738586, 0.040898945182561874, 0.043229639530181885, 0.040667761117219925, 0.04477308690547943, 0.039451055228710175, 0.038606636226177216, 0.03838320076465607, 0.03899719566106796, 0.040277622640132904, 0.039831358939409256, 0.03916209563612938, 0.0379679910838604, 0.03768210858106613, 0.03657010197639465, 0.04078168421983719, 0.042328089475631714, 0.03676760196685791, 0.04087590426206589, 0.04358961433172226, 0.04397081211209297, 0.03867943212389946, 0.041272226721048355, 0.04589192569255829, 0.04149056226015091, 0.04033119976520538, 0.039955489337444305, 0.040150806307792664, 0.04047219455242157, 0.04189086705446243, 0.03949512541294098, 0.04307902604341507, 0.04065241664648056, 0.046109214425086975, 0.03554035723209381, 0.03675755858421326, 0.03669300675392151, 0.041686370968818665, 0.04383203014731407, 0.041119933128356934, 0.039038389921188354, 0.03842146322131157, 0.041563138365745544, 0.04041147977113724, 0.035359516739845276, 0.038560524582862854, 0.04158903658390045, 0.043166082352399826, 0.04074539616703987, 0.036741554737091064, 0.043572798371315, 0.03751787170767784, 0.04164670780301094, 0.04362966865301132, 0.040186621248722076, 0.041397057473659515, 0.03935445472598076, 0.04223174601793289, 0.042715754359960556, 0.037517301738262177, 0.0382741242647171, 0.04019131138920784, 0.0395851731300354, 0.04238436371088028, 0.0401458814740181, 0.04220360517501831, 0.0390624962747097, 0.04076113551855087, 0.040172383189201355, 0.03731011226773262, 0.03681721165776253, 0.041418857872486115, 0.03649500012397766, 0.03651744872331619, 0.043584857136011124, 0.03962341696023941, 0.04131028801202774, 0.04043162614107132, 0.03726980835199356, 0.04040828347206116, 0.04107867553830147, 0.04200667515397072, 0.044268399477005005, 0.037342388182878494, 0.03929911181330681, 0.04080072045326233, 0.0409177802503109, 0.04101903364062309, 0.04228818044066429, 0.04728146642446518, 0.04114970564842224, 0.04111441224813461, 0.04133613407611847, 0.03767850622534752, 0.03853035345673561, 0.0368894524872303, 0.03801177442073822, 0.040905989706516266, 0.04566449299454689, 0.04176215082406998, 0.038573965430259705, 0.042580462992191315, 0.037342995405197144, 0.026587102562189102]}
Saving current best: model_best.pth.tar ...
Setting up Multi Scale Gradient loss...
Done
Setting up Multi Scale Gradient loss...
Done
Setting up Multi Scale Gradient loss...
Done
Setting up Multi Scale Gradient loss...
Done
Setting up Multi Scale Gradient loss...
Done
Setting up Multi Scale Gradient loss...
Done
Setting up Multi Scale Gradient loss...
Done
Setting up Multi Scale Gradient loss...
Done
Setting up Multi Scale Gradient loss...
Setting up Multi Scale Gradient loss...
Done
Done
Setting up Multi Scale Gradient loss...
Done
Setting up Multi Scale Gradient loss...
Done
Setting up Multi Scale Gradient loss...
Done
Setting up Multi Scale Gradient loss...
Done
Setting up Multi Scale Gradient loss...
Done
Setting up Multi Scale Gradient loss...
Done
all losses in batch in validation:  {'loss': [0.050383441150188446, 0.04997996613383293, 0.048043835908174515, 0.047368474304676056, 0.04839426279067993, 0.042523667216300964, 0.06638216972351074, 0.05297049507498741, 0.04238904267549515, 0.04142861068248749, 0.05263909697532654, 0.05370068922638893, 0.045018214732408524, 0.03965083882212639, 0.05134214833378792, 0.04881729185581207, 0.055795736610889435, 0.05243869125843048, 0.04913783445954323, 0.04257850721478462, 0.051920823752880096, 0.04014573246240616, 0.04265701398253441, 0.05388542264699936, 0.049437038600444794, 0.05119018629193306, 0.04923684895038605, 0.053360290825366974, 0.04772908240556717, 0.05929987132549286, 0.0581829696893692, 0.05439118295907974, 0.04160747677087784, 0.05205075815320015, 0.06903158873319626, 0.04558926075696945, 0.05402939021587372, 0.05667474493384361, 0.047889336943626404, 0.06336143612861633, 0.04296746850013733, 0.05011748895049095, 0.05512872710824013, 0.05498708039522171, 0.03999064862728119, 0.046490371227264404, 0.06261394172906876, 0.052413929253816605, 0.05176388844847679, 0.04540908336639404, 0.04367614910006523, 0.0531567744910717, 0.04904947057366371, 0.04090380668640137, 0.040388401597738266, 0.05031246319413185, 0.05096477270126343, 0.06629373878240585, 0.05322932079434395, 0.048227451741695404, 0.0510048046708107, 0.052830249071121216, 0.05221138149499893, 0.043951403349637985, 0.043805476278066635, 0.04173332825303078, 0.04185625910758972, 0.04983487352728844, 0.05485479533672333, 0.04377217963337898, 0.0513351708650589, 0.052866384387016296, 0.05606357753276825, 0.059451211243867874, 0.06601083278656006, 0.04753345996141434, 0.05676480382680893, 0.0558285191655159, 0.048259664326906204, 0.06343162059783936, 0.04571991041302681, 0.039227597415447235, 0.041759323328733444, 0.03863681107759476, 0.05780453979969025, 0.05927538871765137, 0.051502808928489685, 0.044560838490724564, 0.047182440757751465, 0.043033331632614136, 0.04590360075235367, 0.05115511268377304, 0.04676441103219986, 0.047666896134614944, 0.0519925057888031, 0.055197760462760925, 0.04354007542133331, 0.06260956823825836, 0.05836687237024307, 0.04734061658382416, 0.05009227991104126, 0.04183490574359894, 0.06080402806401253, 0.0677817091345787, 0.0517820343375206, 0.06337162852287292, 0.06088707596063614, 0.04887305572628975, 0.04129059612751007, 0.04289102554321289, 0.05154525116086006, 0.03903520107269287, 0.04388922452926636, 0.048534050583839417, 0.05434579402208328, 0.04991377890110016, 0.06715255230665207, 0.051338572055101395, 0.052253104746341705, 0.04777183011174202, 0.055306095629930496, 0.06501545757055283, 0.05683078616857529, 0.04187933728098869, 0.05523128807544708, 0.05400291085243225, 0.05017898231744766, 0.04618247225880623, 0.05374615639448166, 0.057567108422517776, 0.05355161800980568, 0.04606304690241814, 0.05347263813018799, 0.043773848563432693, 0.0499916709959507, 0.05554011091589928, 0.0478995181620121, 0.05931483209133148, 0.05713259056210518, 0.05439349636435509, 0.05361957475543022, 0.05063363164663315, 0.044109027832746506], 'L_si': [0.011454522609710693, 0.011477768421173096, 0.010660380125045776, 0.011849135160446167, 0.011186778545379639, 0.008354008197784424, 0.020698130130767822, 0.013425856828689575, 0.00865676999092102, 0.008146733045578003, 0.012871861457824707, 0.012357532978057861, 0.009334713220596313, 0.00704801082611084, 0.013046562671661377, 0.010002344846725464, 0.015089094638824463, 0.013167142868041992, 0.012633860111236572, 0.008397549390792847, 0.012805402278900146, 0.0083903968334198, 0.009334772825241089, 0.014320135116577148, 0.012209653854370117, 0.011865228414535522, 0.01135513186454773, 0.013206690549850464, 0.011278808116912842, 0.01760166883468628, 0.018839746713638306, 0.014205098152160645, 0.008612215518951416, 0.012277424335479736, 0.02336689829826355, 0.008567869663238525, 0.013057619333267212, 0.015203475952148438, 0.01322031021118164, 0.01842525601387024, 0.007888317108154297, 0.01126396656036377, 0.013005554676055908, 0.012437909841537476, 0.007675796747207642, 0.008972853422164917, 0.018415123224258423, 0.012881219387054443, 0.011643469333648682, 0.010529965162277222, 0.01007869839668274, 0.014609336853027344, 0.010652482509613037, 0.00816527009010315, 0.0071884989738464355, 0.010482639074325562, 0.01249346137046814, 0.019840091466903687, 0.013126254081726074, 0.009535938501358032, 0.011725068092346191, 0.012835979461669922, 0.011022418737411499, 0.008589774370193481, 0.008644908666610718, 0.007599204778671265, 0.007266581058502197, 0.012990713119506836, 0.013480305671691895, 0.009651601314544678, 0.011378377676010132, 0.012897223234176636, 0.012553572654724121, 0.015972256660461426, 0.02311733365058899, 0.011787444353103638, 0.015818029642105103, 0.013756781816482544, 0.009610027074813843, 0.018138915300369263, 0.010509103536605835, 0.007174849510192871, 0.007694661617279053, 0.0075224339962005615, 0.015332281589508057, 0.0157700777053833, 0.011699467897415161, 0.010227739810943604, 0.010679095983505249, 0.008156925439834595, 0.011107116937637329, 0.01072394847869873, 0.008748888969421387, 0.011268079280853271, 0.012891292572021484, 0.014247924089431763, 0.008452028036117554, 0.018941789865493774, 0.016818225383758545, 0.010186910629272461, 0.012411266565322876, 0.008019566535949707, 0.01650598645210266, 0.02091839909553528, 0.012186229228973389, 0.019603312015533447, 0.017430603504180908, 0.010838598012924194, 0.008481502532958984, 0.008531063795089722, 0.011787056922912598, 0.006786704063415527, 0.009697824716567993, 0.009999364614486694, 0.013075143098831177, 0.011300832033157349, 0.019588887691497803, 0.013213783502578735, 0.013443797826766968, 0.009807467460632324, 0.013583391904830933, 0.019791394472122192, 0.014487981796264648, 0.008248746395111084, 0.014494001865386963, 0.013725131750106812, 0.011374294757843018, 0.00895264744758606, 0.012454569339752197, 0.017262518405914307, 0.014858245849609375, 0.010774224996566772, 0.013177692890167236, 0.008482575416564941, 0.011660575866699219, 0.01385757327079773, 0.010554611682891846, 0.013808906078338623, 0.015017688274383545, 0.014543354511260986, 0.013847649097442627, 0.01257827877998352, 0.01407131552696228], 'L_grad': [0.03892891854047775, 0.038502197712659836, 0.03738345578312874, 0.03551933914422989, 0.03720748424530029, 0.03416965901851654, 0.04568403959274292, 0.039544638246297836, 0.03373227268457413, 0.033281877636909485, 0.03976723551750183, 0.04134315624833107, 0.03568350151181221, 0.03260282799601555, 0.03829558566212654, 0.03881494700908661, 0.04070664197206497, 0.03927154839038849, 0.036503974348306656, 0.034180957823991776, 0.03911542147397995, 0.03175533562898636, 0.03332224115729332, 0.03956528753042221, 0.037227384746074677, 0.03932495787739754, 0.03788171708583832, 0.04015360027551651, 0.03645027428865433, 0.04169820249080658, 0.039343222975730896, 0.0401860848069191, 0.03299526125192642, 0.03977333381772041, 0.04566469043493271, 0.037021391093730927, 0.040971770882606506, 0.041471268981695175, 0.03466902673244476, 0.044936180114746094, 0.03507915139198303, 0.03885352239012718, 0.04212317243218422, 0.042549170553684235, 0.03231485188007355, 0.03751751780509949, 0.04419881850481033, 0.03953270986676216, 0.04012041911482811, 0.03487911820411682, 0.03359745070338249, 0.03854743763804436, 0.038396988064050674, 0.03273853659629822, 0.03319990262389183, 0.03982982411980629, 0.03847131133079529, 0.04645364731550217, 0.040103066712617874, 0.03869151324033737, 0.03927973657846451, 0.039994269609451294, 0.04118896275758743, 0.035361628979444504, 0.03516056761145592, 0.03413412347435951, 0.034589678049087524, 0.0368441604077816, 0.04137448966503143, 0.034120578318834305, 0.03995679318904877, 0.03996916115283966, 0.04351000487804413, 0.04347895458340645, 0.04289349541068077, 0.0357460156083107, 0.04094677418470383, 0.042071737349033356, 0.03864963725209236, 0.045292701572179794, 0.035210806876420975, 0.032052747905254364, 0.03406466171145439, 0.031114378944039345, 0.04247225821018219, 0.043505311012268066, 0.039803341031074524, 0.03433309867978096, 0.036503344774246216, 0.03487640619277954, 0.03479648381471634, 0.04043116420507431, 0.03801552206277847, 0.03639881685376167, 0.039101213216781616, 0.04094983637332916, 0.03508804738521576, 0.04366777837276459, 0.04154864698648453, 0.0371537059545517, 0.037681013345718384, 0.03381533920764923, 0.044298041611909866, 0.046863310039043427, 0.03959580510854721, 0.04376831650733948, 0.04345647245645523, 0.038034457713365555, 0.032809093594551086, 0.03435996174812317, 0.039758194237947464, 0.032248497009277344, 0.034191399812698364, 0.03853468596935272, 0.041270650923252106, 0.03861294686794281, 0.047563664615154266, 0.03812478855252266, 0.03880930691957474, 0.037964362651109695, 0.041722703725099564, 0.045224063098430634, 0.04234280437231064, 0.03363059088587761, 0.04073728621006012, 0.04027777910232544, 0.038804687559604645, 0.03722982481122017, 0.04129158705472946, 0.04030459001660347, 0.038693372160196304, 0.035288821905851364, 0.04029494524002075, 0.03529127314686775, 0.03833109512925148, 0.04168253764510155, 0.037344906479120255, 0.04550592601299286, 0.042114902287721634, 0.0398501418530941, 0.039771925657987595, 0.03805535286664963, 0.030037712305784225]}
Saving current best: model_best.pth.tar ...
Setting up Multi Scale Gradient loss...
Done
Setting up Multi Scale Gradient loss...
Done
Setting up Multi Scale Gradient loss...
Done
Setting up Multi Scale Gradient loss...
Done
Setting up Multi Scale Gradient loss...
Done
Setting up Multi Scale Gradient loss...
Done
Setting up Multi Scale Gradient loss...
Done
Setting up Multi Scale Gradient loss...
Done
Setting up Multi Scale Gradient loss...
Done
Setting up Multi Scale Gradient loss...
Done
Setting up Multi Scale Gradient loss...
Done
Setting up Multi Scale Gradient loss...
Done
Setting up Multi Scale Gradient loss...
Done
Setting up Multi Scale Gradient loss...
Done
Setting up Multi Scale Gradient loss...
Setting up Multi Scale Gradient loss...
Done
Done
all losses in batch in validation:  {'loss': [0.055632878094911575, 0.05044391006231308, 0.04779796302318573, 0.04718387871980667, 0.05111313983798027, 0.04062946140766144, 0.0688052773475647, 0.053892433643341064, 0.04157845675945282, 0.04363473504781723, 0.058507390320301056, 0.05705535411834717, 0.04412451386451721, 0.039124995470047, 0.04890182614326477, 0.05234526842832565, 0.06006716191768646, 0.06093772500753403, 0.04764693230390549, 0.04096212983131409, 0.051794830709695816, 0.038113560527563095, 0.04193025454878807, 0.05905069783329964, 0.04541296139359474, 0.05221948027610779, 0.0543905571103096, 0.054526954889297485, 0.04292842745780945, 0.059335727244615555, 0.06309998035430908, 0.05408407002687454, 0.04237184673547745, 0.05017595365643501, 0.06633398681879044, 0.04520893096923828, 0.058033496141433716, 0.05671245977282524, 0.04516976326704025, 0.067535400390625, 0.046667277812957764, 0.050777263939380646, 0.05641789361834526, 0.05456732213497162, 0.04111769422888756, 0.05351833999156952, 0.057876959443092346, 0.05846991389989853, 0.05055458843708038, 0.04430495947599411, 0.04406943544745445, 0.058038972318172455, 0.05828101187944412, 0.042467616498470306, 0.04296119138598442, 0.05202063173055649, 0.05232652649283409, 0.0684477686882019, 0.056112371385097504, 0.04865853488445282, 0.04762197285890579, 0.05654393881559372, 0.05327603965997696, 0.04470570385456085, 0.042828019708395004, 0.04506651684641838, 0.042720261961221695, 0.047584518790245056, 0.05945761501789093, 0.04474465176463127, 0.05403720587491989, 0.053868744522333145, 0.059064049273729324, 0.06602764874696732, 0.06218234449625015, 0.04729092866182327, 0.05471252277493477, 0.06319940835237503, 0.04546172916889191, 0.06627119332551956, 0.04675121232867241, 0.04009507596492767, 0.04579715430736542, 0.04136621952056885, 0.054856494069099426, 0.05717695504426956, 0.047547467052936554, 0.04455263912677765, 0.04272683709859848, 0.04198591783642769, 0.04376879334449768, 0.05353246629238129, 0.04478177800774574, 0.0471588559448719, 0.05521462857723236, 0.06247514486312866, 0.04254341125488281, 0.0633198618888855, 0.05812516435980797, 0.048199184238910675, 0.05070124566555023, 0.042509526014328, 0.059392571449279785, 0.0630934089422226, 0.04956614598631859, 0.06130355969071388, 0.06165970116853714, 0.04874277114868164, 0.036939993500709534, 0.04508854076266289, 0.05189399793744087, 0.03958393633365631, 0.04245150089263916, 0.05179867520928383, 0.06423749774694443, 0.050644420087337494, 0.06550898402929306, 0.05829131603240967, 0.049613624811172485, 0.04496338963508606, 0.054950639605522156, 0.06233591586351395, 0.061266813427209854, 0.04028405621647835, 0.050991788506507874, 0.059821635484695435, 0.055097393691539764, 0.047543857246637344, 0.049207139760255814, 0.05356048047542572, 0.052369680255651474, 0.043548181653022766, 0.05480688065290451, 0.04382234811782837, 0.0526440404355526, 0.05270978808403015, 0.052720122039318085, 0.06015947833657265, 0.05639079958200455, 0.051314204931259155, 0.05264861881732941, 0.0551801435649395, 0.04670770838856697], 'L_si': [0.015097260475158691, 0.01240435242652893, 0.010391533374786377, 0.011313408613204956, 0.012515544891357422, 0.007558673620223999, 0.02167677879333496, 0.014649897813796997, 0.008280068635940552, 0.00927037000656128, 0.015539288520812988, 0.014475822448730469, 0.009273409843444824, 0.006839066743850708, 0.012407690286636353, 0.012224406003952026, 0.01727035641670227, 0.017671287059783936, 0.01151934266090393, 0.007685840129852295, 0.013202786445617676, 0.007513552904129028, 0.009072422981262207, 0.017736971378326416, 0.01044800877571106, 0.012184083461761475, 0.014512747526168823, 0.013973444700241089, 0.009180426597595215, 0.01806160807609558, 0.021696507930755615, 0.014234840869903564, 0.008724778890609741, 0.011015325784683228, 0.022196173667907715, 0.008349567651748657, 0.015948086977005005, 0.01606723666191101, 0.011768519878387451, 0.02116134762763977, 0.009220480918884277, 0.01197025179862976, 0.014314442873001099, 0.012253880500793457, 0.008064627647399902, 0.013175606727600098, 0.01615622639656067, 0.016765832901000977, 0.012045204639434814, 0.010309427976608276, 0.009881287813186646, 0.017917633056640625, 0.01582053303718567, 0.008450150489807129, 0.008747100830078125, 0.010699152946472168, 0.013907581567764282, 0.02281305193901062, 0.014987438917160034, 0.010688483715057373, 0.01120862364768982, 0.015262037515640259, 0.01178354024887085, 0.008842319250106812, 0.008607417345046997, 0.009494990110397339, 0.007799118757247925, 0.012178391218185425, 0.016734033823013306, 0.00994214415550232, 0.013725817203521729, 0.014057964086532593, 0.015300333499908447, 0.020902782678604126, 0.020930826663970947, 0.012109249830245972, 0.015561282634735107, 0.01810017228126526, 0.00879526138305664, 0.02048996090888977, 0.01050877571105957, 0.0074787139892578125, 0.009920865297317505, 0.008507609367370605, 0.014909565448760986, 0.01495477557182312, 0.009844690561294556, 0.01006084680557251, 0.008599609136581421, 0.007937908172607422, 0.010314971208572388, 0.012636542320251465, 0.008348673582077026, 0.01074954867362976, 0.014226794242858887, 0.018204092979431152, 0.008232265710830688, 0.018811315298080444, 0.01590442657470703, 0.010867297649383545, 0.01280200481414795, 0.008422255516052246, 0.01726013422012329, 0.019153684377670288, 0.011451929807662964, 0.018217086791992188, 0.01785758137702942, 0.010832220315933228, 0.006939440965652466, 0.009903669357299805, 0.012678563594818115, 0.007111489772796631, 0.009103983640670776, 0.011614620685577393, 0.01895540952682495, 0.011473923921585083, 0.020246416330337524, 0.016697674989700317, 0.011876136064529419, 0.00868484377861023, 0.014312893152236938, 0.019477516412734985, 0.01761379837989807, 0.007788747549057007, 0.012082129716873169, 0.0169297456741333, 0.014590293169021606, 0.009606003761291504, 0.01121547818183899, 0.015176713466644287, 0.01418846845626831, 0.009298354387283325, 0.014822453260421753, 0.009381115436553955, 0.013496339321136475, 0.014163345098495483, 0.012331604957580566, 0.015557825565338135, 0.01556098461151123, 0.013833612203598022, 0.013737231492996216, 0.015291094779968262, 0.015587300062179565], 'L_grad': [0.040535617619752884, 0.03803955763578415, 0.03740642964839935, 0.035870470106601715, 0.03859759494662285, 0.03307078778743744, 0.047128498554229736, 0.03924253582954407, 0.03329838812351227, 0.03436436504125595, 0.04296810179948807, 0.0425795316696167, 0.03485110402107239, 0.03228592872619629, 0.03649413585662842, 0.04012086242437363, 0.04279680550098419, 0.04326643794775009, 0.036127589643001556, 0.03327628970146179, 0.03859204426407814, 0.030600007623434067, 0.032857831567525864, 0.04131372645497322, 0.03496495261788368, 0.040035396814346313, 0.03987780958414078, 0.040553510189056396, 0.03374800086021423, 0.041274119168519974, 0.04140347242355347, 0.03984922915697098, 0.033647067844867706, 0.039160627871751785, 0.04413781315088272, 0.036859363317489624, 0.04208540916442871, 0.04064522311091423, 0.0334012433886528, 0.04637404903769493, 0.037446796894073486, 0.038807012140750885, 0.04210345074534416, 0.04231344163417816, 0.033053066581487656, 0.04034273326396942, 0.04172073304653168, 0.04170408099889755, 0.03850938379764557, 0.033995531499385834, 0.03418814763426781, 0.04012133926153183, 0.04246047884225845, 0.03401746600866318, 0.034214090555906296, 0.04132147878408432, 0.03841894492506981, 0.045634716749191284, 0.04112493246793747, 0.03797005116939545, 0.03641334921121597, 0.04128190129995346, 0.04149249941110611, 0.03586338460445404, 0.03422060236334801, 0.03557152673602104, 0.03492114320397377, 0.03540612757205963, 0.042723581194877625, 0.03480250760912895, 0.04031138867139816, 0.03981078043580055, 0.04376371577382088, 0.04512486606836319, 0.041251517832279205, 0.0351816788315773, 0.03915124014019966, 0.04509923607110977, 0.036666467785835266, 0.04578123241662979, 0.03624243661761284, 0.03261636197566986, 0.03587628901004791, 0.03285861015319824, 0.03994692862033844, 0.04222217947244644, 0.037702776491642, 0.03449179232120514, 0.03412722796201706, 0.03404800966382027, 0.03345382213592529, 0.04089592397212982, 0.036433104425668716, 0.03640930727124214, 0.040987834334373474, 0.04427105188369751, 0.034311145544052124, 0.044508546590805054, 0.04222073778510094, 0.03733188658952713, 0.03789924085140228, 0.03408727049827576, 0.042132437229156494, 0.04393972456455231, 0.038114216178655624, 0.043086472898721695, 0.04380211979150772, 0.03791055083274841, 0.03000055067241192, 0.03518487140536308, 0.03921543434262276, 0.03247244656085968, 0.033347517251968384, 0.040184054523706436, 0.045282088220119476, 0.03917049616575241, 0.045262567698955536, 0.04159364104270935, 0.037737488746643066, 0.03627854585647583, 0.04063774645328522, 0.04285839945077896, 0.04365301504731178, 0.03249530866742134, 0.038909658789634705, 0.042891889810562134, 0.04050710052251816, 0.03793785348534584, 0.037991661578416824, 0.03838376700878143, 0.03818121179938316, 0.03424982726573944, 0.03998442739248276, 0.034441232681274414, 0.03914770111441612, 0.03854644298553467, 0.04038851708173752, 0.04460165277123451, 0.04082981497049332, 0.03748059272766113, 0.03891138732433319, 0.03988904878497124, 0.031120408326387405]}
Setting up Multi Scale Gradient loss...
Done
Setting up Multi Scale Gradient loss...
Done
Setting up Multi Scale Gradient loss...
Done
Setting up Multi Scale Gradient loss...
Done
Setting up Multi Scale Gradient loss...
Done
Setting up Multi Scale Gradient loss...
Done
Setting up Multi Scale Gradient loss...
Done
Setting up Multi Scale Gradient loss...
Done
Setting up Multi Scale Gradient loss...Setting up Multi Scale Gradient loss...
Setting up Multi Scale Gradient loss...
Setting up Multi Scale Gradient loss...
Setting up Multi Scale Gradient loss...
Setting up Multi Scale Gradient loss...
Setting up Multi Scale Gradient loss...
Setting up Multi Scale Gradient loss...

Done
Done
Done
Done
Done
DoneDone

Done
all losses in batch in validation:  {'loss': [0.04538704454898834, 0.04313649609684944, 0.042033009231090546, 0.044340118765830994, 0.04365658387541771, 0.039753854274749756, 0.055561717599630356, 0.03998009115457535, 0.03876984864473343, 0.03687547147274017, 0.04370369762182236, 0.048263244330883026, 0.039488986134529114, 0.03693319112062454, 0.04288603737950325, 0.04067659378051758, 0.0473601296544075, 0.04257618635892868, 0.04590275138616562, 0.0410931333899498, 0.047014862298965454, 0.03991115093231201, 0.03740439563989639, 0.04573849216103554, 0.043355733156204224, 0.04507097601890564, 0.03839803859591484, 0.04715355858206749, 0.04330090433359146, 0.05247747153043747, 0.04871398210525513, 0.04704100638628006, 0.035973358899354935, 0.04508005827665329, 0.05897295102477074, 0.04077962040901184, 0.04089099168777466, 0.05231529474258423, 0.04507501423358917, 0.051026590168476105, 0.03783325105905533, 0.04576614499092102, 0.04844258725643158, 0.05097605660557747, 0.03769655525684357, 0.036270856857299805, 0.05611806362867355, 0.04333837330341339, 0.04031897708773613, 0.04100382328033447, 0.04086190462112427, 0.04839428514242172, 0.040065180510282516, 0.037064701318740845, 0.037107400596141815, 0.042524632066488266, 0.043322280049324036, 0.061859436333179474, 0.04522445797920227, 0.041012562811374664, 0.04265490174293518, 0.04795033857226372, 0.04111384600400925, 0.04210023581981659, 0.04077550396323204, 0.03795480355620384, 0.03895736485719681, 0.03991059958934784, 0.042879868298769, 0.04192705452442169, 0.04326276481151581, 0.04826886206865311, 0.04046260938048363, 0.05164628103375435, 0.05712570250034332, 0.04099208116531372, 0.04467696696519852, 0.04882854223251343, 0.04275379702448845, 0.04631444811820984, 0.039967432618141174, 0.037144239991903305, 0.03671489655971527, 0.03773362934589386, 0.04952197149395943, 0.05061063915491104, 0.046514809131622314, 0.04324173927307129, 0.04440291225910187, 0.03932293877005577, 0.04668925702571869, 0.04162754490971565, 0.0416443794965744, 0.04325961321592331, 0.044781338423490524, 0.04754624888300896, 0.04187481105327606, 0.05679762363433838, 0.0489647276699543, 0.039654817432165146, 0.04685523360967636, 0.040067728608846664, 0.05162336677312851, 0.055799975991249084, 0.04688972979784012, 0.05094697326421738, 0.054290562868118286, 0.043437693268060684, 0.03678198903799057, 0.03915920481085777, 0.045662686228752136, 0.03649040311574936, 0.0407450869679451, 0.044222038239240646, 0.04347924143075943, 0.046006664633750916, 0.05161971598863602, 0.04666751250624657, 0.046921826899051666, 0.04267095774412155, 0.045990534126758575, 0.05404510349035263, 0.04252338781952858, 0.03548460826277733, 0.05201399698853493, 0.05273934453725815, 0.04548615217208862, 0.03974902257323265, 0.04634085297584534, 0.05265353247523308, 0.04750114679336548, 0.043306730687618256, 0.04307940974831581, 0.03748621419072151, 0.04113789275288582, 0.05073990672826767, 0.04415642470121384, 0.05005595460534096, 0.05164096876978874, 0.04551323130726814, 0.04712492227554321, 0.04299622401595116, 0.03823012858629227], 'L_si': [0.011726915836334229, 0.010333538055419922, 0.009045273065567017, 0.011362284421920776, 0.010340571403503418, 0.007962256669998169, 0.0169944167137146, 0.00870475172996521, 0.008397936820983887, 0.007511496543884277, 0.009870976209640503, 0.01155659556388855, 0.008560359477996826, 0.00687369704246521, 0.009925276041030884, 0.00836130976676941, 0.012279123067855835, 0.010173439979553223, 0.012007653713226318, 0.008993446826934814, 0.012819617986679077, 0.009141236543655396, 0.008134037256240845, 0.011596322059631348, 0.010711580514907837, 0.010227948427200317, 0.008101016283035278, 0.011501789093017578, 0.010200142860412598, 0.01487162709236145, 0.01397201418876648, 0.012190580368041992, 0.007581084966659546, 0.010080784559249878, 0.018988728523254395, 0.007581949234008789, 0.008802175521850586, 0.013994753360748291, 0.012500971555709839, 0.013583451509475708, 0.006646066904067993, 0.010132193565368652, 0.01156628131866455, 0.011664628982543945, 0.007491260766983032, 0.006517738103866577, 0.016740262508392334, 0.010690361261367798, 0.008074194192886353, 0.009429901838302612, 0.00966218113899231, 0.014007806777954102, 0.008449554443359375, 0.00733599066734314, 0.00655674934387207, 0.008555442094802856, 0.010286092758178711, 0.020324736833572388, 0.010782450437545776, 0.007872790098190308, 0.009110182523727417, 0.011825352907180786, 0.007791638374328613, 0.00868496298789978, 0.008497148752212524, 0.007007718086242676, 0.007261544466018677, 0.00918489694595337, 0.009482979774475098, 0.009645909070968628, 0.00950545072555542, 0.012147903442382812, 0.007665663957595825, 0.014298290014266968, 0.018154799938201904, 0.009993672370910645, 0.011080324649810791, 0.011872082948684692, 0.00833427906036377, 0.011981934309005737, 0.009112894535064697, 0.007295817136764526, 0.007013082504272461, 0.0077333152294158936, 0.013120681047439575, 0.012239933013916016, 0.010568439960479736, 0.01016765832901001, 0.010614514350891113, 0.007750511169433594, 0.012826681137084961, 0.008334249258041382, 0.007876306772232056, 0.010489612817764282, 0.010938763618469238, 0.011839509010314941, 0.008639931678771973, 0.016494303941726685, 0.01222139596939087, 0.007998228073120117, 0.011701345443725586, 0.008239179849624634, 0.013891398906707764, 0.01615270972251892, 0.010989069938659668, 0.014093279838562012, 0.015590816736221313, 0.009620696306228638, 0.007546573877334595, 0.007932484149932861, 0.010071873664855957, 0.007042407989501953, 0.009474009275436401, 0.009093105792999268, 0.010212600231170654, 0.010609716176986694, 0.014387667179107666, 0.01217225193977356, 0.011461436748504639, 0.00885617733001709, 0.01083076000213623, 0.01555931568145752, 0.00984334945678711, 0.0065927207469940186, 0.013702034950256348, 0.0145721435546875, 0.011484026908874512, 0.00752142071723938, 0.010766923427581787, 0.015797168016433716, 0.012804567813873291, 0.010042518377304077, 0.009476810693740845, 0.0071364641189575195, 0.00879696011543274, 0.013307452201843262, 0.009658515453338623, 0.011184930801391602, 0.013422071933746338, 0.011230707168579102, 0.011889606714248657, 0.010740101337432861, 0.01275932788848877], 'L_grad': [0.033660128712654114, 0.03280295804142952, 0.03298773616552353, 0.03297783434391022, 0.03331601247191429, 0.03179159760475159, 0.038567300885915756, 0.03127533942461014, 0.030371911823749542, 0.029363973066210747, 0.033832721412181854, 0.036706648766994476, 0.03092862479388714, 0.03005949594080448, 0.032960761338472366, 0.03231528401374817, 0.035081006586551666, 0.03240274637937546, 0.0338950976729393, 0.032099686563014984, 0.03419524431228638, 0.030769914388656616, 0.029270358383655548, 0.03414217010140419, 0.03264415264129639, 0.03484302759170532, 0.030297022312879562, 0.03565176948904991, 0.033100761473178864, 0.03760584443807602, 0.03474196791648865, 0.03485042601823807, 0.02839227393269539, 0.03499927371740341, 0.03998422250151634, 0.03319767117500305, 0.03208881616592407, 0.03832054138183594, 0.032574042677879333, 0.0374431386590004, 0.031187184154987335, 0.03563395142555237, 0.03687630593776703, 0.039311427623033524, 0.030205294489860535, 0.029753118753433228, 0.03937780112028122, 0.03264801204204559, 0.03224478289484978, 0.03157392144203186, 0.031199725344777107, 0.03438647836446762, 0.03161562606692314, 0.029728712514042854, 0.030550653114914894, 0.03396918997168541, 0.033036187291145325, 0.041534699499607086, 0.034442007541656494, 0.03313977271318436, 0.033544719219207764, 0.03612498566508293, 0.033322207629680634, 0.03341527283191681, 0.032278355211019516, 0.030947085469961166, 0.03169582039117813, 0.03072570264339447, 0.0333968885242939, 0.032281145453453064, 0.03375731408596039, 0.036120958626270294, 0.0327969454228878, 0.03734799101948738, 0.03897090256214142, 0.030998408794403076, 0.033596642315387726, 0.036956459283828735, 0.03441951796412468, 0.0343325138092041, 0.030854539945721626, 0.02984842285513878, 0.02970181405544281, 0.030000315979123116, 0.03640129044651985, 0.038370706140995026, 0.03594636917114258, 0.03307408094406128, 0.033788397908210754, 0.03157242760062218, 0.03386257588863373, 0.03329329565167427, 0.033768072724342346, 0.03277000039815903, 0.033842574805021286, 0.035706739872694016, 0.03323487937450409, 0.040303319692611694, 0.03674333170056343, 0.03165658935904503, 0.035153888165950775, 0.03182854875922203, 0.037731967866420746, 0.039647266268730164, 0.03590065985918045, 0.036853693425655365, 0.03869974613189697, 0.033816996961832047, 0.029235413298010826, 0.03122672066092491, 0.03559081256389618, 0.029447995126247406, 0.0312710776925087, 0.03512893244624138, 0.033266641199588776, 0.03539694845676422, 0.03723204880952835, 0.03449526056647301, 0.03546039015054703, 0.03381478041410446, 0.035159774124622345, 0.03848578780889511, 0.03268003836274147, 0.02889188751578331, 0.03831196203827858, 0.03816720098257065, 0.03400212526321411, 0.03222760185599327, 0.03557392954826355, 0.03685636445879936, 0.03469657897949219, 0.03326421231031418, 0.033602599054574966, 0.030349750071763992, 0.03234093263745308, 0.03743245452642441, 0.034497909247875214, 0.038871023803949356, 0.038218896836042404, 0.03428252413868904, 0.035235315561294556, 0.032256122678518295, 0.025470798835158348]}
Saving current best: model_best.pth.tar ...
Setting up Multi Scale Gradient loss...
Done
Setting up Multi Scale Gradient loss...
Done
Setting up Multi Scale Gradient loss...
Done
Setting up Multi Scale Gradient loss...
Done
Setting up Multi Scale Gradient loss...
Done
Setting up Multi Scale Gradient loss...
Done
Setting up Multi Scale Gradient loss...
Done
Setting up Multi Scale Gradient loss...
Done
Setting up Multi Scale Gradient loss...
Done
Setting up Multi Scale Gradient loss...
Done
Setting up Multi Scale Gradient loss...
Done
Setting up Multi Scale Gradient loss...
Done
Setting up Multi Scale Gradient loss...
Done
Setting up Multi Scale Gradient loss...
Done
Setting up Multi Scale Gradient loss...
Done
Setting up Multi Scale Gradient loss...
Done
all losses in batch in validation:  {'loss': [0.04609858617186546, 0.04515751078724861, 0.04190695285797119, 0.046011485159397125, 0.045557375997304916, 0.041297998279333115, 0.057423703372478485, 0.044942595064640045, 0.03956558182835579, 0.04033152014017105, 0.046596404165029526, 0.05013065040111542, 0.040754951536655426, 0.03955569118261337, 0.041854847222566605, 0.04071754962205887, 0.04700753092765808, 0.046816907823085785, 0.04668202996253967, 0.04189404100179672, 0.05087701231241226, 0.04123140126466751, 0.04034598544239998, 0.05076925456523895, 0.04485456272959709, 0.04606121405959129, 0.039796557277441025, 0.04816719517111778, 0.04379259794950485, 0.05343557894229889, 0.05255824327468872, 0.047607723623514175, 0.036408886313438416, 0.04617682844400406, 0.05437631160020828, 0.041513945907354355, 0.042817823588848114, 0.051317453384399414, 0.04738951101899147, 0.05475153028964996, 0.040098194032907486, 0.0506875142455101, 0.050376102328300476, 0.051969125866889954, 0.038359057158231735, 0.038578957319259644, 0.05619896948337555, 0.0445941798388958, 0.042000532150268555, 0.04167746752500534, 0.04328688606619835, 0.050877124071121216, 0.040452420711517334, 0.03845679759979248, 0.03926949203014374, 0.04390549659729004, 0.04424944519996643, 0.06033440679311752, 0.0474478155374527, 0.043572887778282166, 0.04422832652926445, 0.045843273401260376, 0.04401083290576935, 0.044735003262758255, 0.041226647794246674, 0.03875686973333359, 0.039533622562885284, 0.04661709442734718, 0.043485578149557114, 0.04325471073389053, 0.043239492923021317, 0.051701620221138, 0.04165564104914665, 0.05323300510644913, 0.05374425649642944, 0.04283634200692177, 0.04851445555686951, 0.0490497387945652, 0.04364258050918579, 0.05017932131886482, 0.04023069515824318, 0.036518387496471405, 0.03769022971391678, 0.039621878415346146, 0.04912607744336128, 0.05123664066195488, 0.04628268629312515, 0.04340547323226929, 0.0413011759519577, 0.04008264094591141, 0.0448385551571846, 0.04216811805963516, 0.042224664241075516, 0.04378756135702133, 0.04750889539718628, 0.04921357333660126, 0.042091887444257736, 0.055103447288274765, 0.04653774946928024, 0.04120410978794098, 0.04906550422310829, 0.039905864745378494, 0.052871182560920715, 0.05621413141489029, 0.04975324869155884, 0.047410693019628525, 0.0558474063873291, 0.04468338191509247, 0.037890151143074036, 0.04052317515015602, 0.04910252243280411, 0.03662341460585594, 0.0425625741481781, 0.045030392706394196, 0.04389010742306709, 0.047740161418914795, 0.05042196065187454, 0.048504967242479324, 0.047987643629312515, 0.04436061158776283, 0.0478428453207016, 0.05642988532781601, 0.04329878091812134, 0.0363050140440464, 0.0535304918885231, 0.054221950471401215, 0.04637526720762253, 0.040173355489969254, 0.04645145684480667, 0.05097400024533272, 0.04965769127011299, 0.04576750844717026, 0.04416052997112274, 0.03835419565439224, 0.04457840695977211, 0.050479158759117126, 0.047060586512088776, 0.05095856636762619, 0.049727994948625565, 0.04547572508454323, 0.04778620973229408, 0.044629257172346115, 0.036680854856967926], 'L_si': [0.011878728866577148, 0.011266708374023438, 0.008965551853179932, 0.012829869985580444, 0.011354237794876099, 0.009096711874008179, 0.017850011587142944, 0.011828869581222534, 0.008912920951843262, 0.008937537670135498, 0.011473119258880615, 0.012230515480041504, 0.00893467664718628, 0.008060932159423828, 0.009743839502334595, 0.00881260633468628, 0.012377023696899414, 0.012723594903945923, 0.012848258018493652, 0.009312212467193604, 0.014582306146621704, 0.010045945644378662, 0.009606093168258667, 0.013976424932479858, 0.011643439531326294, 0.010993868112564087, 0.008867412805557251, 0.01201900839805603, 0.010733187198638916, 0.014809012413024902, 0.016493499279022217, 0.012489348649978638, 0.007829517126083374, 0.010701864957809448, 0.017021268606185913, 0.007931411266326904, 0.00983688235282898, 0.0134296715259552, 0.014308273792266846, 0.01545986533164978, 0.007555067539215088, 0.012713015079498291, 0.012637943029403687, 0.012308627367019653, 0.007999032735824585, 0.007491767406463623, 0.01661089062690735, 0.01123124361038208, 0.00891759991645813, 0.010377615690231323, 0.011012047529220581, 0.015342563390731812, 0.008723825216293335, 0.008100718259811401, 0.007391810417175293, 0.009132415056228638, 0.010890483856201172, 0.01877543330192566, 0.012015223503112793, 0.009060114622116089, 0.010047495365142822, 0.01102861762046814, 0.009215325117111206, 0.01010805368423462, 0.008792787790298462, 0.007498204708099365, 0.007580578327178955, 0.013089478015899658, 0.009845137596130371, 0.010264962911605835, 0.009462565183639526, 0.013876497745513916, 0.008624523878097534, 0.0150223970413208, 0.01619851589202881, 0.01105448603630066, 0.01353427767753601, 0.01219719648361206, 0.008838832378387451, 0.013655096292495728, 0.00950518250465393, 0.007290899753570557, 0.007498294115066528, 0.008814752101898193, 0.013329148292541504, 0.01286420226097107, 0.01084822416305542, 0.010805845260620117, 0.00992998480796814, 0.007836639881134033, 0.012200504541397095, 0.008517533540725708, 0.008218526840209961, 0.011233091354370117, 0.012544751167297363, 0.013039857149124146, 0.009126067161560059, 0.015336930751800537, 0.011644482612609863, 0.008731812238693237, 0.013306230306625366, 0.00815555453300476, 0.0147169828414917, 0.016143232583999634, 0.012200862169265747, 0.012551933526992798, 0.016392618417739868, 0.010229140520095825, 0.007998079061508179, 0.008503913879394531, 0.01176568865776062, 0.007357954978942871, 0.010355532169342041, 0.009256422519683838, 0.010634809732437134, 0.011366963386535645, 0.014038056135177612, 0.013487458229064941, 0.012445062398910522, 0.009547948837280273, 0.011313408613204956, 0.01688423752784729, 0.010443329811096191, 0.007276952266693115, 0.015016704797744751, 0.015423417091369629, 0.011426806449890137, 0.007887870073318481, 0.01138278841972351, 0.014293491840362549, 0.014449387788772583, 0.011553466320037842, 0.00992363691329956, 0.007817983627319336, 0.010263592004776001, 0.012800008058547974, 0.011148035526275635, 0.011708468198776245, 0.011915981769561768, 0.011335968971252441, 0.012481927871704102, 0.012184739112854004, 0.011629283428192139], 'L_grad': [0.034219857305288315, 0.033890802413225174, 0.03294140100479126, 0.03318161517381668, 0.03420313820242882, 0.032201286405324936, 0.03957369178533554, 0.03311372548341751, 0.030652660876512527, 0.03139398247003555, 0.03512328490614891, 0.037900134921073914, 0.03182027488946915, 0.031494759023189545, 0.03211100772023201, 0.03190494328737259, 0.03463050723075867, 0.03409331291913986, 0.03383377194404602, 0.03258182853460312, 0.03629470616579056, 0.03118545562028885, 0.03073989227414131, 0.036792829632759094, 0.0332111231982708, 0.035067345947027206, 0.030929144471883774, 0.03614818677306175, 0.033059410750865936, 0.03862656652927399, 0.036064743995666504, 0.03511837497353554, 0.02857936918735504, 0.03547496348619461, 0.03735504299402237, 0.03358253464102745, 0.032980941236019135, 0.037887781858444214, 0.033081237226724625, 0.03929166495800018, 0.0325431264936924, 0.03797449916601181, 0.03773815929889679, 0.0396604984998703, 0.03036002442240715, 0.03108719177544117, 0.0395880788564682, 0.03336293622851372, 0.033082932233810425, 0.03129985183477402, 0.03227483853697777, 0.035534560680389404, 0.031728595495224, 0.03035608120262623, 0.031877681612968445, 0.0347730815410614, 0.03335896134376526, 0.041558973491191864, 0.035432592034339905, 0.03451277315616608, 0.03418083116412163, 0.034814655780792236, 0.03479550778865814, 0.034626949578523636, 0.03243386000394821, 0.03125866502523422, 0.03195304423570633, 0.033527616411447525, 0.03364044055342674, 0.0329897478222847, 0.03377692773938179, 0.037825122475624084, 0.03303111717104912, 0.038210608065128326, 0.037545740604400635, 0.03178185597062111, 0.034980177879333496, 0.03685254231095314, 0.03480374813079834, 0.036524225026369095, 0.03072551265358925, 0.02922748774290085, 0.03019193559885025, 0.030807126313447952, 0.03579692915081978, 0.03837243840098381, 0.03543446213006973, 0.03259962797164917, 0.03137119114398956, 0.032246001064777374, 0.032638050615787506, 0.033650584518909454, 0.034006137400865555, 0.032554470002651215, 0.034964144229888916, 0.03617371618747711, 0.03296582028269768, 0.03976651653647423, 0.03489326685667038, 0.03247229754924774, 0.035759273916482925, 0.031750310212373734, 0.038154199719429016, 0.040070898830890656, 0.03755238652229309, 0.03485875949263573, 0.03945478796958923, 0.03445424139499664, 0.029892073944211006, 0.03201926127076149, 0.03733683377504349, 0.02926545962691307, 0.03220704197883606, 0.03577397018671036, 0.03325529769062996, 0.03637319803237915, 0.03638390451669693, 0.03501750901341438, 0.03554258123040199, 0.03481266275048256, 0.03652943670749664, 0.03954564779996872, 0.032855451107025146, 0.029028061777353287, 0.03851378709077835, 0.038798533380031586, 0.03494846075773239, 0.03228548541665077, 0.03506866842508316, 0.03668050840497017, 0.03520830348134041, 0.034214042127132416, 0.03423689305782318, 0.030536212027072906, 0.03431481495499611, 0.03767915070056915, 0.03591255098581314, 0.039250098168849945, 0.0378120131790638, 0.03413975611329079, 0.03530428186058998, 0.03244451805949211, 0.025051569566130638]}
Setting up Multi Scale Gradient loss...
Done
Setting up Multi Scale Gradient loss...
Done
Setting up Multi Scale Gradient loss...
Done
Setting up Multi Scale Gradient loss...
Done
Setting up Multi Scale Gradient loss...
Done
Setting up Multi Scale Gradient loss...
Done
Setting up Multi Scale Gradient loss...
Done
Setting up Multi Scale Gradient loss...
Done
Setting up Multi Scale Gradient loss...
Done
Setting up Multi Scale Gradient loss...
Done
Setting up Multi Scale Gradient loss...
Done
Setting up Multi Scale Gradient loss...
Done
Setting up Multi Scale Gradient loss...
Done
Setting up Multi Scale Gradient loss...
Done
Setting up Multi Scale Gradient loss...
Done
Setting up Multi Scale Gradient loss...
Done
all losses in batch in validation:  {'loss': [0.04431960731744766, 0.043007999658584595, 0.03943221643567085, 0.04298844188451767, 0.04095959663391113, 0.03947750851511955, 0.055318284779787064, 0.042037233710289, 0.03592976927757263, 0.039458706974983215, 0.045994170010089874, 0.04653824493288994, 0.0392729677259922, 0.037809424102306366, 0.04056823253631592, 0.03937612846493721, 0.04830174893140793, 0.04291984438896179, 0.040157318115234375, 0.034988127648830414, 0.04812558367848396, 0.035925231873989105, 0.03721150383353233, 0.047581516206264496, 0.042444415390491486, 0.0448208823800087, 0.03762182965874672, 0.04760252311825752, 0.04065307602286339, 0.047394298017024994, 0.05140950530767441, 0.047423042356967926, 0.03448069468140602, 0.041069161146879196, 0.05121280252933502, 0.037732526659965515, 0.04310542717576027, 0.054107606410980225, 0.04399393871426582, 0.053118906915187836, 0.035516079515218735, 0.04609382897615433, 0.048020198941230774, 0.04980287328362465, 0.03450338542461395, 0.03870239853858948, 0.053481847047805786, 0.04652857035398483, 0.03887750953435898, 0.03934059292078018, 0.038809884339571, 0.047374069690704346, 0.04128028824925423, 0.03662453964352608, 0.03510928153991699, 0.041902050375938416, 0.04561606049537659, 0.0567036047577858, 0.043521568179130554, 0.04088945686817169, 0.04416947439312935, 0.04894291236996651, 0.04122794792056084, 0.04107362776994705, 0.04083136096596718, 0.03668230399489403, 0.03861559182405472, 0.045182712376117706, 0.04241124540567398, 0.03883105516433716, 0.040255069732666016, 0.047386087477207184, 0.04145757108926773, 0.0493447482585907, 0.05036962032318115, 0.03841138631105423, 0.045697975903749466, 0.04925444722175598, 0.03908795863389969, 0.047792498022317886, 0.03794339299201965, 0.035456642508506775, 0.035929810255765915, 0.03510374575853348, 0.045944467186927795, 0.05216039717197418, 0.04186832904815674, 0.04001521319150925, 0.039860378950834274, 0.037347953766584396, 0.03879424184560776, 0.040140800178050995, 0.038372889161109924, 0.04038586840033531, 0.043281275779008865, 0.04767579585313797, 0.03829840198159218, 0.05232873186469078, 0.04913767799735069, 0.039132148027420044, 0.047221533954143524, 0.03575790673494339, 0.045825690031051636, 0.05398528650403023, 0.04631483927369118, 0.0436774417757988, 0.054434243589639664, 0.042962171137332916, 0.03452010825276375, 0.03790189325809479, 0.04564254730939865, 0.03545521944761276, 0.041555117815732956, 0.0443413183093071, 0.04370540380477905, 0.047073978930711746, 0.05456068366765976, 0.04883447289466858, 0.047428153455257416, 0.041183628141880035, 0.04705327749252319, 0.054682180285453796, 0.0445934534072876, 0.03677355870604515, 0.04991590976715088, 0.0508611723780632, 0.044722363352775574, 0.039118144661188126, 0.04292098805308342, 0.04976863041520119, 0.04666464775800705, 0.043780963867902756, 0.041260477155447006, 0.03708675876259804, 0.040182266384363174, 0.04651616886258125, 0.043739672750234604, 0.04993436485528946, 0.0464954674243927, 0.041346970945596695, 0.0437169186770916, 0.04259011894464493, 0.033477894961833954], 'L_si': [0.01115947961807251, 0.010279715061187744, 0.008276283740997314, 0.011924684047698975, 0.009629368782043457, 0.008568227291107178, 0.016667187213897705, 0.010451138019561768, 0.0073656439781188965, 0.008709967136383057, 0.011351346969604492, 0.01143789291381836, 0.008472263813018799, 0.007228255271911621, 0.009092330932617188, 0.008341729640960693, 0.01285707950592041, 0.01098930835723877, 0.010059058666229248, 0.006513833999633789, 0.013509154319763184, 0.007427513599395752, 0.007912158966064453, 0.012482821941375732, 0.01040560007095337, 0.010926961898803711, 0.008121132850646973, 0.012118339538574219, 0.009008586406707764, 0.013040721416473389, 0.015765488147735596, 0.013045012950897217, 0.007234632968902588, 0.008628427982330322, 0.01601734757423401, 0.006779730319976807, 0.010015010833740234, 0.015418529510498047, 0.012751072645187378, 0.01476481556892395, 0.006283462047576904, 0.011791408061981201, 0.011910736560821533, 0.01168370246887207, 0.006410539150238037, 0.007818222045898438, 0.01603531837463379, 0.011903464794158936, 0.0080413818359375, 0.00959324836730957, 0.009255766868591309, 0.013683080673217773, 0.009125113487243652, 0.0077124834060668945, 0.005987226963043213, 0.008777499198913574, 0.011440455913543701, 0.01730591058731079, 0.010416924953460693, 0.008035480976104736, 0.010299921035766602, 0.012975573539733887, 0.008559703826904297, 0.008815765380859375, 0.008413851261138916, 0.006697595119476318, 0.0073163509368896484, 0.012292444705963135, 0.00959324836730957, 0.008280396461486816, 0.008448302745819092, 0.012009203433990479, 0.008502423763275146, 0.013218224048614502, 0.0150718092918396, 0.009293317794799805, 0.0121268630027771, 0.01274329423904419, 0.007357358932495117, 0.01301664113998413, 0.008768856525421143, 0.006808817386627197, 0.007090210914611816, 0.006747722625732422, 0.0117911696434021, 0.013260364532470703, 0.008723020553588867, 0.009869217872619629, 0.008797109127044678, 0.007112622261047363, 0.009749650955200195, 0.008008480072021484, 0.006796777248382568, 0.009735167026519775, 0.011103153228759766, 0.012373894453048706, 0.007594108581542969, 0.014927387237548828, 0.012323498725891113, 0.008262932300567627, 0.012533485889434814, 0.006713926792144775, 0.011359572410583496, 0.015011906623840332, 0.010943472385406494, 0.01078563928604126, 0.016145408153533936, 0.00953739881515503, 0.006736636161804199, 0.007690072059631348, 0.01049715280532837, 0.006831169128417969, 0.009719491004943848, 0.009324371814727783, 0.010374784469604492, 0.011197984218597412, 0.016340672969818115, 0.013418227434158325, 0.012348771095275879, 0.008358120918273926, 0.01107943058013916, 0.016242802143096924, 0.010989010334014893, 0.007517039775848389, 0.013593912124633789, 0.014256894588470459, 0.011056900024414062, 0.00756072998046875, 0.010024666786193848, 0.014067232608795166, 0.01329714059829712, 0.011060118675231934, 0.009061813354492188, 0.0072705745697021484, 0.008853554725646973, 0.011571407318115234, 0.010004222393035889, 0.011351406574249268, 0.011464118957519531, 0.010035991668701172, 0.011018812656402588, 0.011159181594848633, 0.01012885570526123], 'L_grad': [0.03316012769937515, 0.03272828459739685, 0.031155932694673538, 0.031063759699463844, 0.031330227851867676, 0.030909281224012375, 0.03865109756588936, 0.031586095690727234, 0.028564125299453735, 0.03074873983860016, 0.03464282304048538, 0.03510035201907158, 0.030800703912973404, 0.030581168830394745, 0.03147590160369873, 0.031034398823976517, 0.03544466942548752, 0.03193053603172302, 0.030098259449005127, 0.028474293649196625, 0.03461642935872078, 0.028497718274593353, 0.02929934486746788, 0.03509869426488876, 0.032038815319538116, 0.03389392048120499, 0.029500696808099747, 0.035484183579683304, 0.031644489616155624, 0.034353576600551605, 0.03564401715993881, 0.03437802940607071, 0.027246061712503433, 0.032440733164548874, 0.03519545495510101, 0.03095279633998871, 0.033090416342020035, 0.03868907690048218, 0.031242866069078445, 0.038354091346263885, 0.02923261746764183, 0.034302420914173126, 0.03610946238040924, 0.03811917081475258, 0.028092846274375916, 0.03088417649269104, 0.037446528673172, 0.0346251055598259, 0.030836129561066628, 0.02974734455347061, 0.02955411747097969, 0.03369098901748657, 0.032155174762010574, 0.028912056237459183, 0.02912205457687378, 0.03312455117702484, 0.034175604581832886, 0.039397694170475006, 0.03310464322566986, 0.032853975892066956, 0.03386955335736275, 0.03596733883023262, 0.03266824409365654, 0.03225786238908768, 0.03241750970482826, 0.02998470887541771, 0.03129924088716507, 0.03289026767015457, 0.03281799703836441, 0.030550658702850342, 0.031806766986846924, 0.035376884043216705, 0.032955147325992584, 0.036126524209976196, 0.03529781103134155, 0.029118068516254425, 0.033571112900972366, 0.03651115298271179, 0.03173059970140457, 0.034775856882333755, 0.02917453646659851, 0.028647825121879578, 0.0288395993411541, 0.028356023132801056, 0.034153297543525696, 0.03890003263950348, 0.03314530849456787, 0.030145995318889618, 0.031063269823789597, 0.030235331505537033, 0.029044590890407562, 0.03213232010602951, 0.031576111912727356, 0.030650701373815536, 0.0321781225502491, 0.035301901400089264, 0.03070429340004921, 0.03740134462714195, 0.03681417927145958, 0.030869215726852417, 0.03468804806470871, 0.029043979942798615, 0.03446611762046814, 0.038973379880189896, 0.03537136688828468, 0.03289180248975754, 0.03828883543610573, 0.03342477232217789, 0.02778347209095955, 0.03021181933581829, 0.03514539450407028, 0.028624050319194794, 0.03183562681078911, 0.035016946494579315, 0.03333061933517456, 0.035875994712114334, 0.038220010697841644, 0.035416245460510254, 0.03507938235998154, 0.03282550722360611, 0.03597384691238403, 0.03843937814235687, 0.033604443073272705, 0.029256518930196762, 0.03632199764251709, 0.03660427778959274, 0.03366546332836151, 0.031557414680719376, 0.03289632126688957, 0.03570139780640602, 0.03336750715970993, 0.03272084519267082, 0.03219866380095482, 0.02981618419289589, 0.0313287116587162, 0.03494476154446602, 0.033735450357198715, 0.03858295828104019, 0.03503134846687317, 0.03131097927689552, 0.03269810602068901, 0.031430937349796295, 0.023349039256572723]}
Saving current best: model_best.pth.tar ...
Setting up Multi Scale Gradient loss...
Done
Setting up Multi Scale Gradient loss...
Done
Setting up Multi Scale Gradient loss...
Done
Setting up Multi Scale Gradient loss...
Done
Setting up Multi Scale Gradient loss...
Done
Setting up Multi Scale Gradient loss...
Done
Setting up Multi Scale Gradient loss...
Done
Setting up Multi Scale Gradient loss...
Done
Setting up Multi Scale Gradient loss...Setting up Multi Scale Gradient loss...

DoneDone

Setting up Multi Scale Gradient loss...
Done
Setting up Multi Scale Gradient loss...
Done
Setting up Multi Scale Gradient loss...
Done
Setting up Multi Scale Gradient loss...
Done
Setting up Multi Scale Gradient loss...
Done
Setting up Multi Scale Gradient loss...
Done
all losses in batch in validation:  {'loss': [0.053752172738313675, 0.06138582527637482, 0.049428269267082214, 0.05121732875704765, 0.05606422200798988, 0.047819722443819046, 0.06242945045232773, 0.06556124240159988, 0.052816540002822876, 0.052016645669937134, 0.05516369268298149, 0.05838721990585327, 0.05129927396774292, 0.05060975253582001, 0.0535513237118721, 0.04857737571001053, 0.05835544690489769, 0.061022765934467316, 0.06475512683391571, 0.048044897615909576, 0.05821117013692856, 0.054208241403102875, 0.055363766849040985, 0.06712552905082703, 0.053109705448150635, 0.048185206949710846, 0.049457382410764694, 0.05829441547393799, 0.056878723204135895, 0.05583685636520386, 0.06699074804782867, 0.051851432770490646, 0.04476507008075714, 0.05828855559229851, 0.06771740317344666, 0.04586251080036163, 0.05666416883468628, 0.05490025877952576, 0.05148167163133621, 0.06640634685754776, 0.04405207931995392, 0.04779357463121414, 0.06083540618419647, 0.0595761276781559, 0.04971276968717575, 0.05138261616230011, 0.0618414506316185, 0.056982461363077164, 0.046563684940338135, 0.046172816306352615, 0.05509757250547409, 0.0647030919790268, 0.05311556160449982, 0.04353015497326851, 0.04451461881399155, 0.05228280648589134, 0.051915984600782394, 0.05724670737981796, 0.056877925992012024, 0.05141926929354668, 0.04662320017814636, 0.05791980028152466, 0.05302715301513672, 0.05189451575279236, 0.050147686153650284, 0.04282885789871216, 0.04813937842845917, 0.056569911539554596, 0.05864429473876953, 0.05004890263080597, 0.05495334044098854, 0.06602022796869278, 0.05848284810781479, 0.061711061745882034, 0.059845440089702606, 0.04629697650671005, 0.06696692854166031, 0.050606537610292435, 0.050713907927274704, 0.06342515349388123, 0.047928664833307266, 0.04461956396698952, 0.05246628448367119, 0.053356826305389404, 0.0627327412366867, 0.05716365948319435, 0.058068208396434784, 0.04845979064702988, 0.05345861613750458, 0.05228155106306076, 0.04923287779092789, 0.0473988801240921, 0.04936292767524719, 0.05127491056919098, 0.053408727049827576, 0.056295447051525116, 0.0549473837018013, 0.05456332862377167, 0.05820945277810097, 0.04435066878795624, 0.0586715042591095, 0.04781071096658707, 0.06592802703380585, 0.05514155328273773, 0.04998502507805824, 0.06422656774520874, 0.0607687309384346, 0.051584791392087936, 0.048261549323797226, 0.04717985913157463, 0.056531403213739395, 0.04464344680309296, 0.049495212733745575, 0.05214794725179672, 0.05717261880636215, 0.05129043012857437, 0.05409292131662369, 0.062495723366737366, 0.05629813298583031, 0.0476958304643631, 0.05344641953706741, 0.06722588837146759, 0.055442966520786285, 0.04273316636681557, 0.05898524075746536, 0.06586157530546188, 0.05344875901937485, 0.049406394362449646, 0.048716455698013306, 0.05167686566710472, 0.053991444408893585, 0.05034370720386505, 0.05264999344944954, 0.048474133014678955, 0.05268614739179611, 0.054352473467588425, 0.05190473794937134, 0.059184007346630096, 0.0531252957880497, 0.05174827203154564, 0.05645153671503067, 0.05508342757821083, 0.043552689254283905], 'L_si': [0.013890981674194336, 0.016852080821990967, 0.011365413665771484, 0.014205515384674072, 0.015126466751098633, 0.010726988315582275, 0.01919734477996826, 0.019419193267822266, 0.013031482696533203, 0.011640667915344238, 0.014040172100067139, 0.014748036861419678, 0.011855363845825195, 0.011308908462524414, 0.013951897621154785, 0.01069176197052002, 0.016443967819213867, 0.01706022024154663, 0.019988834857940674, 0.012745916843414307, 0.01601266860961914, 0.014034271240234375, 0.014489471912384033, 0.020001471042633057, 0.01414412260055542, 0.011708617210388184, 0.011673152446746826, 0.014723360538482666, 0.015359818935394287, 0.014956057071685791, 0.021042287349700928, 0.014314770698547363, 0.010391473770141602, 0.016209959983825684, 0.021601974964141846, 0.009273350238800049, 0.014314651489257812, 0.01399916410446167, 0.015967130661010742, 0.018610715866088867, 0.008363902568817139, 0.011081874370574951, 0.015744507312774658, 0.014516592025756836, 0.011818468570709229, 0.011182427406311035, 0.018309593200683594, 0.014762461185455322, 0.010089755058288574, 0.011328935623168945, 0.015491604804992676, 0.019236624240875244, 0.012313783168792725, 0.009315907955169678, 0.009463191032409668, 0.011242985725402832, 0.012769699096679688, 0.015961945056915283, 0.014968335628509521, 0.0110853910446167, 0.010680615901947021, 0.014822423458099365, 0.012804806232452393, 0.011979341506958008, 0.012109816074371338, 0.008535802364349365, 0.00963360071182251, 0.016543149948120117, 0.0155181884765625, 0.012476801872253418, 0.013552665710449219, 0.01823204755783081, 0.013478338718414307, 0.017084121704101562, 0.01728922128677368, 0.01259082555770874, 0.020582854747772217, 0.011984050273895264, 0.011490046977996826, 0.0185471773147583, 0.012162506580352783, 0.009520947933197021, 0.0123862624168396, 0.014401435852050781, 0.01894545555114746, 0.014392435550689697, 0.01668912172317505, 0.012327373027801514, 0.014456748962402344, 0.012716352939605713, 0.013323724269866943, 0.010181069374084473, 0.010815680027008057, 0.014128565788269043, 0.013532817363739014, 0.015079081058502197, 0.013287901878356934, 0.01485145092010498, 0.015295267105102539, 0.009290158748626709, 0.015935122966766357, 0.011369884014129639, 0.020150065422058105, 0.014965176582336426, 0.01164865493774414, 0.018214762210845947, 0.01639854907989502, 0.012867748737335205, 0.011407732963562012, 0.010762691497802734, 0.014318108558654785, 0.009117066860198975, 0.012192070484161377, 0.011965274810791016, 0.014926433563232422, 0.013609528541564941, 0.014928638935089111, 0.01807469129562378, 0.014564335346221924, 0.010736048221588135, 0.013626694679260254, 0.02048969268798828, 0.013902544975280762, 0.009311079978942871, 0.016041219234466553, 0.01912844181060791, 0.012744367122650146, 0.01072460412979126, 0.011957943439483643, 0.013327717781066895, 0.015943944454193115, 0.012463986873626709, 0.012672066688537598, 0.010466933250427246, 0.012820541858673096, 0.01432102918624878, 0.012125551700592041, 0.01425391435623169, 0.013293445110321045, 0.012685298919677734, 0.015135526657104492, 0.015089690685272217, 0.014379382133483887], 'L_grad': [0.03986119106411934, 0.04453374445438385, 0.03806285560131073, 0.03701181337237358, 0.04093775525689125, 0.03709273412823677, 0.04323210567235947, 0.04614204913377762, 0.03978505730628967, 0.040375977754592896, 0.04112352058291435, 0.043639183044433594, 0.039443910121917725, 0.03930084407329559, 0.039599426090717316, 0.03788561373949051, 0.04191147908568382, 0.043962545692920685, 0.04476629197597504, 0.03529898077249527, 0.04219850152730942, 0.0401739701628685, 0.04087429493665695, 0.04712405800819397, 0.038965582847595215, 0.03647658973932266, 0.03778422996401787, 0.04357105493545532, 0.04151890426874161, 0.040880799293518066, 0.045948464423418045, 0.03753666207194328, 0.03437359631061554, 0.042078595608472824, 0.04611543193459511, 0.036589160561561584, 0.04234951734542847, 0.04090109467506409, 0.03551454097032547, 0.04779563099145889, 0.03568817675113678, 0.03671170026063919, 0.045090898871421814, 0.04505953565239906, 0.03789430111646652, 0.040200188755989075, 0.043531857430934906, 0.04222000017762184, 0.03647392988204956, 0.03484388068318367, 0.039605967700481415, 0.04546646773815155, 0.04080177843570709, 0.03421424701809883, 0.03505142778158188, 0.04103982076048851, 0.03914628550410271, 0.04128476232290268, 0.0419095903635025, 0.04033387824892998, 0.03594258427619934, 0.04309737682342529, 0.040222346782684326, 0.03991517424583435, 0.038037870079278946, 0.03429305553436279, 0.03850577771663666, 0.04002676159143448, 0.04312610626220703, 0.03757210075855255, 0.04140067473053932, 0.04778818041086197, 0.04500450938940048, 0.04462694004178047, 0.042556218802928925, 0.03370615094900131, 0.04638407379388809, 0.03862248733639717, 0.03922386094927788, 0.044877976179122925, 0.03576615825295448, 0.035098616033792496, 0.04008002206683159, 0.03895539045333862, 0.043787285685539246, 0.042771223932504654, 0.041379086673259735, 0.03613241761922836, 0.039001867175102234, 0.03956519812345505, 0.035909153521060944, 0.03721781075000763, 0.038547247648239136, 0.037146344780921936, 0.03987590968608856, 0.04121636599302292, 0.041659481823444366, 0.03971187770366669, 0.04291418567299843, 0.03506051003932953, 0.04273638129234314, 0.03644082695245743, 0.04577796161174774, 0.040176376700401306, 0.0383363701403141, 0.04601180925965309, 0.04437018185853958, 0.03871704265475273, 0.036853816360235214, 0.036417167633771896, 0.04221329465508461, 0.03552637994289398, 0.0373031422495842, 0.04018267244100571, 0.04224618524312973, 0.03768090158700943, 0.039164282381534576, 0.044421032071113586, 0.04173379763960838, 0.03695978224277496, 0.03981972485780716, 0.04673619568347931, 0.041540421545505524, 0.033422086387872696, 0.04294402152299881, 0.04673313349485397, 0.0407043918967247, 0.038681790232658386, 0.03675851225852966, 0.03834914788603783, 0.03804749995470047, 0.03787972033023834, 0.03997792676091194, 0.03800719976425171, 0.039865605533123016, 0.040031444281339645, 0.0397791862487793, 0.04493009299039841, 0.03983185067772865, 0.039062973111867905, 0.04131601005792618, 0.039993736892938614, 0.02917330712080002]}
Saving checkpoint: runs/train/0313_mkl/checkpoints/checkpoint-epoch008-loss-0.0193.pth.tar ...
Setting up Multi Scale Gradient loss...
Done
Setting up Multi Scale Gradient loss...
Done
Setting up Multi Scale Gradient loss...
Done
Setting up Multi Scale Gradient loss...
Done
Setting up Multi Scale Gradient loss...
Done
Setting up Multi Scale Gradient loss...
Done
Setting up Multi Scale Gradient loss...
Done
Setting up Multi Scale Gradient loss...
Done
Setting up Multi Scale Gradient loss...Setting up Multi Scale Gradient loss...

Setting up Multi Scale Gradient loss...
DoneDone

Done
Setting up Multi Scale Gradient loss...
Done
Setting up Multi Scale Gradient loss...
Done
Setting up Multi Scale Gradient loss...
Done
Setting up Multi Scale Gradient loss...
Done
Setting up Multi Scale Gradient loss...
Done
all losses in batch in validation:  {'loss': [0.039636462926864624, 0.042719386518001556, 0.038771409541368484, 0.04395459219813347, 0.04371591657400131, 0.03892814740538597, 0.044151291251182556, 0.041166871786117554, 0.03966621682047844, 0.03785436227917671, 0.04260503873229027, 0.042666830122470856, 0.038862667977809906, 0.03893003612756729, 0.038839295506477356, 0.03922326862812042, 0.042367465794086456, 0.04349935054779053, 0.04311598837375641, 0.04097628593444824, 0.04093074053525925, 0.04030952975153923, 0.03750602900981903, 0.0421481691300869, 0.04486773908138275, 0.045135971158742905, 0.03651758283376694, 0.042421676218509674, 0.043088942766189575, 0.041214536875486374, 0.04026135057210922, 0.04382724314928055, 0.035613805055618286, 0.044674426317214966, 0.04230161011219025, 0.04096569865942001, 0.03778241574764252, 0.04101250693202019, 0.048146992921829224, 0.04305105656385422, 0.03627166524529457, 0.044257789850234985, 0.04463250935077667, 0.04702109098434448, 0.03802664950489998, 0.035742804408073425, 0.04447781667113304, 0.04056032374501228, 0.03707387298345566, 0.040468163788318634, 0.04321778565645218, 0.043417174369096756, 0.03860602155327797, 0.037135541439056396, 0.03666652739048004, 0.03984570875763893, 0.039508942514657974, 0.042858295142650604, 0.04422347992658615, 0.03919975459575653, 0.03985226899385452, 0.043658725917339325, 0.04006970673799515, 0.03957604616880417, 0.042044222354888916, 0.03656228259205818, 0.037960126996040344, 0.041657958179712296, 0.03852986916899681, 0.03984401747584343, 0.04062145948410034, 0.0476524792611599, 0.037317872047424316, 0.04399437457323074, 0.04033760726451874, 0.04130961000919342, 0.042222052812576294, 0.04079781472682953, 0.04331351816654205, 0.04200056567788124, 0.03963298350572586, 0.03725862875580788, 0.03834134340286255, 0.04081689566373825, 0.043505433946847916, 0.043780624866485596, 0.04677198454737663, 0.042800337076187134, 0.04116220772266388, 0.039978500455617905, 0.03928095102310181, 0.04019060358405113, 0.04047105461359024, 0.04464356228709221, 0.04377838969230652, 0.04405950754880905, 0.04138284549117088, 0.04157472401857376, 0.04358130320906639, 0.03544364497065544, 0.044724222272634506, 0.03977520018815994, 0.04872532933950424, 0.04248719662427902, 0.044467587023973465, 0.04412952437996864, 0.04383401945233345, 0.04180280864238739, 0.03757266327738762, 0.03866267576813698, 0.04157010093331337, 0.03513653576374054, 0.03969093784689903, 0.044813357293605804, 0.04154515638947487, 0.04504472389817238, 0.04154660180211067, 0.04262145981192589, 0.04516322910785675, 0.043226540088653564, 0.043531518429517746, 0.0408778116106987, 0.039456356316804886, 0.03502281382679939, 0.04575638473033905, 0.04577551409602165, 0.040419336408376694, 0.038151007145643234, 0.044300008565187454, 0.03882092237472534, 0.04756241664290428, 0.043236419558525085, 0.040049199014902115, 0.037181295454502106, 0.04015735536813736, 0.04428499937057495, 0.04223932325839996, 0.04813144728541374, 0.040674034506082535, 0.04077451676130295, 0.04374368488788605, 0.04043859243392944, 0.03284279257059097], 'L_si': [0.008748829364776611, 0.01039963960647583, 0.008309543132781982, 0.0125008225440979, 0.01109778881072998, 0.008237838745117188, 0.011615753173828125, 0.009809315204620361, 0.009180665016174316, 0.007947862148284912, 0.010055959224700928, 0.009211182594299316, 0.008444368839263916, 0.008067131042480469, 0.008610248565673828, 0.00814366340637207, 0.01096433401107788, 0.01157999038696289, 0.011907398700714111, 0.009846150875091553, 0.009740173816680908, 0.00966733694076538, 0.008463919162750244, 0.010597765445709229, 0.011589646339416504, 0.011342346668243408, 0.007975935935974121, 0.009860396385192871, 0.010634064674377441, 0.009759485721588135, 0.010786235332489014, 0.011592566967010498, 0.007935583591461182, 0.010728657245635986, 0.011702537536621094, 0.00823122262954712, 0.007798552513122559, 0.009181499481201172, 0.014787912368774414, 0.009915292263031006, 0.0066155195236206055, 0.010656595230102539, 0.010556995868682861, 0.010592043399810791, 0.008180379867553711, 0.006617069244384766, 0.011816322803497314, 0.009330809116363525, 0.007326066493988037, 0.010241687297821045, 0.011658430099487305, 0.011888325214385986, 0.008153975009918213, 0.007994651794433594, 0.006991088390350342, 0.007806181907653809, 0.009141623973846436, 0.010023295879364014, 0.010855257511138916, 0.007821917533874512, 0.008630633354187012, 0.010445654392242432, 0.008132219314575195, 0.008404970169067383, 0.009476840496063232, 0.006945431232452393, 0.0069689154624938965, 0.010371744632720947, 0.008442699909210205, 0.009256482124328613, 0.008723318576812744, 0.012215971946716309, 0.006915867328643799, 0.010831713676452637, 0.009641408920288086, 0.010870873928070068, 0.010225057601928711, 0.009242415428161621, 0.008972644805908203, 0.010686814785003662, 0.009632289409637451, 0.00760263204574585, 0.00843721628189087, 0.009531915187835693, 0.01134335994720459, 0.00989598035812378, 0.011625111103057861, 0.01093381643295288, 0.01030188798904419, 0.008267819881439209, 0.010284841060638428, 0.008064746856689453, 0.007840633392333984, 0.012273788452148438, 0.011223018169403076, 0.011004090309143066, 0.009193956851959229, 0.009718716144561768, 0.010393738746643066, 0.006965458393096924, 0.01143258810043335, 0.008422374725341797, 0.013841211795806885, 0.00969153642654419, 0.010521769523620605, 0.011420190334320068, 0.010273575782775879, 0.00955134630203247, 0.008279085159301758, 0.008201181888580322, 0.009150862693786621, 0.00684046745300293, 0.009329617023468018, 0.009690463542938232, 0.0099029541015625, 0.01104891300201416, 0.010229289531707764, 0.010972917079925537, 0.011139154434204102, 0.009487569332122803, 0.010043978691101074, 0.009114563465118408, 0.009019792079925537, 0.006787538528442383, 0.011866271495819092, 0.011973917484283447, 0.0089111328125, 0.0075255632400512695, 0.010931849479675293, 0.00828641653060913, 0.013955652713775635, 0.01071619987487793, 0.008843541145324707, 0.0074881911277771, 0.009039640426635742, 0.010416090488433838, 0.009399116039276123, 0.010789453983306885, 0.008446097373962402, 0.009307146072387695, 0.010827481746673584, 0.010684311389923096, 0.01010805368423462], 'L_grad': [0.030887633562088013, 0.032319746911525726, 0.030461866408586502, 0.03145376965403557, 0.03261812776327133, 0.030690308660268784, 0.03253553807735443, 0.03135755658149719, 0.030485551804304123, 0.0299065001308918, 0.03254907950758934, 0.03345564752817154, 0.03041829913854599, 0.030862905085086823, 0.030229046940803528, 0.031079605221748352, 0.031403131783008575, 0.03191936016082764, 0.031208587810397148, 0.03113013505935669, 0.03119056671857834, 0.03064219281077385, 0.029042107984423637, 0.03155040368437767, 0.03327809274196625, 0.033793624490499496, 0.028541646897792816, 0.0325612798333168, 0.032454878091812134, 0.03145505115389824, 0.029475117102265358, 0.03223467618227005, 0.027678219601511955, 0.03394576907157898, 0.030599072575569153, 0.032734476029872894, 0.02998386323451996, 0.031831007450819016, 0.03335908055305481, 0.03313576430082321, 0.029656145721673965, 0.033601194620132446, 0.03407551348209381, 0.03642904758453369, 0.029846269637346268, 0.02912573516368866, 0.03266149386763573, 0.031229514628648758, 0.02974780648946762, 0.03022647462785244, 0.031559355556964874, 0.03152884915471077, 0.030452046543359756, 0.029140889644622803, 0.0296754390001297, 0.03203952684998512, 0.03036731854081154, 0.03283499926328659, 0.033368222415447235, 0.03137783706188202, 0.03122163563966751, 0.03321307152509689, 0.03193748742341995, 0.031171077862381935, 0.032567381858825684, 0.02961685135960579, 0.030991211533546448, 0.03128621354699135, 0.030087169259786606, 0.030587535351514816, 0.0318981409072876, 0.03543650731444359, 0.030402006581425667, 0.03316266089677811, 0.030696196481585503, 0.030438736081123352, 0.03199699521064758, 0.03155539929866791, 0.03434087336063385, 0.03131375089287758, 0.03000069409608841, 0.029655996710062027, 0.02990412898361683, 0.03128498047590256, 0.032162073999643326, 0.033884644508361816, 0.03514687344431877, 0.03186652064323425, 0.03086032159626484, 0.031710680574178696, 0.02899610996246338, 0.03212585672736168, 0.032630421221256256, 0.03236977383494377, 0.03255537152290344, 0.033055417239665985, 0.032188888639211655, 0.03185600787401199, 0.033187564462423325, 0.028478186577558517, 0.03329163417220116, 0.031352825462818146, 0.03488411754369736, 0.03279566019773483, 0.03394581750035286, 0.032709334045648575, 0.03356044366955757, 0.03225146234035492, 0.02929357811808586, 0.030461493879556656, 0.03241923823952675, 0.02829607017338276, 0.030361320823431015, 0.03512289375066757, 0.03164220228791237, 0.03399581089615822, 0.03131731227040291, 0.03164854273200035, 0.03402407467365265, 0.03373897075653076, 0.03348753973841667, 0.03176324814558029, 0.03043656423687935, 0.02823527529835701, 0.03389011323451996, 0.033801596611738205, 0.031508203595876694, 0.030625443905591965, 0.03336815908551216, 0.03053450770676136, 0.03360676392912865, 0.032520219683647156, 0.031205657869577408, 0.029693104326725006, 0.031117714941501617, 0.03386890888214111, 0.03284020721912384, 0.03734199330210686, 0.03222793713212013, 0.03146737068891525, 0.03291620314121246, 0.029754281044006348, 0.022734738886356354]}
Saving current best: model_best.pth.tar ...
Setting up Multi Scale Gradient loss...
Done
Setting up Multi Scale Gradient loss...
Done
Setting up Multi Scale Gradient loss...
Done
Setting up Multi Scale Gradient loss...
Done
Setting up Multi Scale Gradient loss...
Done
Setting up Multi Scale Gradient loss...
Done
Setting up Multi Scale Gradient loss...
Done
Setting up Multi Scale Gradient loss...
Done
Setting up Multi Scale Gradient loss...
Setting up Multi Scale Gradient loss...
Setting up Multi Scale Gradient loss...
Done
Done
Done
Setting up Multi Scale Gradient loss...
Done
Setting up Multi Scale Gradient loss...
Done
Setting up Multi Scale Gradient loss...
Done
Setting up Multi Scale Gradient loss...
Done
Setting up Multi Scale Gradient loss...
Done
all losses in batch in validation:  {'loss': [0.040728941559791565, 0.04468928277492523, 0.039807308465242386, 0.04430939257144928, 0.04424454644322395, 0.040923189371824265, 0.04329008236527443, 0.04515058174729347, 0.041651513427495956, 0.041840627789497375, 0.044287048280239105, 0.04369521141052246, 0.04108380526304245, 0.04139938950538635, 0.039868779480457306, 0.04009077325463295, 0.04430382698774338, 0.04632234945893288, 0.045982539653778076, 0.04244985431432724, 0.04394983872771263, 0.04233771935105324, 0.039818018674850464, 0.04599040746688843, 0.04562414810061455, 0.04425942525267601, 0.0383530855178833, 0.042037639766931534, 0.044654469937086105, 0.040288399904966354, 0.043213095515966415, 0.043454475700855255, 0.03647759556770325, 0.04521952196955681, 0.04275825619697571, 0.0414159819483757, 0.039605893194675446, 0.041429050266742706, 0.0470142625272274, 0.045566197484731674, 0.038587719202041626, 0.04437170922756195, 0.045739319175481796, 0.04752583056688309, 0.04029528796672821, 0.039328742772340775, 0.04369780793786049, 0.04256775975227356, 0.037766359746456146, 0.04111626371741295, 0.04487904906272888, 0.044819846749305725, 0.041365355253219604, 0.03836866840720177, 0.03868379443883896, 0.04203302413225174, 0.03950221836566925, 0.04298216849565506, 0.04540613666176796, 0.04265236854553223, 0.039659284055233, 0.04642714187502861, 0.041627299040555954, 0.04294896870851517, 0.04278218001127243, 0.03819325938820839, 0.040190499275922775, 0.045823097229003906, 0.041551683098077774, 0.04127779230475426, 0.04206614941358566, 0.04920428991317749, 0.04125624895095825, 0.043820470571517944, 0.03984244912862778, 0.04096154123544693, 0.04625438153743744, 0.040978386998176575, 0.043026939034461975, 0.0432397723197937, 0.04063012823462486, 0.03875071182847023, 0.04149261489510536, 0.04362010955810547, 0.042849987745285034, 0.044054221361875534, 0.048724811524152756, 0.04339476674795151, 0.04244076460599899, 0.04191441833972931, 0.0401412695646286, 0.04035601019859314, 0.04144749790430069, 0.044847965240478516, 0.045659225434064865, 0.0436088964343071, 0.043474555015563965, 0.040654800832271576, 0.0434969887137413, 0.03655513748526573, 0.047004714608192444, 0.04073663800954819, 0.04977640509605408, 0.039561234414577484, 0.04347766563296318, 0.04413328319787979, 0.044053688645362854, 0.04173027724027634, 0.03810892999172211, 0.04050672426819801, 0.04289974272251129, 0.03774398937821388, 0.04113403707742691, 0.04524294286966324, 0.04201303794980049, 0.04604344069957733, 0.040505826473236084, 0.043922387063503265, 0.04521823674440384, 0.04452568292617798, 0.042148277163505554, 0.044443659484386444, 0.04192661866545677, 0.035746026784181595, 0.04751314967870712, 0.048603881150484085, 0.0420091450214386, 0.040128618478775024, 0.043579623103141785, 0.03758309409022331, 0.04760397598147392, 0.04473717883229256, 0.04024318978190422, 0.03917581960558891, 0.04009174555540085, 0.04457244277000427, 0.04350116103887558, 0.047668106853961945, 0.040889956057071686, 0.039726972579956055, 0.04358017444610596, 0.04257255792617798, 0.033162184059619904], 'L_si': [0.009403347969055176, 0.011188209056854248, 0.008831441402435303, 0.012816548347473145, 0.011363744735717773, 0.009273111820220947, 0.01109325885772705, 0.01171189546585083, 0.010383963584899902, 0.010087966918945312, 0.01094520092010498, 0.009462058544158936, 0.009540855884552002, 0.009370625019073486, 0.009088397026062012, 0.008669435977935791, 0.012117743492126465, 0.012826859951019287, 0.013385653495788574, 0.010479986667633057, 0.011242926120758057, 0.01091092824935913, 0.009741604328155518, 0.012438356876373291, 0.012379646301269531, 0.010836541652679443, 0.008809089660644531, 0.009860873222351074, 0.011655151844024658, 0.009364306926727295, 0.012684285640716553, 0.011252403259277344, 0.008298933506011963, 0.010982215404510498, 0.011993169784545898, 0.008644938468933105, 0.008355379104614258, 0.009557604789733887, 0.014436841011047363, 0.011525988578796387, 0.007524609565734863, 0.010758936405181885, 0.01164388656616211, 0.01116722822189331, 0.009339094161987305, 0.008104324340820312, 0.011792242527008057, 0.01023167371749878, 0.0074748992919921875, 0.01067054271697998, 0.012695014476776123, 0.012874603271484375, 0.009374856948852539, 0.00846165418624878, 0.007854163646697998, 0.009003221988677979, 0.00958174467086792, 0.00997912883758545, 0.01157444715499878, 0.009345173835754395, 0.008810460567474365, 0.011855244636535645, 0.008711516857147217, 0.00991678237915039, 0.00992053747177124, 0.007872283458709717, 0.008265793323516846, 0.012467145919799805, 0.009566009044647217, 0.01002281904220581, 0.009383082389831543, 0.013653278350830078, 0.008560001850128174, 0.011280477046966553, 0.0094374418258667, 0.010932087898254395, 0.012364864349365234, 0.009266793727874756, 0.008833587169647217, 0.010936141014099121, 0.01001352071762085, 0.008365213871002197, 0.009656727313995361, 0.011156797409057617, 0.011275410652160645, 0.01030951738357544, 0.012836158275604248, 0.011375963687896729, 0.011280536651611328, 0.009088218212127686, 0.010884284973144531, 0.008128643035888672, 0.008638262748718262, 0.012339293956756592, 0.012415707111358643, 0.011064887046813965, 0.010136604309082031, 0.009260594844818115, 0.010671019554138184, 0.007279813289642334, 0.012691140174865723, 0.009049177169799805, 0.014405906200408936, 0.008683264255523682, 0.010237514972686768, 0.011667907238006592, 0.010496079921722412, 0.009701073169708252, 0.008816242218017578, 0.00902777910232544, 0.009655177593231201, 0.008372247219085693, 0.010329008102416992, 0.009891867637634277, 0.010113775730133057, 0.011711180210113525, 0.00966578722000122, 0.01165926456451416, 0.011239171028137207, 0.010170400142669678, 0.009601414203643799, 0.010818839073181152, 0.010225474834442139, 0.007088661193847656, 0.013226628303527832, 0.013043582439422607, 0.009802520275115967, 0.008520781993865967, 0.010564088821411133, 0.007961153984069824, 0.013882458209991455, 0.0116499662399292, 0.008854210376739502, 0.008551180362701416, 0.009144961833953857, 0.010809481143951416, 0.010323822498321533, 0.010773718357086182, 0.008590936660766602, 0.00897151231765747, 0.010748147964477539, 0.011640191078186035, 0.010386168956756592], 'L_grad': [0.03132559359073639, 0.033501073718070984, 0.030975867062807083, 0.031492844223976135, 0.03288080170750618, 0.03165007755160332, 0.03219682350754738, 0.03343868628144264, 0.031267549842596054, 0.03175266087055206, 0.033341847360134125, 0.034233152866363525, 0.03154294937849045, 0.032028764486312866, 0.030780382454395294, 0.03142133727669716, 0.03218608349561691, 0.03349548950791359, 0.0325968861579895, 0.03196986764669418, 0.032706912606954575, 0.03142679110169411, 0.030076414346694946, 0.03355205059051514, 0.033244501799345016, 0.03342288359999657, 0.02954399585723877, 0.03217676654458046, 0.03299931809306145, 0.03092409297823906, 0.030528809875249863, 0.03220207244157791, 0.028178662061691284, 0.03423730656504631, 0.03076508827507496, 0.032771043479442596, 0.03125051409006119, 0.03187144547700882, 0.03257742151618004, 0.03404020890593529, 0.031063107773661613, 0.033612772822380066, 0.03409543260931969, 0.03635860234498978, 0.030956193804740906, 0.031224418431520462, 0.03190556541085243, 0.03233608603477478, 0.03029146045446396, 0.030445721000432968, 0.03218403458595276, 0.03194524347782135, 0.031990498304367065, 0.029907014220952988, 0.03082963265478611, 0.03302980214357376, 0.02992047183215618, 0.03300303965806961, 0.03383168950676918, 0.03330719470977783, 0.030848825350403786, 0.034571897238492966, 0.03291578218340874, 0.03303218632936478, 0.03286164253950119, 0.030320975929498672, 0.03192470595240593, 0.0333559513092041, 0.03198567405343056, 0.03125497326254845, 0.03268306702375412, 0.03555101156234741, 0.03269624710083008, 0.03253999352455139, 0.030405007302761078, 0.030029453337192535, 0.033889517188072205, 0.03171159327030182, 0.03419335186481476, 0.03230363130569458, 0.030616607517004013, 0.030385497957468033, 0.03183588758111, 0.03246331214904785, 0.03157457709312439, 0.033744703978300095, 0.03588865324854851, 0.03201880306005478, 0.031160229817032814, 0.032826200127601624, 0.02925698645412922, 0.03222736716270447, 0.03280923515558243, 0.032508671283721924, 0.03324351832270622, 0.032544009387493134, 0.033337950706481934, 0.03139420598745346, 0.03282596915960312, 0.029275324195623398, 0.03431357443332672, 0.03168746083974838, 0.03537049889564514, 0.03087797202169895, 0.03324015066027641, 0.0324653759598732, 0.03355760872364044, 0.032029204070568085, 0.02929268777370453, 0.031478945165872574, 0.03324456512928009, 0.02937174215912819, 0.030805028975009918, 0.03535107523202896, 0.031899262219667435, 0.034332260489463806, 0.030840039253234863, 0.032263122498989105, 0.03397906571626663, 0.0343552827835083, 0.032546862959861755, 0.03362482041120529, 0.03170114383101463, 0.02865736559033394, 0.03428652137517929, 0.03556029871106148, 0.03220662474632263, 0.03160783648490906, 0.03301553428173065, 0.029621940106153488, 0.03372151777148247, 0.03308721259236336, 0.03138897940516472, 0.030624639242887497, 0.03094678372144699, 0.033762961626052856, 0.03317733854055405, 0.03689438849687576, 0.032299019396305084, 0.030755458399653435, 0.03283202648162842, 0.030932366847991943, 0.022776015102863312]}
Setting up Multi Scale Gradient loss...
Done
Setting up Multi Scale Gradient loss...
Done
Setting up Multi Scale Gradient loss...
Done
Setting up Multi Scale Gradient loss...
Done
Setting up Multi Scale Gradient loss...
Done
Setting up Multi Scale Gradient loss...
Done
Setting up Multi Scale Gradient loss...
Done
Setting up Multi Scale Gradient loss...
Done
Setting up Multi Scale Gradient loss...Setting up Multi Scale Gradient loss...
Setting up Multi Scale Gradient loss...
Setting up Multi Scale Gradient loss...
Setting up Multi Scale Gradient loss...
Setting up Multi Scale Gradient loss...
Setting up Multi Scale Gradient loss...
Setting up Multi Scale Gradient loss...

Done
Done
Done
DoneDone
Done

Done
Done
all losses in batch in validation:  {'loss': [0.0368708111345768, 0.041183952242136, 0.03645138815045357, 0.04270235449075699, 0.04165327176451683, 0.037118323147296906, 0.04058028757572174, 0.04011567682027817, 0.03781721740961075, 0.034467559307813644, 0.04132090508937836, 0.0414285808801651, 0.037259187549352646, 0.03673737123608589, 0.03687162697315216, 0.03663201257586479, 0.039962511509656906, 0.04277491196990013, 0.040383726358413696, 0.03855395317077637, 0.038133423775434494, 0.03734054043889046, 0.03546539321541786, 0.039723873138427734, 0.04246227443218231, 0.04296066612005234, 0.034321583807468414, 0.040709879249334335, 0.040868084877729416, 0.03763093799352646, 0.038561053574085236, 0.04284774512052536, 0.03441007435321808, 0.04342842847108841, 0.03990688547492027, 0.037604913115501404, 0.035603106021881104, 0.038870420306921005, 0.04693352431058884, 0.03994942456483841, 0.03310425952076912, 0.04154873639345169, 0.04089854285120964, 0.04444315284490585, 0.035308320075273514, 0.03385637328028679, 0.04193658009171486, 0.03791721910238266, 0.035116106271743774, 0.03891122713685036, 0.0402967594563961, 0.04079093039035797, 0.03615490347146988, 0.03490406647324562, 0.03710678219795227, 0.037273652851581573, 0.035351790487766266, 0.03985142335295677, 0.04242561757564545, 0.03697315976023674, 0.03625885769724846, 0.041893165558576584, 0.038171857595443726, 0.03735300898551941, 0.039540018886327744, 0.03518885746598244, 0.03684799373149872, 0.041350819170475006, 0.037156522274017334, 0.03779418021440506, 0.03806251287460327, 0.043998006731271744, 0.035291168838739395, 0.039518408477306366, 0.03742498159408569, 0.04031753167510033, 0.04030250757932663, 0.03868074342608452, 0.04024578630924225, 0.03912131488323212, 0.03833049535751343, 0.03588391840457916, 0.03679680824279785, 0.03760559856891632, 0.0414801687002182, 0.04117255657911301, 0.043426282703876495, 0.0413236990571022, 0.03926762193441391, 0.0381876565515995, 0.03761284053325653, 0.03830371052026749, 0.037693705409765244, 0.042117416858673096, 0.04266948997974396, 0.04199698567390442, 0.038845695555210114, 0.03963824361562729, 0.041667234152555466, 0.0337713249027729, 0.04236157611012459, 0.037510666996240616, 0.04703395068645477, 0.04000728577375412, 0.04146192967891693, 0.04238865524530411, 0.03946022316813469, 0.039096102118492126, 0.034841302782297134, 0.03766588494181633, 0.03824958950281143, 0.03325476497411728, 0.03704293072223663, 0.043458275496959686, 0.03937964886426926, 0.042533520609140396, 0.03922015056014061, 0.04144994914531708, 0.04367338865995407, 0.04131229594349861, 0.04197169840335846, 0.039051204919815063, 0.037513017654418945, 0.03391455486416817, 0.04384703189134598, 0.04448593407869339, 0.03730235993862152, 0.03589748218655586, 0.04343850910663605, 0.03674802929162979, 0.046857837587594986, 0.04215589910745621, 0.03807353600859642, 0.035002581775188446, 0.03601246699690819, 0.04255033656954765, 0.03978142887353897, 0.04546990990638733, 0.038742464035749435, 0.03760221228003502, 0.04151212051510811, 0.03956187516450882, 0.029849383980035782], 'L_si': [0.007708489894866943, 0.009834349155426025, 0.0074721574783325195, 0.012080669403076172, 0.01018446683883667, 0.007480442523956299, 0.010260045528411865, 0.009557366371154785, 0.008247077465057373, 0.006701231002807617, 0.009608328342437744, 0.008803725242614746, 0.0077787041664123535, 0.007076144218444824, 0.007801532745361328, 0.0074568986892700195, 0.009646892547607422, 0.011230230331420898, 0.010579884052276611, 0.00864022970199585, 0.008825242519378662, 0.008201539516448975, 0.007513821125030518, 0.009355664253234863, 0.010559797286987305, 0.010657906532287598, 0.006937265396118164, 0.009230494499206543, 0.009512782096862793, 0.008525371551513672, 0.010062575340270996, 0.01124429702758789, 0.007457077503204346, 0.01024007797241211, 0.0105057954788208, 0.0071942806243896484, 0.007166385650634766, 0.008437752723693848, 0.014352738857269287, 0.009119570255279541, 0.005638837814331055, 0.009789645671844482, 0.008903563022613525, 0.009576976299285889, 0.007071852684020996, 0.006222069263458252, 0.010702133178710938, 0.00837641954421997, 0.006823837757110596, 0.009607970714569092, 0.010370433330535889, 0.010646700859069824, 0.007248342037200928, 0.007196605205535889, 0.0072116851806640625, 0.0069457292556762695, 0.007550954818725586, 0.0089150071144104, 0.009972810745239258, 0.0069977641105651855, 0.007367253303527832, 0.009613752365112305, 0.007811844348907471, 0.007477700710296631, 0.008241593837738037, 0.006449759006500244, 0.006771564483642578, 0.010434627532958984, 0.007810533046722412, 0.008422136306762695, 0.007844924926757812, 0.010442137718200684, 0.006490170955657959, 0.008977651596069336, 0.00840073823928833, 0.010355770587921143, 0.009744703769683838, 0.008480846881866455, 0.007854044437408447, 0.009661197662353516, 0.009188175201416016, 0.007054924964904785, 0.007585287094116211, 0.007989108562469482, 0.010432064533233643, 0.008965492248535156, 0.00984811782836914, 0.010404765605926514, 0.009415984153747559, 0.007557511329650879, 0.009504199028015137, 0.007637977600097656, 0.006898701190948486, 0.011217236518859863, 0.010520577430725098, 0.010213792324066162, 0.008115828037261963, 0.009151279926300049, 0.009721457958221436, 0.006477415561676025, 0.010591089725494385, 0.007621884346008301, 0.01279217004776001, 0.009151577949523926, 0.009356439113616943, 0.010717630386352539, 0.00852900743484497, 0.008185386657714844, 0.007224380970001221, 0.007763862609863281, 0.0077054500579833984, 0.0061525702476501465, 0.008202075958251953, 0.009015679359436035, 0.008954346179962158, 0.009875655174255371, 0.009570777416229248, 0.010545849800109863, 0.01063913106918335, 0.008843839168548584, 0.009266436100006104, 0.00856316089630127, 0.008266627788543701, 0.006425321102142334, 0.010985612869262695, 0.01151365041732788, 0.007806062698364258, 0.00672149658203125, 0.010680139064788818, 0.007748007774353027, 0.013531744480133057, 0.010303676128387451, 0.008116364479064941, 0.006741583347320557, 0.007461905479431152, 0.009720385074615479, 0.008545935153961182, 0.009793102741241455, 0.007744908332824707, 0.00826340913772583, 0.009973764419555664, 0.010233581066131592, 0.00866156816482544], 'L_grad': [0.029162321239709854, 0.031349603086709976, 0.028979230672121048, 0.030621685087680817, 0.03146880492568016, 0.029637878760695457, 0.030320242047309875, 0.030558310449123383, 0.029570139944553375, 0.027766328305006027, 0.03171257674694061, 0.032624855637550354, 0.029480483382940292, 0.029661227017641068, 0.029070096090435982, 0.029175113886594772, 0.030315618962049484, 0.03154468163847923, 0.029803842306137085, 0.029913723468780518, 0.029308181256055832, 0.029139000922441483, 0.027951572090387344, 0.030368207022547722, 0.03190247714519501, 0.03230275958776474, 0.0273843202739954, 0.03147938475012779, 0.03135530278086662, 0.029105564579367638, 0.02849847823381424, 0.03160344809293747, 0.026952996850013733, 0.0331883504986763, 0.029401089996099472, 0.030410632491111755, 0.028436722233891487, 0.030432667583227158, 0.03258078545331955, 0.030829856172204018, 0.027465421706438065, 0.03175909072160721, 0.031994979828596115, 0.034866176545619965, 0.028236467391252518, 0.027634304016828537, 0.03123444691300392, 0.02954079955816269, 0.02829226851463318, 0.029303256422281265, 0.029926326125860214, 0.030144229531288147, 0.028906559571623802, 0.027707461267709732, 0.02989509515464306, 0.030327925458550453, 0.02780083380639553, 0.03093641623854637, 0.03245280683040619, 0.029975395649671555, 0.028891604393720627, 0.03227941319346428, 0.030360013246536255, 0.02987530827522278, 0.031298425048589706, 0.028739098459482193, 0.03007642924785614, 0.03091619163751602, 0.029345987364649773, 0.029372043907642365, 0.03021758794784546, 0.03355586901307106, 0.028800997883081436, 0.03054075501859188, 0.029024243354797363, 0.029961761087179184, 0.030557803809642792, 0.030199896544218063, 0.0323917418718338, 0.0294601172208786, 0.029142320156097412, 0.028828993439674377, 0.02921152114868164, 0.02961648814380169, 0.031048104166984558, 0.03220706433057785, 0.033578164875507355, 0.03091893345117569, 0.029851635918021202, 0.030630145221948624, 0.028108641505241394, 0.03066573292016983, 0.030795004218816757, 0.03090018220245838, 0.03214891254901886, 0.03178319334983826, 0.03072986751794815, 0.03048696555197239, 0.03194577619433403, 0.027293909341096878, 0.0317704863846302, 0.029888782650232315, 0.03424178063869476, 0.030855707824230194, 0.03210549056529999, 0.03167102485895157, 0.03093121573328972, 0.030910713598132133, 0.027616921812295914, 0.02990202233195305, 0.030544139444828033, 0.027102192863821983, 0.02884085476398468, 0.03444259613752365, 0.03042530082166195, 0.032657865434885025, 0.02964937314391136, 0.030904097482562065, 0.03303425759077072, 0.03246845677495003, 0.032705262303352356, 0.030488044023513794, 0.029246388003230095, 0.027489233762025833, 0.03286141902208328, 0.03297228366136551, 0.029496297240257263, 0.029175985604524612, 0.03275837004184723, 0.029000021517276764, 0.03332609310746193, 0.031852222979068756, 0.02995717152953148, 0.02826099842786789, 0.028550561517477036, 0.032829951494932175, 0.03123549558222294, 0.035676807165145874, 0.03099755570292473, 0.02933880314230919, 0.031538356095552444, 0.029328294098377228, 0.021187815815210342]}
Saving current best: model_best.pth.tar ...
Setting up Multi Scale Gradient loss...
Done
Setting up Multi Scale Gradient loss...
Done
Setting up Multi Scale Gradient loss...
Done
Setting up Multi Scale Gradient loss...
Done
Setting up Multi Scale Gradient loss...
Done
Setting up Multi Scale Gradient loss...
Done
Setting up Multi Scale Gradient loss...
Done
Setting up Multi Scale Gradient loss...
Done
Setting up Multi Scale Gradient loss...Setting up Multi Scale Gradient loss...
Setting up Multi Scale Gradient loss...
Setting up Multi Scale Gradient loss...

Setting up Multi Scale Gradient loss...Setting up Multi Scale Gradient loss...
Setting up Multi Scale Gradient loss...

Done
Done
DoneDone

Done
Done
Done
Setting up Multi Scale Gradient loss...
Done
all losses in batch in validation:  {'loss': [0.04442285746335983, 0.044026099145412445, 0.039772048592567444, 0.04342906177043915, 0.04233011603355408, 0.042026229202747345, 0.05344821885228157, 0.041745588183403015, 0.03974362462759018, 0.03964128717780113, 0.04536532610654831, 0.04596548527479172, 0.04095255583524704, 0.0388496108353138, 0.04281843081116676, 0.038581665605306625, 0.045071616768836975, 0.04424186795949936, 0.044304341077804565, 0.03927425667643547, 0.04646587371826172, 0.04025503993034363, 0.03809795156121254, 0.04486209154129028, 0.044998910278081894, 0.042236149311065674, 0.03713688626885414, 0.0468636117875576, 0.04407365992665291, 0.04563509672880173, 0.053080059587955475, 0.04338962957262993, 0.034640081226825714, 0.0447666198015213, 0.04767860472202301, 0.03838266059756279, 0.04217090830206871, 0.047822363674640656, 0.046430546790361404, 0.05538441240787506, 0.03317144513130188, 0.045619897544384, 0.049815915524959564, 0.04967305809259415, 0.03689739108085632, 0.03600331023335457, 0.05653257668018341, 0.04605210945010185, 0.039000414311885834, 0.03860056772828102, 0.04283013194799423, 0.051534079015254974, 0.03932282328605652, 0.035667117685079575, 0.03718584030866623, 0.03998257964849472, 0.040012426674366, 0.05073358118534088, 0.0452837236225605, 0.03860167786478996, 0.043266087770462036, 0.04712795466184616, 0.03730669617652893, 0.04306034371256828, 0.04054586961865425, 0.03643602132797241, 0.0382092110812664, 0.043085020035505295, 0.03930387273430824, 0.03969709202647209, 0.04004446044564247, 0.051697712391614914, 0.03785856440663338, 0.04710885137319565, 0.04752865433692932, 0.046926263719797134, 0.047375988215208054, 0.04312510788440704, 0.03979039192199707, 0.04582527279853821, 0.04369775578379631, 0.03731073811650276, 0.03923308104276657, 0.04130987450480461, 0.04722398892045021, 0.05127333104610443, 0.04759154096245766, 0.043403495103120804, 0.04084965959191322, 0.04007202759385109, 0.045738786458969116, 0.03891802579164505, 0.03867286816239357, 0.042303506284952164, 0.047304991632699966, 0.04729042202234268, 0.04102848470211029, 0.04943331331014633, 0.052843235433101654, 0.036236412823200226, 0.0481727197766304, 0.03882891312241554, 0.05053168907761574, 0.049137700349092484, 0.04453640058636665, 0.04747926443815231, 0.0511864498257637, 0.04292405769228935, 0.03640643134713173, 0.03973538801074028, 0.04643963649868965, 0.03553988039493561, 0.04040185362100601, 0.0487595796585083, 0.04276612401008606, 0.04967474937438965, 0.052473034709692, 0.046211618930101395, 0.04887782782316208, 0.04164247587323189, 0.045324794948101044, 0.048561811447143555, 0.04234614223241806, 0.0373915359377861, 0.05284504592418671, 0.04927530884742737, 0.04450112581253052, 0.03846566006541252, 0.042790114879608154, 0.046457283198833466, 0.04785308241844177, 0.045620162039995193, 0.04038136452436447, 0.03665013611316681, 0.03933117911219597, 0.0489288829267025, 0.0469779446721077, 0.048149172216653824, 0.041934818029403687, 0.04180558770895004, 0.04709917679429054, 0.04345879703760147, 0.03506661206483841], 'L_si': [0.011518895626068115, 0.010682165622711182, 0.008863210678100586, 0.012434780597686768, 0.01078706979751587, 0.010100603103637695, 0.01680779457092285, 0.010481834411621094, 0.009600818157196045, 0.009011805057525635, 0.01098167896270752, 0.010947048664093018, 0.009546518325805664, 0.008512318134307861, 0.010497987270355225, 0.008175134658813477, 0.012134134769439697, 0.012001395225524902, 0.012628138065338135, 0.00958782434463501, 0.012745678424835205, 0.009959638118743896, 0.009021639823913574, 0.011690497398376465, 0.011924922466278076, 0.010373175144195557, 0.00850379467010498, 0.011707544326782227, 0.011240065097808838, 0.011786162853240967, 0.01752448081970215, 0.011460185050964355, 0.007806658744812012, 0.010670781135559082, 0.013919830322265625, 0.007699429988861084, 0.009965479373931885, 0.012414634227752686, 0.014190673828125, 0.015949249267578125, 0.005846261978149414, 0.012147188186645508, 0.013592958450317383, 0.012049853801727295, 0.008205175399780273, 0.007180988788604736, 0.017237067222595215, 0.01196587085723877, 0.008497774600982666, 0.009804904460906982, 0.011981606483459473, 0.015716075897216797, 0.008617818355560303, 0.007617771625518799, 0.007503867149353027, 0.008483529090881348, 0.009652435779571533, 0.014290928840637207, 0.011451661586761475, 0.008141100406646729, 0.0105019211769104, 0.012432217597961426, 0.007715761661529541, 0.010377049446105957, 0.009133756160736084, 0.007430434226989746, 0.007621467113494873, 0.011275947093963623, 0.009052574634552002, 0.009459078311920166, 0.008736968040466309, 0.014920353889465332, 0.0074828267097473145, 0.01217949390411377, 0.012774169445037842, 0.01396268606185913, 0.013315737247467041, 0.010102152824401855, 0.007855653762817383, 0.01285642385482788, 0.011431455612182617, 0.007926762104034424, 0.009017348289489746, 0.0100785493850708, 0.013216674327850342, 0.013049602508544922, 0.012161731719970703, 0.011427879333496094, 0.01061171293258667, 0.008534431457519531, 0.013251721858978271, 0.007814526557922363, 0.007822394371032715, 0.011420726776123047, 0.012874007225036621, 0.012201666831970215, 0.009419381618499756, 0.01371067762374878, 0.014118432998657227, 0.007476210594177246, 0.013441205024719238, 0.008504688739776611, 0.014947772026062012, 0.013173341751098633, 0.010641157627105713, 0.012738823890686035, 0.014987349510192871, 0.010270953178405762, 0.008194983005523682, 0.008688926696777344, 0.011690855026245117, 0.007656693458557129, 0.009904921054840088, 0.01163327693939209, 0.010106086730957031, 0.013040363788604736, 0.015433132648468018, 0.012459158897399902, 0.013198614120483398, 0.009270191192626953, 0.011134982109069824, 0.01321941614151001, 0.010083019733428955, 0.008277535438537598, 0.015131831169128418, 0.013768792152404785, 0.01125633716583252, 0.00795203447341919, 0.010485947132110596, 0.012186229228973389, 0.014035284519195557, 0.012091457843780518, 0.008893191814422607, 0.007721245288848877, 0.008544683456420898, 0.013476431369781494, 0.012065291404724121, 0.011195242404937744, 0.009430527687072754, 0.010161042213439941, 0.012465417385101318, 0.011964082717895508, 0.011036872863769531], 'L_grad': [0.03290396183729172, 0.03334393352270126, 0.030908839777112007, 0.03099428117275238, 0.03154304623603821, 0.03192562609910965, 0.03664042428135872, 0.03126375377178192, 0.030142804607748985, 0.030629482120275497, 0.03438364714384079, 0.0350184366106987, 0.031406037509441376, 0.030337292701005936, 0.03232044354081154, 0.03040653094649315, 0.03293748199939728, 0.03224047273397446, 0.03167620301246643, 0.02968643233180046, 0.033720195293426514, 0.030295399948954582, 0.029076311737298965, 0.03317159414291382, 0.03307398781180382, 0.03186297416687012, 0.02863309159874916, 0.035156067460775375, 0.03283359482884407, 0.03384893387556076, 0.035555578768253326, 0.03192944452166557, 0.026833422482013702, 0.03409583866596222, 0.033758774399757385, 0.030683230608701706, 0.032205428928136826, 0.03540772944688797, 0.032239872962236404, 0.039435163140296936, 0.027325181290507317, 0.033472709357738495, 0.03622295707464218, 0.03762320429086685, 0.0286922138184309, 0.028822321444749832, 0.039295509457588196, 0.03408623859286308, 0.030502641573548317, 0.02879566326737404, 0.03084852360188961, 0.03581800311803818, 0.030705004930496216, 0.028049346059560776, 0.029681973159313202, 0.03149905055761337, 0.030359990894794464, 0.036442652344703674, 0.033832062035799026, 0.030460577458143234, 0.032764166593551636, 0.034695737063884735, 0.02959093451499939, 0.032683294266462326, 0.03141211345791817, 0.029005588963627815, 0.03058774396777153, 0.03180907294154167, 0.03025129809975624, 0.030238013714551926, 0.03130749240517616, 0.03677735850214958, 0.030375737696886063, 0.03492935746908188, 0.03475448489189148, 0.032963577657938004, 0.03406025096774101, 0.03302295506000519, 0.03193473815917969, 0.03296884894371033, 0.03226630017161369, 0.029383976012468338, 0.030215732753276825, 0.03123132511973381, 0.03400731459259987, 0.03822372853755951, 0.035429809242486954, 0.03197561576962471, 0.030237946659326553, 0.03153759613633156, 0.032487064599990845, 0.031103499233722687, 0.030850473791360855, 0.030882779508829117, 0.034430984407663345, 0.03508875519037247, 0.031609103083610535, 0.03572263568639755, 0.03872480243444443, 0.02876020222902298, 0.03473151475191116, 0.03032422438263893, 0.035583917051553726, 0.03596435859799385, 0.03389524295926094, 0.03474044054746628, 0.03619910031557083, 0.03265310451388359, 0.028211448341608047, 0.031046461313962936, 0.034748781472444534, 0.02788318693637848, 0.030496932566165924, 0.03712630271911621, 0.03266003727912903, 0.03663438558578491, 0.037039902061223984, 0.03375246003270149, 0.03567921370267868, 0.032372284680604935, 0.03418981283903122, 0.035342395305633545, 0.032263122498989105, 0.029114002361893654, 0.03771321475505829, 0.03550651669502258, 0.033244788646698, 0.030513625591993332, 0.03230416774749756, 0.03427105396986008, 0.033817797899246216, 0.033528704196214676, 0.031488172709941864, 0.028928890824317932, 0.03078649565577507, 0.035452451556921005, 0.034912653267383575, 0.03695392981171608, 0.03250429034233093, 0.0316445454955101, 0.034633759409189224, 0.03149471431970596, 0.024029739201068878]}
Setting up Multi Scale Gradient loss...
Done
Setting up Multi Scale Gradient loss...
Done
Setting up Multi Scale Gradient loss...
Done
Setting up Multi Scale Gradient loss...
Done
Setting up Multi Scale Gradient loss...
Done
Setting up Multi Scale Gradient loss...
Done
Setting up Multi Scale Gradient loss...
Done
Setting up Multi Scale Gradient loss...
Done
Setting up Multi Scale Gradient loss...
Done
Setting up Multi Scale Gradient loss...
Done
Setting up Multi Scale Gradient loss...
Done
Setting up Multi Scale Gradient loss...Setting up Multi Scale Gradient loss...

Done
Done
Setting up Multi Scale Gradient loss...
Done
Setting up Multi Scale Gradient loss...
Done
Setting up Multi Scale Gradient loss...
Done
all losses in batch in validation:  {'loss': [0.039682865142822266, 0.043241873383522034, 0.03840048983693123, 0.04326267167925835, 0.043196216225624084, 0.038138266652822495, 0.04299987480044365, 0.04236488416790962, 0.039196938276290894, 0.038163360208272934, 0.04327418655157089, 0.04178810864686966, 0.03941609710454941, 0.03851098567247391, 0.038640301674604416, 0.038335733115673065, 0.04228408634662628, 0.04490426555275917, 0.044935066252946854, 0.038910526782274246, 0.04032842814922333, 0.03986280411481857, 0.037818074226379395, 0.04322337731719017, 0.044346436858177185, 0.04295492172241211, 0.03571628779172897, 0.04167421907186508, 0.042837467044591904, 0.037921663373708725, 0.04086251184344292, 0.043250687420368195, 0.03541504964232445, 0.04461788386106491, 0.04152631014585495, 0.03860502690076828, 0.0385630801320076, 0.039792053401470184, 0.047245994210243225, 0.04433956742286682, 0.03378060460090637, 0.04384913295507431, 0.04415157064795494, 0.04665004462003708, 0.037925153970718384, 0.03673834726214409, 0.04375075548887253, 0.04102536663413048, 0.03497356176376343, 0.03923608735203743, 0.042534828186035156, 0.04329528659582138, 0.038291625678539276, 0.03569670394062996, 0.036887768656015396, 0.03938508406281471, 0.036627404391765594, 0.0411909781396389, 0.04444660246372223, 0.038527123630046844, 0.037877991795539856, 0.043295376002788544, 0.03963739052414894, 0.03920423984527588, 0.04210443049669266, 0.0358208566904068, 0.037480201572179794, 0.043192967772483826, 0.039714887738227844, 0.03934444859623909, 0.03995096683502197, 0.047761574387550354, 0.03903611749410629, 0.04151695966720581, 0.03788222372531891, 0.04147910326719284, 0.04315681755542755, 0.039388708770275116, 0.040649980306625366, 0.042356573045253754, 0.03978082537651062, 0.03702278062701225, 0.038681045174598694, 0.04107704386115074, 0.04331294074654579, 0.04315749555826187, 0.046343445777893066, 0.04173966124653816, 0.04035664349794388, 0.040442660450935364, 0.039186567068099976, 0.038920819759368896, 0.03908365219831467, 0.043523550033569336, 0.04453747719526291, 0.043654970824718475, 0.040849484503269196, 0.03996339067816734, 0.04384676739573479, 0.03488895297050476, 0.04556852579116821, 0.03876418620347977, 0.04952066019177437, 0.04060664027929306, 0.042914167046546936, 0.04339751601219177, 0.04267551004886627, 0.041722990572452545, 0.035990841686725616, 0.03883593529462814, 0.04097195714712143, 0.03430026397109032, 0.03906660154461861, 0.04417569190263748, 0.04078070819377899, 0.04484193027019501, 0.04031550511717796, 0.04319491609930992, 0.045955315232276917, 0.041489988565444946, 0.04328892379999161, 0.04085113853216171, 0.039776869118213654, 0.03432883322238922, 0.045758701860904694, 0.0464349240064621, 0.039444368332624435, 0.03719216212630272, 0.04388204962015152, 0.037330709397792816, 0.04766228795051575, 0.04387199133634567, 0.03890374302864075, 0.03657688945531845, 0.037521690130233765, 0.04471584036946297, 0.041973236948251724, 0.04736708849668503, 0.03936658427119255, 0.03886996954679489, 0.042128581553697586, 0.0415685772895813, 0.0312659777700901], 'L_si': [0.008794784545898438, 0.01057499647140503, 0.008148491382598877, 0.01242893934249878, 0.010945737361907959, 0.007977128028869629, 0.011241137981414795, 0.010290145874023438, 0.009033203125, 0.008032083511352539, 0.01046222448348999, 0.008826136589050293, 0.008542180061340332, 0.007829248905181885, 0.008583903312683105, 0.007857203483581543, 0.010822713375091553, 0.012038052082061768, 0.012696027755737305, 0.008784770965576172, 0.009746372699737549, 0.00950688123703003, 0.008640825748443604, 0.011083543300628662, 0.011634886264801025, 0.010513007640838623, 0.0073830485343933105, 0.009826362133026123, 0.010500073432922363, 0.008534252643585205, 0.011205434799194336, 0.011323869228363037, 0.007817983627319336, 0.010753333568572998, 0.011382222175598145, 0.007314801216125488, 0.008161306381225586, 0.008787393569946289, 0.014592230319976807, 0.010561168193817139, 0.0056552886962890625, 0.01057577133178711, 0.010364711284637451, 0.010378241539001465, 0.008138060569763184, 0.007091701030731201, 0.011594593524932861, 0.009430348873138428, 0.006645619869232178, 0.00987774133682251, 0.011476635932922363, 0.011851012706756592, 0.007965326309204102, 0.007389187812805176, 0.0072157979011535645, 0.007731378078460693, 0.008108675479888916, 0.009189724922180176, 0.010928690433502197, 0.007662177085876465, 0.007990419864654541, 0.010045051574707031, 0.008379638195037842, 0.00818490982055664, 0.009347081184387207, 0.006768167018890381, 0.0070670247077941895, 0.011371195316314697, 0.008822321891784668, 0.009050607681274414, 0.008434295654296875, 0.012119889259338379, 0.007848799228668213, 0.009983062744140625, 0.008497059345245361, 0.01105588674545288, 0.010657787322998047, 0.008783161640167236, 0.007845699787139893, 0.01054912805557251, 0.009679019451141357, 0.0076021552085876465, 0.008440852165222168, 0.00970160961151123, 0.011207640171051025, 0.009999752044677734, 0.011286556720733643, 0.010664224624633789, 0.009990215301513672, 0.008640050888061523, 0.010175108909606934, 0.007745683193206787, 0.007512271404266357, 0.011620879173278809, 0.011436760425567627, 0.010914504528045654, 0.009004056453704834, 0.00928586721420288, 0.010544002056121826, 0.006628572940826416, 0.011903703212738037, 0.00813370943069458, 0.013831675052642822, 0.009291648864746094, 0.0096510648727417, 0.011143207550048828, 0.009698450565338135, 0.009274482727050781, 0.0075994133949279785, 0.008177638053894043, 0.009012103080749512, 0.006701409816741943, 0.00912618637084961, 0.009337961673736572, 0.009515881538391113, 0.011021912097930908, 0.009778618812561035, 0.011287391185760498, 0.011523902416229248, 0.008794784545898438, 0.009668350219726562, 0.009529650211334229, 0.009114444255828857, 0.0066204071044921875, 0.012064099311828613, 0.012473821640014648, 0.008515357971191406, 0.007286190986633301, 0.01069939136505127, 0.0078657865524292, 0.01380842924118042, 0.010953187942504883, 0.008148908615112305, 0.007395446300506592, 0.00799095630645752, 0.01054149866104126, 0.009503424167633057, 0.010701239109039307, 0.00796496868133545, 0.008548378944396973, 0.010034382343292236, 0.011141359806060791, 0.00911557674407959], 'L_grad': [0.030888080596923828, 0.032666876912117004, 0.03025199845433235, 0.030833732336759567, 0.032250478863716125, 0.030161138623952866, 0.031758736819028854, 0.032074738293886185, 0.030163737013936043, 0.030131276696920395, 0.0328119620680809, 0.032961972057819366, 0.030873918905854225, 0.030681736767292023, 0.03005639836192131, 0.030478529632091522, 0.03146137297153473, 0.0328662134706974, 0.03223903849720955, 0.030125755816698074, 0.03058205358684063, 0.030355924740433693, 0.02917724847793579, 0.03213983401656151, 0.03271155059337616, 0.032441914081573486, 0.028333239257335663, 0.03184785693883896, 0.03233739361166954, 0.02938741073012352, 0.02965707704424858, 0.03192681819200516, 0.02759706601500511, 0.03386455029249191, 0.030144089832901955, 0.03129022568464279, 0.030401773750782013, 0.031004661694169044, 0.03265376389026642, 0.03377839922904968, 0.02812531776726246, 0.0332733616232872, 0.03378685936331749, 0.036271803081035614, 0.0297870934009552, 0.029646646231412888, 0.03215616196393967, 0.03159501776099205, 0.0283279400318861, 0.02935834601521492, 0.031058192253112793, 0.03144427388906479, 0.030326299369335175, 0.028307516127824783, 0.02967197075486183, 0.03165370598435402, 0.02851872704923153, 0.032001253217458725, 0.03351791203022003, 0.03086494654417038, 0.029887570068240166, 0.03325032442808151, 0.0312577523291111, 0.03101933002471924, 0.03275734931230545, 0.02905268780887127, 0.030413176864385605, 0.03182177245616913, 0.030892567709088326, 0.030293840914964676, 0.0315166711807251, 0.035641685128211975, 0.03118731826543808, 0.031533896923065186, 0.029385162517428398, 0.03042321465909481, 0.032499030232429504, 0.03060554713010788, 0.032804280519485474, 0.031807444989681244, 0.030101804062724113, 0.029420625418424606, 0.030240193009376526, 0.03137543424963951, 0.032105300575494766, 0.03315774351358414, 0.035056889057159424, 0.031075436621904373, 0.030366428196430206, 0.03180260956287384, 0.029011456295847893, 0.03117513842880726, 0.03157138079404831, 0.03190267086029053, 0.03310071676969528, 0.03274046629667282, 0.03184542804956436, 0.030677523463964462, 0.03330276533961296, 0.028260378167033195, 0.033664822578430176, 0.030630476772785187, 0.035688985139131546, 0.03131499141454697, 0.03326310217380524, 0.032254308462142944, 0.03297705948352814, 0.032448507845401764, 0.028391428291797638, 0.0306582972407341, 0.03195985406637192, 0.027598854154348373, 0.029940415173768997, 0.03483773022890091, 0.03126482665538788, 0.0338200181722641, 0.030536886304616928, 0.03190752491354942, 0.03443141281604767, 0.03269520401954651, 0.033620573580265045, 0.031321488320827484, 0.030662424862384796, 0.027708426117897034, 0.03369460254907608, 0.03396110236644745, 0.03092901036143303, 0.02990597113966942, 0.03318265825510025, 0.029464922845363617, 0.03385385870933533, 0.03291880339384079, 0.030754834413528442, 0.02918144129216671, 0.029530731961131096, 0.03417434170842171, 0.03246981278061867, 0.03666584938764572, 0.0314016155898571, 0.03032159060239792, 0.03209419921040535, 0.030427217483520508, 0.022150401026010513]}
Setting up Multi Scale Gradient loss...
Done
Setting up Multi Scale Gradient loss...
Done
Setting up Multi Scale Gradient loss...
Done
Setting up Multi Scale Gradient loss...
Done
Setting up Multi Scale Gradient loss...
Done
Setting up Multi Scale Gradient loss...
Done
Setting up Multi Scale Gradient loss...
Done
Setting up Multi Scale Gradient loss...
Done
Setting up Multi Scale Gradient loss...
Done
Setting up Multi Scale Gradient loss...
Done
Setting up Multi Scale Gradient loss...
Done
Setting up Multi Scale Gradient loss...
Done
Setting up Multi Scale Gradient loss...
Done
Setting up Multi Scale Gradient loss...
Done
Setting up Multi Scale Gradient loss...
Done
Setting up Multi Scale Gradient loss...
Done
all losses in batch in validation:  {'loss': [0.0402035154402256, 0.044168807566165924, 0.039546072483062744, 0.04421979933977127, 0.04357762634754181, 0.03912339359521866, 0.05325599014759064, 0.044222135096788406, 0.04027055948972702, 0.03860906511545181, 0.043383002281188965, 0.04333972930908203, 0.040869783610105515, 0.03955529257655144, 0.04109286516904831, 0.038915686309337616, 0.04325133562088013, 0.04439916834235191, 0.04469054192304611, 0.041210100054740906, 0.0404006764292717, 0.04063797742128372, 0.03818642348051071, 0.04398128017783165, 0.04485480114817619, 0.04484830051660538, 0.03701608628034592, 0.04200790077447891, 0.044974662363529205, 0.04421171173453331, 0.04739369451999664, 0.04510442167520523, 0.036314934492111206, 0.045641593635082245, 0.04568500816822052, 0.03868315368890762, 0.042519986629486084, 0.04463459178805351, 0.04848172515630722, 0.04852030798792839, 0.03437962383031845, 0.04601980000734329, 0.0465875081717968, 0.04664410650730133, 0.03917546570301056, 0.03748764097690582, 0.04567614942789078, 0.04355285316705704, 0.038300540298223495, 0.040782153606414795, 0.044693224132061005, 0.04645689204335213, 0.039424777030944824, 0.03666868060827255, 0.038216330111026764, 0.041091836988925934, 0.04063555970788002, 0.04787443205714226, 0.04514841362833977, 0.039777662605047226, 0.03772278130054474, 0.046242598444223404, 0.04101605713367462, 0.04004783183336258, 0.042554859071969986, 0.03738527372479439, 0.04028289020061493, 0.04642127826809883, 0.04005325585603714, 0.04035264998674393, 0.03977692872285843, 0.048939816653728485, 0.03826761990785599, 0.040166113525629044, 0.04469233751296997, 0.04592640697956085, 0.04804397001862526, 0.03992140293121338, 0.04149863123893738, 0.04585133492946625, 0.04221230745315552, 0.03796004131436348, 0.0400262176990509, 0.041801467537879944, 0.04697003215551376, 0.04424411058425903, 0.04788330942392349, 0.042858392000198364, 0.04304272681474686, 0.040639106184244156, 0.041069500148296356, 0.03953808918595314, 0.039866115897893906, 0.04457385092973709, 0.04508506506681442, 0.043477244675159454, 0.041626665741205215, 0.04803898558020592, 0.04742395877838135, 0.0372718870639801, 0.04639996588230133, 0.03910812735557556, 0.050167251378297806, 0.04711762070655823, 0.044057849794626236, 0.04507451876997948, 0.05098159238696098, 0.041034914553165436, 0.037182871252298355, 0.04030834883451462, 0.04228045418858528, 0.03685138002038002, 0.04023300111293793, 0.04431420937180519, 0.04065226763486862, 0.04784197732806206, 0.04828142747282982, 0.043842215090990067, 0.04685800150036812, 0.04332098737359047, 0.04585646465420723, 0.04868032783269882, 0.04052009806036949, 0.035478804260492325, 0.04774155467748642, 0.04807841032743454, 0.04148325324058533, 0.03746713697910309, 0.04433256387710571, 0.042826078832149506, 0.04845666140317917, 0.04435325413942337, 0.039415739476680756, 0.037405140697956085, 0.03743439167737961, 0.04708819091320038, 0.0436418354511261, 0.0472409762442112, 0.04231158643960953, 0.04064995050430298, 0.0442669615149498, 0.04306233674287796, 0.03206605091691017], 'L_si': [0.00920027494430542, 0.010713040828704834, 0.008515238761901855, 0.012808799743652344, 0.011187493801116943, 0.008220434188842773, 0.015722036361694336, 0.01124662160873413, 0.00955045223236084, 0.008201837539672852, 0.010204076766967773, 0.009399712085723877, 0.009059786796569824, 0.008290886878967285, 0.009439945220947266, 0.008262157440185547, 0.011088371276855469, 0.011987686157226562, 0.012588024139404297, 0.009933710098266602, 0.009831845760345459, 0.009935379028320312, 0.008792996406555176, 0.011337518692016602, 0.011996030807495117, 0.011299312114715576, 0.008120298385620117, 0.009879708290100098, 0.011541962623596191, 0.011267364025115967, 0.014405429363250732, 0.011991441249847412, 0.008254766464233398, 0.011355996131896973, 0.013166248798370361, 0.007525086402893066, 0.009602546691894531, 0.01066887378692627, 0.015250325202941895, 0.012035131454467773, 0.006080150604248047, 0.0115584135055542, 0.011396288871765137, 0.010332226753234863, 0.00848376750946045, 0.007326602935791016, 0.01257944107055664, 0.01050037145614624, 0.007906317710876465, 0.01057446002960205, 0.012327075004577637, 0.0128936767578125, 0.00845348834991455, 0.007948517799377441, 0.007827520370483398, 0.008301854133605957, 0.00949627161026001, 0.012247800827026367, 0.01123666763305664, 0.008283257484436035, 0.007791876792907715, 0.011568427085876465, 0.008660554885864258, 0.008539438247680664, 0.009571671485900879, 0.007423043251037598, 0.00807642936706543, 0.012767374515533447, 0.00896143913269043, 0.009716629981994629, 0.008652806282043457, 0.01307821273803711, 0.007341980934143066, 0.009569287300109863, 0.011177539825439453, 0.013406813144683838, 0.012736678123474121, 0.009010374546051025, 0.008434057235717773, 0.012023508548736572, 0.010692894458770752, 0.008067131042480469, 0.009089827537536621, 0.010117650032043457, 0.012860774993896484, 0.01004856824874878, 0.012089371681213379, 0.011100411415100098, 0.011298418045043945, 0.008983254432678223, 0.010964035987854004, 0.008091568946838379, 0.008021354675292969, 0.012423574924468994, 0.012001395225524902, 0.010753989219665527, 0.009283781051635742, 0.012889981269836426, 0.011828839778900146, 0.007489383220672607, 0.012046515941619873, 0.008257389068603516, 0.014516472816467285, 0.012183129787445068, 0.01015859842300415, 0.011806249618530273, 0.013591229915618896, 0.00921618938446045, 0.008112430572509766, 0.008703470230102539, 0.00916510820388794, 0.00778806209564209, 0.00948941707611084, 0.009639501571655273, 0.009568572044372559, 0.01229095458984375, 0.013175725936889648, 0.01159292459487915, 0.01192927360534668, 0.009592056274414062, 0.01083230972290039, 0.012814879417419434, 0.009157180786132812, 0.006814122200012207, 0.012434840202331543, 0.013001322746276855, 0.009487032890319824, 0.007258057594299316, 0.010646820068359375, 0.010064899921417236, 0.014426112174987793, 0.011323213577270508, 0.008517980575561523, 0.00751948356628418, 0.0077522993087768555, 0.01177668571472168, 0.010165572166442871, 0.010703742504119873, 0.009382247924804688, 0.009520411491394043, 0.011066257953643799, 0.011746644973754883, 0.009651124477386475], 'L_grad': [0.03100324049592018, 0.03345576673746109, 0.03103083372116089, 0.03141099959611893, 0.032390132546424866, 0.030902959406375885, 0.0375339537858963, 0.032975513488054276, 0.03072010912001133, 0.03040722757577896, 0.03317892551422119, 0.033940017223358154, 0.03180999681353569, 0.03126440569758415, 0.031652919948101044, 0.03065352886915207, 0.03216296434402466, 0.03241148218512535, 0.032102517783641815, 0.031276389956474304, 0.03056882880628109, 0.03070259653031826, 0.029393427073955536, 0.03264376148581505, 0.032858770340681076, 0.0335489884018898, 0.0288957878947258, 0.032128192484378815, 0.033432699739933014, 0.03294434770941734, 0.03298826515674591, 0.03311298042535782, 0.028060169890522957, 0.03428559750318527, 0.03251875936985016, 0.031158069148659706, 0.03291743993759155, 0.03396571800112724, 0.033231399953365326, 0.03648517653346062, 0.028299473226070404, 0.03446138650178909, 0.03519121930003166, 0.03631187975406647, 0.03069170005619526, 0.030161039903759956, 0.03309670835733414, 0.0330524817109108, 0.03039422258734703, 0.030207691714167595, 0.03236614912748337, 0.03356321528553963, 0.030971288681030273, 0.02872016280889511, 0.030388811603188515, 0.03278998285531998, 0.03113928809762001, 0.03562663123011589, 0.03391174599528313, 0.03149440512061119, 0.029930906370282173, 0.03467417135834694, 0.032355502247810364, 0.031508393585681915, 0.03298318758606911, 0.02996223047375679, 0.0322064608335495, 0.033653903752565384, 0.03109181672334671, 0.030636020004749298, 0.031124120578169823, 0.035861603915691376, 0.03092563897371292, 0.03059682622551918, 0.03351479768753052, 0.032519593834877014, 0.03530729189515114, 0.030911030247807503, 0.033064574003219604, 0.033827826380729675, 0.031519412994384766, 0.02989291027188301, 0.030936390161514282, 0.03168381750583649, 0.03410925716161728, 0.034195542335510254, 0.035793937742710114, 0.03175798058509827, 0.03174430876970291, 0.03165585175156593, 0.030105464160442352, 0.03144652023911476, 0.03184476122260094, 0.0321502760052681, 0.03308366984128952, 0.03272325545549393, 0.03234288468956947, 0.03514900431036949, 0.0355951189994812, 0.029782503843307495, 0.03435344994068146, 0.030850738286972046, 0.03565077856183052, 0.03493449091911316, 0.033899251371622086, 0.033268269151449203, 0.03739036247134209, 0.03181872516870499, 0.02907044067978859, 0.03160487860441208, 0.03311534598469734, 0.02906331792473793, 0.030743584036827087, 0.03467470780014992, 0.031083695590496063, 0.03555102273821831, 0.03510570153594017, 0.032249290496110916, 0.03492872789502144, 0.03372893109917641, 0.03502415493130684, 0.03586544841527939, 0.03136291727423668, 0.028664682060480118, 0.03530671447515488, 0.035077087581157684, 0.0319962203502655, 0.030209079384803772, 0.03368574380874634, 0.03276117891073227, 0.034030549228191376, 0.03303004056215286, 0.030897758901119232, 0.029885657131671906, 0.029682094231247902, 0.0353115051984787, 0.03347626328468323, 0.036537233740091324, 0.03292933851480484, 0.031129540875554085, 0.033200703561306, 0.03131569176912308, 0.022414926439523697]}
Setting up Multi Scale Gradient loss...
Done
Setting up Multi Scale Gradient loss...
Done
Setting up Multi Scale Gradient loss...
Done
Setting up Multi Scale Gradient loss...
Done
Setting up Multi Scale Gradient loss...
Done
Setting up Multi Scale Gradient loss...
Done
Setting up Multi Scale Gradient loss...
Done
Setting up Multi Scale Gradient loss...
Done
Setting up Multi Scale Gradient loss...
Done
Setting up Multi Scale Gradient loss...
Done
Setting up Multi Scale Gradient loss...
Done
Setting up Multi Scale Gradient loss...
Done
Setting up Multi Scale Gradient loss...
Done
Setting up Multi Scale Gradient loss...
Done
Setting up Multi Scale Gradient loss...
Done
Setting up Multi Scale Gradient loss...
Done
all losses in batch in validation:  {'loss': [0.03388191759586334, 0.03877881541848183, 0.035108532756567, 0.0399155430495739, 0.03945746272802353, 0.033822983503341675, 0.04017948359251022, 0.03695403039455414, 0.03427589684724808, 0.03139214962720871, 0.038064368069171906, 0.0403633788228035, 0.035006970167160034, 0.03457576781511307, 0.034293122589588165, 0.0352521613240242, 0.036100856959819794, 0.041021041572093964, 0.03756684437394142, 0.036859180778265, 0.03623957931995392, 0.03307528793811798, 0.03497133404016495, 0.03540057688951492, 0.03920943662524223, 0.041798245161771774, 0.03127984330058098, 0.03832681477069855, 0.03712708503007889, 0.036834731698036194, 0.03452228754758835, 0.04235675558447838, 0.03345904126763344, 0.04065489023923874, 0.03826924413442612, 0.03670412674546242, 0.03569485992193222, 0.035938702523708344, 0.044475436210632324, 0.0369202196598053, 0.032518938183784485, 0.04043733328580856, 0.03753785043954849, 0.04117674008011818, 0.03432238847017288, 0.032538872212171555, 0.03772279620170593, 0.035264864563941956, 0.03471501171588898, 0.036746520549058914, 0.03708896040916443, 0.03649211674928665, 0.03427591547369957, 0.033614177256822586, 0.034657761454582214, 0.035515591502189636, 0.03312806785106659, 0.03880448639392853, 0.03831770271062851, 0.03456004709005356, 0.03503178805112839, 0.03836435824632645, 0.03757333755493164, 0.03482889011502266, 0.03805522620677948, 0.032732635736465454, 0.03424849733710289, 0.038176871836185455, 0.03542620316147804, 0.03538265451788902, 0.035446811467409134, 0.03856739029288292, 0.03625573590397835, 0.03533674031496048, 0.03550644963979721, 0.0387362465262413, 0.03784562647342682, 0.03587925434112549, 0.038246072828769684, 0.03778481483459473, 0.037272557616233826, 0.03344198688864708, 0.03553466126322746, 0.03369699418544769, 0.03893188387155533, 0.03757234662771225, 0.03952762112021446, 0.0380912721157074, 0.035753652453422546, 0.036989182233810425, 0.035296499729156494, 0.03890937566757202, 0.03529698774218559, 0.041461676359176636, 0.03799544647336006, 0.03813264146447182, 0.03599371761083603, 0.03891169652342796, 0.03816080093383789, 0.03390762582421303, 0.039097860455513, 0.034424640238285065, 0.04689328372478485, 0.03802185878157616, 0.04144870862364769, 0.03894050419330597, 0.03875438868999481, 0.0373145192861557, 0.03332219272851944, 0.035709720104932785, 0.035926833748817444, 0.03024039790034294, 0.034074921160936356, 0.04095562919974327, 0.0356217585504055, 0.04097326472401619, 0.03803476691246033, 0.038879990577697754, 0.04119616746902466, 0.04133351147174835, 0.04048643261194229, 0.03714589774608612, 0.03528574854135513, 0.033753834664821625, 0.038383740931749344, 0.042174018919467926, 0.03511086851358414, 0.03362289071083069, 0.04276362061500549, 0.03487680107355118, 0.0445982962846756, 0.03791641443967819, 0.03681642934679985, 0.03260742872953415, 0.035211674869060516, 0.04050709679722786, 0.03562597185373306, 0.042853374034166336, 0.038862381130456924, 0.035739701241254807, 0.039303410798311234, 0.03679157793521881, 0.028941191732883453], 'L_si': [0.006809711456298828, 0.008852362632751465, 0.00686490535736084, 0.010599613189697266, 0.009250760078430176, 0.006392002105712891, 0.010190963745117188, 0.007844209671020508, 0.006620168685913086, 0.005372762680053711, 0.008284211158752441, 0.00847327709197998, 0.006881356239318848, 0.006093382835388184, 0.006848454475402832, 0.006956815719604492, 0.007877230644226074, 0.010406732559204102, 0.009080886840820312, 0.007522463798522949, 0.007813215255737305, 0.006369829177856445, 0.007102489471435547, 0.007706642150878906, 0.008954524993896484, 0.01005566120147705, 0.005879998207092285, 0.008696019649505615, 0.007573723793029785, 0.008224010467529297, 0.008095383644104004, 0.010823369026184082, 0.006951093673706055, 0.008688092231750488, 0.009710729122161865, 0.006648659706115723, 0.00714111328125, 0.007403016090393066, 0.013032853603363037, 0.007986485958099365, 0.005470633506774902, 0.009181022644042969, 0.007745862007141113, 0.008504986763000488, 0.006491661071777344, 0.005626201629638672, 0.008791446685791016, 0.0073986053466796875, 0.006824016571044922, 0.008577466011047363, 0.00878894329071045, 0.008784174919128418, 0.006544828414916992, 0.006803035736083984, 0.006094098091125488, 0.006299376487731934, 0.0066956281661987305, 0.008588552474975586, 0.00850677490234375, 0.005837082862854004, 0.0070765018463134766, 0.007999777793884277, 0.007469654083251953, 0.0065964460372924805, 0.0077637434005737305, 0.005480647087097168, 0.005800485610961914, 0.008975625038146973, 0.007033944129943848, 0.007288694381713867, 0.0068618059158325195, 0.008058905601501465, 0.006695151329040527, 0.007520198822021484, 0.007575869560241699, 0.009749293327331543, 0.008050322532653809, 0.007780909538269043, 0.00742948055267334, 0.00902855396270752, 0.008646249771118164, 0.0059812068939208984, 0.007116913795471191, 0.0063130855560302734, 0.009416699409484863, 0.007805466651916504, 0.007950544357299805, 0.008963704109191895, 0.007401108741760254, 0.0072519779205322266, 0.008428096771240234, 0.007670164108276367, 0.0057724714279174805, 0.010459661483764648, 0.008791327476501465, 0.009094476699829102, 0.0068024396896362305, 0.008803367614746094, 0.008426487445831299, 0.006416797637939453, 0.00895702838897705, 0.006288886070251465, 0.012559175491333008, 0.008554458618164062, 0.0094527006149292, 0.009411454200744629, 0.008333683013916016, 0.007529139518737793, 0.006412863731384277, 0.006753325462341309, 0.007060527801513672, 0.004958748817443848, 0.006780385971069336, 0.008054494857788086, 0.007683277130126953, 0.00930488109588623, 0.009282946586608887, 0.009505271911621094, 0.009730517864227295, 0.008492350578308105, 0.00894474983215332, 0.00781714916229248, 0.007447600364685059, 0.0063970088958740234, 0.008796513080596924, 0.01043546199798584, 0.006921172142028809, 0.00595855712890625, 0.01043081283569336, 0.0072133541107177734, 0.012330114841461182, 0.008709311485290527, 0.007484555244445801, 0.00572514533996582, 0.007188200950622559, 0.009082913398742676, 0.007233262062072754, 0.009084343910217285, 0.007556438446044922, 0.007692813873291016, 0.00916600227355957, 0.009050369262695312, 0.00851297378540039], 'L_grad': [0.027072206139564514, 0.029926452785730362, 0.02824362739920616, 0.029315929859876633, 0.030206702649593353, 0.027430981397628784, 0.029988519847393036, 0.02910981886088848, 0.027655726298689842, 0.026019386947155, 0.029780156910419464, 0.03189010173082352, 0.028125613927841187, 0.028482384979724884, 0.027444668114185333, 0.028295347467064857, 0.02822362631559372, 0.030614307150244713, 0.02848595753312111, 0.02933671697974205, 0.028426365926861763, 0.026705458760261536, 0.0278688445687294, 0.027693934738636017, 0.03025491163134575, 0.031742583960294724, 0.025399845093488693, 0.02963079698383808, 0.029553361237049103, 0.028610719367861748, 0.026426905766129494, 0.031533386558294296, 0.026507947593927383, 0.03196679800748825, 0.0285585168749094, 0.030055467039346695, 0.02855374664068222, 0.028535688295960426, 0.03144258260726929, 0.028933735564351082, 0.027048304677009583, 0.031256310641765594, 0.02979198843240738, 0.03267175331711769, 0.02783072739839554, 0.026912670582532883, 0.028931351378560066, 0.027866259217262268, 0.027890997007489204, 0.02816905453801155, 0.02830001711845398, 0.027707941830158234, 0.027731087058782578, 0.0268111415207386, 0.028563663363456726, 0.029216215014457703, 0.02643243968486786, 0.03021593578159809, 0.02981092967092991, 0.028722962364554405, 0.02795528806746006, 0.03036458045244217, 0.030103685334324837, 0.02823244407773018, 0.0302914809435606, 0.027251988649368286, 0.028448011726140976, 0.029201246798038483, 0.028392259031534195, 0.028093960136175156, 0.028585005551576614, 0.030508484691381454, 0.02956058457493782, 0.027816539630293846, 0.02793058194220066, 0.02898695506155491, 0.02979530394077301, 0.028098342940211296, 0.030816592276096344, 0.028756260871887207, 0.02862630784511566, 0.02746077999472618, 0.02841774746775627, 0.02738391049206257, 0.029515182599425316, 0.029766879975795746, 0.03157707676291466, 0.029127568006515503, 0.02835254557430744, 0.029737204313278198, 0.02686840295791626, 0.031239211559295654, 0.029524516314268112, 0.031002016738057137, 0.029204118996858597, 0.029038164764642715, 0.0291912779211998, 0.03010832890868187, 0.029734313488006592, 0.027490828186273575, 0.0301408339291811, 0.0281357541680336, 0.03433410823345184, 0.029467400163412094, 0.03199600800871849, 0.02952904999256134, 0.030420705676078796, 0.029785379767417908, 0.026909328997135162, 0.028956394642591476, 0.028866305947303772, 0.025281649082899094, 0.02729453518986702, 0.032901134341955185, 0.02793848142027855, 0.03166838362812996, 0.02875182218849659, 0.02937471680343151, 0.03146564960479736, 0.03284116089344025, 0.03154168277978897, 0.02932875044643879, 0.027838150039315224, 0.027356823906302452, 0.02958722785115242, 0.031738556921482086, 0.028189698234200478, 0.02766433171927929, 0.032332807779312134, 0.027663446962833405, 0.032268181443214417, 0.029207104817032814, 0.02933187410235405, 0.02688228338956833, 0.028023473918437958, 0.031424183398485184, 0.028392711654305458, 0.03376903012394905, 0.031305942684412, 0.02804688736796379, 0.030137408524751663, 0.027741210535168648, 0.020428217947483063]}
Saving current best: model_best.pth.tar ...
Setting up Multi Scale Gradient loss...
Done
Setting up Multi Scale Gradient loss...
Done
Setting up Multi Scale Gradient loss...
Done
Setting up Multi Scale Gradient loss...
Done
Setting up Multi Scale Gradient loss...
Done
Setting up Multi Scale Gradient loss...
Done
Setting up Multi Scale Gradient loss...
Done
Setting up Multi Scale Gradient loss...
Done
Setting up Multi Scale Gradient loss...
Setting up Multi Scale Gradient loss...
Setting up Multi Scale Gradient loss...Setting up Multi Scale Gradient loss...
Setting up Multi Scale Gradient loss...
Setting up Multi Scale Gradient loss...
Setting up Multi Scale Gradient loss...
Done

Done
Done
Done
Done
Done
Done
Setting up Multi Scale Gradient loss...
Done
all losses in batch in validation:  {'loss': [0.03309080749750137, 0.0385124497115612, 0.034801729023456573, 0.04051869735121727, 0.038116298615932465, 0.033150918781757355, 0.039281077682971954, 0.03666311874985695, 0.03395318612456322, 0.03182138502597809, 0.0381399542093277, 0.038399312645196915, 0.034611281007528305, 0.03315669298171997, 0.034691061824560165, 0.03431178256869316, 0.03576715290546417, 0.03955145925283432, 0.03812703490257263, 0.03626726195216179, 0.03581896424293518, 0.03216938674449921, 0.03246329352259636, 0.034626126289367676, 0.038709498941898346, 0.04165126383304596, 0.031223047524690628, 0.03734561428427696, 0.03663187101483345, 0.03594697266817093, 0.0336008220911026, 0.041868630796670914, 0.033122073858976364, 0.0407647006213665, 0.03808293119072914, 0.03567714989185333, 0.034525588154792786, 0.035483844578266144, 0.04494408518075943, 0.03591087460517883, 0.031948450952768326, 0.0406450480222702, 0.03669612109661102, 0.039855312556028366, 0.03258286416530609, 0.03304583579301834, 0.03775310516357422, 0.034803882241249084, 0.03416009992361069, 0.0374641977250576, 0.03804539516568184, 0.036196183413267136, 0.03462924435734749, 0.034257449209690094, 0.03424360603094101, 0.03561302274465561, 0.03243604674935341, 0.037762582302093506, 0.0377754271030426, 0.0342911034822464, 0.03301739692687988, 0.03781895339488983, 0.03648947924375534, 0.033154819160699844, 0.037526268512010574, 0.03281145915389061, 0.03439198061823845, 0.03798463195562363, 0.03523654863238335, 0.034204233437776566, 0.034573011100292206, 0.0379127562046051, 0.03504333645105362, 0.033220529556274414, 0.035066667944192886, 0.038259513676166534, 0.03589818999171257, 0.03514968976378441, 0.037280239164829254, 0.03702099248766899, 0.037421077489852905, 0.033624567091464996, 0.03567458689212799, 0.03415519744157791, 0.03790106624364853, 0.03667106851935387, 0.03987462818622589, 0.037447575479745865, 0.03601941838860512, 0.03649098426103592, 0.035870395600795746, 0.03720556199550629, 0.03351864218711853, 0.04260523244738579, 0.03767523542046547, 0.036429356783628464, 0.03526191785931587, 0.038170136511325836, 0.03794240951538086, 0.03407100960612297, 0.03907325863838196, 0.033242903649806976, 0.04455986246466637, 0.03713775798678398, 0.0394541472196579, 0.037633202970027924, 0.03809353709220886, 0.03586042299866676, 0.032838717103004456, 0.03493546321988106, 0.03429802507162094, 0.030290644615888596, 0.03389020636677742, 0.040138304233551025, 0.034441988915205, 0.03962215781211853, 0.037472739815711975, 0.03781715780496597, 0.04093257710337639, 0.039859604090452194, 0.03982776030898094, 0.03623523935675621, 0.03469270095229149, 0.031770627945661545, 0.037951238453388214, 0.040585629642009735, 0.03441423550248146, 0.03329768404364586, 0.04095664620399475, 0.03392959386110306, 0.045005276799201965, 0.038770098239183426, 0.03684239834547043, 0.03201703727245331, 0.03275787830352783, 0.0390281155705452, 0.03501357138156891, 0.04134439304471016, 0.0369143933057785, 0.03494975343346596, 0.038615982979536057, 0.0370723158121109, 0.02854873053729534], 'L_si': [0.006544947624206543, 0.00878608226776123, 0.006834626197814941, 0.0115966796875, 0.009175777435302734, 0.0062007904052734375, 0.009920597076416016, 0.0077544450759887695, 0.006643414497375488, 0.005603671073913574, 0.008459210395812988, 0.007972955703735352, 0.006839275360107422, 0.005787849426269531, 0.006951570510864258, 0.0066986083984375, 0.008105874061584473, 0.010232686996459961, 0.009786486625671387, 0.007687211036682129, 0.007887125015258789, 0.006109952926635742, 0.0062874555587768555, 0.0075092315673828125, 0.009389758110046387, 0.010407090187072754, 0.005991101264953613, 0.00837695598602295, 0.007643580436706543, 0.00811767578125, 0.007825613021850586, 0.010953187942504883, 0.006884336471557617, 0.008781194686889648, 0.01014399528503418, 0.006314754486083984, 0.006914377212524414, 0.007309556007385254, 0.0138627290725708, 0.007703304290771484, 0.005444169044494629, 0.0096588134765625, 0.0074732303619384766, 0.007793545722961426, 0.0060961246490478516, 0.0058727264404296875, 0.009091854095458984, 0.0072945356369018555, 0.0065430402755737305, 0.009253621101379395, 0.009685516357421875, 0.008943676948547363, 0.006631374359130859, 0.007101535797119141, 0.006065249443054199, 0.006418347358703613, 0.006509661674499512, 0.008243441581726074, 0.008417367935180664, 0.005923628807067871, 0.006335854530334473, 0.007999897003173828, 0.007340550422668457, 0.006049156188964844, 0.007562041282653809, 0.005565524101257324, 0.005913376808166504, 0.009328007698059082, 0.0070726871490478516, 0.006994128227233887, 0.006600022315979004, 0.007920622825622559, 0.00642704963684082, 0.006853342056274414, 0.007449030876159668, 0.009896278381347656, 0.007599353790283203, 0.007370352745056152, 0.0068128108978271484, 0.009248614311218262, 0.008979558944702148, 0.006044149398803711, 0.007227659225463867, 0.006535768508911133, 0.009001493453979492, 0.007493734359741211, 0.008128166198730469, 0.00919198989868164, 0.008052945137023926, 0.006946921348571777, 0.00889885425567627, 0.007076144218444824, 0.005438327789306641, 0.011273980140686035, 0.009001970291137695, 0.008501768112182617, 0.006732821464538574, 0.008727192878723145, 0.008501410484313965, 0.006459355354309082, 0.00935220718383789, 0.0059299468994140625, 0.01210165023803711, 0.008251547813415527, 0.00856935977935791, 0.009043455123901367, 0.008039474487304688, 0.006849169731140137, 0.006379604339599609, 0.006507992744445801, 0.0064525604248046875, 0.005106329917907715, 0.006882905960083008, 0.007760524749755859, 0.007293343544006348, 0.008842110633850098, 0.009276390075683594, 0.009235143661499023, 0.009926915168762207, 0.008133530616760254, 0.008716583251953125, 0.007718324661254883, 0.007340908050537109, 0.0056639909744262695, 0.008786797523498535, 0.01040506362915039, 0.0068961381912231445, 0.005779385566711426, 0.009562015533447266, 0.006850719451904297, 0.01311028003692627, 0.009325385093688965, 0.007411837577819824, 0.005673766136169434, 0.006464838981628418, 0.00864863395690918, 0.006979942321777344, 0.008552908897399902, 0.006980180740356445, 0.007572770118713379, 0.008983135223388672, 0.00960397720336914, 0.00820302963256836], 'L_grad': [0.02654586173593998, 0.029726367443799973, 0.027967100962996483, 0.02892201766371727, 0.02894051931798458, 0.026950128376483917, 0.029360482469201088, 0.02890867367386818, 0.02730977162718773, 0.026217713952064514, 0.02968074567615986, 0.030426356941461563, 0.027772005647420883, 0.02736884355545044, 0.027739491313695908, 0.02761317417025566, 0.02766128070652485, 0.02931877411901951, 0.028340548276901245, 0.02858005091547966, 0.02793183922767639, 0.026059433817863464, 0.026175837963819504, 0.027116892859339714, 0.02931974083185196, 0.031244173645973206, 0.025231946259737015, 0.028968658298254013, 0.028988290578126907, 0.02782929688692093, 0.025775207206606865, 0.03091544285416603, 0.026237737387418747, 0.03198350593447685, 0.02793893590569496, 0.029362397268414497, 0.02761121094226837, 0.02817429043352604, 0.03108135424554348, 0.02820757031440735, 0.026504281908273697, 0.030986234545707703, 0.029222888872027397, 0.03206176683306694, 0.02648673765361309, 0.027173111215233803, 0.028661249205470085, 0.02750934660434723, 0.027617059648036957, 0.028210576623678207, 0.028359878808259964, 0.027252506464719772, 0.02799786999821663, 0.027155913412570953, 0.02817835658788681, 0.029194673523306847, 0.025926385074853897, 0.029519138857722282, 0.02935805730521679, 0.028367474675178528, 0.02668154239654541, 0.029819056391716003, 0.029148928821086884, 0.027105662971735, 0.029964227229356766, 0.027245935052633286, 0.028478603810071945, 0.028656626120209694, 0.028163861483335495, 0.02721010521054268, 0.027972988784313202, 0.029992135241627693, 0.0286162868142128, 0.0263671875, 0.02761763706803322, 0.028363237157464027, 0.028298836201429367, 0.027779337018728256, 0.030467428267002106, 0.02777237817645073, 0.028441518545150757, 0.027580417692661285, 0.028446927666664124, 0.02761942893266678, 0.028899570927023888, 0.029177334159612656, 0.03174646198749542, 0.028255585581064224, 0.027966473251581192, 0.029544061049818993, 0.026971539482474327, 0.030129417777061462, 0.02808031253516674, 0.03133125230669975, 0.028673265129327774, 0.027927588671445847, 0.028529096394777298, 0.02944294363260269, 0.029440999031066895, 0.02761165425181389, 0.029721053317189217, 0.027312956750392914, 0.03245821222662926, 0.028886210173368454, 0.03088478557765484, 0.028589745983481407, 0.030054062604904175, 0.029011253267526627, 0.026459112763404846, 0.028427470475435257, 0.027845466509461403, 0.02518431469798088, 0.027007300406694412, 0.032377779483795166, 0.027148645371198654, 0.030780047178268433, 0.02819635160267353, 0.02858201414346695, 0.03100566193461418, 0.03172607347369194, 0.031111177057027817, 0.028516914695501328, 0.02735179290175438, 0.026106636971235275, 0.02916443906724453, 0.030180566012859344, 0.027518097311258316, 0.027518298476934433, 0.031394630670547485, 0.027078872546553612, 0.031894996762275696, 0.02944471314549446, 0.029430560767650604, 0.026343269273638725, 0.026293039321899414, 0.030379481613636017, 0.028033627197146416, 0.03279148414731026, 0.029934212565422058, 0.02737698331475258, 0.029632847756147385, 0.02746834047138691, 0.020345700904726982]}
Saving current best: model_best.pth.tar ...
Saving checkpoint: runs/train/0313_mkl/checkpoints/checkpoint-epoch016-loss-0.0131.pth.tar ...
Setting up Multi Scale Gradient loss...
Done
Setting up Multi Scale Gradient loss...
Done
Setting up Multi Scale Gradient loss...
Done
Setting up Multi Scale Gradient loss...
Done
Setting up Multi Scale Gradient loss...
Done
Setting up Multi Scale Gradient loss...
Done
Setting up Multi Scale Gradient loss...
Done
Setting up Multi Scale Gradient loss...
Done
Setting up Multi Scale Gradient loss...
Setting up Multi Scale Gradient loss...
Setting up Multi Scale Gradient loss...Setting up Multi Scale Gradient loss...

Setting up Multi Scale Gradient loss...Setting up Multi Scale Gradient loss...
Setting up Multi Scale Gradient loss...Done
Setting up Multi Scale Gradient loss...

Done

Done
Done
Done
Done
Done
Done
all losses in batch in validation:  {'loss': [0.035474102944135666, 0.040786974132061005, 0.03668089210987091, 0.04258671775460243, 0.04008140787482262, 0.0358930341899395, 0.04225366935133934, 0.039307139813899994, 0.03642536327242851, 0.03549908474087715, 0.04126490652561188, 0.04046253114938736, 0.03723621368408203, 0.03575674444437027, 0.037121064960956573, 0.03623218834400177, 0.039228424429893494, 0.04163272678852081, 0.041327327489852905, 0.03807888925075531, 0.038016628473997116, 0.03577205911278725, 0.03480491042137146, 0.038235247135162354, 0.04082997888326645, 0.043190859258174896, 0.0333215594291687, 0.040448643267154694, 0.03954780101776123, 0.03813081607222557, 0.03660883754491806, 0.04314446449279785, 0.03419405594468117, 0.04372391849756241, 0.0406634584069252, 0.03716664761304855, 0.03635676950216293, 0.03860590234398842, 0.04591512680053711, 0.039572883397340775, 0.033215492963790894, 0.04175805300474167, 0.04035355895757675, 0.043670881539583206, 0.0350714772939682, 0.034567028284072876, 0.040102627128362656, 0.037271540611982346, 0.03431796655058861, 0.038887668401002884, 0.040160566568374634, 0.039434388279914856, 0.036315347999334335, 0.035021670162677765, 0.035745397210121155, 0.03800582140684128, 0.035685501992702484, 0.039641123265028, 0.04043726995587349, 0.0360415056347847, 0.036222584545612335, 0.04121066629886627, 0.03835508972406387, 0.035933900624513626, 0.03971010446548462, 0.03436700999736786, 0.03601129353046417, 0.03947410359978676, 0.037424977868795395, 0.036746107041835785, 0.03681718930602074, 0.04203227162361145, 0.03668159991502762, 0.03751148656010628, 0.03740479052066803, 0.03992566466331482, 0.038590207695961, 0.037545058876276016, 0.03884260356426239, 0.03869108110666275, 0.039255402982234955, 0.0351080521941185, 0.037333860993385315, 0.03751353919506073, 0.040624842047691345, 0.041112080216407776, 0.04408040642738342, 0.03964555263519287, 0.03910164535045624, 0.03857044503092766, 0.03753809258341789, 0.03862067312002182, 0.035728856921195984, 0.04339219629764557, 0.04135856032371521, 0.04013638198375702, 0.037940897047519684, 0.04012062028050423, 0.04253661632537842, 0.034994982182979584, 0.04242143779993057, 0.03639819845557213, 0.046488113701343536, 0.03911198675632477, 0.04173397645354271, 0.040977731347084045, 0.04067195579409599, 0.03845321387052536, 0.03461932763457298, 0.037136394530534744, 0.037579525262117386, 0.03256125748157501, 0.03716576471924782, 0.04187586158514023, 0.03755992650985718, 0.04245978221297264, 0.03899616003036499, 0.04094671830534935, 0.043042924255132675, 0.04042632505297661, 0.04171036183834076, 0.0389409214258194, 0.037205010652542114, 0.033914465457201004, 0.04257712513208389, 0.042124513536691666, 0.036935899406671524, 0.03593985363841057, 0.04150068014860153, 0.03614981472492218, 0.04559137672185898, 0.04128950089216232, 0.03812514990568161, 0.0342898927628994, 0.03578999638557434, 0.04188406094908714, 0.03843178600072861, 0.044492457062006, 0.03908733278512955, 0.03685988858342171, 0.03966531902551651, 0.03875570744276047, 0.029988968744874], 'L_si': [0.007366657257080078, 0.009546995162963867, 0.007569789886474609, 0.012012004852294922, 0.00972282886505127, 0.007241249084472656, 0.010962367057800293, 0.008763790130615234, 0.0076940059661865234, 0.006851315498352051, 0.009388208389282227, 0.008454203605651855, 0.007853507995605469, 0.006681203842163086, 0.007787108421325684, 0.007288336753845215, 0.009375929832458496, 0.010823726654052734, 0.010978937149047852, 0.008573532104492188, 0.008687853813171387, 0.007551312446594238, 0.007205605506896973, 0.008823752403259277, 0.010161519050598145, 0.010646224021911621, 0.006689310073852539, 0.009408712387084961, 0.008803367614746094, 0.008680105209350586, 0.009095311164855957, 0.011182665824890137, 0.007192134857177734, 0.010147571563720703, 0.011054039001464844, 0.006937861442565918, 0.007348060607910156, 0.008393406867980957, 0.013884186744689941, 0.00895380973815918, 0.005956172943115234, 0.009778141975402832, 0.00882256031036377, 0.009218215942382812, 0.0070296525955200195, 0.006315112113952637, 0.009923577308654785, 0.008220553398132324, 0.006580352783203125, 0.009612679481506348, 0.010575652122497559, 0.010045766830444336, 0.007232189178466797, 0.007270336151123047, 0.006468415260314941, 0.007174968719482422, 0.007661581039428711, 0.009040355682373047, 0.009296178817749023, 0.006518363952636719, 0.00742185115814209, 0.009402871131896973, 0.0078078508377075195, 0.006975412368774414, 0.008398175239562988, 0.006007671356201172, 0.006464719772338867, 0.009668827056884766, 0.007869482040405273, 0.007862448692321777, 0.007313370704650879, 0.009579181671142578, 0.006915926933288574, 0.008324384689331055, 0.008376479148864746, 0.010396242141723633, 0.008602142333984375, 0.008229494094848633, 0.007346630096435547, 0.00962972640991211, 0.00953221321105957, 0.0066852569580078125, 0.007908940315246582, 0.007975459098815918, 0.009894132614135742, 0.008945345878601074, 0.010041594505310059, 0.009932756423950195, 0.009395956993103027, 0.0077915191650390625, 0.009418964385986328, 0.007490396499633789, 0.006199359893798828, 0.011738419532775879, 0.010154366493225098, 0.009549975395202637, 0.007696390151977539, 0.009148001670837402, 0.010061860084533691, 0.006754517555236816, 0.010381102561950684, 0.007133960723876953, 0.012778162956237793, 0.00893700122833252, 0.00944364070892334, 0.010278463363647461, 0.008921265602111816, 0.007730722427368164, 0.007120609283447266, 0.007181525230407715, 0.0074089765548706055, 0.005768418312072754, 0.008158087730407715, 0.008429765701293945, 0.008340716361999512, 0.01002967357635498, 0.009548664093017578, 0.010196447372436523, 0.010511398315429688, 0.008565187454223633, 0.009410619735717773, 0.008687376976013184, 0.008075356483459473, 0.0063724517822265625, 0.01037287712097168, 0.010724902153015137, 0.007846355438232422, 0.006736874580383301, 0.009442329406738281, 0.007629990577697754, 0.013018012046813965, 0.010144948959350586, 0.007831454277038574, 0.006329774856567383, 0.007429957389831543, 0.009664297103881836, 0.00811314582824707, 0.00974416732788086, 0.007813692092895508, 0.008274316787719727, 0.009305238723754883, 0.009984374046325684, 0.008912920951843262], 'L_grad': [0.028107445687055588, 0.031239980831742287, 0.0291111022233963, 0.03057471290230751, 0.030358579009771347, 0.028651785105466843, 0.03129130229353905, 0.03054334782063961, 0.02873135730624199, 0.0286477692425251, 0.03187669813632965, 0.032008327543735504, 0.02938270755112171, 0.029075538739562035, 0.02933395653963089, 0.028943853452801704, 0.029852494597434998, 0.030809001997113228, 0.030348390340805054, 0.029505357146263123, 0.02932877466082573, 0.02822074666619301, 0.027599306777119637, 0.029411496594548225, 0.030668459832668304, 0.032544635236263275, 0.026632249355316162, 0.031039930880069733, 0.030744435265660286, 0.029450710862874985, 0.027513528242707253, 0.031961798667907715, 0.027001921087503433, 0.033576346933841705, 0.02960941754281521, 0.030228786170482635, 0.029008710756897926, 0.03021249547600746, 0.03203094005584717, 0.030619073659181595, 0.02725932188332081, 0.03197991102933884, 0.03153099864721298, 0.034452665597200394, 0.02804182469844818, 0.02825191617012024, 0.03017904981970787, 0.02905098721385002, 0.027737613767385483, 0.029274988919496536, 0.029584912583231926, 0.02938862144947052, 0.02908315882086754, 0.027751334011554718, 0.029276981949806213, 0.030830850824713707, 0.028023920953273773, 0.030600767582654953, 0.031141091138124466, 0.02952314168214798, 0.028800735250115395, 0.0318077951669693, 0.030547238886356354, 0.028958488255739212, 0.03131192922592163, 0.028359336778521538, 0.029546573758125305, 0.029805276542901993, 0.02955549582839012, 0.02888365648686886, 0.029503818601369858, 0.03245308995246887, 0.029765672981739044, 0.029187101870775223, 0.029028313234448433, 0.029529422521591187, 0.029988067224621773, 0.029315564781427383, 0.03149597346782684, 0.02906135283410549, 0.029723189771175385, 0.028422797098755836, 0.029424922540783882, 0.029538078233599663, 0.030730711296200752, 0.0321667343378067, 0.034038811922073364, 0.029712798073887825, 0.02970568835735321, 0.030778925865888596, 0.028119128197431564, 0.03113027848303318, 0.029529497027397156, 0.03165377676486969, 0.031204191967844963, 0.030586406588554382, 0.030244506895542145, 0.030972618609666824, 0.03247475624084473, 0.028240464627742767, 0.03204033523797989, 0.029264237731695175, 0.03370995074510574, 0.030174987390637398, 0.03229033574461937, 0.030699266120791435, 0.03175069019198418, 0.030722489580512047, 0.027498718351125717, 0.02995486930012703, 0.03017054870724678, 0.026792841032147408, 0.029007676988840103, 0.03344609588384628, 0.029219210147857666, 0.03243010863661766, 0.029447495937347412, 0.030750270932912827, 0.03253152593970299, 0.031861137598752975, 0.032299742102622986, 0.030253542587161064, 0.02912965603172779, 0.02754201367497444, 0.03220424801111221, 0.03139961138367653, 0.029089543968439102, 0.029202979058027267, 0.03205835074186325, 0.028519826009869576, 0.03257336467504501, 0.031144550070166588, 0.030293697491288185, 0.027960117906332016, 0.02836003713309765, 0.03221976384520531, 0.030318640172481537, 0.03474828973412514, 0.03127364069223404, 0.02858557179570198, 0.030360080301761627, 0.028771333396434784, 0.02107604779303074]}
Setting up Multi Scale Gradient loss...
Done
Setting up Multi Scale Gradient loss...
Done
Setting up Multi Scale Gradient loss...
Done
Setting up Multi Scale Gradient loss...
Done
Setting up Multi Scale Gradient loss...
Done
Setting up Multi Scale Gradient loss...
Done
Setting up Multi Scale Gradient loss...
Done
Setting up Multi Scale Gradient loss...
Done
Setting up Multi Scale Gradient loss...Setting up Multi Scale Gradient loss...
Setting up Multi Scale Gradient loss...

Setting up Multi Scale Gradient loss...
Setting up Multi Scale Gradient loss...
Setting up Multi Scale Gradient loss...
Setting up Multi Scale Gradient loss...DoneSetting up Multi Scale Gradient loss...
Done


DoneDone
Done

Done
Done
Done
all losses in batch in validation:  {'loss': [0.0375451035797596, 0.04436960816383362, 0.03914586082100868, 0.0432438850402832, 0.042298439890146255, 0.03799770772457123, 0.04278908297419548, 0.0426858551800251, 0.03961416333913803, 0.03800671175122261, 0.042661070823669434, 0.04184699058532715, 0.040855102241039276, 0.039694931358098984, 0.03818581998348236, 0.037709515541791916, 0.041906025260686874, 0.04387500509619713, 0.045511841773986816, 0.040280912071466446, 0.041385356336832047, 0.03962761536240578, 0.03652571141719818, 0.04145926609635353, 0.044816192239522934, 0.043686866760253906, 0.03524753451347351, 0.04061790555715561, 0.04372547194361687, 0.03815151005983353, 0.03961307555437088, 0.0437459833920002, 0.036100536584854126, 0.044996608048677444, 0.04221850261092186, 0.039540816098451614, 0.038741543889045715, 0.040382713079452515, 0.04661116003990173, 0.03944646939635277, 0.033991824835538864, 0.042402368038892746, 0.04352947324514389, 0.04471087455749512, 0.03823233023285866, 0.03772575408220291, 0.043859027326107025, 0.04058736562728882, 0.035227976739406586, 0.03985992819070816, 0.044131677597761154, 0.041911788284778595, 0.03866292163729668, 0.03637692332267761, 0.03832980617880821, 0.040819600224494934, 0.03706208989024162, 0.04088492691516876, 0.04276614636182785, 0.040213048458099365, 0.03627793490886688, 0.04395247995853424, 0.0392758771777153, 0.0398920401930809, 0.04223102331161499, 0.03722450137138367, 0.03925366699695587, 0.04159442335367203, 0.03914469853043556, 0.03914204239845276, 0.03948631137609482, 0.04637894406914711, 0.03957982733845711, 0.037999097257852554, 0.038509756326675415, 0.040414802730083466, 0.04161515831947327, 0.038302622735500336, 0.03992722928524017, 0.03921685367822647, 0.04023391753435135, 0.03706154227256775, 0.04080446809530258, 0.041668787598609924, 0.04241327941417694, 0.04066929966211319, 0.04884316027164459, 0.0402478463947773, 0.04180077835917473, 0.04158950597047806, 0.03986901789903641, 0.039442140609025955, 0.03946000337600708, 0.04511398822069168, 0.04351675510406494, 0.03953784331679344, 0.041940826922655106, 0.040544293820858, 0.04141169786453247, 0.03549730405211449, 0.045058637857437134, 0.038337498903274536, 0.04773193225264549, 0.03743468597531319, 0.04220998287200928, 0.04373073950409889, 0.042225804179906845, 0.04049497842788696, 0.03649532049894333, 0.039552241563797, 0.03963083773851395, 0.03576700761914253, 0.039037469774484634, 0.043860457837581635, 0.039322540163993835, 0.04564821720123291, 0.03936076536774635, 0.04173310846090317, 0.04415321722626686, 0.04258148372173309, 0.04237574711441994, 0.04082674905657768, 0.039164695888757706, 0.03384695574641228, 0.044151514768600464, 0.04526921361684799, 0.0393090546131134, 0.037684425711631775, 0.04292133450508118, 0.03742463141679764, 0.04762446880340576, 0.043216273188591, 0.038849882781505585, 0.037603504955768585, 0.03553951531648636, 0.04304731637239456, 0.04015281796455383, 0.044430747628211975, 0.03980221599340439, 0.03757813572883606, 0.04168419539928436, 0.04160957783460617, 0.030518095940351486], 'L_si': [0.008255839347839355, 0.011005997657775879, 0.008522391319274902, 0.012256503105163574, 0.01065075397491455, 0.008154988288879395, 0.01149892807006836, 0.01044011116027832, 0.009359002113342285, 0.008204340934753418, 0.010184884071350098, 0.00889134407043457, 0.009354829788208008, 0.00863802433013916, 0.008498430252075195, 0.007781028747558594, 0.01081538200378418, 0.011797904968261719, 0.01316368579864502, 0.009978890419006348, 0.010364294052124023, 0.009631156921386719, 0.008218765258789062, 0.010725259780883789, 0.011949777603149414, 0.010718703269958496, 0.007562518119812012, 0.009511709213256836, 0.010910868644714355, 0.008595108985900879, 0.01091301441192627, 0.011442899703979492, 0.008109688758850098, 0.01112222671508789, 0.011888861656188965, 0.007936716079711914, 0.00841820240020752, 0.009088397026062012, 0.014243483543395996, 0.008931517601013184, 0.005988121032714844, 0.00998079776763916, 0.01037287712097168, 0.009738445281982422, 0.008517861366271973, 0.007644057273864746, 0.011827707290649414, 0.009566307067871094, 0.006916046142578125, 0.010119438171386719, 0.01254129409790039, 0.011512160301208496, 0.008180022239685059, 0.007712244987487793, 0.008042097091674805, 0.008284211158752441, 0.008443236351013184, 0.009540081024169922, 0.010379672050476074, 0.008542537689208984, 0.007383465766906738, 0.010961532592773438, 0.00822436809539795, 0.008705735206604004, 0.009595990180969238, 0.007405757904052734, 0.007944464683532715, 0.010676741600036621, 0.008870244026184082, 0.009154796600341797, 0.008398890495300293, 0.011973142623901367, 0.008205533027648926, 0.008729934692382812, 0.008783102035522461, 0.010871171951293945, 0.010155081748962402, 0.008255720138549805, 0.007775306701660156, 0.00977182388305664, 0.01008594036102295, 0.007681131362915039, 0.009652137756347656, 0.010406017303466797, 0.011164665222167969, 0.008955001831054688, 0.012618303298950195, 0.010173201560974121, 0.011031508445739746, 0.009157061576843262, 0.010596871376037598, 0.00789785385131836, 0.007954955101013184, 0.012434244155883789, 0.011149764060974121, 0.00926351547241211, 0.009564876556396484, 0.009364008903503418, 0.009614944458007812, 0.006857514381408691, 0.011821150779724121, 0.008136391639709473, 0.013771772384643555, 0.008238911628723145, 0.009473323822021484, 0.011287450790405273, 0.009836792945861816, 0.008846521377563477, 0.008010625839233398, 0.008401036262512207, 0.008333683013916016, 0.00742793083190918, 0.00923764705657959, 0.009487390518188477, 0.008965492248535156, 0.011501908302307129, 0.00965738296508789, 0.010805726051330566, 0.010751843452453613, 0.009622812271118164, 0.009575843811035156, 0.009759902954101562, 0.008975505828857422, 0.006413578987121582, 0.011391878128051758, 0.012058854103088379, 0.00872039794921875, 0.007700681686401367, 0.0102311372756958, 0.007853865623474121, 0.013844132423400879, 0.010904312133789062, 0.008143067359924316, 0.007971644401550293, 0.007301807403564453, 0.010634183883666992, 0.008850932121276855, 0.009703993797302246, 0.008278846740722656, 0.008176445960998535, 0.01016378402709961, 0.011358261108398438, 0.009120583534240723], 'L_grad': [0.029289264231920242, 0.03336361050605774, 0.03062346950173378, 0.030987383797764778, 0.031647685915231705, 0.029842719435691833, 0.03129015490412712, 0.03224574401974678, 0.030255159363150597, 0.029802370816469193, 0.032476186752319336, 0.03295564651489258, 0.03150027245283127, 0.031056907027959824, 0.029687389731407166, 0.029928486794233322, 0.031090643256902695, 0.03207710012793541, 0.0323481559753418, 0.0303020216524601, 0.031021062284708023, 0.029996458441019058, 0.02830694615840912, 0.030734006315469742, 0.03286641463637352, 0.03296816349029541, 0.02768501453101635, 0.031106196343898773, 0.03281460329890251, 0.029556402936577797, 0.02870006300508976, 0.032303083688020706, 0.027990849688649178, 0.033874381333589554, 0.030329640954732895, 0.0316041000187397, 0.030323339626193047, 0.0312943160533905, 0.03236767649650574, 0.030514951795339584, 0.02800370380282402, 0.032421570271253586, 0.03315659612417221, 0.034972429275512695, 0.029714468866586685, 0.030081694945693016, 0.03203132003545761, 0.031021060422062874, 0.02831193245947361, 0.02974049001932144, 0.031590383499860764, 0.0303996279835701, 0.030482899397611618, 0.02866468019783497, 0.030287709087133408, 0.03253538906574249, 0.02861885353922844, 0.03134484589099884, 0.032386474311351776, 0.03167051076889038, 0.028894469141960144, 0.0329909473657608, 0.031051509082317352, 0.031186304986476898, 0.03263503313064575, 0.029818743467330933, 0.03130920231342316, 0.030917681753635406, 0.03027445450425148, 0.029987245798110962, 0.031087420880794525, 0.03440580144524574, 0.03137429431080818, 0.029269162565469742, 0.029726654291152954, 0.02954362891614437, 0.031460076570510864, 0.03004690259695053, 0.03215192258358002, 0.02944502979516983, 0.0301479771733284, 0.02938040904700756, 0.031152328476309776, 0.03126277029514313, 0.031248612329363823, 0.0317142978310585, 0.0362248569726944, 0.030074644833803177, 0.030769269913434982, 0.032432444393634796, 0.02927214466035366, 0.031544286757707596, 0.031505048274993896, 0.03267974406480789, 0.03236699104309082, 0.030274327844381332, 0.03237595036625862, 0.031180286779999733, 0.03179675340652466, 0.028639789670705795, 0.03323748707771301, 0.030201107263565063, 0.03396015986800194, 0.029195774346590042, 0.03273665904998779, 0.03244328871369362, 0.03238901123404503, 0.031648457050323486, 0.02848469465970993, 0.03115120343863964, 0.03129715472459793, 0.028339076787233353, 0.029799822717905045, 0.03437306731939316, 0.03035704605281353, 0.03414630889892578, 0.029703382402658463, 0.0309273824095726, 0.03340137377381325, 0.03295867145061493, 0.03279990330338478, 0.03106684610247612, 0.030189190059900284, 0.027433376759290695, 0.032759636640548706, 0.03321035951375961, 0.030588656663894653, 0.029983744025230408, 0.032690197229385376, 0.029570763930678368, 0.03378033638000488, 0.03231196105480194, 0.03070681542158127, 0.029631860554218292, 0.028237706050276756, 0.03241313248872757, 0.03130188584327698, 0.03472675383090973, 0.03152336925268173, 0.029401689767837524, 0.03152041137218475, 0.030251316726207733, 0.021397512406110764]}
Setting up Multi Scale Gradient loss...
Done
Setting up Multi Scale Gradient loss...
Done
Setting up Multi Scale Gradient loss...
Done
Setting up Multi Scale Gradient loss...
Done
Setting up Multi Scale Gradient loss...
Done
Setting up Multi Scale Gradient loss...
Done
Setting up Multi Scale Gradient loss...
Done
Setting up Multi Scale Gradient loss...
Done
Setting up Multi Scale Gradient loss...
Done
Setting up Multi Scale Gradient loss...
Done
Setting up Multi Scale Gradient loss...
Done
Setting up Multi Scale Gradient loss...
Done
Setting up Multi Scale Gradient loss...
Done
Setting up Multi Scale Gradient loss...
Done
Setting up Multi Scale Gradient loss...
Done
Setting up Multi Scale Gradient loss...
Done
all losses in batch in validation:  {'loss': [0.03523172438144684, 0.041474565863609314, 0.03618413582444191, 0.04104670509696007, 0.039815157651901245, 0.03477594256401062, 0.04223594069480896, 0.039099909365177155, 0.03677668049931526, 0.033838510513305664, 0.039645787328481674, 0.039958298206329346, 0.036604490131139755, 0.03566247224807739, 0.03643348813056946, 0.03562156483530998, 0.03794052451848984, 0.04212295264005661, 0.04159501940011978, 0.0385066494345665, 0.03793115168809891, 0.036544278264045715, 0.0354081392288208, 0.039080362766981125, 0.041160501539707184, 0.04259433597326279, 0.032918211072683334, 0.038431260734796524, 0.040698129683732986, 0.03711951524019241, 0.03770197182893753, 0.04298646003007889, 0.03458019718527794, 0.04335440695285797, 0.03998912498354912, 0.037601761519908905, 0.03705015778541565, 0.03757568821310997, 0.04636167734861374, 0.03740597516298294, 0.03180225193500519, 0.04077156260609627, 0.039510052651166916, 0.042112454771995544, 0.03564611077308655, 0.03552874177694321, 0.04169265553355217, 0.038280777633190155, 0.03446246311068535, 0.03786507993936539, 0.04082649201154709, 0.03879624232649803, 0.03565739095211029, 0.0345371812582016, 0.03646941855549812, 0.03689691424369812, 0.03460127115249634, 0.0391102209687233, 0.04005195200443268, 0.03810703381896019, 0.033987246453762054, 0.04127393662929535, 0.03802879899740219, 0.036264002323150635, 0.03967278078198433, 0.03470912203192711, 0.03599115088582039, 0.03880275785923004, 0.03710804879665375, 0.03800312429666519, 0.03692542761564255, 0.04223750904202461, 0.03765953332185745, 0.035867996513843536, 0.037554048001766205, 0.04063696041703224, 0.038596261292696, 0.03718334436416626, 0.038622431457042694, 0.038277748972177505, 0.039249688386917114, 0.03589356690645218, 0.038014739751815796, 0.03823058307170868, 0.04111276566982269, 0.03815112262964249, 0.04418959468603134, 0.03930172324180603, 0.03835853934288025, 0.03916482627391815, 0.03712669014930725, 0.038680993020534515, 0.03649819269776344, 0.04340706765651703, 0.03991959989070892, 0.03856696933507919, 0.03843979164958, 0.03971007838845253, 0.03986392915248871, 0.03429839015007019, 0.04156320169568062, 0.036317210644483566, 0.04622362181544304, 0.03849615901708603, 0.04008448123931885, 0.04072091728448868, 0.04004766047000885, 0.037295691668987274, 0.03392760083079338, 0.03712520748376846, 0.036384716629981995, 0.03199686482548714, 0.035717591643333435, 0.04151615500450134, 0.037833865731954575, 0.041807644069194794, 0.038411304354667664, 0.04032287746667862, 0.04166315868496895, 0.041211050003767014, 0.04088922217488289, 0.0388544462621212, 0.03617269545793533, 0.03252901881933212, 0.040176279842853546, 0.04371685907244682, 0.03554368391633034, 0.034865282475948334, 0.04240226745605469, 0.03507561981678009, 0.04583476111292839, 0.039897315204143524, 0.03730669990181923, 0.03433845564723015, 0.03339609131217003, 0.041858281940221786, 0.03676900640130043, 0.04322923719882965, 0.039493001997470856, 0.035853851586580276, 0.04037311673164368, 0.038535021245479584, 0.028935357928276062], 'L_si': [0.007365703582763672, 0.00988459587097168, 0.007302999496459961, 0.011143803596496582, 0.009499788284301758, 0.00683438777923584, 0.011235833168029785, 0.008686304092407227, 0.008005857467651367, 0.00632166862487793, 0.0087662935256958, 0.008286237716674805, 0.007593035697937012, 0.006854057312011719, 0.00770258903503418, 0.007040619850158691, 0.008900642395019531, 0.010849833488464355, 0.011131763458251953, 0.008948326110839844, 0.008623480796813965, 0.008047342300415039, 0.007537484169006348, 0.009396553039550781, 0.010223865509033203, 0.01049792766571045, 0.0065604448318481445, 0.008596181869506836, 0.009331226348876953, 0.008493900299072266, 0.009476542472839355, 0.011273503303527832, 0.007420539855957031, 0.010270833969116211, 0.010984063148498535, 0.0072737932205200195, 0.0077964067459106445, 0.007972955703735352, 0.013901472091674805, 0.007922530174255371, 0.005399465560913086, 0.009351849555969238, 0.00865793228149414, 0.008611083030700684, 0.007355809211730957, 0.006815671920776367, 0.010641098022460938, 0.008627533912658691, 0.006772160530090332, 0.00923001766204834, 0.01084756851196289, 0.009774327278137207, 0.007089376449584961, 0.006985306739807129, 0.007119417190551758, 0.006836652755737305, 0.007457852363586426, 0.009025096893310547, 0.009162425994873047, 0.007451653480529785, 0.0065975189208984375, 0.009538412094116211, 0.007720947265625, 0.007130265235900879, 0.008830428123474121, 0.0064144134521484375, 0.006585955619812012, 0.00946187973022461, 0.007724642753601074, 0.008596539497375488, 0.0073702335357666016, 0.009878754615783691, 0.007299542427062988, 0.0077054500579833984, 0.008373618125915527, 0.01082909107208252, 0.008627653121948242, 0.007963180541992188, 0.007483243942260742, 0.009398579597473145, 0.009638667106628418, 0.007049202919006348, 0.008452057838439941, 0.008641600608825684, 0.010643839836120605, 0.007832527160644531, 0.010455846786499023, 0.009603381156921387, 0.00936901569366455, 0.008155107498168945, 0.009293794631958008, 0.007837891578674316, 0.00676417350769043, 0.01167607307434082, 0.009409904479980469, 0.008890867233276367, 0.008072137832641602, 0.009103536605834961, 0.008873939514160156, 0.006545305252075195, 0.009942054748535156, 0.007248520851135254, 0.01288759708404541, 0.008743882179260254, 0.008923053741455078, 0.010199308395385742, 0.008932232856750488, 0.007503509521484375, 0.0068852901458740234, 0.007377266883850098, 0.007017374038696289, 0.005805373191833496, 0.007600307464599609, 0.008531808853149414, 0.008406639099121094, 0.009973287582397461, 0.009419918060302734, 0.010002732276916504, 0.009733319282531738, 0.00889599323272705, 0.009327411651611328, 0.008864760398864746, 0.007746696472167969, 0.005958080291748047, 0.00944507122039795, 0.011388421058654785, 0.007379055023193359, 0.006426095962524414, 0.010198712348937988, 0.007116913795471191, 0.012877702713012695, 0.009343147277832031, 0.007677912712097168, 0.006500840187072754, 0.006510019302368164, 0.00992119312286377, 0.007407784461975098, 0.009294390678405762, 0.008183598518371582, 0.007810711860656738, 0.009569525718688965, 0.009798049926757812, 0.008589386940002441], 'L_grad': [0.027866020798683167, 0.031589969992637634, 0.02888113632798195, 0.029902901500463486, 0.030315369367599487, 0.02794155664741993, 0.031000107526779175, 0.030413605272769928, 0.028770823031663895, 0.027516841888427734, 0.030879493802785873, 0.03167206048965454, 0.029011454433202744, 0.028808414936065674, 0.02873089909553528, 0.02858094498515129, 0.029039882123470306, 0.031273119151592255, 0.03046325594186783, 0.029558325186371803, 0.029307670891284943, 0.028496934100985527, 0.027870653197169304, 0.029683809727430344, 0.03093663789331913, 0.03209640830755234, 0.02635776624083519, 0.029835078865289688, 0.03136690333485603, 0.028625616803765297, 0.028225429356098175, 0.031712956726551056, 0.027159657329320908, 0.03308357298374176, 0.029005061835050583, 0.030327968299388885, 0.029253752902150154, 0.02960273250937462, 0.032460205256938934, 0.02948344685137272, 0.026402786374092102, 0.03141971305012703, 0.030852120369672775, 0.03350137174129486, 0.02829030342400074, 0.02871306799352169, 0.031051557511091232, 0.029653243720531464, 0.027690302580595016, 0.028635060414671898, 0.029978925362229347, 0.029021915048360825, 0.02856801636517048, 0.02755187451839447, 0.029350001364946365, 0.030060263350605965, 0.027143418788909912, 0.03008512407541275, 0.030889524146914482, 0.030655380338430405, 0.027389729395508766, 0.03173552453517914, 0.030307849869132042, 0.029133735224604607, 0.030842352658510208, 0.02829470857977867, 0.029405195266008377, 0.029340876266360283, 0.029383407905697823, 0.029406582936644554, 0.029555195942521095, 0.03235875442624092, 0.030359990894794464, 0.028162546455860138, 0.029180429875850677, 0.029807869344949722, 0.029968608170747757, 0.029220163822174072, 0.031139187514781952, 0.02887916937470436, 0.029611021280288696, 0.028844362124800682, 0.029562681913375854, 0.029588982462882996, 0.030468925833702087, 0.030318595468997955, 0.03373374789953232, 0.029698342084884644, 0.028989525511860847, 0.031009720638394356, 0.027832895517349243, 0.0308431014418602, 0.029734019190073013, 0.03173099458217621, 0.030509695410728455, 0.029676103964447975, 0.0303676538169384, 0.03060654178261757, 0.0309899915009737, 0.027753084897994995, 0.03162114694714546, 0.029068689793348312, 0.03333602473139763, 0.029752276837825775, 0.03116142749786377, 0.030521608889102936, 0.031115427613258362, 0.02979218028485775, 0.027042310684919357, 0.029747940599918365, 0.029367342591285706, 0.02619149163365364, 0.028117284178733826, 0.03298434615135193, 0.02942722663283348, 0.03183435648679733, 0.02899138443171978, 0.030320145189762115, 0.03192983940243721, 0.03231505677103996, 0.03156181052327156, 0.029989685863256454, 0.028425998985767365, 0.026570936664938927, 0.030731208622455597, 0.03232843801379204, 0.028164628893136978, 0.02843918837606907, 0.0322035551071167, 0.027958707883954048, 0.032957058399915695, 0.030554169788956642, 0.02962878718972206, 0.027837615460157394, 0.026886072009801865, 0.03193708881735802, 0.029361221939325333, 0.03393484652042389, 0.031309403479099274, 0.028043139725923538, 0.030803589150309563, 0.028736969456076622, 0.02034597098827362]}
Setting up Multi Scale Gradient loss...
Done
Setting up Multi Scale Gradient loss...
Done
Setting up Multi Scale Gradient loss...
Done
Setting up Multi Scale Gradient loss...
Done
Setting up Multi Scale Gradient loss...
Done
Setting up Multi Scale Gradient loss...
Done
Setting up Multi Scale Gradient loss...
Done
Setting up Multi Scale Gradient loss...
Done
Setting up Multi Scale Gradient loss...
Setting up Multi Scale Gradient loss...
Done
Done
Setting up Multi Scale Gradient loss...
Done
Setting up Multi Scale Gradient loss...
Done
Setting up Multi Scale Gradient loss...
Done
Setting up Multi Scale Gradient loss...
Done
Setting up Multi Scale Gradient loss...
Done
Setting up Multi Scale Gradient loss...
Done
all losses in batch in validation:  {'loss': [0.037540361285209656, 0.0427895151078701, 0.038017865270376205, 0.04364786297082901, 0.042387958616018295, 0.03723062202334404, 0.04433554410934448, 0.03958408534526825, 0.03773186355829239, 0.03669833019375801, 0.041785869747400284, 0.04079195111989975, 0.03830369561910629, 0.0367683544754982, 0.03764259070158005, 0.03768518567085266, 0.04157382622361183, 0.04406243935227394, 0.043628863990306854, 0.038840364664793015, 0.039667025208473206, 0.03768986463546753, 0.036175042390823364, 0.04080742225050926, 0.043133802711963654, 0.044067882001399994, 0.03512250632047653, 0.04166107997298241, 0.04188910126686096, 0.03946108743548393, 0.03877443075180054, 0.04504672810435295, 0.03539656847715378, 0.04437299817800522, 0.04251197725534439, 0.038213446736335754, 0.03669707104563713, 0.03899074345827103, 0.04754072055220604, 0.040885038673877716, 0.03427872061729431, 0.043014317750930786, 0.04220706969499588, 0.0455436035990715, 0.036501605063676834, 0.03569745272397995, 0.04396525025367737, 0.03921610116958618, 0.035640813410282135, 0.03901035338640213, 0.04304175823926926, 0.04187563806772232, 0.03680511564016342, 0.035596199333667755, 0.03582289069890976, 0.03908371925354004, 0.036844514310359955, 0.04057834669947624, 0.042420726269483566, 0.037627387791872025, 0.036818042397499084, 0.04256737232208252, 0.039327118545770645, 0.03783281892538071, 0.040203921496868134, 0.0344197154045105, 0.03671850636601448, 0.03991139307618141, 0.037782203406095505, 0.038683220744132996, 0.03779607266187668, 0.04501889646053314, 0.03743543475866318, 0.039192695170640945, 0.03885168582201004, 0.04071013629436493, 0.03990780562162399, 0.03900258243083954, 0.03966810926795006, 0.04072922468185425, 0.040040284395217896, 0.03588048741221428, 0.03834586963057518, 0.03969839960336685, 0.042180679738521576, 0.042039237916469574, 0.04543103277683258, 0.04081130027770996, 0.03967117890715599, 0.04015260189771652, 0.03975599259138107, 0.03874799609184265, 0.038373544812202454, 0.04479365050792694, 0.04346832260489464, 0.041491396725177765, 0.04053349047899246, 0.04088747501373291, 0.04299487918615341, 0.036117471754550934, 0.044269539415836334, 0.03802784904837608, 0.04757474362850189, 0.04032233729958534, 0.042601078748703, 0.042778320610523224, 0.04188956692814827, 0.03966715931892395, 0.03531434014439583, 0.037785325199365616, 0.03926638513803482, 0.033136285841464996, 0.03821324184536934, 0.04229109734296799, 0.038926467299461365, 0.0444524809718132, 0.04001259058713913, 0.041533924639225006, 0.04447381570935249, 0.040322888642549515, 0.043203938752412796, 0.039571888744831085, 0.03797653317451477, 0.03344028443098068, 0.044190745800733566, 0.044386595487594604, 0.038539133965969086, 0.03664902597665787, 0.04294693097472191, 0.03656233102083206, 0.0481199249625206, 0.0424891859292984, 0.037685640156269073, 0.035202451050281525, 0.03685757890343666, 0.04330846667289734, 0.04000210762023926, 0.04553939029574394, 0.04008860141038895, 0.03852057829499245, 0.04131672531366348, 0.04055625572800636, 0.03140862658619881], 'L_si': [0.007929444313049316, 0.010411262512207031, 0.0077811479568481445, 0.012343406677246094, 0.010339736938476562, 0.0076236724853515625, 0.011620283126831055, 0.008844733238220215, 0.008183002471923828, 0.007274150848388672, 0.009618163108825684, 0.008519768714904785, 0.00787365436553955, 0.007080554962158203, 0.008026123046875, 0.007636904716491699, 0.01012277603149414, 0.0116041898727417, 0.01181185245513916, 0.008750319480895996, 0.009296298027038574, 0.008307218551635742, 0.00776219367980957, 0.009997844696044922, 0.010995864868164062, 0.0107954740524292, 0.007116556167602539, 0.009903430938720703, 0.0097275972366333, 0.009165287017822266, 0.009895920753479004, 0.011931896209716797, 0.007683277130126953, 0.010750293731689453, 0.011927962303161621, 0.006982684135437012, 0.007572293281555176, 0.008449196815490723, 0.014562368392944336, 0.009302616119384766, 0.006006360054016113, 0.010068297386169434, 0.009328961372375488, 0.00975024700164795, 0.007477402687072754, 0.006645083427429199, 0.011508345603942871, 0.008762001991271973, 0.006869196891784668, 0.009644150733947754, 0.011483430862426758, 0.010850667953491211, 0.007239818572998047, 0.007309913635253906, 0.0068187713623046875, 0.007309079170227051, 0.008091330528259277, 0.009117960929870605, 0.009965658187866211, 0.007042407989501953, 0.007637500762939453, 0.009700655937194824, 0.007928609848022461, 0.007571697235107422, 0.008556842803955078, 0.0061424970626831055, 0.006608247756958008, 0.009920477867126465, 0.007827281951904297, 0.008641600608825684, 0.00757908821105957, 0.010671496391296387, 0.007105469703674316, 0.009082198143005371, 0.008824825286865234, 0.010619521141052246, 0.008888602256774902, 0.008461833000183105, 0.007628083229064941, 0.01009678840637207, 0.009829401969909668, 0.00688326358795166, 0.008257746696472168, 0.00896155834197998, 0.010655641555786133, 0.009463667869567871, 0.010789990425109863, 0.010255813598632812, 0.009646058082580566, 0.008325815200805664, 0.010202646255493164, 0.00762176513671875, 0.0069580078125, 0.012075304985046387, 0.010758042335510254, 0.010196447372436523, 0.008527278900146484, 0.009442687034606934, 0.010325193405151367, 0.0069304704666137695, 0.011066198348999023, 0.007608890533447266, 0.013187050819396973, 0.009283900260925293, 0.009677886962890625, 0.011013507843017578, 0.00932455062866211, 0.008344054222106934, 0.0072040557861328125, 0.007614731788635254, 0.00796806812286377, 0.005926609039306641, 0.008425712585449219, 0.008697271347045898, 0.008769631385803223, 0.010652661323547363, 0.009965300559997559, 0.010603547096252441, 0.010887384414672852, 0.008375167846679688, 0.009756088256835938, 0.00897669792175293, 0.008302092552185059, 0.006348729133605957, 0.011160492897033691, 0.011470675468444824, 0.007974743843078613, 0.006906270980834961, 0.010104179382324219, 0.007631897926330566, 0.013799786567687988, 0.010321497917175293, 0.007779717445373535, 0.006678104400634766, 0.0077048540115356445, 0.010073423385620117, 0.008554577827453613, 0.009983301162719727, 0.008030414581298828, 0.008652687072753906, 0.009812235832214355, 0.010635137557983398, 0.009418725967407227], 'L_grad': [0.02961091697216034, 0.03237825259566307, 0.03023671731352806, 0.031304456293582916, 0.03204822167754173, 0.029606949537992477, 0.03271526098251343, 0.030739352107048035, 0.02954886108636856, 0.02942417934536934, 0.0321677066385746, 0.032272182404994965, 0.030430041253566742, 0.029687799513339996, 0.029616469517350197, 0.03004828281700611, 0.03145105019211769, 0.03245824947953224, 0.031817011535167694, 0.03009004518389702, 0.03037072904407978, 0.029382646083831787, 0.028412846848368645, 0.03080957755446434, 0.03213793784379959, 0.033272407948970795, 0.028005950152873993, 0.031757649034261703, 0.03216150403022766, 0.030295800417661667, 0.028878509998321533, 0.033114831894636154, 0.027713289484381676, 0.033622704446315765, 0.03058401308953762, 0.031230764463543892, 0.029124777764081955, 0.030541544780135155, 0.032978352159261703, 0.03158242255449295, 0.028272360563278198, 0.03294602036476135, 0.03287810832262039, 0.03579335659742355, 0.02902420237660408, 0.02905236929655075, 0.0324569046497345, 0.03045409917831421, 0.028771614655852318, 0.029366202652454376, 0.0315583273768425, 0.03102497011423111, 0.029565297067165375, 0.028286287561058998, 0.02900412119925022, 0.03177464008331299, 0.028753183782100677, 0.03146038576960564, 0.032455068081617355, 0.03058497980237007, 0.02918054163455963, 0.032866716384887695, 0.031398508697748184, 0.030261121690273285, 0.031647078692913055, 0.028277218341827393, 0.030110258609056473, 0.029990915209054947, 0.029954921454191208, 0.030041618272662163, 0.030216984450817108, 0.034347400069236755, 0.03032996691763401, 0.030110497027635574, 0.030026860535144806, 0.030090613290667534, 0.03101920522749424, 0.030540747568011284, 0.03204002603888512, 0.030632438138127327, 0.030210884287953377, 0.02899722382426262, 0.030088122934103012, 0.030736839398741722, 0.03152503818273544, 0.0325755700469017, 0.03464104235172272, 0.030555484816432, 0.030025120824575424, 0.03182678669691086, 0.02955334633588791, 0.03112623281776905, 0.031415536999702454, 0.032718345522880554, 0.032710280269384384, 0.03129494935274124, 0.03200621157884598, 0.03144478797912598, 0.032669685781002045, 0.029187001287937164, 0.03320334106683731, 0.030418958514928818, 0.03438769280910492, 0.03103843703866005, 0.03292319178581238, 0.031764812767505646, 0.03256501629948616, 0.03132310509681702, 0.028110284358263016, 0.030170593410730362, 0.03129831701517105, 0.027209676802158356, 0.02978752925992012, 0.03359382599592209, 0.030156835913658142, 0.03379981964826584, 0.03004729002714157, 0.030930379405617714, 0.03358643129467964, 0.03194772079586983, 0.03344785049557686, 0.030595190823078156, 0.029674440622329712, 0.027091557160019875, 0.033030252903699875, 0.03291592001914978, 0.030564390122890472, 0.029742753133177757, 0.03284275159239769, 0.028930433094501495, 0.03432013839483261, 0.03216768801212311, 0.02990592271089554, 0.02852434664964676, 0.029152724891901016, 0.03323504328727722, 0.031447529792785645, 0.035556089133024216, 0.03205818682909012, 0.02986789122223854, 0.03150448948144913, 0.029921118170022964, 0.02198990061879158]}
Setting up Multi Scale Gradient loss...
Done
Setting up Multi Scale Gradient loss...
Done
Setting up Multi Scale Gradient loss...
Done
Setting up Multi Scale Gradient loss...
Done
Setting up Multi Scale Gradient loss...
Done
Setting up Multi Scale Gradient loss...
Done
Setting up Multi Scale Gradient loss...
Done
Setting up Multi Scale Gradient loss...
Done
Setting up Multi Scale Gradient loss...
Setting up Multi Scale Gradient loss...
Done
Done
Setting up Multi Scale Gradient loss...
Done
Setting up Multi Scale Gradient loss...
Done
Setting up Multi Scale Gradient loss...
Done
Setting up Multi Scale Gradient loss...
Done
Setting up Multi Scale Gradient loss...
Done
Setting up Multi Scale Gradient loss...
Done
all losses in batch in validation:  {'loss': [0.037757933139801025, 0.0440792590379715, 0.03941091522574425, 0.04535168409347534, 0.042649488896131516, 0.03727566450834274, 0.04465679079294205, 0.03979331627488136, 0.03879328817129135, 0.0368952639400959, 0.0439254492521286, 0.0412759892642498, 0.03980305418372154, 0.037760425359010696, 0.039355188608169556, 0.03801630437374115, 0.04186675697565079, 0.045168645679950714, 0.046120792627334595, 0.03949647396802902, 0.04169507324695587, 0.03927752375602722, 0.036524899303913116, 0.04239863529801369, 0.04431513696908951, 0.044757820665836334, 0.03524313494563103, 0.041740063577890396, 0.0430813729763031, 0.03975239768624306, 0.03871113061904907, 0.04517091065645218, 0.03598145395517349, 0.046052686870098114, 0.04402442276477814, 0.03911063075065613, 0.03872646763920784, 0.03980398178100586, 0.04965650290250778, 0.039236344397068024, 0.03325095772743225, 0.044711604714393616, 0.043176982551813126, 0.04597246274352074, 0.03775014355778694, 0.03678124397993088, 0.04485182464122772, 0.039809051901102066, 0.03544532135128975, 0.0401264950633049, 0.044261861592531204, 0.042808253318071365, 0.03794834762811661, 0.03604622930288315, 0.03803493455052376, 0.038276128470897675, 0.0369398258626461, 0.040428925305604935, 0.04415382444858551, 0.038490451872348785, 0.03714728355407715, 0.043543741106987, 0.0393567830324173, 0.03807419165968895, 0.042456064373254776, 0.03544946014881134, 0.038005806505680084, 0.04069283977150917, 0.03936357423663139, 0.0400058850646019, 0.03945603966712952, 0.04625387117266655, 0.03904758766293526, 0.03888207674026489, 0.03994583338499069, 0.042228374630212784, 0.039246365427970886, 0.03882288932800293, 0.040564075112342834, 0.040956031531095505, 0.041872695088386536, 0.03737152740359306, 0.04042637348175049, 0.04082988202571869, 0.044221628457307816, 0.04276697337627411, 0.04701448604464531, 0.042612168937921524, 0.0409897118806839, 0.041774407029151917, 0.03976748138666153, 0.0395183302462101, 0.03787173703312874, 0.04556766524910927, 0.04422514885663986, 0.04230508953332901, 0.041822873055934906, 0.041410181671381, 0.04344787821173668, 0.03576812893152237, 0.046198271214962006, 0.0387883223593235, 0.04911056533455849, 0.04154016077518463, 0.04335380718111992, 0.04435959458351135, 0.043032798916101456, 0.039563339203596115, 0.03600050136446953, 0.0394611731171608, 0.039595168083906174, 0.03356533870100975, 0.03960636258125305, 0.04388221725821495, 0.04048893228173256, 0.04488097131252289, 0.040360283106565475, 0.04316473752260208, 0.04566984996199608, 0.042036764323711395, 0.045160748064517975, 0.04068795219063759, 0.03896068036556244, 0.033714521676301956, 0.045835111290216446, 0.04629781097173691, 0.03812827169895172, 0.037319764494895935, 0.04284774884581566, 0.03787209093570709, 0.05003524571657181, 0.043789491057395935, 0.03944917768239975, 0.03641410917043686, 0.036969348788261414, 0.042594388127326965, 0.04109042510390282, 0.0455511249601841, 0.04059108719229698, 0.03851204738020897, 0.0427459254860878, 0.042566508054733276, 0.03173724189400673], 'L_si': [0.0080338716506958, 0.011066794395446777, 0.008545875549316406, 0.012921452522277832, 0.010659456253051758, 0.007732391357421875, 0.011954307556152344, 0.009091973304748535, 0.008899927139282227, 0.007451295852661133, 0.010434865951538086, 0.008661389350891113, 0.008644700050354004, 0.00753939151763916, 0.008875250816345215, 0.00786745548248291, 0.010453224182128906, 0.01220083236694336, 0.013072967529296875, 0.009184479713439941, 0.010265827178955078, 0.009218811988830566, 0.007953047752380371, 0.010828375816345215, 0.011462211608886719, 0.011274337768554688, 0.007331371307373047, 0.009930610656738281, 0.010388374328613281, 0.009490966796875, 0.010003089904785156, 0.011932849884033203, 0.007883548736572266, 0.011324286460876465, 0.012652993202209473, 0.007429957389831543, 0.008342385292053223, 0.008912205696105957, 0.015127897262573242, 0.008648276329040527, 0.005795955657958984, 0.010842442512512207, 0.009822726249694824, 0.00996410846710205, 0.008087992668151855, 0.0072460174560546875, 0.01200556755065918, 0.009126901626586914, 0.00688624382019043, 0.010141253471374512, 0.012143373489379883, 0.011522293090820312, 0.007712841033935547, 0.007457256317138672, 0.007748961448669434, 0.0072602033615112305, 0.008309721946716309, 0.009256958961486816, 0.010703086853027344, 0.007632613182067871, 0.007682204246520996, 0.010360240936279297, 0.008192062377929688, 0.007658481597900391, 0.009463071823120117, 0.006702780723571777, 0.007278800010681152, 0.010176897048950195, 0.008473753929138184, 0.0092620849609375, 0.008295774459838867, 0.011361479759216309, 0.007904410362243652, 0.0088653564453125, 0.009519219398498535, 0.01120901107788086, 0.008858323097229004, 0.008585333824157715, 0.007987022399902344, 0.010420560836791992, 0.010538220405578613, 0.0075119733810424805, 0.009230971336364746, 0.009667396545410156, 0.01146841049194336, 0.00976550579071045, 0.011576533317565918, 0.010969996452331543, 0.010393261909484863, 0.009106278419494629, 0.01049959659576416, 0.007751941680908203, 0.0071610212326049805, 0.012357234954833984, 0.01104438304901123, 0.010400652885437012, 0.009427547454833984, 0.009893059730529785, 0.010442733764648438, 0.006853342056274414, 0.011925816535949707, 0.008183121681213379, 0.0136796236038208, 0.009802937507629395, 0.00983583927154541, 0.011687994003295898, 0.009928345680236816, 0.008231163024902344, 0.007654786109924316, 0.008227229118347168, 0.00808870792388916, 0.006330609321594238, 0.009124755859375, 0.009216070175170898, 0.00940406322479248, 0.01104271411895752, 0.010253548622131348, 0.011208772659301758, 0.01132810115814209, 0.009066104888916016, 0.010526537895202637, 0.009672403335571289, 0.008850693702697754, 0.006401538848876953, 0.011929035186767578, 0.012335896492004395, 0.008224010467529297, 0.0072640180587768555, 0.009776473045349121, 0.00811755657196045, 0.014528393745422363, 0.01081240177154541, 0.008357644081115723, 0.00737309455871582, 0.0078029632568359375, 0.009948253631591797, 0.009058594703674316, 0.010021805763244629, 0.008455157279968262, 0.008756756782531738, 0.010399699211120605, 0.011476993560791016, 0.009599804878234863], 'L_grad': [0.029724061489105225, 0.03301246464252472, 0.03086503967642784, 0.03243023157119751, 0.03199003264307976, 0.029543273150920868, 0.0327024832367897, 0.030701342970132828, 0.029893361032009125, 0.02944396808743477, 0.033490583300590515, 0.03261459991335869, 0.03115835413336754, 0.030221033841371536, 0.03047993592917919, 0.03014884702861309, 0.03141353279352188, 0.032967813313007355, 0.03304782509803772, 0.03031199425458908, 0.03142924606800079, 0.030058709904551506, 0.028571851551532745, 0.03157025948166847, 0.03285292536020279, 0.03348348289728165, 0.02791176363825798, 0.031809452921152115, 0.03269299864768982, 0.030261430889368057, 0.028708038851618767, 0.033238060772418976, 0.028097907081246376, 0.03472840040922165, 0.031371429562568665, 0.031680673360824585, 0.030384082347154617, 0.030891776084899902, 0.03452860563993454, 0.030588069930672646, 0.027455000206828117, 0.03386916220188141, 0.0333542563021183, 0.036008354276418686, 0.029662150889635086, 0.02953522652387619, 0.03284625709056854, 0.030682150274515152, 0.02855907753109932, 0.02998524159193039, 0.03211848810315132, 0.03128596022725105, 0.03023550473153591, 0.028588972985744476, 0.030285973101854324, 0.031015925109386444, 0.028630103915929794, 0.03117196634411812, 0.033450737595558167, 0.030857838690280914, 0.029465079307556152, 0.0331835001707077, 0.03116472065448761, 0.03041571006178856, 0.03299299255013466, 0.028746679425239563, 0.030727006494998932, 0.030515942722558975, 0.03088982030749321, 0.030743800103664398, 0.03116026520729065, 0.03489239141345024, 0.031143177300691605, 0.030016722157597542, 0.030426613986492157, 0.031019363552331924, 0.03038804419338703, 0.030237553641200066, 0.03257705271244049, 0.030535470694303513, 0.03133447468280792, 0.029859554022550583, 0.031195402145385742, 0.031162485480308533, 0.032753217965364456, 0.03300146758556366, 0.03543795272707939, 0.03164217248558998, 0.030596448108553886, 0.03266812860965729, 0.02926788665354252, 0.031766388565301895, 0.030710715800523758, 0.033210430294275284, 0.03318076580762863, 0.031904436647892, 0.03239532560110092, 0.03151712194085121, 0.03300514444708824, 0.028914788737893105, 0.0342724546790123, 0.030605200678110123, 0.035430941730737686, 0.03173722326755524, 0.03351796790957451, 0.032671600580215454, 0.03310445323586464, 0.03133217617869377, 0.028345715254545212, 0.03123394399881363, 0.031506460160017014, 0.027234729379415512, 0.030481604859232903, 0.03466614708304405, 0.03108486905694008, 0.03383825719356537, 0.030106734484434128, 0.031955964863300323, 0.03434174880385399, 0.03297065943479538, 0.03463421016931534, 0.0310155488550663, 0.030109986662864685, 0.027312982827425003, 0.03390607610344887, 0.03396191447973251, 0.029904263094067574, 0.03005574457347393, 0.03307127580046654, 0.029754534363746643, 0.035506851971149445, 0.032977089285850525, 0.031091533601284027, 0.029041016474366188, 0.029166383668780327, 0.03264613449573517, 0.0320318304002285, 0.03552931919693947, 0.03213592991232872, 0.02975529059767723, 0.032346226274967194, 0.03108951449394226, 0.022137437015771866]}
Setting up Multi Scale Gradient loss...
Done
Setting up Multi Scale Gradient loss...
Done
Setting up Multi Scale Gradient loss...
Done
Setting up Multi Scale Gradient loss...
Done
Setting up Multi Scale Gradient loss...
Done
Setting up Multi Scale Gradient loss...
Done
Setting up Multi Scale Gradient loss...
Done
Setting up Multi Scale Gradient loss...
Done
Setting up Multi Scale Gradient loss...
Done
Setting up Multi Scale Gradient loss...
Done
Setting up Multi Scale Gradient loss...
Done
Setting up Multi Scale Gradient loss...
Done
Setting up Multi Scale Gradient loss...
Done
Setting up Multi Scale Gradient loss...
Done
Setting up Multi Scale Gradient loss...
Done
Setting up Multi Scale Gradient loss...
Done
all losses in batch in validation:  {'loss': [0.03652622178196907, 0.04107971489429474, 0.037469200789928436, 0.04060860350728035, 0.03984136879444122, 0.03511739522218704, 0.04291997477412224, 0.040989138185977936, 0.03696165233850479, 0.03321893513202667, 0.03991987556219101, 0.0394720695912838, 0.0374918058514595, 0.03576107323169708, 0.03787935525178909, 0.03557830676436424, 0.03841176629066467, 0.04174968600273132, 0.04260392487049103, 0.03786402568221092, 0.037862569093704224, 0.03599821403622627, 0.034866832196712494, 0.03952653333544731, 0.04035833105444908, 0.042282115668058395, 0.03277294337749481, 0.038292523473501205, 0.040693774819374084, 0.03813467174768448, 0.03773269057273865, 0.043061040341854095, 0.03505107760429382, 0.04372497648000717, 0.040914736688137054, 0.03777259960770607, 0.03798887878656387, 0.036644041538238525, 0.04595613107085228, 0.03768296167254448, 0.03168325126171112, 0.04186016321182251, 0.040131114423274994, 0.042158596217632294, 0.03650674968957901, 0.03543795272707939, 0.04160516709089279, 0.038214460015296936, 0.034452520310878754, 0.03728592395782471, 0.04091251641511917, 0.03863251954317093, 0.03596114367246628, 0.034592680633068085, 0.036851368844509125, 0.03577398508787155, 0.034835558384656906, 0.03942364081740379, 0.04069378972053528, 0.03638128563761711, 0.034779392182826996, 0.03959640488028526, 0.03856389969587326, 0.035876963287591934, 0.03999412804841995, 0.03314328193664551, 0.0355297327041626, 0.04053957015275955, 0.03801201283931732, 0.0369471050798893, 0.03698704391717911, 0.04233106970787048, 0.03786490112543106, 0.034841787070035934, 0.0381733775138855, 0.03883036598563194, 0.041057463735342026, 0.036670226603746414, 0.03900370001792908, 0.03940875083208084, 0.039784837514162064, 0.03540503978729248, 0.03842391073703766, 0.03801780566573143, 0.041319411247968674, 0.03934856504201889, 0.04533660411834717, 0.03905145823955536, 0.03789190202951431, 0.03978154808282852, 0.03728244826197624, 0.038484375923871994, 0.03632764890789986, 0.04370410740375519, 0.039153918623924255, 0.038513101637363434, 0.03976266458630562, 0.03919146955013275, 0.03979106619954109, 0.03508765250444412, 0.04234662652015686, 0.03687827289104462, 0.045745253562927246, 0.03979795053601265, 0.04114319011569023, 0.0407986119389534, 0.04025338962674141, 0.03625768423080444, 0.03429832309484482, 0.03728550672531128, 0.0376834012567997, 0.030539479106664658, 0.035939015448093414, 0.040388073772192, 0.038118649274110794, 0.042012982070446014, 0.03956989198923111, 0.03982727229595184, 0.04267570376396179, 0.03948703408241272, 0.04252219945192337, 0.040432438254356384, 0.03615119308233261, 0.032625630497932434, 0.04119998961687088, 0.04430587589740753, 0.036484334617853165, 0.03479395806789398, 0.04196677356958389, 0.0359574556350708, 0.04635406658053398, 0.03959909826517105, 0.03741910308599472, 0.034475214779376984, 0.034481607377529144, 0.04037478566169739, 0.03670099377632141, 0.04217510670423508, 0.0401826947927475, 0.037083372473716736, 0.04082533344626427, 0.0386570580303669, 0.029587602242827415], 'L_si': [0.00764155387878418, 0.009952187538146973, 0.007726192474365234, 0.010724663734436035, 0.009526252746582031, 0.007005929946899414, 0.011182308197021484, 0.009482860565185547, 0.007987737655639648, 0.005916595458984375, 0.008708953857421875, 0.00804281234741211, 0.007736325263977051, 0.0068438053131103516, 0.008250236511230469, 0.00699162483215332, 0.009026765823364258, 0.010672211647033691, 0.011294960975646973, 0.008582234382629395, 0.008661150932312012, 0.007837772369384766, 0.007215142250061035, 0.009440302848815918, 0.009735465049743652, 0.010202527046203613, 0.006387472152709961, 0.0085829496383667, 0.009327292442321777, 0.008856773376464844, 0.00956261157989502, 0.01115572452545166, 0.007553815841674805, 0.010636329650878906, 0.011417031288146973, 0.006964206695556641, 0.008055567741394043, 0.007647871971130371, 0.013593673706054688, 0.008137345314025879, 0.005569100379943848, 0.009665966033935547, 0.00865483283996582, 0.008554458618164062, 0.00760495662689209, 0.006683349609375, 0.010729432106018066, 0.00859987735748291, 0.006714344024658203, 0.008801579475402832, 0.010791420936584473, 0.009527921676635742, 0.006804704666137695, 0.006846427917480469, 0.007349610328674316, 0.006255149841308594, 0.0074901580810546875, 0.008811354637145996, 0.009332060813903809, 0.006854891777038574, 0.006820201873779297, 0.008921265602111816, 0.007750034332275391, 0.0069789886474609375, 0.008831501007080078, 0.00580286979675293, 0.006364345550537109, 0.010056495666503906, 0.007963776588439941, 0.00819408893585205, 0.007353425025939941, 0.009648799896240234, 0.007395386695861816, 0.0073212385177612305, 0.008750438690185547, 0.009975552558898926, 0.009507060050964355, 0.00788724422454834, 0.007645130157470703, 0.009665250778198242, 0.00971364974975586, 0.006824016571044922, 0.008561968803405762, 0.00854480266571045, 0.01048135757446289, 0.008393406867980957, 0.01088571548461914, 0.009473323822021484, 0.009160518646240234, 0.008522987365722656, 0.009371757507324219, 0.007411003112792969, 0.006552338600158691, 0.011278390884399414, 0.009077072143554688, 0.00899958610534668, 0.008592724800109863, 0.009087443351745605, 0.009100914001464844, 0.0065402984619140625, 0.010035872459411621, 0.007393836975097656, 0.012296676635742188, 0.00913381576538086, 0.008918285369873047, 0.010267853736877441, 0.008910179138183594, 0.007052898406982422, 0.006929993629455566, 0.007227540016174316, 0.00731050968170166, 0.005117058753967285, 0.0074765682220458984, 0.008117079734802246, 0.008491754531860352, 0.009900212287902832, 0.009716629981994629, 0.009891510009765625, 0.010201573371887207, 0.007996082305908203, 0.0097428560256958, 0.009417414665222168, 0.007677316665649414, 0.005917072296142578, 0.009779572486877441, 0.011384844779968262, 0.0075833797454833984, 0.0064716339111328125, 0.009674906730651855, 0.007402777671813965, 0.0128861665725708, 0.009236335754394531, 0.007522940635681152, 0.006479859352111816, 0.006779193878173828, 0.009070038795471191, 0.007387876510620117, 0.009076595306396484, 0.00828409194946289, 0.008277058601379395, 0.009748220443725586, 0.009602665901184082, 0.008575797080993652], 'L_grad': [0.02888466790318489, 0.031127525493502617, 0.02974301017820835, 0.029883939772844315, 0.03031511791050434, 0.02811146341264248, 0.031737666577100754, 0.03150627762079239, 0.028973916545510292, 0.027302337810397148, 0.031210923567414284, 0.03142925724387169, 0.029755480587482452, 0.02891726978123188, 0.029629118740558624, 0.028586681932210922, 0.029385002329945564, 0.031077474355697632, 0.031308963894844055, 0.029281791299581528, 0.029201418161392212, 0.028160441666841507, 0.02765168994665146, 0.030086230486631393, 0.03062286600470543, 0.03207958862185478, 0.02638547122478485, 0.029709573835134506, 0.03136648237705231, 0.029277898371219635, 0.028170078992843628, 0.031905315816402435, 0.027497263625264168, 0.033088646829128265, 0.029497705399990082, 0.03080839291214943, 0.02993331290781498, 0.028996171429753304, 0.03236245736479759, 0.0295456163585186, 0.026114150881767273, 0.03219419717788696, 0.031476281583309174, 0.03360413759946823, 0.02890179306268692, 0.02875460311770439, 0.030875734984874725, 0.029614584520459175, 0.02773817628622055, 0.028484346345067024, 0.03012109361588955, 0.029104597866535187, 0.029156439006328583, 0.027746252715587616, 0.029501760378479958, 0.029518837109208107, 0.02734540030360222, 0.030612286180257797, 0.03136172890663147, 0.029526393860578537, 0.02795918844640255, 0.030675139278173447, 0.03081386536359787, 0.028897974640130997, 0.031162628903985023, 0.027340412139892578, 0.029165389016270638, 0.030483076348900795, 0.03004823811352253, 0.028753016144037247, 0.029633618891239166, 0.03268226981163025, 0.030469516292214394, 0.027520548552274704, 0.02942293882369995, 0.028854813426733017, 0.03155040368437767, 0.028782982379198074, 0.031358569860458374, 0.029743501916527748, 0.030071187764406204, 0.02858102135360241, 0.029861941933631897, 0.02947300300002098, 0.030838053673505783, 0.030955156311392784, 0.03445088863372803, 0.029578136280179024, 0.02873138152062893, 0.031258560717105865, 0.027910690754652023, 0.031073372811079025, 0.029775310307741165, 0.032425716519355774, 0.03007684461772442, 0.029513517394661903, 0.031169939786195755, 0.030104026198387146, 0.030690152198076248, 0.02854735217988491, 0.03231075406074524, 0.02948443405330181, 0.03344857692718506, 0.03066413477063179, 0.032224904745817184, 0.030530758202075958, 0.031343210488557816, 0.02920478768646717, 0.02736832946538925, 0.030057966709136963, 0.030372891575098038, 0.025422420352697372, 0.028462445363402367, 0.032270994037389755, 0.029626894742250443, 0.03211276978254318, 0.02985326386988163, 0.029935764148831367, 0.032474130392074585, 0.03149095177650452, 0.03277934342622757, 0.031015023589134216, 0.028473878279328346, 0.026708556339144707, 0.03142041712999344, 0.03292103111743927, 0.028900954872369766, 0.02832232415676117, 0.03229186683893204, 0.028554679825901985, 0.03346790000796318, 0.03036276437342167, 0.02989616058766842, 0.027995353564620018, 0.027702413499355316, 0.031304746866226196, 0.029313117265701294, 0.03309851139783859, 0.03189860284328461, 0.02880631387233734, 0.03107711300253868, 0.029054392129182816, 0.021011805161833763]}
Setting up Multi Scale Gradient loss...
Done
Setting up Multi Scale Gradient loss...
Done
Setting up Multi Scale Gradient loss...
Done
Setting up Multi Scale Gradient loss...
Done
Setting up Multi Scale Gradient loss...
Done
Setting up Multi Scale Gradient loss...
Done
Setting up Multi Scale Gradient loss...
Done
Setting up Multi Scale Gradient loss...
Done
Traceback (most recent call last):
  File "/root/shared-nvme/spikemamba/train_parallel.py", line 345, in <module>
    main()
  File "/root/shared-nvme/spikemamba/train_parallel.py", line 338, in main
    mp.spawn(main_worker, nprocs=ngpus_per_node, args=(ngpus_per_node, args))
  File "/usr/local/lib/python3.12/dist-packages/torch/multiprocessing/spawn.py", line 340, in spawn
    return start_processes(fn, args, nprocs, join, daemon, start_method="spawn")
           ^^^^^^^^^^^^^^^^^^^^^^^^^^^^^^^^^^^^^^^^^^^^^^^^^^^^^^^^^^^^^^^^^^^^^
  File "/usr/local/lib/python3.12/dist-packages/torch/multiprocessing/spawn.py", line 296, in start_processes
    while not context.join():
              ^^^^^^^^^^^^^^
  File "/usr/local/lib/python3.12/dist-packages/torch/multiprocessing/spawn.py", line 196, in join
    raise ProcessExitedException(
torch.multiprocessing.spawn.ProcessExitedException: process 0 terminated with signal SIGTERM
/usr/lib/python3.12/multiprocessing/resource_tracker.py:254: UserWarning: resource_tracker: There appear to be 32 leaked semaphore objects to clean up at shutdown
  warnings.warn('resource_tracker: There appear to be %d '
