Setting up Multi Scale Gradient loss...
Done
---- Distributed Training ----
Setting up Multi Scale Gradient loss...
Done
Use GPU: 0 for training
Found 5 samples in /root/shared-nvme/spikemamba/DENSE-spike/DENSE/train
Found 1 samples in /root/shared-nvme/spikemamba/DENSE-spike/DENSE/validation
-----  [3, 6, 12]
Trainable parameters: 22568833
S2DepthTransformerUNetConv(
  (encoder): LongSpikeStreamEncoderConv(
    (backbone): Mamba3DEncoder(
      (patch_embed): Conv3d(1, 96, kernel_size=(32, 2, 2), stride=(32, 2, 2))
      (stages): ModuleList(
        (0): MambaStage(
          (blocks): Sequential(
            (0): ST_Mamba_Block(
              (norm1): LayerNorm((96,), eps=1e-05, elementwise_affine=True)
              (mamba): Mamba(
                (in_proj): Linear(in_features=96, out_features=384, bias=False)
                (conv1d): Conv1d(192, 192, kernel_size=(4,), stride=(1,), padding=(3,), groups=192)
                (act): SiLU()
                (x_proj): Linear(in_features=192, out_features=38, bias=False)
                (dt_proj): Linear(in_features=6, out_features=192, bias=True)
                (out_proj): Linear(in_features=192, out_features=96, bias=False)
              )
              (norm2): LayerNorm((96,), eps=1e-05, elementwise_affine=True)
              (mlp): Sequential(
                (0): Linear(in_features=96, out_features=384, bias=True)
                (1): GELU(approximate='none')
                (2): Linear(in_features=384, out_features=96, bias=True)
              )
            )
            (1): ST_Mamba_Block(
              (norm1): LayerNorm((96,), eps=1e-05, elementwise_affine=True)
              (mamba): Mamba(
                (in_proj): Linear(in_features=96, out_features=384, bias=False)
                (conv1d): Conv1d(192, 192, kernel_size=(4,), stride=(1,), padding=(3,), groups=192)
                (act): SiLU()
                (x_proj): Linear(in_features=192, out_features=38, bias=False)
                (dt_proj): Linear(in_features=6, out_features=192, bias=True)
                (out_proj): Linear(in_features=192, out_features=96, bias=False)
              )
              (norm2): LayerNorm((96,), eps=1e-05, elementwise_affine=True)
              (mlp): Sequential(
                (0): Linear(in_features=96, out_features=384, bias=True)
                (1): GELU(approximate='none')
                (2): Linear(in_features=384, out_features=96, bias=True)
              )
            )
          )
        )
        (1): MambaStage(
          (blocks): Sequential(
            (0): ST_Mamba_Block(
              (norm1): LayerNorm((192,), eps=1e-05, elementwise_affine=True)
              (mamba): Mamba(
                (in_proj): Linear(in_features=192, out_features=768, bias=False)
                (conv1d): Conv1d(384, 384, kernel_size=(4,), stride=(1,), padding=(3,), groups=384)
                (act): SiLU()
                (x_proj): Linear(in_features=384, out_features=44, bias=False)
                (dt_proj): Linear(in_features=12, out_features=384, bias=True)
                (out_proj): Linear(in_features=384, out_features=192, bias=False)
              )
              (norm2): LayerNorm((192,), eps=1e-05, elementwise_affine=True)
              (mlp): Sequential(
                (0): Linear(in_features=192, out_features=768, bias=True)
                (1): GELU(approximate='none')
                (2): Linear(in_features=768, out_features=192, bias=True)
              )
            )
            (1): ST_Mamba_Block(
              (norm1): LayerNorm((192,), eps=1e-05, elementwise_affine=True)
              (mamba): Mamba(
                (in_proj): Linear(in_features=192, out_features=768, bias=False)
                (conv1d): Conv1d(384, 384, kernel_size=(4,), stride=(1,), padding=(3,), groups=384)
                (act): SiLU()
                (x_proj): Linear(in_features=384, out_features=44, bias=False)
                (dt_proj): Linear(in_features=12, out_features=384, bias=True)
                (out_proj): Linear(in_features=384, out_features=192, bias=False)
              )
              (norm2): LayerNorm((192,), eps=1e-05, elementwise_affine=True)
              (mlp): Sequential(
                (0): Linear(in_features=192, out_features=768, bias=True)
                (1): GELU(approximate='none')
                (2): Linear(in_features=768, out_features=192, bias=True)
              )
            )
          )
        )
        (2): MambaStage(
          (blocks): Sequential(
            (0): ST_Mamba_Block(
              (norm1): LayerNorm((384,), eps=1e-05, elementwise_affine=True)
              (mamba): Mamba(
                (in_proj): Linear(in_features=384, out_features=1536, bias=False)
                (conv1d): Conv1d(768, 768, kernel_size=(4,), stride=(1,), padding=(3,), groups=768)
                (act): SiLU()
                (x_proj): Linear(in_features=768, out_features=56, bias=False)
                (dt_proj): Linear(in_features=24, out_features=768, bias=True)
                (out_proj): Linear(in_features=768, out_features=384, bias=False)
              )
              (norm2): LayerNorm((384,), eps=1e-05, elementwise_affine=True)
              (mlp): Sequential(
                (0): Linear(in_features=384, out_features=1536, bias=True)
                (1): GELU(approximate='none')
                (2): Linear(in_features=1536, out_features=384, bias=True)
              )
            )
            (1): ST_Mamba_Block(
              (norm1): LayerNorm((384,), eps=1e-05, elementwise_affine=True)
              (mamba): Mamba(
                (in_proj): Linear(in_features=384, out_features=1536, bias=False)
                (conv1d): Conv1d(768, 768, kernel_size=(4,), stride=(1,), padding=(3,), groups=768)
                (act): SiLU()
                (x_proj): Linear(in_features=768, out_features=56, bias=False)
                (dt_proj): Linear(in_features=24, out_features=768, bias=True)
                (out_proj): Linear(in_features=768, out_features=384, bias=False)
              )
              (norm2): LayerNorm((384,), eps=1e-05, elementwise_affine=True)
              (mlp): Sequential(
                (0): Linear(in_features=384, out_features=1536, bias=True)
                (1): GELU(approximate='none')
                (2): Linear(in_features=1536, out_features=384, bias=True)
              )
            )
            (2): ST_Mamba_Block(
              (norm1): LayerNorm((384,), eps=1e-05, elementwise_affine=True)
              (mamba): Mamba(
                (in_proj): Linear(in_features=384, out_features=1536, bias=False)
                (conv1d): Conv1d(768, 768, kernel_size=(4,), stride=(1,), padding=(3,), groups=768)
                (act): SiLU()
                (x_proj): Linear(in_features=768, out_features=56, bias=False)
                (dt_proj): Linear(in_features=24, out_features=768, bias=True)
                (out_proj): Linear(in_features=768, out_features=384, bias=False)
              )
              (norm2): LayerNorm((384,), eps=1e-05, elementwise_affine=True)
              (mlp): Sequential(
                (0): Linear(in_features=384, out_features=1536, bias=True)
                (1): GELU(approximate='none')
                (2): Linear(in_features=1536, out_features=384, bias=True)
              )
            )
            (3): ST_Mamba_Block(
              (norm1): LayerNorm((384,), eps=1e-05, elementwise_affine=True)
              (mamba): Mamba(
                (in_proj): Linear(in_features=384, out_features=1536, bias=False)
                (conv1d): Conv1d(768, 768, kernel_size=(4,), stride=(1,), padding=(3,), groups=768)
                (act): SiLU()
                (x_proj): Linear(in_features=768, out_features=56, bias=False)
                (dt_proj): Linear(in_features=24, out_features=768, bias=True)
                (out_proj): Linear(in_features=768, out_features=384, bias=False)
              )
              (norm2): LayerNorm((384,), eps=1e-05, elementwise_affine=True)
              (mlp): Sequential(
                (0): Linear(in_features=384, out_features=1536, bias=True)
                (1): GELU(approximate='none')
                (2): Linear(in_features=1536, out_features=384, bias=True)
              )
            )
            (4): ST_Mamba_Block(
              (norm1): LayerNorm((384,), eps=1e-05, elementwise_affine=True)
              (mamba): Mamba(
                (in_proj): Linear(in_features=384, out_features=1536, bias=False)
                (conv1d): Conv1d(768, 768, kernel_size=(4,), stride=(1,), padding=(3,), groups=768)
                (act): SiLU()
                (x_proj): Linear(in_features=768, out_features=56, bias=False)
                (dt_proj): Linear(in_features=24, out_features=768, bias=True)
                (out_proj): Linear(in_features=768, out_features=384, bias=False)
              )
              (norm2): LayerNorm((384,), eps=1e-05, elementwise_affine=True)
              (mlp): Sequential(
                (0): Linear(in_features=384, out_features=1536, bias=True)
                (1): GELU(approximate='none')
                (2): Linear(in_features=1536, out_features=384, bias=True)
              )
            )
            (5): ST_Mamba_Block(
              (norm1): LayerNorm((384,), eps=1e-05, elementwise_affine=True)
              (mamba): Mamba(
                (in_proj): Linear(in_features=384, out_features=1536, bias=False)
                (conv1d): Conv1d(768, 768, kernel_size=(4,), stride=(1,), padding=(3,), groups=768)
                (act): SiLU()
                (x_proj): Linear(in_features=768, out_features=56, bias=False)
                (dt_proj): Linear(in_features=24, out_features=768, bias=True)
                (out_proj): Linear(in_features=768, out_features=384, bias=False)
              )
              (norm2): LayerNorm((384,), eps=1e-05, elementwise_affine=True)
              (mlp): Sequential(
                (0): Linear(in_features=384, out_features=1536, bias=True)
                (1): GELU(approximate='none')
                (2): Linear(in_features=1536, out_features=384, bias=True)
              )
            )
          )
        )
      )
      (downsamples): ModuleList(
        (0): Conv3d(96, 192, kernel_size=(1, 2, 2), stride=(1, 2, 2))
        (1): Conv3d(192, 384, kernel_size=(1, 2, 2), stride=(1, 2, 2))
      )
    )
    (conv_layers): ModuleList(
      (0): ModuleList(
        (0-3): 4 x Conv2d(96, 24, kernel_size=(1, 1), stride=(1, 1))
      )
      (1): ModuleList(
        (0-3): 4 x Conv2d(192, 48, kernel_size=(1, 1), stride=(1, 1))
      )
      (2): ModuleList(
        (0-3): 4 x Conv2d(384, 96, kernel_size=(1, 1), stride=(1, 1))
      )
    )
  )
  (resblocks): ModuleList(
    (0-1): 2 x ResidualBlock(
      (conv1): Conv2d(384, 384, kernel_size=(3, 3), stride=(1, 1), padding=(1, 1))
      (relu): ReLU()
      (conv2): Conv2d(384, 384, kernel_size=(3, 3), stride=(1, 1), padding=(1, 1))
    )
  )
  (decoders): ModuleList(
    (0): UpsampleConvLayer(
      (conv2d): Conv2d(384, 192, kernel_size=(5, 5), stride=(1, 1), padding=(2, 2))
    )
    (1): UpsampleConvLayer(
      (conv2d): Conv2d(192, 96, kernel_size=(5, 5), stride=(1, 1), padding=(2, 2))
    )
    (2): UpsampleConvLayer(
      (conv2d): Conv2d(96, 48, kernel_size=(5, 5), stride=(1, 1), padding=(2, 2))
    )
  )
  (pred): ConvLayer(
    (conv2d): Conv2d(48, 1, kernel_size=(1, 1), stride=(1, 1))
  )
)
Model Initialized on GPU: 0
Using scale_invariant_loss with config {'weight': 1.0, 'n_lambda': 1.0}
Will not use phased architecture
Using Multi Scale Gradient loss with weight=0.25
Will not use MSE loss
Setting up Multi Scale Gradient loss...
Done
Setting up Multi Scale Gradient loss...
Done
Setting up Multi Scale Gradient loss...
Done
Setting up Multi Scale Gradient loss...
Done
Setting up Multi Scale Gradient loss...
Done
Setting up Multi Scale Gradient loss...
Done
Setting up Multi Scale Gradient loss...
Done
Setting up Multi Scale Gradient loss...
Done
[rank0]:[W314 18:42:25.739366676 reducer.cpp:1400] Warning: find_unused_parameters=True was specified in DDP constructor, but did not find any unused parameters in the forward pass. This flag results in an extra traversal of the autograd graph every iteration,  which can adversely affect performance. If your model indeed never has any unused parameters in the forward pass, consider turning this flag off. Note that this warning may be a false positive if your model has flow control causing later iterations to have unused parameters. (function operator())
Setting up Multi Scale Gradient loss...Setting up Multi Scale Gradient loss...
Setting up Multi Scale Gradient loss...
Setting up Multi Scale Gradient loss...
Setting up Multi Scale Gradient loss...
Setting up Multi Scale Gradient loss...
Setting up Multi Scale Gradient loss...
Setting up Multi Scale Gradient loss...
Done
Done

Done
Done
Done
Done
Done
Done
all losses in batch in validation:  {'loss': [0.05491466447710991, 0.05217697471380234, 0.049256831407547, 0.05797730013728142, 0.04204637557268143, 0.060307327657938004, 0.04933485761284828, 0.054600246250629425, 0.047461025416851044, 0.0440022349357605, 0.06716292351484299, 0.050405263900756836, 0.044744864106178284, 0.05968315899372101, 0.04433083161711693, 0.039990849792957306, 0.047915197908878326, 0.04223589599132538, 0.06290566176176071, 0.050575241446495056, 0.04329511895775795, 0.05256819725036621, 0.0464811697602272, 0.03714985400438309, 0.04745990410447121, 0.050338003784418106, 0.051523614674806595, 0.04822392761707306, 0.05906066298484802, 0.05714445561170578, 0.06335693597793579, 0.049455344676971436, 0.05597704276442528, 0.042382754385471344, 0.046974584460258484, 0.056665435433387756, 0.05359691381454468, 0.04749224707484245, 0.038221847265958786, 0.03930030018091202, 0.06475882977247238, 0.05376049876213074, 0.04573065787553787, 0.05065581947565079, 0.05401516705751419, 0.04194151982665062, 0.054956573992967606, 0.06135421618819237, 0.053698692470788956, 0.04823663830757141, 0.06938445568084717, 0.048412930220365524, 0.046919554471969604, 0.07646811008453369, 0.056274253875017166, 0.04677417129278183, 0.05061095207929611, 0.04329031705856323, 0.05380191653966904, 0.03950883075594902, 0.07831471413373947, 0.06479352712631226, 0.04635338485240936, 0.05132957547903061, 0.05199120193719864, 0.06274783611297607, 0.05510655790567398, 0.05621107667684555, 0.05589640885591507, 0.05793152377009392, 0.03992978483438492, 0.04936059191823006, 0.0360979288816452, 0.052208080887794495, 0.04753419756889343, 0.04799043759703636, 0.060474660247564316, 0.034429386258125305, 0.060126569122076035, 0.0403522253036499, 0.0491642951965332, 0.07149913161993027, 0.05994065850973129, 0.057552412152290344, 0.04347583279013634, 0.051948729902505875, 0.04545428603887558, 0.039895057678222656, 0.04314736649394035, 0.06234316900372505, 0.06434115767478943, 0.04164999723434448, 0.05430276319384575, 0.040792956948280334, 0.04054569453001022, 0.04369769245386124, 0.04686694219708443, 0.04015951231122017, 0.04565603658556938, 0.07218323647975922, 0.04668153449892998, 0.04930185526609421, 0.0652378499507904, 0.04256938025355339, 0.045999132096767426, 0.04341158643364906, 0.05015196651220322, 0.051002729684114456, 0.051236893981695175, 0.05022204667329788, 0.047416843473911285, 0.04450953006744385, 0.05104892700910568, 0.03955252841114998, 0.03959935903549194, 0.03321331739425659, 0.05021785944700241, 0.051274336874485016, 0.0541616752743721, 0.06638689339160919, 0.045533061027526855, 0.040487468242645264, 0.044765010476112366, 0.05549658089876175, 0.06438028812408447, 0.050373658537864685, 0.05672818422317505, 0.0639006495475769, 0.047323063015937805, 0.08837205916643143, 0.0649336725473404, 0.04433116316795349, 0.045008882880210876, 0.055402971804142, 0.052597757428884506, 0.05610155686736107, 0.036994803696870804, 0.04797365516424179, 0.0576767772436142, 0.06064508482813835, 0.04721657186746597, 0.046355437487363815, 0.03872606158256531, 0.038910213857889175, 0.051349297165870667, 0.04781772568821907, 0.0423518568277359, 0.07247970998287201, 0.05123850703239441, 0.054505471140146255, 0.05121197924017906, 0.05424750596284866, 0.05743767321109772, 0.0497027188539505, 0.0682213306427002, 0.0446220338344574, 0.04678763449192047, 0.044268183410167694, 0.05740171670913696, 0.05640164762735367, 0.03890080377459526, 0.03939129412174225, 0.044941797852516174, 0.051317472010850906, 0.05504768341779709, 0.05091423913836479, 0.06867784261703491, 0.053252384066581726, 0.047756701707839966, 0.045740388333797455, 0.06928583979606628, 0.05118737369775772, 0.07564189285039902, 0.048517823219299316, 0.04295811429619789, 0.05648777261376381, 0.05140034109354019, 0.04522319510579109, 0.049024030566215515, 0.0515015572309494, 0.06435111910104752, 0.06530219316482544, 0.04122292995452881, 0.07099367678165436, 0.04891560971736908, 0.07805458456277847, 0.06475135684013367, 0.042490776628255844, 0.04960773140192032, 0.04078106954693794, 0.04016365483403206, 0.0420047789812088, 0.035886600613594055, 0.060335710644721985, 0.04458758980035782, 0.038850802928209305, 0.046424951404333115, 0.04907907545566559, 0.05505288764834404, 0.04782826825976372, 0.057716742157936096, 0.05058206617832184, 0.04675579071044922, 0.046816498041152954, 0.06800969690084457, 0.05623983219265938, 0.04209904372692108, 0.06771630793809891, 0.04675481468439102, 0.03658192604780197, 0.047916218638420105, 0.04745727777481079, 0.07209725677967072, 0.0713634043931961, 0.05364114046096802, 0.037207603454589844, 0.04191000759601593, 0.051192305982112885, 0.0604926235973835, 0.06535196304321289, 0.05728191137313843, 0.047783173620700836, 0.04883706942200661, 0.045422762632369995, 0.04758624732494354, 0.04734119772911072, 0.04279579967260361, 0.06745173037052155, 0.061214592307806015, 0.05185452476143837, 0.049489665776491165, 0.05419982969760895, 0.050925299525260925, 0.04333693906664848, 0.047546058893203735, 0.04561186581850052, 0.057301439344882965, 0.04133082553744316, 0.0420256033539772, 0.05788389965891838, 0.06615235656499863, 0.0395967923104763, 0.04178376495838165, 0.06578146666288376, 0.06447912752628326, 0.05030275881290436, 0.0635702908039093, 0.06124303117394447, 0.047684211283922195, 0.07276340574026108], 'L_si': [0.02291738986968994, 0.02105087786912918, 0.019028007984161377, 0.02353540062904358, 0.014832600951194763, 0.025487005710601807, 0.02071721851825714, 0.023272722959518433, 0.017438814043998718, 0.015331119298934937, 0.03244203329086304, 0.02098223567008972, 0.016781017184257507, 0.02656085044145584, 0.017131343483924866, 0.013810023665428162, 0.01807086169719696, 0.015474170446395874, 0.02630549669265747, 0.020008042454719543, 0.015182405710220337, 0.02034515142440796, 0.01809103786945343, 0.012141376733779907, 0.017789006233215332, 0.019945666193962097, 0.019952446222305298, 0.018345080316066742, 0.024532191455364227, 0.025471925735473633, 0.0274684876203537, 0.020166777074337006, 0.024236589670181274, 0.015657365322113037, 0.019426465034484863, 0.025647297501564026, 0.022398605942726135, 0.019513621926307678, 0.012814298272132874, 0.014461517333984375, 0.03075602650642395, 0.022652000188827515, 0.017457231879234314, 0.021497473120689392, 0.022582881152629852, 0.014325879514217377, 0.02285836637020111, 0.02756110578775406, 0.020828701555728912, 0.01926647126674652, 0.03445306420326233, 0.018408000469207764, 0.01897384226322174, 0.039156362414360046, 0.025737285614013672, 0.017981529235839844, 0.020675860345363617, 0.017680540680885315, 0.021087825298309326, 0.013217806816101074, 0.0402243509888649, 0.03462197631597519, 0.01659417152404785, 0.020656786859035492, 0.01986599713563919, 0.028721913695335388, 0.023395679891109467, 0.025535650551319122, 0.023700982332229614, 0.02443234622478485, 0.01315249502658844, 0.020314455032348633, 0.011454671621322632, 0.01937483251094818, 0.017741665244102478, 0.019053101539611816, 0.02410002052783966, 0.01113004982471466, 0.02486845850944519, 0.013159036636352539, 0.018739327788352966, 0.03766585886478424, 0.026699192821979523, 0.023425117135047913, 0.015045702457427979, 0.021211251616477966, 0.01732279360294342, 0.014214232563972473, 0.015099361538887024, 0.028566420078277588, 0.02895495295524597, 0.013805240392684937, 0.021584175527095795, 0.013876080513000488, 0.014482207596302032, 0.01631343364715576, 0.01759488880634308, 0.01283179223537445, 0.017255112528800964, 0.03714366257190704, 0.018732085824012756, 0.017705872654914856, 0.02852601557970047, 0.015432432293891907, 0.01687626540660858, 0.014628283679485321, 0.020166173577308655, 0.020299166440963745, 0.021074220538139343, 0.019512325525283813, 0.01690756529569626, 0.01632314920425415, 0.019134923815727234, 0.01394413411617279, 0.013209819793701172, 0.009722471237182617, 0.018968641757965088, 0.020325906574726105, 0.024489261209964752, 0.03067551553249359, 0.01765434443950653, 0.014656409621238708, 0.01596972346305847, 0.02175290882587433, 0.02969549596309662, 0.020825162529945374, 0.022318348288536072, 0.027524471282958984, 0.018297597765922546, 0.046635739505290985, 0.0308094322681427, 0.017646044492721558, 0.017417505383491516, 0.023134887218475342, 0.02277737855911255, 0.022559821605682373, 0.011646546423435211, 0.017015375196933746, 0.026400938630104065, 0.02593235671520233, 0.018107637763023376, 0.017537161707878113, 0.013027042150497437, 0.012943893671035767, 0.02001693844795227, 0.01866874098777771, 0.016448840498924255, 0.03547016531229019, 0.020570620894432068, 0.022343382239341736, 0.019902929663658142, 0.02367749810218811, 0.025367937982082367, 0.019072219729423523, 0.03569820523262024, 0.015847116708755493, 0.017283901572227478, 0.01561957597732544, 0.027680732309818268, 0.023360729217529297, 0.012102127075195312, 0.012781187891960144, 0.01616908609867096, 0.020524367690086365, 0.024752549827098846, 0.02019721269607544, 0.03071361780166626, 0.021016336977481842, 0.018417641520500183, 0.016522511839866638, 0.03423110395669937, 0.021040044724941254, 0.03817199915647507, 0.01849214732646942, 0.015008360147476196, 0.02270599454641342, 0.022366806864738464, 0.016876190900802612, 0.018983609974384308, 0.021902993321418762, 0.026518121361732483, 0.03236418962478638, 0.014642268419265747, 0.03175041824579239, 0.01924760639667511, 0.039610862731933594, 0.030837170779705048, 0.014370888471603394, 0.019172340631484985, 0.014311246573925018, 0.014334619045257568, 0.01565679907798767, 0.010431945323944092, 0.02504240721464157, 0.016537517309188843, 0.013302326202392578, 0.017957180738449097, 0.01865679770708084, 0.02165481448173523, 0.01890275627374649, 0.02271716296672821, 0.019130274653434753, 0.01928745210170746, 0.017694048583507538, 0.02979206293821335, 0.024464339017868042, 0.015813037753105164, 0.030077464878559113, 0.018230944871902466, 0.011826485395431519, 0.01776951551437378, 0.017842382192611694, 0.033809930086135864, 0.035077281296253204, 0.021240234375, 0.012246891856193542, 0.015114232897758484, 0.020144879817962646, 0.025120854377746582, 0.02987688034772873, 0.024428926408290863, 0.017968758940696716, 0.018373817205429077, 0.015739619731903076, 0.018278636038303375, 0.015987008810043335, 0.014761045575141907, 0.03211180865764618, 0.029154948890209198, 0.02036646008491516, 0.01928722858428955, 0.02238115668296814, 0.01997743546962738, 0.015462785959243774, 0.017385296523571014, 0.016615301370620728, 0.025204211473464966, 0.015488103032112122, 0.01402275264263153, 0.023717820644378662, 0.028254985809326172, 0.013087138533592224, 0.014218881726264954, 0.03197764605283737, 0.0313417986035347, 0.019676685333251953, 0.028277292847633362, 0.026449933648109436, 0.01895350217819214, 0.043781593441963196], 'L_grad': [0.03199727460741997, 0.031126094982028008, 0.03022882156074047, 0.03444189950823784, 0.027213774621486664, 0.0348203219473362, 0.02861763909459114, 0.03132752329111099, 0.030022211372852325, 0.02867111563682556, 0.03472089022397995, 0.029423026368021965, 0.027963845059275627, 0.03312230855226517, 0.027199488133192062, 0.026180826127529144, 0.029844334349036217, 0.026761723682284355, 0.03660016506910324, 0.030567198991775513, 0.028112713247537613, 0.03222304582595825, 0.028390133753418922, 0.02500847727060318, 0.029670897871255875, 0.03039233759045601, 0.0315711684525013, 0.029878845438361168, 0.034528471529483795, 0.03167252987623215, 0.03588844835758209, 0.02928856760263443, 0.031740453094244, 0.026725387200713158, 0.02754811942577362, 0.03101813606917858, 0.03119830973446369, 0.027978625148534775, 0.025407548993825912, 0.024838782846927643, 0.03400280326604843, 0.031108498573303223, 0.02827342599630356, 0.029158344492316246, 0.03143228590488434, 0.027615640312433243, 0.032098207622766495, 0.03379311040043831, 0.03286999091506004, 0.02897016704082489, 0.03493139147758484, 0.03000492975115776, 0.027945712208747864, 0.037311747670173645, 0.030536968261003494, 0.028792643919587135, 0.029935091733932495, 0.025609776377677917, 0.03271409124135971, 0.026291023939847946, 0.03809036314487457, 0.030171547085046768, 0.02975921519100666, 0.030672788619995117, 0.03212520480155945, 0.034025926142930984, 0.031710878014564514, 0.03067542426288128, 0.032195426523685455, 0.03349917754530907, 0.02677728794515133, 0.029046136885881424, 0.02464325726032257, 0.032833248376846313, 0.029792532324790955, 0.028937336057424545, 0.036374639719724655, 0.023299336433410645, 0.035258110612630844, 0.027193188667297363, 0.030424967408180237, 0.03383327275514603, 0.03324146568775177, 0.03412729501724243, 0.02843013033270836, 0.03073747828602791, 0.02813149243593216, 0.025680823251605034, 0.02804800495505333, 0.033776748925447464, 0.03538620471954346, 0.027844758704304695, 0.032718587666749954, 0.026916876435279846, 0.02606348693370819, 0.027384256944060326, 0.02927205339074135, 0.02732772007584572, 0.028400924056768417, 0.035039570182561874, 0.02794944867491722, 0.03159598261117935, 0.036711834371089935, 0.027136947959661484, 0.029122866690158844, 0.028783302754163742, 0.029985791072249413, 0.03070356324315071, 0.030162673443555832, 0.03070971928536892, 0.030509278178215027, 0.028186380863189697, 0.03191400319337845, 0.025608394294977188, 0.02638954110443592, 0.023490848019719124, 0.031249217689037323, 0.03094843029975891, 0.02967241406440735, 0.0357113778591156, 0.027878716588020325, 0.025831058621406555, 0.028795285150408745, 0.03374367207288742, 0.034684792160987854, 0.02954849787056446, 0.03440983593463898, 0.03637618198990822, 0.029025467112660408, 0.04173631966114044, 0.03412424400448799, 0.026685118675231934, 0.02759137749671936, 0.032268084585666656, 0.029820378869771957, 0.033541735261678696, 0.025348257273435593, 0.030958279967308044, 0.03127583861351013, 0.03471272811293602, 0.029108932241797447, 0.028818275779485703, 0.02569902129471302, 0.02596632018685341, 0.031332358717918396, 0.02914898470044136, 0.025903016328811646, 0.03700954094529152, 0.03066788613796234, 0.03216208890080452, 0.03130904957652092, 0.030570007860660553, 0.03206973522901535, 0.030630499124526978, 0.032523129135370255, 0.028774918988347054, 0.029503732919692993, 0.028648605570197105, 0.029720984399318695, 0.03304091840982437, 0.026798676699399948, 0.026610106229782104, 0.028772711753845215, 0.03079310432076454, 0.030295133590698242, 0.030717026442289352, 0.03796422481536865, 0.032236047089099884, 0.029339060187339783, 0.029217876493930817, 0.03505473583936691, 0.030147328972816467, 0.03746989369392395, 0.030025677755475044, 0.027949754148721695, 0.03378177806735039, 0.029033534228801727, 0.02834700420498848, 0.030040420591831207, 0.02959856390953064, 0.03783299773931503, 0.03293800726532936, 0.02658066153526306, 0.03924326226115227, 0.02966800518333912, 0.03844372183084488, 0.03391418978571892, 0.02811988815665245, 0.030435390770435333, 0.026469822973012924, 0.02582903578877449, 0.02634798176586628, 0.025454657152295113, 0.035293303430080414, 0.028050074353814125, 0.025548476725816727, 0.028467770665884018, 0.030422277748584747, 0.03339807316660881, 0.028925511986017227, 0.034999579191207886, 0.031451791524887085, 0.02746833674609661, 0.029122451320290565, 0.038217633962631226, 0.031775493174791336, 0.026286007836461067, 0.037638843059539795, 0.028523871675133705, 0.024755442515015602, 0.030146703124046326, 0.029614893719553947, 0.03828732296824455, 0.0362861230969429, 0.03240090608596802, 0.02496071346104145, 0.026795774698257446, 0.031047426164150238, 0.03537176921963692, 0.03547508269548416, 0.032852984964847565, 0.02981441654264927, 0.03046325221657753, 0.029683144763112068, 0.029307611286640167, 0.03135418891906738, 0.0280347540974617, 0.035339921712875366, 0.03205964341759682, 0.03148806467652321, 0.030202437192201614, 0.03181867301464081, 0.030947864055633545, 0.02787415310740471, 0.03016076236963272, 0.02899656631052494, 0.032097227871418, 0.02584272250533104, 0.028002850711345673, 0.03416607901453972, 0.037897370755672455, 0.02650965377688408, 0.02756488136947155, 0.03380382061004639, 0.033137332648038864, 0.030626071617007256, 0.03529299423098564, 0.03479309752583504, 0.028730709105730057, 0.028981812298297882]}
Saving current best: model_best.pth.tar ...
Setting up Multi Scale Gradient loss...
Done
Setting up Multi Scale Gradient loss...
Done
Setting up Multi Scale Gradient loss...
Done
Setting up Multi Scale Gradient loss...
Done
Setting up Multi Scale Gradient loss...
Done
Setting up Multi Scale Gradient loss...
Done
Setting up Multi Scale Gradient loss...
Done
Setting up Multi Scale Gradient loss...
Done
Setting up Multi Scale Gradient loss...
Setting up Multi Scale Gradient loss...
Setting up Multi Scale Gradient loss...
Setting up Multi Scale Gradient loss...
Done
Done
Done
Done
Setting up Multi Scale Gradient loss...
Done
Setting up Multi Scale Gradient loss...
Done
Setting up Multi Scale Gradient loss...
Done
Setting up Multi Scale Gradient loss...
Done
all losses in batch in validation:  {'loss': [0.029227113351225853, 0.030632227659225464, 0.02656915970146656, 0.034529898315668106, 0.029430203139781952, 0.03422382473945618, 0.03009473904967308, 0.03525935858488083, 0.030948413535952568, 0.028719428926706314, 0.028374526649713516, 0.03254162520170212, 0.03041214495897293, 0.03229038789868355, 0.029642578214406967, 0.02569192461669445, 0.02469516173005104, 0.026318581774830818, 0.031010353937745094, 0.03196602314710617, 0.034043584018945694, 0.03141777217388153, 0.02876235358417034, 0.027467098087072372, 0.026283280923962593, 0.02896193042397499, 0.03424924612045288, 0.02776062861084938, 0.031604547053575516, 0.029455021023750305, 0.037486519664525986, 0.02842828258872032, 0.02909795381128788, 0.027669105678796768, 0.030574774369597435, 0.030155165120959282, 0.02678714133799076, 0.0276175644248724, 0.025280531495809555, 0.02810271829366684, 0.03242146223783493, 0.02881636470556259, 0.028865661472082138, 0.03499790281057358, 0.03519131988286972, 0.03176660090684891, 0.02697405032813549, 0.03290681540966034, 0.03166044130921364, 0.0336555540561676, 0.031811609864234924, 0.0337287038564682, 0.02665579691529274, 0.0337291844189167, 0.03132675215601921, 0.03694748133420944, 0.031395405530929565, 0.02639438956975937, 0.03564829006791115, 0.026564279571175575, 0.0317985974252224, 0.03049813024699688, 0.03526723384857178, 0.027432411909103394, 0.031585849821567535, 0.033712465316057205, 0.033305369317531586, 0.035284437239170074, 0.0286601223051548, 0.03284262493252754, 0.029201284050941467, 0.033633772283792496, 0.02784981206059456, 0.03853340074419975, 0.028933528810739517, 0.02870314009487629, 0.03862116485834122, 0.026924632489681244, 0.02900172397494316, 0.027186483144760132, 0.029341448098421097, 0.03171404451131821, 0.02857193350791931, 0.03023081086575985, 0.03307298570871353, 0.03169665485620499, 0.030914172530174255, 0.027963358908891678, 0.02889772318303585, 0.03339138627052307, 0.03341427445411682, 0.02629888989031315, 0.031119495630264282, 0.023443445563316345, 0.02888304926455021, 0.030049074441194534, 0.029746420681476593, 0.029556062072515488, 0.027340302243828773, 0.028583498671650887, 0.030276432633399963, 0.03415348008275032, 0.03604874387383461, 0.03049224615097046, 0.030292723327875137, 0.03023673966526985, 0.03050173446536064, 0.02998654544353485, 0.031074760481715202, 0.03596822917461395, 0.03133821487426758, 0.02913254126906395, 0.03190256655216217, 0.026805037632584572, 0.030069751664996147, 0.026249868795275688, 0.027489084750413895, 0.03155186027288437, 0.03132756054401398, 0.029449211433529854, 0.029515210539102554, 0.028202535584568977, 0.034599706530570984, 0.033053260296583176, 0.03331428021192551, 0.03350738063454628, 0.032879456877708435, 0.028585566207766533, 0.028718354180455208, 0.029512859880924225, 0.028531581163406372, 0.031732119619846344, 0.03103587217628956, 0.03434564173221588, 0.03311121463775635, 0.03610673546791077, 0.024691937491297722, 0.039540547877550125, 0.031058307737112045, 0.03329097852110863, 0.03286513686180115, 0.026701390743255615, 0.026033662259578705, 0.030715560540556908, 0.025816436856985092, 0.02957245521247387, 0.026449337601661682, 0.03552599623799324, 0.028335336595773697, 0.02971208281815052, 0.03065788745880127, 0.03522238880395889, 0.030613312497735023, 0.030457615852355957, 0.030776137486100197, 0.02732071839272976, 0.03108556941151619, 0.028952235355973244, 0.026611069217324257, 0.031875960528850555, 0.03311564773321152, 0.03339044004678726, 0.030094357207417488, 0.03242310509085655, 0.03869028016924858, 0.02744348533451557, 0.0344107411801815, 0.0306191798299551, 0.03137750178575516, 0.030172349885106087, 0.03200402110815048, 0.03028644248843193, 0.03338926285505295, 0.0297735296189785, 0.028884785249829292, 0.029145853593945503, 0.030489608645439148, 0.03107473812997341, 0.03256902098655701, 0.03902588412165642, 0.03756261244416237, 0.028528772294521332, 0.02751799300312996, 0.039098188281059265, 0.03147405758500099, 0.03628172725439072, 0.029049236327409744, 0.02689196541905403, 0.032819584012031555, 0.027523448690772057, 0.02781331166625023, 0.02738850563764572, 0.030332086607813835, 0.029098303988575935, 0.024062685668468475, 0.027533896267414093, 0.026974599808454514, 0.029811320826411247, 0.03511946648359299, 0.031770721077919006, 0.0321083590388298, 0.03312183916568756, 0.03179274499416351, 0.03219312056899071, 0.0338573157787323, 0.03093188814818859, 0.030926324427127838, 0.036957789212465286, 0.034762632101774216, 0.02672610618174076, 0.03543522208929062, 0.03175770491361618, 0.034221451729536057, 0.030359933152794838, 0.025576500222086906, 0.028291545808315277, 0.02865961566567421, 0.029310908168554306, 0.03619784861803055, 0.03056664764881134, 0.033433154225349426, 0.030749673023819923, 0.032522112131118774, 0.029406018555164337, 0.0331527441740036, 0.038576640188694, 0.028767019510269165, 0.034578606486320496, 0.03724927455186844, 0.03383181244134903, 0.028136204928159714, 0.02995828166604042, 0.028072968125343323, 0.025195667520165443, 0.03087957203388214, 0.02835911139845848, 0.02969348430633545, 0.03514959290623665, 0.02812008559703827, 0.031778667122125626, 0.03431480750441551, 0.033766284584999084, 0.030084580183029175, 0.027924122288823128, 0.030791228637099266, 0.029139632359147072, 0.034118205308914185, 0.030305394902825356, 0.02642052248120308, 0.027394816279411316], 'L_si': [0.009509146213531494, 0.010596178472042084, 0.008001700043678284, 0.011626563966274261, 0.008321784436702728, 0.012701965868473053, 0.01088404655456543, 0.012809552252292633, 0.009531468152999878, 0.008511923253536224, 0.009434163570404053, 0.011137090623378754, 0.009495079517364502, 0.011476002633571625, 0.009475819766521454, 0.0072745680809021, 0.006912685930728912, 0.0076117366552352905, 0.011003658175468445, 0.010745413601398468, 0.010506249964237213, 0.010191507637500763, 0.008822642266750336, 0.007799327373504639, 0.007502883672714233, 0.008899375796318054, 0.011089175939559937, 0.008778892457485199, 0.011012457311153412, 0.00938272476196289, 0.014321699738502502, 0.009445436298847198, 0.010270170867443085, 0.007780022919178009, 0.010631464421749115, 0.010006412863731384, 0.008401334285736084, 0.008762083947658539, 0.007213965058326721, 0.00904921442270279, 0.011591225862503052, 0.009272366762161255, 0.008844926953315735, 0.012852460145950317, 0.012784585356712341, 0.009779736399650574, 0.008459843695163727, 0.011213511228561401, 0.010383717715740204, 0.011676475405693054, 0.011346027255058289, 0.011636927723884583, 0.008539892733097076, 0.012552686035633087, 0.011752404272556305, 0.013098135590553284, 0.01063307374715805, 0.007549211382865906, 0.012277789413928986, 0.007756248116493225, 0.01167953759431839, 0.010109521448612213, 0.010849252343177795, 0.008619114756584167, 0.009906038641929626, 0.011587686836719513, 0.012081585824489594, 0.014152169227600098, 0.009326793253421783, 0.011724762618541718, 0.008842334151268005, 0.011814944446086884, 0.007677197456359863, 0.012220360338687897, 0.008810244500637054, 0.00917544960975647, 0.012742720544338226, 0.007593393325805664, 0.00937892496585846, 0.007454439997673035, 0.008839450776576996, 0.010720968246459961, 0.009996972978115082, 0.00964297354221344, 0.010641537606716156, 0.011175572872161865, 0.010180182754993439, 0.00906246155500412, 0.008280031383037567, 0.012814484536647797, 0.012522317469120026, 0.007474653422832489, 0.009593389928340912, 0.006182685494422913, 0.00963263213634491, 0.009033061563968658, 0.008844055235385895, 0.008542291820049286, 0.008420586585998535, 0.009655244648456573, 0.009932063519954681, 0.009861946105957031, 0.013029135763645172, 0.009421318769454956, 0.008998245000839233, 0.009242966771125793, 0.009866982698440552, 0.009671688079833984, 0.009394742548465729, 0.012070536613464355, 0.009319618344306946, 0.00846918672323227, 0.009930342435836792, 0.007817342877388, 0.008982047438621521, 0.0070989131927490234, 0.007652498781681061, 0.01068194955587387, 0.010965220630168915, 0.00943097472190857, 0.00905279815196991, 0.00926576554775238, 0.01123879849910736, 0.010659247636795044, 0.01118643581867218, 0.01185741275548935, 0.0099240243434906, 0.00910477340221405, 0.009176991879940033, 0.010274149477481842, 0.009044893085956573, 0.011581122875213623, 0.010468415915966034, 0.011660680174827576, 0.011742353439331055, 0.012878097593784332, 0.006777539849281311, 0.013238504528999329, 0.011812828481197357, 0.011202655732631683, 0.011845067143440247, 0.007764309644699097, 0.007067106664180756, 0.009416930377483368, 0.007352091372013092, 0.00925794243812561, 0.007811494171619415, 0.012593381106853485, 0.008545942604541779, 0.009717114269733429, 0.009817562997341156, 0.011056050658226013, 0.01069369912147522, 0.009710676968097687, 0.010582759976387024, 0.008004806935787201, 0.008976347744464874, 0.00842960923910141, 0.008575581014156342, 0.011560000479221344, 0.009640812873840332, 0.01004306972026825, 0.008760049939155579, 0.011276155710220337, 0.015590794384479523, 0.00860433280467987, 0.012699365615844727, 0.01016928255558014, 0.009642675518989563, 0.008760273456573486, 0.010525792837142944, 0.00981808453798294, 0.011526666581630707, 0.009748093783855438, 0.008826754987239838, 0.009006761014461517, 0.010976418852806091, 0.009218551218509674, 0.011628575623035431, 0.014755010604858398, 0.01292717456817627, 0.009427651762962341, 0.008868180215358734, 0.013915598392486572, 0.010935306549072266, 0.011946618556976318, 0.009716048836708069, 0.008012078702449799, 0.010083183646202087, 0.008701205253601074, 0.00829249620437622, 0.008494473993778229, 0.008648522198200226, 0.009246930480003357, 0.006428904831409454, 0.007569476962089539, 0.008267238736152649, 0.009791433811187744, 0.010968402028083801, 0.0107303187251091, 0.010748609900474548, 0.010108083486557007, 0.010926425457000732, 0.01151738315820694, 0.011622525751590729, 0.011381767690181732, 0.010796211659908295, 0.01370219886302948, 0.01175745576620102, 0.007594473659992218, 0.011320263147354126, 0.010446928441524506, 0.011111408472061157, 0.01034718006849289, 0.00739695131778717, 0.008933253586292267, 0.008794546127319336, 0.009192533791065216, 0.013188421726226807, 0.010412067174911499, 0.011491648852825165, 0.009605757892131805, 0.010461725294589996, 0.008594878017902374, 0.01165839284658432, 0.012376904487609863, 0.00853508710861206, 0.01231643557548523, 0.015478447079658508, 0.011733591556549072, 0.008618123829364777, 0.010021448135375977, 0.008481428027153015, 0.007067076861858368, 0.010011889040470123, 0.009073205292224884, 0.009715862572193146, 0.011607050895690918, 0.007699623703956604, 0.011159531772136688, 0.01103334128856659, 0.009340085089206696, 0.008731566369533539, 0.009175598621368408, 0.009928010404109955, 0.00837494432926178, 0.012725956737995148, 0.010423295199871063, 0.008694536983966827, 0.01079973578453064], 'L_grad': [0.01971796713769436, 0.02003604918718338, 0.018567459657788277, 0.022903334349393845, 0.021108418703079224, 0.021521858870983124, 0.01921069249510765, 0.022449808195233345, 0.02141694538295269, 0.02020750567317009, 0.018940363079309464, 0.021404536440968513, 0.02091706544160843, 0.020814385265111923, 0.020166758447885513, 0.01841735653579235, 0.01778247579932213, 0.018706845119595528, 0.02000669576227665, 0.021220611408352852, 0.02353733405470848, 0.02122626267373562, 0.019939711317420006, 0.019667770713567734, 0.01878039725124836, 0.020062554627656937, 0.023160068318247795, 0.01898173615336418, 0.020592089742422104, 0.020072296261787415, 0.023164819926023483, 0.018982846289873123, 0.018827782943844795, 0.01988908275961876, 0.01994330994784832, 0.020148752257227898, 0.018385807052254677, 0.01885548047721386, 0.018066566437482834, 0.01905350387096405, 0.02083023637533188, 0.019543997943401337, 0.020020734518766403, 0.02214544452726841, 0.02240673638880253, 0.021986862644553185, 0.018514206632971764, 0.02169330231845379, 0.021276723593473434, 0.02197907865047455, 0.020465584471821785, 0.02209177426993847, 0.018115904182195663, 0.021176498383283615, 0.019574347883462906, 0.02384934574365616, 0.020762333646416664, 0.018845178186893463, 0.023370500653982162, 0.01880803145468235, 0.020119059830904007, 0.020388608798384666, 0.024417981505393982, 0.018813297152519226, 0.02167981117963791, 0.022124778479337692, 0.021223783493041992, 0.021132268011569977, 0.019333329051733017, 0.021117862313985825, 0.020358949899673462, 0.021818827837705612, 0.020172614604234695, 0.026313040405511856, 0.020123284310102463, 0.01952769048511982, 0.02587844431400299, 0.01933123916387558, 0.0196227990090847, 0.019732043147087097, 0.0205019973218441, 0.020993074402213097, 0.01857496052980423, 0.02058783732354641, 0.022431448101997375, 0.02052108384668827, 0.020733989775180817, 0.018900897353887558, 0.020617691799998283, 0.020576903596520424, 0.020891955122351646, 0.01882423646748066, 0.02152610570192337, 0.017260760068893433, 0.0192504171282053, 0.021016012877225876, 0.020902365446090698, 0.021013770252466202, 0.01891971565783024, 0.018928254023194313, 0.020344369113445282, 0.02429153397679329, 0.023019608110189438, 0.021070927381515503, 0.021294478327035904, 0.020993772894144058, 0.02063475176692009, 0.020314857363700867, 0.021680017933249474, 0.023897690698504448, 0.022018596529960632, 0.02066335454583168, 0.02197222225368023, 0.01898769475519657, 0.021087704226374626, 0.019150955602526665, 0.019836585968732834, 0.020869912579655647, 0.02036234177649021, 0.020018236711621284, 0.020462412387132645, 0.018936770036816597, 0.023360909894108772, 0.02239401265978813, 0.022127846255898476, 0.02164996787905693, 0.022955432534217834, 0.019480792805552483, 0.019541362300515175, 0.019238710403442383, 0.0194866880774498, 0.02015099860727787, 0.020567456260323524, 0.022684961557388306, 0.021368863061070442, 0.023228637874126434, 0.01791439764201641, 0.026302043348550797, 0.019245479255914688, 0.022088322788476944, 0.02102007158100605, 0.01893708109855652, 0.01896655559539795, 0.02129863016307354, 0.018464345484972, 0.02031451277434826, 0.018637843430042267, 0.022932615131139755, 0.01978939399123192, 0.01999496854841709, 0.020840324461460114, 0.02416634000837803, 0.019919613376259804, 0.02074693888425827, 0.020193377509713173, 0.01931591145694256, 0.022109221667051315, 0.020522626116871834, 0.018035488203167915, 0.02031596004962921, 0.023474836722016335, 0.02334737218916416, 0.02133430726826191, 0.021146949380636215, 0.023099485784769058, 0.0188391525298357, 0.021711375564336777, 0.020449897274374962, 0.021734828129410744, 0.0214120764285326, 0.021478230133652687, 0.02046835795044899, 0.02186259627342224, 0.020025435835123062, 0.020058030262589455, 0.020139092579483986, 0.019513189792633057, 0.021856186911463737, 0.020940447226166725, 0.02427087351679802, 0.0246354378759861, 0.01910112053155899, 0.018649812787771225, 0.025182588025927544, 0.020538751035928726, 0.024335110560059547, 0.019333187490701675, 0.018879886716604233, 0.022736400365829468, 0.018822243437170982, 0.019520815461874008, 0.018894031643867493, 0.02168356440961361, 0.01985137350857258, 0.01763378083705902, 0.019964419305324554, 0.018707361072301865, 0.020019887015223503, 0.024151064455509186, 0.021040400490164757, 0.021359749138355255, 0.023013755679130554, 0.02086631953716278, 0.020675737410783768, 0.02223479002714157, 0.01955012045800686, 0.020130112767219543, 0.023255590349435806, 0.023005176335573196, 0.019131632521748543, 0.024114960804581642, 0.021310778334736824, 0.0231100432574749, 0.02001275308430195, 0.018179548904299736, 0.01935829222202301, 0.019865069538354874, 0.02011837437748909, 0.02300942689180374, 0.02015458047389984, 0.02194150537252426, 0.021143915131688118, 0.022060386836528778, 0.020811140537261963, 0.02149435132741928, 0.026199733838438988, 0.020231932401657104, 0.022262169048190117, 0.02177082933485508, 0.022098220884799957, 0.019518081098794937, 0.019936833530664444, 0.019591540098190308, 0.018128590658307076, 0.020867682993412018, 0.019285906106233597, 0.019977621734142303, 0.02354254201054573, 0.020420461893081665, 0.020619135349988937, 0.023281466215848923, 0.02442619763314724, 0.021353013813495636, 0.01874852366745472, 0.02086321823298931, 0.020764688029885292, 0.021392248570919037, 0.019882099702954292, 0.017725985497236252, 0.016595080494880676]}
Saving current best: model_best.pth.tar ...
Setting up Multi Scale Gradient loss...
Done
Setting up Multi Scale Gradient loss...
Done
Setting up Multi Scale Gradient loss...
Done
Setting up Multi Scale Gradient loss...
Done
Setting up Multi Scale Gradient loss...
Done
Setting up Multi Scale Gradient loss...
Done
Setting up Multi Scale Gradient loss...
Done
Setting up Multi Scale Gradient loss...
Done
Setting up Multi Scale Gradient loss...
Setting up Multi Scale Gradient loss...
Setting up Multi Scale Gradient loss...
Done
Done
Done
Setting up Multi Scale Gradient loss...
Done
Setting up Multi Scale Gradient loss...
Done
Setting up Multi Scale Gradient loss...
Done
Setting up Multi Scale Gradient loss...
Done
Setting up Multi Scale Gradient loss...
Done
all losses in batch in validation:  {'loss': [0.027965961024165154, 0.03343548625707626, 0.031171560287475586, 0.03538841754198074, 0.028426337987184525, 0.03499056398868561, 0.028948739171028137, 0.035083867609500885, 0.0278256144374609, 0.028243400156497955, 0.029919860884547234, 0.030654530972242355, 0.031170520931482315, 0.03593368083238602, 0.029040176421403885, 0.02667839825153351, 0.02814343571662903, 0.026541810482740402, 0.03405139595270157, 0.03268636390566826, 0.03263867646455765, 0.03152633458375931, 0.02728366106748581, 0.027390960603952408, 0.02658003382384777, 0.03027750551700592, 0.03239956498146057, 0.027656035497784615, 0.031787462532520294, 0.028278490528464317, 0.03728192299604416, 0.030252501368522644, 0.02935357764363289, 0.024080127477645874, 0.029968760907649994, 0.03209953010082245, 0.028603769838809967, 0.02632753551006317, 0.02694588340818882, 0.027722489088773727, 0.03469546511769295, 0.03136520832777023, 0.03412172198295593, 0.03696881979703903, 0.03661973401904106, 0.032107800245285034, 0.026769740507006645, 0.036016665399074554, 0.03284846991300583, 0.03196151554584503, 0.031974438577890396, 0.03513897582888603, 0.02976340241730213, 0.03178946673870087, 0.03242529183626175, 0.03732467442750931, 0.03253423422574997, 0.02542007714509964, 0.03694099187850952, 0.028256941586732864, 0.03298165649175644, 0.028170129284262657, 0.0329940989613533, 0.031649358570575714, 0.030625738203525543, 0.03510527312755585, 0.031718555837869644, 0.035068072378635406, 0.028558358550071716, 0.0346282534301281, 0.028991010040044785, 0.033277031034231186, 0.027497809380292892, 0.03728245198726654, 0.026847291737794876, 0.0295285414904356, 0.039931077510118484, 0.025462709367275238, 0.032241202890872955, 0.029782788828015327, 0.03065028041601181, 0.031110458076000214, 0.028567707166075706, 0.034669701009988785, 0.03399188071489334, 0.03393445163965225, 0.028795575723052025, 0.028182554990053177, 0.028470337390899658, 0.03212222456932068, 0.03169350326061249, 0.03003372810781002, 0.030201248824596405, 0.02718263864517212, 0.029685128480196, 0.028949759900569916, 0.02941124141216278, 0.030390383675694466, 0.02785884402692318, 0.03416892886161804, 0.026726115494966507, 0.03322356194257736, 0.03665677085518837, 0.028752194717526436, 0.032346077263355255, 0.02916007488965988, 0.02968551591038704, 0.028130972757935524, 0.03127921372652054, 0.034947335720062256, 0.029271040111780167, 0.02737244963645935, 0.029880519956350327, 0.0242542065680027, 0.028987450525164604, 0.027632644400000572, 0.029940610751509666, 0.029822517186403275, 0.03354395180940628, 0.02953219786286354, 0.03016079217195511, 0.029203450307250023, 0.0351993665099144, 0.033789925277233124, 0.03296279534697533, 0.027910808101296425, 0.03369080275297165, 0.029991189017891884, 0.029322128742933273, 0.03662297874689102, 0.03049125149846077, 0.029202591627836227, 0.0276988223195076, 0.03479042649269104, 0.031029101461172104, 0.03571183979511261, 0.025248268619179726, 0.040646716952323914, 0.03334982693195343, 0.035473015159368515, 0.03420604020357132, 0.02791660651564598, 0.02571975439786911, 0.030690539628267288, 0.031556036323308945, 0.031853944063186646, 0.024840127676725388, 0.03630206361413002, 0.027853652834892273, 0.03118867427110672, 0.031018052250146866, 0.030569026246666908, 0.031097445636987686, 0.031178852543234825, 0.030236510559916496, 0.02834709733724594, 0.03052668645977974, 0.030026275664567947, 0.027546627447009087, 0.0344320610165596, 0.03153189271688461, 0.03171628713607788, 0.030992094427347183, 0.03419143334031105, 0.03379439562559128, 0.0276426300406456, 0.035849981009960175, 0.029769524931907654, 0.03137447312474251, 0.029029391705989838, 0.033641450107097626, 0.033429838716983795, 0.03380400314927101, 0.03113562986254692, 0.029828611761331558, 0.03355451300740242, 0.03209292143583298, 0.03082771599292755, 0.03406078368425369, 0.033749617636203766, 0.0368683896958828, 0.030545271933078766, 0.029702235013246536, 0.03954079747200012, 0.031608857214450836, 0.03616458177566528, 0.0320565402507782, 0.028580307960510254, 0.03098500706255436, 0.028744297102093697, 0.02702433057129383, 0.02736232802271843, 0.03101740963757038, 0.030347058549523354, 0.023757100105285645, 0.027494709938764572, 0.026734095066785812, 0.03188888728618622, 0.03382757306098938, 0.029668495059013367, 0.034634754061698914, 0.033723384141922, 0.030763523653149605, 0.03455761820077896, 0.03348756209015846, 0.03782397881150246, 0.03032141737639904, 0.03662134334445, 0.03451837599277496, 0.026528645306825638, 0.03294345736503601, 0.03319930285215378, 0.03529467061161995, 0.03351756930351257, 0.02793809585273266, 0.02807074412703514, 0.026958230882883072, 0.02859341911971569, 0.03670750930905342, 0.032524336129426956, 0.03311891108751297, 0.02864309400320053, 0.03155502304434776, 0.029510026797652245, 0.0314023457467556, 0.03428889438509941, 0.02916046977043152, 0.038646332919597626, 0.03648662194609642, 0.03450603038072586, 0.029611188918352127, 0.033135801553726196, 0.029201649129390717, 0.02807849645614624, 0.03054063208401203, 0.030434897169470787, 0.028742622584104538, 0.027046509087085724, 0.02832997962832451, 0.03260549157857895, 0.03264045715332031, 0.03182675689458847, 0.03036210499703884, 0.03054000250995159, 0.03318500146269798, 0.03005179762840271, 0.03808515891432762, 0.03376232087612152, 0.027811963111162186, 0.02926652505993843], 'L_si': [0.00975288450717926, 0.012663237750530243, 0.01044529676437378, 0.012252777814865112, 0.00848466157913208, 0.01357826218008995, 0.010745786130428314, 0.013211578130722046, 0.008957482874393463, 0.008901573717594147, 0.010810166597366333, 0.010106503963470459, 0.01049802452325821, 0.013077616691589355, 0.00946381688117981, 0.00800369679927826, 0.009038746356964111, 0.007870674133300781, 0.01300916075706482, 0.011548079550266266, 0.010227560997009277, 0.010688111186027527, 0.008419327437877655, 0.007641613483428955, 0.007855884730815887, 0.01010558009147644, 0.01112113893032074, 0.009473539888858795, 0.011816728860139847, 0.008886255323886871, 0.014943823218345642, 0.010480888187885284, 0.010983414947986603, 0.006041169166564941, 0.010558247566223145, 0.011633522808551788, 0.009615011513233185, 0.008462205529212952, 0.00844951719045639, 0.009169824421405792, 0.013119719922542572, 0.011259734630584717, 0.012184463441371918, 0.014246702194213867, 0.014257125556468964, 0.01058834046125412, 0.008914515376091003, 0.013557180762290955, 0.011603817343711853, 0.010762229561805725, 0.011965282261371613, 0.013177335262298584, 0.01059357076883316, 0.012081988155841827, 0.01263255625963211, 0.01372760534286499, 0.01168222725391388, 0.006926305592060089, 0.013368908315896988, 0.008458159863948822, 0.012754742056131363, 0.009976565837860107, 0.010486364364624023, 0.01134587824344635, 0.009505607187747955, 0.013020291924476624, 0.01195044070482254, 0.014815770089626312, 0.010031722486019135, 0.012742362916469574, 0.009576722979545593, 0.012520678341388702, 0.007729865610599518, 0.012455642223358154, 0.008246518671512604, 0.010414496064186096, 0.014120906591415405, 0.007126264274120331, 0.010907337069511414, 0.008929602801799774, 0.010523155331611633, 0.011158592998981476, 0.010878220200538635, 0.012073561549186707, 0.01213008165359497, 0.012678183615207672, 0.009168431162834167, 0.009542383253574371, 0.008588261902332306, 0.01253465935587883, 0.012185577303171158, 0.009474396705627441, 0.01001930981874466, 0.008521437644958496, 0.009818367660045624, 0.008597441017627716, 0.00925387442111969, 0.009356841444969177, 0.009156890213489532, 0.013127349317073822, 0.008819080889225006, 0.009638503193855286, 0.014005012810230255, 0.008808061480522156, 0.01037723571062088, 0.009465165436267853, 0.010210126638412476, 0.00923600047826767, 0.01015608012676239, 0.01179291307926178, 0.00889095664024353, 0.007885128259658813, 0.009759046137332916, 0.006289571523666382, 0.00870676338672638, 0.007363267242908478, 0.008887991309165955, 0.01035282015800476, 0.012248963117599487, 0.01045110821723938, 0.009424746036529541, 0.010065890848636627, 0.01214752346277237, 0.011950194835662842, 0.01181928813457489, 0.00890207290649414, 0.010630644857883453, 0.010185010731220245, 0.009901478886604309, 0.014535751193761826, 0.011095419526100159, 0.010593727231025696, 0.009832873940467834, 0.012419350445270538, 0.010011658072471619, 0.013357680290937424, 0.007556840777397156, 0.015268035233020782, 0.012912735342979431, 0.013531327247619629, 0.01346857100725174, 0.008507587015628815, 0.007161438465118408, 0.009906038641929626, 0.010469220578670502, 0.010737419128417969, 0.0068556517362594604, 0.014926761388778687, 0.009117789566516876, 0.01089382916688919, 0.010692484676837921, 0.00853285938501358, 0.011481426656246185, 0.010890990495681763, 0.0108853280544281, 0.009000547230243683, 0.009084165096282959, 0.00965004414319992, 0.0096563920378685, 0.013545569032430649, 0.009090088307857513, 0.009122513234615326, 0.010104507207870483, 0.013124912977218628, 0.012905381619930267, 0.009509406983852386, 0.013933897018432617, 0.010399140417575836, 0.010220281779766083, 0.008660174906253815, 0.0121951624751091, 0.01216195523738861, 0.012964170426130295, 0.011323519051074982, 0.009742632508277893, 0.01164339855313301, 0.01241825520992279, 0.00963970273733139, 0.013097964227199554, 0.012541346251964569, 0.013844337314367294, 0.011417612433433533, 0.010386280715465546, 0.014989376068115234, 0.011510886251926422, 0.013557031750679016, 0.011849015951156616, 0.009109333157539368, 0.010088913142681122, 0.009884826838970184, 0.007719457149505615, 0.008924305438995361, 0.009471572935581207, 0.010350272059440613, 0.006827615201473236, 0.007608391344547272, 0.00843735784292221, 0.011640626937150955, 0.010737933218479156, 0.010533690452575684, 0.012742765247821808, 0.011130638420581818, 0.010842673480510712, 0.013164713978767395, 0.012500151991844177, 0.015799880027770996, 0.010478213429450989, 0.014002423733472824, 0.011665023863315582, 0.007606834173202515, 0.01079404354095459, 0.01158498227596283, 0.011812388896942139, 0.012862160801887512, 0.008772231638431549, 0.009049974381923676, 0.008180581033229828, 0.009218022227287292, 0.013923298567533493, 0.012059055268764496, 0.011553935706615448, 0.009512931108474731, 0.010517753660678864, 0.009199932217597961, 0.01139821857213974, 0.01123712956905365, 0.009271539747714996, 0.01487848162651062, 0.015400070697069168, 0.012860998511314392, 0.009303085505962372, 0.012218408286571503, 0.009754076600074768, 0.00882815569639206, 0.010616078972816467, 0.010887011885643005, 0.009965643286705017, 0.007851503789424896, 0.008370675146579742, 0.012172292917966843, 0.011036507785320282, 0.008761949837207794, 0.009335920214653015, 0.011398814618587494, 0.012282237410545349, 0.009598664939403534, 0.01523655280470848, 0.012608543038368225, 0.009897969663143158, 0.013211689889431], 'L_grad': [0.018213076516985893, 0.02077224850654602, 0.020726263523101807, 0.023135637864470482, 0.019941676408052444, 0.021412299945950508, 0.018202953040599823, 0.02187228947877884, 0.018868131563067436, 0.01934182643890381, 0.0191096942871809, 0.020548027008771896, 0.020672496408224106, 0.022856062278151512, 0.019576359540224075, 0.01867470145225525, 0.019104689359664917, 0.01867113634943962, 0.02104223519563675, 0.021138284355401993, 0.02241111360490322, 0.02083822339773178, 0.018864333629608154, 0.019749347120523453, 0.018724149093031883, 0.02017192542552948, 0.02127842791378498, 0.01818249560892582, 0.019970733672380447, 0.019392235204577446, 0.022338099777698517, 0.01977161318063736, 0.018370162695646286, 0.018038958311080933, 0.01941051334142685, 0.02046600542962551, 0.018988758325576782, 0.01786532998085022, 0.01849636621773243, 0.018552664667367935, 0.021575745195150375, 0.020105475559830666, 0.021937258541584015, 0.022722119465470314, 0.022362608462572098, 0.021519457921385765, 0.017855225130915642, 0.0224594846367836, 0.021244650706648827, 0.021199284121394157, 0.020009156316518784, 0.021961640566587448, 0.01916983164846897, 0.01970747858285904, 0.019792737439274788, 0.023597069084644318, 0.02085200883448124, 0.01849377155303955, 0.023572081699967384, 0.019798781722784042, 0.020226912572979927, 0.01819356344640255, 0.02250773459672928, 0.020303480327129364, 0.021120131015777588, 0.022084979340434074, 0.019768115133047104, 0.020252302289009094, 0.018526636064052582, 0.021885890513658524, 0.01941428706049919, 0.020756352692842484, 0.019767943769693375, 0.024826807901263237, 0.018600773066282272, 0.019114045426249504, 0.02581017091870308, 0.018336445093154907, 0.021333865821361542, 0.020853186026215553, 0.020127125084400177, 0.019951865077018738, 0.01768948696553707, 0.022596139460802078, 0.02186179906129837, 0.02125626802444458, 0.019627144560217857, 0.018640171736478806, 0.019882075488567352, 0.019587567076086998, 0.01950792782008648, 0.02055933140218258, 0.020181939005851746, 0.018661201000213623, 0.019866760820150375, 0.0203523188829422, 0.02015736699104309, 0.02103354223072529, 0.018701953813433647, 0.02104157768189907, 0.0179070346057415, 0.023585058748722076, 0.022651758044958115, 0.01994413323700428, 0.021968841552734375, 0.01969490945339203, 0.019475389271974564, 0.018894972279667854, 0.021123131737113, 0.023154422640800476, 0.020380083471536636, 0.019487321376800537, 0.02012147381901741, 0.01796463504433632, 0.020280687138438225, 0.020269377157092094, 0.021052619442343712, 0.019469697028398514, 0.021294986829161644, 0.01908108964562416, 0.020736046135425568, 0.019137559458613396, 0.02305184304714203, 0.021839730441570282, 0.021143507212400436, 0.019008735194802284, 0.023060156032443047, 0.01980617828667164, 0.019420649856328964, 0.022087227553129196, 0.01939583197236061, 0.01860886439681053, 0.017865948379039764, 0.022371074184775352, 0.021017443388700485, 0.022354159504175186, 0.01769142784178257, 0.02537868171930313, 0.020437093451619148, 0.021941687911748886, 0.02073747105896473, 0.019409019500017166, 0.018558315932750702, 0.020784500986337662, 0.021086815744638443, 0.021116524934768677, 0.017984475940465927, 0.021375302225351334, 0.018735863268375397, 0.02029484510421753, 0.020325567573308945, 0.022036166861653328, 0.0196160189807415, 0.020287862047553062, 0.019351182505488396, 0.01934655010700226, 0.02144252136349678, 0.020376231521368027, 0.017890235409140587, 0.020886490121483803, 0.0224418044090271, 0.022593773901462555, 0.0208875872194767, 0.021066520363092422, 0.02088901214301586, 0.018133223056793213, 0.021916083991527557, 0.019370384514331818, 0.021154191344976425, 0.020369216799736023, 0.021446287631988525, 0.021267883479595184, 0.020839832723140717, 0.01981211081147194, 0.020085979253053665, 0.02191111445426941, 0.019674664363265038, 0.02118801325559616, 0.020962821319699287, 0.021208271384239197, 0.023024052381515503, 0.019127659499645233, 0.01931595429778099, 0.024551423266530037, 0.020097970962524414, 0.022607550024986267, 0.020207524299621582, 0.019470974802970886, 0.020896093919873238, 0.018859470263123512, 0.019304873421788216, 0.018438022583723068, 0.021545836701989174, 0.01999678649008274, 0.01692948490381241, 0.0198863185942173, 0.0182967372238636, 0.020248262211680412, 0.023089639842510223, 0.019134804606437683, 0.021891990676522255, 0.02259274572134018, 0.019920850172638893, 0.021392902359366417, 0.020987410098314285, 0.02202409878373146, 0.01984320394694805, 0.022618919610977173, 0.022853350266814232, 0.018921811133623123, 0.02214941382408142, 0.021614322438836098, 0.02348228171467781, 0.02065541036427021, 0.01916586421430111, 0.019020769745111465, 0.018777649849653244, 0.019375396892428398, 0.022784210741519928, 0.02046528086066246, 0.02156497724354267, 0.0191301628947258, 0.0210372693836689, 0.020310094580054283, 0.02000412717461586, 0.02305176481604576, 0.019888930022716522, 0.023767849430441856, 0.021086551249027252, 0.02164503186941147, 0.020308103412389755, 0.020917391404509544, 0.01944757252931595, 0.01925034075975418, 0.019924553111195564, 0.01954788528382778, 0.01877697929739952, 0.019195005297660828, 0.019959304481744766, 0.020433196797966957, 0.02160394750535488, 0.023064807057380676, 0.021026184782385826, 0.019141187891364098, 0.020902764052152634, 0.020453132688999176, 0.02284860610961914, 0.021153779700398445, 0.017913993448019028, 0.01605483517050743]}
Setting up Multi Scale Gradient loss...
Done
Setting up Multi Scale Gradient loss...
Done
Setting up Multi Scale Gradient loss...
Done
Setting up Multi Scale Gradient loss...
Done
Setting up Multi Scale Gradient loss...
Done
Setting up Multi Scale Gradient loss...
Done
Setting up Multi Scale Gradient loss...
Done
Setting up Multi Scale Gradient loss...
Done
Setting up Multi Scale Gradient loss...
Done
Setting up Multi Scale Gradient loss...
Done
Setting up Multi Scale Gradient loss...
Done
Setting up Multi Scale Gradient loss...
Done
Setting up Multi Scale Gradient loss...
Done
Setting up Multi Scale Gradient loss...
Done
Setting up Multi Scale Gradient loss...
Done
Setting up Multi Scale Gradient loss...
Done
all losses in batch in validation:  {'loss': [0.027511050924658775, 0.02791936881840229, 0.026040446013212204, 0.03184572979807854, 0.025573400780558586, 0.030817195773124695, 0.028616296127438545, 0.033905401825904846, 0.025124136358499527, 0.026655714958906174, 0.023947307839989662, 0.030278442427515984, 0.029174229130148888, 0.028268329799175262, 0.027470003813505173, 0.024674488231539726, 0.024842318147420883, 0.024239199236035347, 0.03154852241277695, 0.027435164898633957, 0.031476616859436035, 0.028114764019846916, 0.026970580220222473, 0.02417236752808094, 0.02425972744822502, 0.026847274973988533, 0.027805747464299202, 0.027279742062091827, 0.026775889098644257, 0.02739109843969345, 0.03386149927973747, 0.026169702410697937, 0.02891569584608078, 0.026173077523708344, 0.03207480162382126, 0.03177523612976074, 0.027875427156686783, 0.02692084014415741, 0.024886254221200943, 0.025186289101839066, 0.02630157396197319, 0.027531415224075317, 0.02658778801560402, 0.03331586718559265, 0.03271060064435005, 0.02647070772945881, 0.02775069884955883, 0.03168720006942749, 0.02772458828985691, 0.033031314611434937, 0.026951808482408524, 0.02983875200152397, 0.024315956979990005, 0.02819978818297386, 0.03039034828543663, 0.032329194247722626, 0.026913363486528397, 0.02610773593187332, 0.03246092051267624, 0.026012539863586426, 0.029166635125875473, 0.027109777554869652, 0.03201715648174286, 0.025176387280225754, 0.027596155181527138, 0.02949206903576851, 0.02885420247912407, 0.032276369631290436, 0.02883835881948471, 0.030953047797083855, 0.02574385516345501, 0.029437582939863205, 0.025249183177947998, 0.03714674711227417, 0.025855887681245804, 0.025971537455916405, 0.03686343878507614, 0.025002088397741318, 0.027656404301524162, 0.02361748181283474, 0.026336699724197388, 0.0324009545147419, 0.0271628238260746, 0.02921672910451889, 0.027459710836410522, 0.028656233102083206, 0.02685662731528282, 0.02566644363105297, 0.029335811734199524, 0.03240100294351578, 0.03209305554628372, 0.0245058611035347, 0.030956989154219627, 0.022886890918016434, 0.026853099465370178, 0.02737867459654808, 0.026988092809915543, 0.026564300060272217, 0.024302305653691292, 0.02685224637389183, 0.02835209295153618, 0.03080628253519535, 0.0334005244076252, 0.02613779902458191, 0.028994057327508926, 0.0244907196611166, 0.028627850115299225, 0.0333486907184124, 0.027035197243094444, 0.030296653509140015, 0.02790932171046734, 0.024592576548457146, 0.02901357412338257, 0.02397436834871769, 0.02731800079345703, 0.023725386708974838, 0.02772415243089199, 0.02736847475171089, 0.028498534113168716, 0.02979196235537529, 0.025401223450899124, 0.02632632851600647, 0.028308331966400146, 0.030110076069831848, 0.03519462049007416, 0.02993079647421837, 0.02609555423259735, 0.025716004893183708, 0.027253471314907074, 0.03176259249448776, 0.025318821892142296, 0.02829333022236824, 0.028904782608151436, 0.032210662961006165, 0.02817106992006302, 0.0327463373541832, 0.020958799868822098, 0.03688108175992966, 0.027374017983675003, 0.031402282416820526, 0.029088864102959633, 0.026063060387969017, 0.022897329181432724, 0.026691317558288574, 0.02920105680823326, 0.028708310797810555, 0.02787194401025772, 0.03636554628610611, 0.024594087153673172, 0.025488916784524918, 0.029365891590714455, 0.03452165052294731, 0.029544780030846596, 0.030007174238562584, 0.031981028616428375, 0.02474987506866455, 0.027536118403077126, 0.027924146503210068, 0.029752390459179878, 0.03065503016114235, 0.0284174382686615, 0.030442625284194946, 0.027458377182483673, 0.029522333294153214, 0.03336058929562569, 0.02646300382912159, 0.03443886339664459, 0.027375591918826103, 0.02937478944659233, 0.026911621913313866, 0.03336579352617264, 0.02795790508389473, 0.03018319047987461, 0.024731464684009552, 0.026182638481259346, 0.02693943865597248, 0.029323123395442963, 0.02848660945892334, 0.028434786945581436, 0.03710230439901352, 0.034028422087430954, 0.025704462081193924, 0.023708971217274666, 0.04208850488066673, 0.028052203357219696, 0.03275357186794281, 0.025855738669633865, 0.024428948760032654, 0.03228187561035156, 0.023530136793851852, 0.026568764820694923, 0.02789277583360672, 0.026403456926345825, 0.025128038600087166, 0.022155817598104477, 0.026060394942760468, 0.024869073182344437, 0.025955285876989365, 0.03383989259600639, 0.02654753066599369, 0.029116107150912285, 0.03242233023047447, 0.029292523860931396, 0.02838091179728508, 0.03237908333539963, 0.029779348522424698, 0.025519492104649544, 0.0336652472615242, 0.03311749920248985, 0.02398177981376648, 0.03220340609550476, 0.026556197553873062, 0.02938693016767502, 0.030483290553092957, 0.024814261123538017, 0.02271978184580803, 0.02409464865922928, 0.02610228955745697, 0.035492993891239166, 0.027805184945464134, 0.033037975430488586, 0.027477063238620758, 0.026433881372213364, 0.02762754075229168, 0.028179418295621872, 0.031925998628139496, 0.025487709790468216, 0.03507068008184433, 0.03520079329609871, 0.030457226559519768, 0.02708902209997177, 0.027979064732789993, 0.025924241170287132, 0.0247071273624897, 0.027894720435142517, 0.02547917328774929, 0.028662441298365593, 0.03216280788183212, 0.024961382150650024, 0.030023152008652687, 0.033836349844932556, 0.03217877447605133, 0.027980148792266846, 0.02815058082342148, 0.028200551867485046, 0.028560690581798553, 0.03126762807369232, 0.029257435351610184, 0.024545125663280487, 0.033544737845659256], 'L_si': [0.009124435484409332, 0.010095685720443726, 0.007844105362892151, 0.010488815605640411, 0.007368519902229309, 0.011323466897010803, 0.010850861668586731, 0.012838311493396759, 0.007467947900295258, 0.008008494973182678, 0.007740095257759094, 0.01094149798154831, 0.009655281901359558, 0.009858645498752594, 0.00911656767129898, 0.0071504563093185425, 0.007066406309604645, 0.006840236485004425, 0.01120913028717041, 0.008668117225170135, 0.009907126426696777, 0.008892878890037537, 0.008438050746917725, 0.006463959813117981, 0.00698426365852356, 0.008326224982738495, 0.008682601153850555, 0.008727975189685822, 0.009297739714384079, 0.008551150560379028, 0.013096723705530167, 0.008428648114204407, 0.010908789932727814, 0.007567711174488068, 0.012563727796077728, 0.011661753058433533, 0.009470634162425995, 0.009091503918170929, 0.007594689726829529, 0.008196353912353516, 0.008836619555950165, 0.009409986436367035, 0.008382253348827362, 0.012623392045497894, 0.012274108827114105, 0.007969506084918976, 0.008750669658184052, 0.011157795786857605, 0.008750014007091522, 0.011880747973918915, 0.009454242885112762, 0.010435342788696289, 0.007873520255088806, 0.01004619151353836, 0.012220107018947601, 0.011507011950016022, 0.009235993027687073, 0.008281566202640533, 0.011039920151233673, 0.007932938635349274, 0.010709907859563828, 0.009068615734577179, 0.00975354015827179, 0.007841333746910095, 0.008319832384586334, 0.01004750281572342, 0.010523125529289246, 0.013668909668922424, 0.009386241436004639, 0.011012308299541473, 0.007448539137840271, 0.010439202189445496, 0.006888128817081451, 0.012064583599567413, 0.0074901282787323, 0.008654437959194183, 0.012227654457092285, 0.007250353693962097, 0.008791923522949219, 0.006047412753105164, 0.007943809032440186, 0.011973701417446136, 0.009928666055202484, 0.009629964828491211, 0.008449554443359375, 0.010406948626041412, 0.008610226213932037, 0.008325830101966858, 0.009128421545028687, 0.01253073662519455, 0.012294508516788483, 0.007091686129570007, 0.010213971138000488, 0.006257705390453339, 0.009006775915622711, 0.008186116814613342, 0.00765625387430191, 0.007351242005825043, 0.007458291947841644, 0.009376347064971924, 0.010046668350696564, 0.009127408266067505, 0.012154251337051392, 0.007588639855384827, 0.008677855134010315, 0.007034189999103546, 0.009649038314819336, 0.011739157140254974, 0.008353807032108307, 0.009790413081645966, 0.008234918117523193, 0.006624892354011536, 0.009156733751296997, 0.006888531148433685, 0.00804004818201065, 0.0062468647956848145, 0.008240602910518646, 0.009274192154407501, 0.009909644722938538, 0.009891733527183533, 0.00756441056728363, 0.008838057518005371, 0.008926890790462494, 0.009693875908851624, 0.012746796011924744, 0.010226264595985413, 0.007171116769313812, 0.007691241800785065, 0.00878850370645523, 0.011613413691520691, 0.008098043501377106, 0.010695241391658783, 0.010339625179767609, 0.01091758906841278, 0.009509272873401642, 0.011579036712646484, 0.005653470754623413, 0.012692928314208984, 0.01025208830833435, 0.010731123387813568, 0.010883577167987823, 0.007871560752391815, 0.0059600770473480225, 0.008326508104801178, 0.009461991488933563, 0.009245797991752625, 0.00915767252445221, 0.014202520251274109, 0.007296822965145111, 0.008049480617046356, 0.009787604212760925, 0.011353671550750732, 0.010873198509216309, 0.010444998741149902, 0.012411221861839294, 0.007013969123363495, 0.007994920015335083, 0.00828232616186142, 0.011181727051734924, 0.011491380631923676, 0.007873296737670898, 0.00911945104598999, 0.008294470608234406, 0.010774165391921997, 0.013700500130653381, 0.008263714611530304, 0.013508595526218414, 0.00911743938922882, 0.009495146572589874, 0.007713228464126587, 0.011637918651103973, 0.009492568671703339, 0.010580278933048248, 0.007939010858535767, 0.007694631814956665, 0.008376985788345337, 0.011081025004386902, 0.008769184350967407, 0.01022195816040039, 0.014099672436714172, 0.011997207999229431, 0.008592143654823303, 0.007413603365421295, 0.01635608822107315, 0.009730078279972076, 0.011030726134777069, 0.00845222920179367, 0.007368110120296478, 0.010767802596092224, 0.0071969181299209595, 0.008190982043743134, 0.00934164971113205, 0.007283933460712433, 0.007775366306304932, 0.005821093916893005, 0.007647842168807983, 0.007521174848079681, 0.008554019033908844, 0.010640382766723633, 0.008896812796592712, 0.009629115462303162, 0.01052314043045044, 0.010293208062648773, 0.01025739312171936, 0.011481314897537231, 0.011427409946918488, 0.008517317473888397, 0.01239490881562233, 0.011346936225891113, 0.006605282425880432, 0.010523281991481781, 0.008596651256084442, 0.009304746985435486, 0.010906592011451721, 0.007180854678153992, 0.006890110671520233, 0.007210224866867065, 0.008068911731243134, 0.01354709267616272, 0.009312547743320465, 0.012301690876483917, 0.008353881537914276, 0.008038349449634552, 0.008026674389839172, 0.010163635015487671, 0.01020929217338562, 0.007637426257133484, 0.013114072382450104, 0.014801271259784698, 0.01077955961227417, 0.00835002213716507, 0.009246915578842163, 0.007809258997440338, 0.007234856486320496, 0.009049586951732635, 0.00823076069355011, 0.00948798656463623, 0.010876946151256561, 0.00656580924987793, 0.010787472128868103, 0.011320538818836212, 0.009536907076835632, 0.008401148021221161, 0.010054409503936768, 0.00976698100566864, 0.00929657369852066, 0.011951431632041931, 0.010293669998645782, 0.00817212462425232, 0.015459306538105011], 'L_grad': [0.018386615440249443, 0.017823683097958565, 0.018196340650320053, 0.021356914192438126, 0.018204880878329277, 0.01949372887611389, 0.017765434458851814, 0.021067092195153236, 0.01765618845820427, 0.018647219985723495, 0.016207212582230568, 0.019336944445967674, 0.01951894722878933, 0.01840968430042267, 0.018353436142206192, 0.017524031922221184, 0.01777591183781624, 0.017398962751030922, 0.020339392125606537, 0.01876704767346382, 0.021569490432739258, 0.01922188512980938, 0.01853252947330475, 0.01770840771496296, 0.017275463789701462, 0.018521049991250038, 0.019123146310448647, 0.018551766872406006, 0.017478149384260178, 0.018839947879314423, 0.020764775574207306, 0.01774105429649353, 0.018006905913352966, 0.018605366349220276, 0.01951107196509838, 0.02011348493397236, 0.018404792994260788, 0.01782933622598648, 0.017291564494371414, 0.01698993518948555, 0.017464954406023026, 0.018121428787708282, 0.018205534666776657, 0.020692475140094757, 0.020436491817235947, 0.018501201644539833, 0.01900002919137478, 0.020529404282569885, 0.01897457428276539, 0.02115056663751602, 0.01749756559729576, 0.019403409212827682, 0.0164424367249012, 0.0181535966694355, 0.01817024126648903, 0.020822182297706604, 0.017677370458841324, 0.017826169729232788, 0.021421000361442566, 0.018079601228237152, 0.018456727266311646, 0.018041161820292473, 0.02226361446082592, 0.01733505353331566, 0.019276322796940804, 0.01944456622004509, 0.018331076949834824, 0.01860745996236801, 0.019452117383480072, 0.01994073949754238, 0.01829531602561474, 0.01899838075041771, 0.018361054360866547, 0.025082163512706757, 0.018365759402513504, 0.01731709949672222, 0.024635784327983856, 0.01775173470377922, 0.018864480778574944, 0.017570069059729576, 0.018392890691757202, 0.02042725309729576, 0.017234157770872116, 0.01958676427602768, 0.019010156393051147, 0.018249284476041794, 0.018246401101350784, 0.017340613529086113, 0.020207390189170837, 0.01987026445567608, 0.01979854889214039, 0.01741417497396469, 0.02074301801621914, 0.016629185527563095, 0.017846323549747467, 0.019192557781934738, 0.019331838935613632, 0.019213058054447174, 0.016844013705849648, 0.017475899308919907, 0.018305424600839615, 0.021678874269127846, 0.021246273070573807, 0.018549159169197083, 0.02031620219349861, 0.017456529662013054, 0.01897881180047989, 0.021609533578157425, 0.018681390210986137, 0.02050624042749405, 0.019674403592944145, 0.01796768419444561, 0.01985684037208557, 0.017085837200284004, 0.01927795261144638, 0.017478521913290024, 0.019483549520373344, 0.01809428259730339, 0.01858888939023018, 0.019900228828191757, 0.017836812883615494, 0.0174882709980011, 0.019381441175937653, 0.020416200160980225, 0.022447824478149414, 0.019704531878232956, 0.01892443746328354, 0.018024763092398643, 0.018464967608451843, 0.02014918066561222, 0.01722077839076519, 0.017598088830709457, 0.018565157428383827, 0.021293075755238533, 0.018661797046661377, 0.021167300641536713, 0.01530533004552126, 0.024188153445720673, 0.017121929675340652, 0.020671159029006958, 0.01820528693497181, 0.018191499635577202, 0.0169372521340847, 0.018364809453487396, 0.019739065319299698, 0.01946251280605793, 0.01871427148580551, 0.02216302789747715, 0.01729726418852806, 0.01743943616747856, 0.01957828737795353, 0.02316797897219658, 0.018671581521630287, 0.01956217549741268, 0.01956980489194393, 0.017735905945301056, 0.019541198387742043, 0.019641820341348648, 0.018570663407444954, 0.019163649529218674, 0.0205441415309906, 0.021323174238204956, 0.019163906574249268, 0.018748167902231216, 0.019660089164972305, 0.018199289217591286, 0.020930267870426178, 0.018258152529597282, 0.019879642874002457, 0.01919839344918728, 0.021727874875068665, 0.01846533641219139, 0.019602911546826363, 0.016792453825473785, 0.01848800666630268, 0.018562452867627144, 0.01824209839105606, 0.019717425107955933, 0.018212828785181046, 0.023002631962299347, 0.022031214088201523, 0.01711231842637062, 0.01629536785185337, 0.025732416659593582, 0.01832212507724762, 0.021722843870520592, 0.017403509467840195, 0.017060838639736176, 0.021514074876904488, 0.016333218663930893, 0.01837778277695179, 0.01855112612247467, 0.019119523465633392, 0.017352672293782234, 0.01633472368121147, 0.018412552773952484, 0.017347898334264755, 0.01740126684308052, 0.02319950982928276, 0.017650717869400978, 0.019486991688609123, 0.021899189800024033, 0.018999315798282623, 0.01812351867556572, 0.020897768437862396, 0.01835193857550621, 0.017002174630761147, 0.02127033844590187, 0.02177056297659874, 0.017376497387886047, 0.02168012410402298, 0.01795954629778862, 0.020082183182239532, 0.019576698541641235, 0.017633406445384026, 0.015829671174287796, 0.016884423792362213, 0.018033377826213837, 0.021945901215076447, 0.01849263720214367, 0.02073628269135952, 0.019123181700706482, 0.01839553192257881, 0.019600866362452507, 0.0180157832801342, 0.021716708317399025, 0.017850283533334732, 0.021956605836749077, 0.02039952203631401, 0.019677666947245598, 0.0187389999628067, 0.01873214915394783, 0.018114982172846794, 0.017472270876169205, 0.01884513348340988, 0.01724841259419918, 0.019174454733729362, 0.021285859867930412, 0.018395572900772095, 0.019235679879784584, 0.022515809163451195, 0.022641869261860847, 0.019579000771045685, 0.01809617131948471, 0.018433570861816406, 0.019264116883277893, 0.01931619644165039, 0.0189637653529644, 0.016373001039028168, 0.018085431307554245]}
Saving current best: model_best.pth.tar ...
Setting up Multi Scale Gradient loss...
Done
Setting up Multi Scale Gradient loss...
Done
Setting up Multi Scale Gradient loss...
Done
Setting up Multi Scale Gradient loss...
Done
Setting up Multi Scale Gradient loss...
Done
Setting up Multi Scale Gradient loss...
Done
Setting up Multi Scale Gradient loss...
Done
Setting up Multi Scale Gradient loss...
Done
Setting up Multi Scale Gradient loss...
Done
Setting up Multi Scale Gradient loss...
Done
Setting up Multi Scale Gradient loss...
Done
Setting up Multi Scale Gradient loss...
Done
Setting up Multi Scale Gradient loss...
Done
Setting up Multi Scale Gradient loss...
Done
Setting up Multi Scale Gradient loss...
Done
Setting up Multi Scale Gradient loss...
Done
all losses in batch in validation:  {'loss': [0.02581915073096752, 0.02760584093630314, 0.02468258887529373, 0.03162999451160431, 0.02390657551586628, 0.03229866176843643, 0.02656480483710766, 0.032185133546590805, 0.024761468172073364, 0.025189552456140518, 0.024810558184981346, 0.028942307457327843, 0.02813909761607647, 0.029963549226522446, 0.02514798194169998, 0.02312338910996914, 0.02519778534770012, 0.022944357246160507, 0.029918335378170013, 0.0251518152654171, 0.029764443635940552, 0.027502503246068954, 0.023744836449623108, 0.022543273866176605, 0.023229625076055527, 0.02525932341814041, 0.02759222500026226, 0.025959262624382973, 0.028416406363248825, 0.024520760402083397, 0.032139647752046585, 0.02574620023369789, 0.027461204677820206, 0.02477383241057396, 0.026249956339597702, 0.026400703936815262, 0.024222910404205322, 0.024999741464853287, 0.02346224896609783, 0.023627087473869324, 0.026096779853105545, 0.027342528104782104, 0.023371390998363495, 0.03077348694205284, 0.03422050178050995, 0.02525991015136242, 0.024298902601003647, 0.029931088909506798, 0.026958053931593895, 0.028167448937892914, 0.026501700282096863, 0.030634887516498566, 0.02248651348054409, 0.028030700981616974, 0.030379319563508034, 0.03137155622243881, 0.027094559744000435, 0.020516622811555862, 0.032723866403102875, 0.02359379082918167, 0.031598880887031555, 0.024790169671177864, 0.030964629724621773, 0.022913342341780663, 0.026478830724954605, 0.028955768793821335, 0.029248656705021858, 0.03247469291090965, 0.02500373125076294, 0.02863118052482605, 0.02681097202003002, 0.02944236993789673, 0.022646866738796234, 0.032872214913368225, 0.023888440802693367, 0.024902762845158577, 0.03544120490550995, 0.02234657108783722, 0.026533683761954308, 0.022493505850434303, 0.025620054453611374, 0.029117416590452194, 0.02572232112288475, 0.0279711801558733, 0.02685154788196087, 0.02934696525335312, 0.024786870926618576, 0.024770835414528847, 0.02505241148173809, 0.02891109511256218, 0.02982431650161743, 0.02361360192298889, 0.02605604939162731, 0.022804642096161842, 0.025175785645842552, 0.023695603013038635, 0.026629090309143066, 0.025129476562142372, 0.02357729896903038, 0.02741752378642559, 0.025624047964811325, 0.027203800156712532, 0.031503986567258835, 0.024012072011828423, 0.02529284916818142, 0.024530643597245216, 0.02752373181283474, 0.02621503733098507, 0.0271576177328825, 0.02908221259713173, 0.025771649554371834, 0.02291877381503582, 0.030628584325313568, 0.020246893167495728, 0.023867381736636162, 0.021282242611050606, 0.025926370173692703, 0.026768172159790993, 0.02836141362786293, 0.025802724063396454, 0.02233254164457321, 0.02478810027241707, 0.02704644575715065, 0.02907189354300499, 0.029977142810821533, 0.024819079786539078, 0.025015821680426598, 0.025207269936800003, 0.0252237431704998, 0.027257490903139114, 0.027024105191230774, 0.02668341062963009, 0.027201533317565918, 0.028250742703676224, 0.026591835543513298, 0.03107479400932789, 0.021020643413066864, 0.034308061003685, 0.028147954493761063, 0.02827027067542076, 0.030738195404410362, 0.022322725504636765, 0.021125541999936104, 0.02668626606464386, 0.024583429098129272, 0.02602192759513855, 0.02206644043326378, 0.03448920696973801, 0.024916090071201324, 0.02559388056397438, 0.028282824903726578, 0.028342872858047485, 0.02862105518579483, 0.026711951941251755, 0.025908706709742546, 0.023061495274305344, 0.025175485759973526, 0.02738545462489128, 0.026167571544647217, 0.030053529888391495, 0.025583084672689438, 0.02536516636610031, 0.02569730207324028, 0.02936011180281639, 0.0318286158144474, 0.02457401528954506, 0.03126925975084305, 0.025726065039634705, 0.027584059163928032, 0.0248226597905159, 0.028444679453969002, 0.02861502580344677, 0.030218444764614105, 0.02386987768113613, 0.026662979274988174, 0.027539536356925964, 0.028516331687569618, 0.02570844441652298, 0.028858624398708344, 0.03457382321357727, 0.032807208597660065, 0.02569727599620819, 0.02358844503760338, 0.03706684708595276, 0.029362201690673828, 0.032443080097436905, 0.02694859728217125, 0.02373904176056385, 0.029044177383184433, 0.0246726181358099, 0.022078076377511024, 0.02325456589460373, 0.024939099326729774, 0.027137301862239838, 0.02127717062830925, 0.022537710145115852, 0.022906852886080742, 0.027378443628549576, 0.031759217381477356, 0.026015929877758026, 0.02640238031744957, 0.029375610873103142, 0.027424851432442665, 0.02817540429532528, 0.03131778538227081, 0.029226042330265045, 0.025210637599229813, 0.03435060381889343, 0.03218647837638855, 0.022142870351672173, 0.031629741191864014, 0.026568759232759476, 0.029420170933008194, 0.02661909908056259, 0.02358749508857727, 0.022979529574513435, 0.022576604038476944, 0.02485032007098198, 0.0342370942234993, 0.025760605931282043, 0.029128797352313995, 0.025379719212651253, 0.02603922225534916, 0.025282077491283417, 0.028002621605992317, 0.030156906694173813, 0.02463974617421627, 0.030263133347034454, 0.0341949462890625, 0.0303899385035038, 0.024639245122671127, 0.025786666199564934, 0.026122521609067917, 0.023137109354138374, 0.02514444664120674, 0.0256913211196661, 0.025636769831180573, 0.02895153872668743, 0.02465806156396866, 0.02951815165579319, 0.03140551596879959, 0.02908043935894966, 0.024755310267210007, 0.025908874347805977, 0.029439086094498634, 0.025373054668307304, 0.030988536775112152, 0.028793979436159134, 0.02431260049343109, 0.028183888643980026], 'L_si': [0.008257567882537842, 0.010229386389255524, 0.007457509636878967, 0.010338928550481796, 0.006722800433635712, 0.0121682770550251, 0.010018594563007355, 0.01219543069601059, 0.00736931711435318, 0.00735265389084816, 0.008633408695459366, 0.009936757385730743, 0.009042598307132721, 0.010898124426603317, 0.007889971137046814, 0.006594739854335785, 0.007441271096467972, 0.006136715412139893, 0.010559510439634323, 0.00779985636472702, 0.00898059457540512, 0.008618541061878204, 0.007027179002761841, 0.005684800446033478, 0.006445184350013733, 0.007446452975273132, 0.008668564260005951, 0.008417196571826935, 0.010326020419597626, 0.007090412080287933, 0.012168452143669128, 0.008450068533420563, 0.010257627815008163, 0.00683092325925827, 0.008241891860961914, 0.009198125451803207, 0.0073341503739356995, 0.007822651416063309, 0.0070107802748680115, 0.007431782782077789, 0.008664622902870178, 0.009031962603330612, 0.006492555141448975, 0.011558391153812408, 0.01308482140302658, 0.007272891700267792, 0.0073344893753528595, 0.010733913630247116, 0.008452877402305603, 0.009226985275745392, 0.00950288400053978, 0.011009898036718369, 0.0069282278418540955, 0.010384954512119293, 0.012172229588031769, 0.011165212839841843, 0.009639069437980652, 0.005191795527935028, 0.010963074862957, 0.006730236113071442, 0.012200616300106049, 0.008403066545724869, 0.009522274136543274, 0.006969325244426727, 0.007889576256275177, 0.010039050132036209, 0.010977521538734436, 0.013880755752325058, 0.007912948727607727, 0.009808659553527832, 0.00797632709145546, 0.0105937160551548, 0.0056961700320243835, 0.010268695652484894, 0.006699621677398682, 0.007974609732627869, 0.011827457696199417, 0.005868382751941681, 0.008275993168354034, 0.00560547411441803, 0.007798030972480774, 0.01030382513999939, 0.009595010429620743, 0.009281806647777557, 0.008125506341457367, 0.010813526809215546, 0.007533915340900421, 0.007884588092565536, 0.006902478635311127, 0.011232700198888779, 0.011156287044286728, 0.006759554147720337, 0.007908321917057037, 0.006374023854732513, 0.007953815162181854, 0.0065273717045784, 0.007480554282665253, 0.006852477788925171, 0.007047619670629501, 0.010100726038217545, 0.00836874544620514, 0.007320284843444824, 0.011353161185979843, 0.006268210709095001, 0.0069725364446640015, 0.007077418267726898, 0.00891883298754692, 0.008177679032087326, 0.00872766226530075, 0.00932241976261139, 0.00725177675485611, 0.0059843361377716064, 0.010249055922031403, 0.005101814866065979, 0.006330646574497223, 0.004882432520389557, 0.0073585957288742065, 0.00912453979253769, 0.010126139968633652, 0.008084185421466827, 0.006047166883945465, 0.007912687957286835, 0.00828271359205246, 0.009577538818120956, 0.010303892195224762, 0.007474347949028015, 0.006787970662117004, 0.007688391953706741, 0.007675789296627045, 0.010003063827753067, 0.009352114051580429, 0.009920097887516022, 0.009256362915039062, 0.00926617905497551, 0.008860759437084198, 0.010953102260828018, 0.0057128071784973145, 0.011286377906799316, 0.010723594576120377, 0.009407822042703629, 0.011710632592439651, 0.006155937910079956, 0.0052698031067848206, 0.00835377722978592, 0.007067076861858368, 0.007654979825019836, 0.006195656955242157, 0.014186263084411621, 0.007419094443321228, 0.008069854229688644, 0.009309113025665283, 0.008105829358100891, 0.010579776018857956, 0.008475251495838165, 0.008750244975090027, 0.006211578845977783, 0.00707041472196579, 0.008241552859544754, 0.00928594172000885, 0.011369921267032623, 0.006610102951526642, 0.006344810128211975, 0.007568046450614929, 0.010985318571329117, 0.012317206710577011, 0.0077001117169857025, 0.011735111474990845, 0.008264575153589249, 0.00843585655093193, 0.006858609616756439, 0.009362854063510895, 0.010022301226854324, 0.010886367410421371, 0.007666736841201782, 0.008090842515230179, 0.008596796542406082, 0.010696936398744583, 0.0074581727385520935, 0.010458514094352722, 0.012548349797725677, 0.011662609875202179, 0.009255878627300262, 0.007492184638977051, 0.013709716498851776, 0.01040581613779068, 0.01146625354886055, 0.00946621224284172, 0.007097207009792328, 0.00904565304517746, 0.007702343165874481, 0.005780242383480072, 0.006952308118343353, 0.006692126393318176, 0.00865098461508751, 0.0056290403008461, 0.005747668445110321, 0.00655587762594223, 0.009241189807653427, 0.010028883814811707, 0.008752081543207169, 0.00847601518034935, 0.009127311408519745, 0.009468495845794678, 0.010428935289382935, 0.0113384909927845, 0.011253051459789276, 0.008208531886339188, 0.01281391829252243, 0.010772652924060822, 0.0058287084102630615, 0.010618865489959717, 0.008532755076885223, 0.009286448359489441, 0.00953185185790062, 0.006707575172185898, 0.007091045379638672, 0.006616249680519104, 0.0073970891535282135, 0.012735400348901749, 0.008439715951681137, 0.010143410414457321, 0.007647685706615448, 0.007817771285772324, 0.007024899125099182, 0.010321222245693207, 0.009649522602558136, 0.007368959486484528, 0.011113408952951431, 0.014299236238002777, 0.010828834027051926, 0.007303088903427124, 0.008363232016563416, 0.007934339344501495, 0.006460599601268768, 0.007884517312049866, 0.008275825530290604, 0.008157938718795776, 0.008910208940505981, 0.006465323269367218, 0.010388057678937912, 0.010164409875869751, 0.007735505700111389, 0.006938546895980835, 0.009138192981481552, 0.010508600622415543, 0.007432416081428528, 0.011861782521009445, 0.010430287569761276, 0.008015841245651245, 0.012490298599004745], 'L_grad': [0.01756158284842968, 0.017376454547047615, 0.017225079238414764, 0.021291064098477364, 0.017183775082230568, 0.020130382850766182, 0.016546210274100304, 0.019989702850580215, 0.017392151057720184, 0.01783689856529236, 0.01617714948952198, 0.0190055500715971, 0.01909649930894375, 0.01906542479991913, 0.017258010804653168, 0.016528649255633354, 0.017756514251232147, 0.016807641834020615, 0.01935882493853569, 0.01735195890069008, 0.02078384906053543, 0.01888396218419075, 0.016717657446861267, 0.016858473420143127, 0.016784440726041794, 0.01781287044286728, 0.01892366074025631, 0.017542066052556038, 0.0180903859436512, 0.017430348321795464, 0.019971195608377457, 0.01729613170027733, 0.017203576862812042, 0.01794290915131569, 0.018008064478635788, 0.017202578485012054, 0.016888760030269623, 0.017177090048789978, 0.01645146869122982, 0.016195304691791534, 0.017432156950235367, 0.018310565501451492, 0.01687883585691452, 0.019215095788240433, 0.021135682240128517, 0.017987018451094627, 0.016964413225650787, 0.01919717527925968, 0.018505176529288292, 0.018940463662147522, 0.016998816281557083, 0.019624989479780197, 0.015558285638689995, 0.01764574646949768, 0.018207089975476265, 0.02020634338259697, 0.017455490306019783, 0.015324827283620834, 0.021760791540145874, 0.01686355471611023, 0.019398264586925507, 0.016387103125452995, 0.0214423555880785, 0.015944017097353935, 0.018589254468679428, 0.018916718661785126, 0.018271135166287422, 0.018593937158584595, 0.017090782523155212, 0.018822520971298218, 0.018834644928574562, 0.018848653882741928, 0.01695069670677185, 0.022603517398238182, 0.017188819125294685, 0.01692815311253071, 0.023613745346665382, 0.01647818833589554, 0.018257690593600273, 0.016888031736016273, 0.0178220234811306, 0.018813591450452805, 0.016127310693264008, 0.01868937350809574, 0.018726041540503502, 0.018533438444137573, 0.017252955585718155, 0.01688624732196331, 0.018149932846426964, 0.0176783949136734, 0.018668029457330704, 0.016854047775268555, 0.018147727474570274, 0.01643061824142933, 0.017221970483660698, 0.017168231308460236, 0.019148536026477814, 0.0182769987732172, 0.01652967929840088, 0.017316797748208046, 0.017255302518606186, 0.019883515313267708, 0.02015082538127899, 0.01774386130273342, 0.018320312723517418, 0.017453225329518318, 0.01860489882528782, 0.018037358298897743, 0.01842995546758175, 0.01975979283452034, 0.018519872799515724, 0.016934437677264214, 0.020379528403282166, 0.015145078301429749, 0.01753673516213894, 0.01639981009066105, 0.018567774444818497, 0.017643632367253304, 0.01823527365922928, 0.017718538641929626, 0.016285374760627747, 0.016875412315130234, 0.01876373216509819, 0.019494354724884033, 0.01967325061559677, 0.017344731837511063, 0.018227851018309593, 0.01751887798309326, 0.017547953873872757, 0.017254427075386047, 0.017671991139650345, 0.016763312742114067, 0.017945170402526855, 0.018984563648700714, 0.0177310761064291, 0.02012169174849987, 0.015307837165892124, 0.023021681234240532, 0.017424359917640686, 0.018862448632717133, 0.01902756281197071, 0.01616678759455681, 0.015855738893151283, 0.01833248883485794, 0.017516352236270905, 0.018366947770118713, 0.01587078347802162, 0.020302942022681236, 0.017496995627880096, 0.017524026334285736, 0.018973711878061295, 0.020237043499946594, 0.018041279166936874, 0.01823670044541359, 0.01715846173465252, 0.01684991642832756, 0.018105071038007736, 0.019143901765346527, 0.016881629824638367, 0.01868360862135887, 0.018972981721162796, 0.019020356237888336, 0.01812925562262535, 0.018374793231487274, 0.019511409103870392, 0.016873903572559357, 0.019534148275852203, 0.017461489886045456, 0.0191482026129961, 0.01796405017375946, 0.019081825390458107, 0.018592724576592445, 0.019332077354192734, 0.01620314083993435, 0.018572136759757996, 0.018942739814519882, 0.017819395288825035, 0.018250271677970886, 0.01840011030435562, 0.022025475278496742, 0.021144598722457886, 0.01644139736890793, 0.016096260398626328, 0.023357132449746132, 0.018956385552883148, 0.020976826548576355, 0.01748238503932953, 0.016641834750771523, 0.019998524338006973, 0.016970274969935417, 0.016297833994030952, 0.016302257776260376, 0.018246972933411598, 0.01848631724715233, 0.01564813032746315, 0.01679004170000553, 0.01635097526013851, 0.01813725382089615, 0.0217303354293108, 0.017263848334550858, 0.01792636513710022, 0.020248299464583397, 0.017956355586647987, 0.017746469005942345, 0.019979292526841164, 0.01797299087047577, 0.017002105712890625, 0.02153668738901615, 0.02141382358968258, 0.01631416194140911, 0.021010875701904297, 0.018036004155874252, 0.020133722573518753, 0.017087247222661972, 0.016879919916391373, 0.015888484194874763, 0.01596035435795784, 0.017453230917453766, 0.02150169387459755, 0.017320889979600906, 0.018985386937856674, 0.017732033506035805, 0.018221450969576836, 0.018257178366184235, 0.01768139936029911, 0.020507384091615677, 0.017270786687731743, 0.019149724394083023, 0.019895708188414574, 0.019561104476451874, 0.017336156219244003, 0.017423434183001518, 0.01818818226456642, 0.016676509752869606, 0.017259929329156876, 0.017415495589375496, 0.017478831112384796, 0.02004132978618145, 0.01819273829460144, 0.019130093976855278, 0.02124110423028469, 0.021344933658838272, 0.017816763371229172, 0.016770681366324425, 0.018930485472083092, 0.017940638586878777, 0.019126754254102707, 0.018363691866397858, 0.016296759247779846, 0.01569359004497528]}
Saving current best: model_best.pth.tar ...
Setting up Multi Scale Gradient loss...
Done
Setting up Multi Scale Gradient loss...
Done
Setting up Multi Scale Gradient loss...
Done
Setting up Multi Scale Gradient loss...
Done
Setting up Multi Scale Gradient loss...
Done
Setting up Multi Scale Gradient loss...
Done
Setting up Multi Scale Gradient loss...
Done
Setting up Multi Scale Gradient loss...
Done
Setting up Multi Scale Gradient loss...
Setting up Multi Scale Gradient loss...
Setting up Multi Scale Gradient loss...
Setting up Multi Scale Gradient loss...
Setting up Multi Scale Gradient loss...
Setting up Multi Scale Gradient loss...
Done
Done
Done
Done
Done
Done
Setting up Multi Scale Gradient loss...
Done
Setting up Multi Scale Gradient loss...
Done
all losses in batch in validation:  {'loss': [0.023377401754260063, 0.026094667613506317, 0.023076727986335754, 0.03037710301578045, 0.022970732301473618, 0.03018287383019924, 0.026005826890468597, 0.03079799935221672, 0.023347871378064156, 0.023282986134290695, 0.023244811221957207, 0.02772722952067852, 0.02579411491751671, 0.026358231902122498, 0.023240987211465836, 0.022283175960183144, 0.022989600896835327, 0.022128863260149956, 0.028095103800296783, 0.024792853742837906, 0.029665887355804443, 0.024968452751636505, 0.022772204130887985, 0.02252977527678013, 0.02185828983783722, 0.023727305233478546, 0.026545856148004532, 0.024161769077181816, 0.02621312625706196, 0.022579967975616455, 0.030201181769371033, 0.024804215878248215, 0.02501441165804863, 0.024185214191675186, 0.02692471630871296, 0.02642309106886387, 0.02247227355837822, 0.02245570905506611, 0.022166021168231964, 0.02310209535062313, 0.022676341235637665, 0.025301039218902588, 0.022391244769096375, 0.029879257082939148, 0.03166559711098671, 0.02476145699620247, 0.023177821189165115, 0.027229521423578262, 0.02529044821858406, 0.026993509382009506, 0.024220161139965057, 0.02804054692387581, 0.02166411466896534, 0.02482890896499157, 0.02711973525583744, 0.03047691471874714, 0.02564375475049019, 0.021656561642885208, 0.030511697754263878, 0.022902624681591988, 0.028806373476982117, 0.02293667569756508, 0.02893098257482052, 0.02272394672036171, 0.02496844343841076, 0.026617588475346565, 0.02705887332558632, 0.03245506063103676, 0.023372432217001915, 0.025435078889131546, 0.02428983524441719, 0.02796662040054798, 0.022523287683725357, 0.028464868664741516, 0.022530725225806236, 0.022868020460009575, 0.03123895451426506, 0.022138047963380814, 0.02472098544239998, 0.02170083113014698, 0.02412177063524723, 0.027716660872101784, 0.02499951422214508, 0.02572431042790413, 0.02482886239886284, 0.028660323470830917, 0.023761382326483727, 0.023266345262527466, 0.023249108344316483, 0.02761225774884224, 0.027044057846069336, 0.023442324250936508, 0.024645395576953888, 0.022048885002732277, 0.025837760418653488, 0.023091359063982964, 0.02481614239513874, 0.023912928998470306, 0.021743416786193848, 0.02401752583682537, 0.024739844724535942, 0.025730106979608536, 0.029115449637174606, 0.022242655977606773, 0.0234401673078537, 0.023626601323485374, 0.024431997910141945, 0.023183707147836685, 0.025529183447360992, 0.027338989078998566, 0.024283943697810173, 0.020739015191793442, 0.027595430612564087, 0.020498957484960556, 0.023032881319522858, 0.02203397825360298, 0.02407531626522541, 0.026617031544446945, 0.0255095474421978, 0.024037394672632217, 0.021276099607348442, 0.023674705997109413, 0.024730686098337173, 0.02724428102374077, 0.027280282229185104, 0.022594626992940903, 0.02419992722570896, 0.023685500025749207, 0.023869415745139122, 0.024657128378748894, 0.025062523782253265, 0.025847721844911575, 0.026058726012706757, 0.02651144564151764, 0.024037135764956474, 0.027460629120469093, 0.0201808400452137, 0.03137524798512459, 0.026353394612669945, 0.026641618460416794, 0.028632208704948425, 0.020501652732491493, 0.021289683878421783, 0.026018735021352768, 0.022468797862529755, 0.024984968826174736, 0.02092844620347023, 0.030330901965498924, 0.023104656487703323, 0.02391076646745205, 0.02587178349494934, 0.02702268585562706, 0.027949251234531403, 0.024905141443014145, 0.026945935562253, 0.02265022322535515, 0.024547407403588295, 0.025680936872959137, 0.023411404341459274, 0.0284362081438303, 0.025791827589273453, 0.024180840700864792, 0.02431744523346424, 0.029163572937250137, 0.03202316164970398, 0.02279551513493061, 0.028373749926686287, 0.024359002709388733, 0.02512752078473568, 0.02387094870209694, 0.026828162372112274, 0.02625325322151184, 0.027339540421962738, 0.023503774777054787, 0.024716272950172424, 0.025600016117095947, 0.027325281873345375, 0.02318834885954857, 0.02695254422724247, 0.032023269683122635, 0.02987256832420826, 0.024024775251746178, 0.023600151762366295, 0.03237374126911163, 0.02673161029815674, 0.028006110340356827, 0.02428431063890457, 0.022892288863658905, 0.02548816055059433, 0.023343566805124283, 0.021071240305900574, 0.022323958575725555, 0.024508338421583176, 0.023794986307621002, 0.020525287836790085, 0.022007454186677933, 0.02132502570748329, 0.025297531858086586, 0.028497379273176193, 0.024749021977186203, 0.02499631978571415, 0.026652690023183823, 0.026529550552368164, 0.027391571551561356, 0.027530677616596222, 0.026796940714120865, 0.02280927635729313, 0.032083526253700256, 0.030762426555156708, 0.022549131885170937, 0.02796902507543564, 0.025499911978840828, 0.026027502492070198, 0.02458888664841652, 0.022621648386120796, 0.023070059716701508, 0.022663922980427742, 0.022881366312503815, 0.031723812222480774, 0.02277093566954136, 0.027283925563097, 0.023948799818754196, 0.024259593337774277, 0.024193163961172104, 0.027209989726543427, 0.0275711789727211, 0.023686131462454796, 0.027954714372754097, 0.03290071710944176, 0.028505004942417145, 0.023089414462447166, 0.025475652888417244, 0.024952344596385956, 0.021874673664569855, 0.02394930273294449, 0.024422870948910713, 0.023221701383590698, 0.026513848453760147, 0.023345865309238434, 0.026454908773303032, 0.02752387523651123, 0.026531923562288284, 0.023797420784831047, 0.02372068166732788, 0.027332596480846405, 0.024073069915175438, 0.02936611883342266, 0.02814609743654728, 0.02238702028989792, 0.02421613410115242], 'L_si': [0.00708509236574173, 0.009388092905282974, 0.006414357572793961, 0.009710557758808136, 0.006268396973609924, 0.011208582669496536, 0.009760044515132904, 0.011368855834007263, 0.006866618990898132, 0.006507992744445801, 0.007699545472860336, 0.009705949574708939, 0.007890664041042328, 0.008809894323348999, 0.006864581257104874, 0.0059225186705589294, 0.006310708820819855, 0.00576101616024971, 0.009672261774539948, 0.007759816944599152, 0.00904819741845131, 0.007397394627332687, 0.006305858492851257, 0.005837049335241318, 0.005800999701023102, 0.006818510591983795, 0.008400697261095047, 0.007463999092578888, 0.009154915809631348, 0.006038788706064224, 0.01133694127202034, 0.007955122739076614, 0.008701801300048828, 0.006474405527114868, 0.009213145822286606, 0.008955568075180054, 0.00627204030752182, 0.006472982466220856, 0.006168857216835022, 0.006977159529924393, 0.0072112418711185455, 0.007836367934942245, 0.005953572690486908, 0.010971035808324814, 0.011981379240751266, 0.007359575480222702, 0.006672114133834839, 0.009480662643909454, 0.007571190595626831, 0.008312970399856567, 0.008311174809932709, 0.009733196347951889, 0.006439615041017532, 0.008541684597730637, 0.010266661643981934, 0.011021126061677933, 0.008787162601947784, 0.005568031221628189, 0.009928204119205475, 0.006352975964546204, 0.01074487715959549, 0.00726671889424324, 0.00856422632932663, 0.00691632553935051, 0.0072831399738788605, 0.008857771754264832, 0.009895805269479752, 0.01419682428240776, 0.00691508874297142, 0.008222989737987518, 0.007117558270692825, 0.010155830532312393, 0.005893085151910782, 0.008080177009105682, 0.006131019443273544, 0.007048022001981735, 0.009694240987300873, 0.005752909928560257, 0.007498178631067276, 0.005556624382734299, 0.007216952741146088, 0.009137984365224838, 0.009054731577634811, 0.007889579981565475, 0.007408503443002701, 0.010448966175317764, 0.0070512667298316956, 0.007124029099941254, 0.0059882476925849915, 0.010579243302345276, 0.009770385921001434, 0.006713394075632095, 0.007278576493263245, 0.00594654306769371, 0.008619185537099838, 0.006177905946969986, 0.006834663450717926, 0.006527818739414215, 0.006272707134485245, 0.008074451237916946, 0.008087042719125748, 0.0066606998443603516, 0.010245591402053833, 0.005777228623628616, 0.006190069019794464, 0.006696805357933044, 0.007454283535480499, 0.006819333881139755, 0.007891703397035599, 0.008656848222017288, 0.006775312125682831, 0.005171887576580048, 0.008596684783697128, 0.005118843168020248, 0.005970355123281479, 0.005588904023170471, 0.006418012082576752, 0.00921817496418953, 0.008402548730373383, 0.007181648164987564, 0.005507092922925949, 0.00746086984872818, 0.007441189140081406, 0.008551951497793198, 0.008429080247879028, 0.00628044456243515, 0.006619114428758621, 0.007023356854915619, 0.006841018795967102, 0.008405577391386032, 0.008195426315069199, 0.009415209293365479, 0.008742231875658035, 0.008545469492673874, 0.007244706153869629, 0.009420596063137054, 0.005422968417406082, 0.009824275970458984, 0.009844869375228882, 0.008793801069259644, 0.010812047868967056, 0.0052424706518650055, 0.0054006800055503845, 0.00809609517455101, 0.006089892238378525, 0.007304638624191284, 0.005300324410200119, 0.01140723004937172, 0.006586551666259766, 0.007363483309745789, 0.007978305220603943, 0.007272657006978989, 0.010283470153808594, 0.007547222077846527, 0.009356152266263962, 0.006030391901731491, 0.006522081792354584, 0.007456846535205841, 0.007899276912212372, 0.010525736957788467, 0.006836988031864166, 0.0061298757791519165, 0.006821822375059128, 0.010813619941473007, 0.012983724474906921, 0.006663840264081955, 0.010238129645586014, 0.007713299244642258, 0.007313519716262817, 0.006445106118917465, 0.00873621553182602, 0.008923374116420746, 0.00948423147201538, 0.0075720250606536865, 0.0073426254093647, 0.007722873240709305, 0.010083377361297607, 0.006276622414588928, 0.009670775383710861, 0.011419564485549927, 0.009918123483657837, 0.008208595216274261, 0.007493104785680771, 0.011302303522825241, 0.009112179279327393, 0.008913189172744751, 0.00802532583475113, 0.006700925529003143, 0.007082782685756683, 0.007158100605010986, 0.005363598465919495, 0.006534211337566376, 0.006683260202407837, 0.007180791348218918, 0.005236588418483734, 0.005654983222484589, 0.005759056657552719, 0.008257359266281128, 0.00828561931848526, 0.008244145661592484, 0.0077796317636966705, 0.007624495774507523, 0.009012199938297272, 0.010016068816184998, 0.009528450667858124, 0.010143671184778214, 0.0071571506559848785, 0.011779136955738068, 0.010101772844791412, 0.005975894629955292, 0.008609589189291, 0.00822519138455391, 0.007761519402265549, 0.008445437997579575, 0.006212811917066574, 0.007197171449661255, 0.006484657526016235, 0.006482843309640884, 0.011451542377471924, 0.007158160209655762, 0.009274832904338837, 0.007094487547874451, 0.007234804332256317, 0.006551064550876617, 0.009958494454622269, 0.007945191115140915, 0.006887700408697128, 0.009977489709854126, 0.013663098216056824, 0.010064344853162766, 0.0065326988697052, 0.008264932781457901, 0.007250458002090454, 0.00580475851893425, 0.007403075695037842, 0.00762871652841568, 0.0069529153406620026, 0.007750358432531357, 0.006092902272939682, 0.008818212896585464, 0.008263356983661652, 0.006679311394691467, 0.006565574556589127, 0.007954195141792297, 0.00916995108127594, 0.006858915090560913, 0.011081870645284653, 0.010151982307434082, 0.00709674134850502, 0.010163452476263046], 'L_grad': [0.016292309388518333, 0.016706574708223343, 0.016662370413541794, 0.020666545256972313, 0.016702335327863693, 0.018974291160702705, 0.016245782375335693, 0.019429143518209457, 0.016481252387166023, 0.016774993389844894, 0.01554526574909687, 0.01802127994596958, 0.01790345087647438, 0.0175483375787735, 0.016376405954360962, 0.016360657289624214, 0.016678892076015472, 0.016367847099900246, 0.018422842025756836, 0.017033036798238754, 0.020617689937353134, 0.017571058124303818, 0.016466345638036728, 0.01669272594153881, 0.016057290136814117, 0.01690879464149475, 0.018145158886909485, 0.016697769984602928, 0.01705821044743061, 0.01654117926955223, 0.018864240497350693, 0.0168490931391716, 0.0163126103579998, 0.017710808664560318, 0.017711570486426353, 0.017467522993683815, 0.0162002332508564, 0.015982726588845253, 0.015997163951396942, 0.016124935820698738, 0.01546509936451912, 0.017464671283960342, 0.016437672078609467, 0.018908221274614334, 0.019684217870235443, 0.017401881515979767, 0.016505707055330276, 0.017748858779668808, 0.01771925762295723, 0.01868053898215294, 0.01590898633003235, 0.01830735057592392, 0.015224499627947807, 0.016287224367260933, 0.016853073611855507, 0.019455788657069206, 0.016856592148542404, 0.01608853042125702, 0.020583493635058403, 0.016549648717045784, 0.018061496317386627, 0.01566995680332184, 0.02036675624549389, 0.0158076211810112, 0.0176853034645319, 0.017759816721081734, 0.017163068056106567, 0.018258236348628998, 0.016457343474030495, 0.017212089151144028, 0.017172276973724365, 0.017810789868235588, 0.016630202531814575, 0.020384691655635834, 0.016399705782532692, 0.01581999845802784, 0.021544713526964188, 0.016385138034820557, 0.017222806811332703, 0.01614420674741268, 0.016904817894101143, 0.018578676506876945, 0.01594478264451027, 0.017834730446338654, 0.017420358955860138, 0.018211357295513153, 0.01671011559665203, 0.016142316162586212, 0.01726086065173149, 0.017033014446496964, 0.0172736719250679, 0.016728930175304413, 0.017366819083690643, 0.016102341935038567, 0.01721857488155365, 0.016913453117012978, 0.017981478944420815, 0.01738511025905609, 0.015470709651708603, 0.015943074598908424, 0.016652802005410194, 0.019069407135248184, 0.018869858235120773, 0.016465427353978157, 0.017250098288059235, 0.01692979596555233, 0.016977714374661446, 0.01636437326669693, 0.017637480050325394, 0.018682140856981277, 0.017508631572127342, 0.015567127615213394, 0.01899874582886696, 0.015380114316940308, 0.01706252619624138, 0.01644507423043251, 0.01765730418264866, 0.017398856580257416, 0.017106998711824417, 0.016855746507644653, 0.015769006684422493, 0.016213836148381233, 0.017289496958255768, 0.01869232952594757, 0.018851201981306076, 0.016314182430505753, 0.01758081279695034, 0.016662143170833588, 0.01702839694917202, 0.01625155098736286, 0.016867097467184067, 0.016432512551546097, 0.01731649413704872, 0.017965976148843765, 0.016792429611086845, 0.01804003305733204, 0.014757870696485043, 0.021550972014665604, 0.016508525237441063, 0.01784781739115715, 0.01782016083598137, 0.015259182080626488, 0.0158890038728714, 0.017922639846801758, 0.01637890562415123, 0.017680330201983452, 0.01562812179327011, 0.018923671916127205, 0.016518104821443558, 0.01654728315770626, 0.017893478274345398, 0.01975002884864807, 0.01766578108072281, 0.017357919365167618, 0.017589783295989037, 0.016619831323623657, 0.01802532561123371, 0.018224090337753296, 0.015512127429246902, 0.017910471186041832, 0.018954839557409286, 0.018050964921712875, 0.017495622858405113, 0.01834995299577713, 0.019039437174797058, 0.016131674870848656, 0.018135620281100273, 0.016645703464746475, 0.017814001068472862, 0.017425842583179474, 0.018091946840286255, 0.017329879105091095, 0.017855308949947357, 0.0159317497164011, 0.017373647540807724, 0.017877142876386642, 0.017241904512047768, 0.01691172644495964, 0.01728176884353161, 0.020603705197572708, 0.019954444840550423, 0.015816180035471916, 0.016107046976685524, 0.021071437746286392, 0.017619431018829346, 0.019092921167612076, 0.016258984804153442, 0.01619136333465576, 0.018405377864837646, 0.016185466200113297, 0.01570764183998108, 0.01578974723815918, 0.01782507821917534, 0.016614194959402084, 0.015288700349628925, 0.016352470964193344, 0.015565969049930573, 0.017040172591805458, 0.020211759954690933, 0.01650487631559372, 0.01721668802201748, 0.0190281942486763, 0.017517350614070892, 0.017375502735376358, 0.018002226948738098, 0.01665326952934265, 0.01565212570130825, 0.02030438929796219, 0.020660653710365295, 0.016573237255215645, 0.019359435886144638, 0.01727472059428692, 0.01826598308980465, 0.016143448650836945, 0.016408836469054222, 0.015872888267040253, 0.016179265454411507, 0.01639852300286293, 0.02027226984500885, 0.015612775459885597, 0.018009092658758163, 0.016854312270879745, 0.01702478900551796, 0.017642099410295486, 0.017251495271921158, 0.019625987857580185, 0.016798431053757668, 0.01797722466289997, 0.019237618893384933, 0.01844066008925438, 0.016556715592741966, 0.017210720106959343, 0.0177018865942955, 0.016069915145635605, 0.016546227037906647, 0.016794154420495033, 0.016268786042928696, 0.01876349002122879, 0.017252963036298752, 0.017636695876717567, 0.01926051825284958, 0.019852612167596817, 0.01723184622824192, 0.015766486525535583, 0.018162645399570465, 0.017214154824614525, 0.018284248188138008, 0.017994115129113197, 0.015290278010070324, 0.014052681624889374]}
Saving current best: model_best.pth.tar ...
Setting up Multi Scale Gradient loss...
Done
Setting up Multi Scale Gradient loss...
Done
Setting up Multi Scale Gradient loss...
Done
Setting up Multi Scale Gradient loss...
Done
Setting up Multi Scale Gradient loss...
Done
Setting up Multi Scale Gradient loss...
Done
Setting up Multi Scale Gradient loss...
Done
Setting up Multi Scale Gradient loss...
Done
Setting up Multi Scale Gradient loss...
Done
Setting up Multi Scale Gradient loss...
Done
Setting up Multi Scale Gradient loss...
Done
Setting up Multi Scale Gradient loss...
Done
Setting up Multi Scale Gradient loss...
Done
Setting up Multi Scale Gradient loss...
Done
Setting up Multi Scale Gradient loss...
Setting up Multi Scale Gradient loss...
Done
Done
all losses in batch in validation:  {'loss': [0.027937360107898712, 0.027179596945643425, 0.023227263242006302, 0.030467722564935684, 0.022773377597332, 0.03362306207418442, 0.02623496763408184, 0.03095303475856781, 0.024169214069843292, 0.02383936196565628, 0.024377398192882538, 0.027824463322758675, 0.026335662230849266, 0.028572391718626022, 0.02337690070271492, 0.021596726030111313, 0.02400021068751812, 0.022185254842042923, 0.029814384877681732, 0.025080647319555283, 0.0277191661298275, 0.026022423058748245, 0.02239467017352581, 0.022041024640202522, 0.021768158301711082, 0.02426278591156006, 0.02640867605805397, 0.024617280811071396, 0.02882925420999527, 0.022339865565299988, 0.031644657254219055, 0.025085004046559334, 0.026276730000972748, 0.02299017459154129, 0.02493259310722351, 0.026370812207460403, 0.022760003805160522, 0.023260027170181274, 0.02171803079545498, 0.023381302133202553, 0.0243849977850914, 0.02597588486969471, 0.022196469828486443, 0.030346477404236794, 0.03347519785165787, 0.02471226640045643, 0.02336568385362625, 0.028890572488307953, 0.02724822610616684, 0.026835255324840546, 0.025764895603060722, 0.02944088727235794, 0.02132582664489746, 0.02694888785481453, 0.027904244139790535, 0.03101165220141411, 0.026352178305387497, 0.01936129294335842, 0.03137899190187454, 0.02233855240046978, 0.030554668977856636, 0.023392142727971077, 0.029319744557142258, 0.02332596853375435, 0.025598887354135513, 0.027895035222172737, 0.028370602056384087, 0.03328191861510277, 0.025848358869552612, 0.02836609072983265, 0.02452755719423294, 0.029236117377877235, 0.022084766998887062, 0.03013206273317337, 0.023106519132852554, 0.023580217733979225, 0.03380410373210907, 0.02077869139611721, 0.025586511939764023, 0.021300693973898888, 0.02494518831372261, 0.02746398188173771, 0.02625993825495243, 0.026522722095251083, 0.02484256774187088, 0.031134063377976418, 0.022896384820342064, 0.023715417832136154, 0.02254636399447918, 0.030504468828439713, 0.028582215309143066, 0.023324450477957726, 0.025013882666826248, 0.02196328341960907, 0.025223661214113235, 0.022496076300740242, 0.02429654262959957, 0.02372031658887863, 0.022657988592982292, 0.026346512138843536, 0.026691190898418427, 0.02551673911511898, 0.03057726100087166, 0.022769855335354805, 0.023394521325826645, 0.023859510198235512, 0.026801113039255142, 0.023781411349773407, 0.025597963482141495, 0.026971984654664993, 0.024855835363268852, 0.020579952746629715, 0.02876117452979088, 0.01966937817633152, 0.0217606071382761, 0.02092876099050045, 0.024892490357160568, 0.02704303339123726, 0.027954475954174995, 0.02415936067700386, 0.0214151032269001, 0.023911992087960243, 0.02524837665259838, 0.0281031746417284, 0.027178794145584106, 0.022972652688622475, 0.023628532886505127, 0.026249174028635025, 0.024759946390986443, 0.02652427926659584, 0.026909099891781807, 0.025761958211660385, 0.02590363286435604, 0.027545373886823654, 0.025252755731344223, 0.030291911214590073, 0.019159583374857903, 0.031746599823236465, 0.02786581963300705, 0.027264384552836418, 0.03024783544242382, 0.02005084417760372, 0.020545171573758125, 0.025625765323638916, 0.02236439660191536, 0.02524002268910408, 0.01999502256512642, 0.03255106881260872, 0.02331423945724964, 0.025308750569820404, 0.028757480904459953, 0.02583802491426468, 0.028083300217986107, 0.025643980130553246, 0.025202961638569832, 0.022447388619184494, 0.024721574038267136, 0.025938699021935463, 0.023670505732297897, 0.029303640127182007, 0.025061659514904022, 0.02352026291191578, 0.024270011112093925, 0.029257256537675858, 0.03218735754489899, 0.023884056136012077, 0.031231999397277832, 0.02613905444741249, 0.02593996748328209, 0.023219667375087738, 0.026943011209368706, 0.027742434293031693, 0.029856044799089432, 0.02397002838551998, 0.02568509243428707, 0.027928398922085762, 0.028048381209373474, 0.023044545203447342, 0.027769913896918297, 0.030341830104589462, 0.031749121844768524, 0.02477417327463627, 0.023986253887414932, 0.03558127582073212, 0.02825038693845272, 0.030493982136249542, 0.026251880452036858, 0.023656046018004417, 0.025442590937018394, 0.02408466301858425, 0.019894953817129135, 0.021741759032011032, 0.02427152544260025, 0.026231201365590096, 0.01993231475353241, 0.02098853699862957, 0.02198154106736183, 0.02764131687581539, 0.029105015099048615, 0.025188418105244637, 0.025523096323013306, 0.027763765305280685, 0.028004173189401627, 0.027836652472615242, 0.03016495145857334, 0.028562484309077263, 0.02306205779314041, 0.034073758870363235, 0.02885867841541767, 0.021564295515418053, 0.02865450270473957, 0.027074305340647697, 0.0272997859865427, 0.025703243911266327, 0.02275804430246353, 0.02240828052163124, 0.022890351712703705, 0.023837346583604813, 0.03342997282743454, 0.02867208421230316, 0.030265958979725838, 0.02557232417166233, 0.024894608184695244, 0.02400130406022072, 0.027495717629790306, 0.027492709457874298, 0.023742031306028366, 0.0296506118029356, 0.03567144647240639, 0.03044332005083561, 0.023107636719942093, 0.02501624822616577, 0.0257941335439682, 0.02162250131368637, 0.02381560206413269, 0.025568058714270592, 0.02681126445531845, 0.026119699701666832, 0.022929538041353226, 0.02899783104658127, 0.02961997501552105, 0.02709600329399109, 0.02309476211667061, 0.025600558146834373, 0.028954582288861275, 0.02388041466474533, 0.030831580981612206, 0.029061535373330116, 0.0230596661567688, 0.02590981312096119], 'L_si': [0.009863171726465225, 0.010304423049092293, 0.006846930831670761, 0.009894546121358871, 0.006348423659801483, 0.01299222931265831, 0.010280255228281021, 0.011888252571225166, 0.0075388625264167786, 0.006917048245668411, 0.00854673981666565, 0.009419485926628113, 0.008386773988604546, 0.010206259787082672, 0.007159356027841568, 0.005975816398859024, 0.006935605779290199, 0.0059319958090782166, 0.010579455643892288, 0.00800042599439621, 0.0082644522190094, 0.008081495761871338, 0.006587650626897812, 0.005625005811452866, 0.0059890225529670715, 0.007223706692457199, 0.008538629859685898, 0.007978422567248344, 0.010652391240000725, 0.006264686584472656, 0.012418430298566818, 0.008192531764507294, 0.009836316108703613, 0.0062406063079833984, 0.008040931075811386, 0.00935918278992176, 0.00654757022857666, 0.007044412195682526, 0.006213665008544922, 0.007338624447584152, 0.007747538387775421, 0.008351635187864304, 0.006095912307500839, 0.011541184037923813, 0.013268521055579185, 0.007331091910600662, 0.00705464743077755, 0.010500838980078697, 0.008691297844052315, 0.008593190461397171, 0.009291524067521095, 0.010683875530958176, 0.0065084658563137054, 0.010068582370877266, 0.011032838374376297, 0.011431640014052391, 0.009394161403179169, 0.0047413669526577, 0.010459283366799355, 0.006269443780183792, 0.011953422799706459, 0.007826203480362892, 0.009152460843324661, 0.007233746349811554, 0.0075496286153793335, 0.00970124639570713, 0.01076236367225647, 0.014924980700016022, 0.008394185453653336, 0.009899994358420372, 0.00724438950419426, 0.01110866665840149, 0.005567912012338638, 0.009471815079450607, 0.0065543316304683685, 0.007450977340340614, 0.011425036936998367, 0.005262512713670731, 0.0080098956823349, 0.005370538681745529, 0.00783693976700306, 0.009542671963572502, 0.010093111544847488, 0.008660946041345596, 0.007499672472476959, 0.012168662622570992, 0.006858721375465393, 0.007641978561878204, 0.005940236151218414, 0.012279640883207321, 0.0107857845723629, 0.006854113191366196, 0.007570430636405945, 0.006114691495895386, 0.008280400186777115, 0.006211768835783005, 0.006787527352571487, 0.006465796381235123, 0.006789727136492729, 0.009808527305722237, 0.009328853338956833, 0.006852827966213226, 0.01130194403231144, 0.0059358589351177216, 0.006298694759607315, 0.007111802697181702, 0.008989106863737106, 0.007432229816913605, 0.008244216442108154, 0.008585359901189804, 0.007330421358346939, 0.005168944597244263, 0.009663145989179611, 0.004969969391822815, 0.005548730492591858, 0.0049755871295928955, 0.00700514018535614, 0.009603641927242279, 0.009716026484966278, 0.007527416571974754, 0.005501605570316315, 0.007664840668439865, 0.007643640041351318, 0.009244507178664207, 0.009146016091108322, 0.006761904805898666, 0.006359387189149857, 0.00838654488325119, 0.007499685510993004, 0.009841842576861382, 0.009347574785351753, 0.009623436257243156, 0.009044554084539413, 0.00922408327460289, 0.008279670029878616, 0.010859385132789612, 0.005117267370223999, 0.01030220091342926, 0.010689862072467804, 0.00928361527621746, 0.011788194999098778, 0.005222450941801071, 0.005145691335201263, 0.008091773837804794, 0.0063989534974098206, 0.007540084421634674, 0.005290679633617401, 0.013381216675043106, 0.006874198094010353, 0.008128255605697632, 0.009682221338152885, 0.007097441703081131, 0.010501867160201073, 0.008226122707128525, 0.008653838187456131, 0.006077475845813751, 0.006938427686691284, 0.00769389420747757, 0.008257051929831505, 0.011426150798797607, 0.00664249062538147, 0.005761012434959412, 0.007077109068632126, 0.011134665459394455, 0.01301112025976181, 0.007600901648402214, 0.011915605515241623, 0.008906921371817589, 0.007899440824985504, 0.00630033016204834, 0.009061971679329872, 0.009923657402396202, 0.010905908420681953, 0.007996423169970512, 0.007818946614861488, 0.008920073509216309, 0.01060403510928154, 0.006363805383443832, 0.010147733613848686, 0.010958239436149597, 0.011276183649897575, 0.008893407881259918, 0.007802926003932953, 0.013410747051239014, 0.010145774111151695, 0.010728124529123306, 0.009182378649711609, 0.007279630750417709, 0.00771963968873024, 0.007776394486427307, 0.004913594573736191, 0.006460987031459808, 0.00659281387925148, 0.008386144414544106, 0.00515931099653244, 0.005247332155704498, 0.006305579096078873, 0.009518137201666832, 0.00899818167090416, 0.008617004379630089, 0.00830240361392498, 0.0086795873939991, 0.009922485798597336, 0.010538782924413681, 0.011023206636309624, 0.011284889653325081, 0.007181866094470024, 0.013015316799283028, 0.009322147816419601, 0.005636170506477356, 0.009469941258430481, 0.00910678505897522, 0.008411116898059845, 0.009427890181541443, 0.006466638296842575, 0.007071584463119507, 0.007006518542766571, 0.007095489650964737, 0.012707354500889778, 0.010241322219371796, 0.01119193434715271, 0.007985861971974373, 0.007701404392719269, 0.0068491362035274506, 0.010436056181788445, 0.008674528449773788, 0.0071361251175403595, 0.011085325852036476, 0.015280868858098984, 0.011126788333058357, 0.0068991705775260925, 0.008251320570707321, 0.007783226668834686, 0.005882728844881058, 0.007511265575885773, 0.008379312232136726, 0.008906686678528786, 0.00803806260228157, 0.006027154624462128, 0.010304264724254608, 0.009715786203742027, 0.00702952966094017, 0.006317339837551117, 0.009003696963191032, 0.01035793125629425, 0.006921831518411636, 0.012071499601006508, 0.010855818167328835, 0.007589453831315041, 0.011587098240852356], 'L_grad': [0.018074188381433487, 0.016875173896551132, 0.01638033241033554, 0.020573176443576813, 0.016424953937530518, 0.02063083089888096, 0.01595471240580082, 0.019064782187342644, 0.016630351543426514, 0.01692231371998787, 0.01583065837621689, 0.018404977396130562, 0.01794888824224472, 0.01836613193154335, 0.016217544674873352, 0.015620909631252289, 0.01706460490822792, 0.016253259032964706, 0.019234929233789444, 0.017080221325159073, 0.0194547139108181, 0.017940927296876907, 0.015807019546628, 0.016416018828749657, 0.01577913574874401, 0.01703907921910286, 0.017870046198368073, 0.01663885824382305, 0.018176862969994545, 0.01607517898082733, 0.019226225093007088, 0.01689247228205204, 0.016440413892269135, 0.016749568283557892, 0.016891662031412125, 0.017011629417538643, 0.016212433576583862, 0.01621561497449875, 0.015504365786910057, 0.0160426776856184, 0.01663745939731598, 0.017624249681830406, 0.016100557520985603, 0.01880529336631298, 0.020206676796078682, 0.017381174489855766, 0.0163110364228487, 0.018389733508229256, 0.018556928262114525, 0.018242064863443375, 0.016473371535539627, 0.018757011741399765, 0.014817360788583755, 0.016880305483937263, 0.016871405765414238, 0.019580012187361717, 0.016958016902208328, 0.014619925990700722, 0.020919710397720337, 0.016069108620285988, 0.018601246178150177, 0.015565939247608185, 0.020167283713817596, 0.016092222183942795, 0.01804925873875618, 0.018193788826465607, 0.017608238384127617, 0.018356937915086746, 0.017454173415899277, 0.018466096371412277, 0.01728316769003868, 0.018127450719475746, 0.016516854986548424, 0.020660247653722763, 0.016552187502384186, 0.01612924039363861, 0.022379064932465553, 0.01551617868244648, 0.017576616257429123, 0.01593015529215336, 0.01710824854671955, 0.017921309918165207, 0.016166826710104942, 0.017861776053905487, 0.01734289526939392, 0.018965400755405426, 0.01603766344487667, 0.01607343927025795, 0.016606127843260765, 0.01822482794523239, 0.017796430736780167, 0.01647033728659153, 0.017443452030420303, 0.015848591923713684, 0.01694326102733612, 0.016284307464957237, 0.017509015277028084, 0.01725452020764351, 0.015868261456489563, 0.0165379848331213, 0.017362337559461594, 0.018663911148905754, 0.01927531696856022, 0.016833996400237083, 0.01709582656621933, 0.01674770750105381, 0.017812006175518036, 0.016349181532859802, 0.01735374704003334, 0.01838662475347519, 0.017525414004921913, 0.015411009080708027, 0.019098028540611267, 0.014699408784508705, 0.016211876645684242, 0.015953173860907555, 0.017887350171804428, 0.01743939146399498, 0.018238449469208717, 0.016631944105029106, 0.015913497656583786, 0.016247151419520378, 0.017604736611247063, 0.018858667463064194, 0.018032778054475784, 0.01621074788272381, 0.01726914569735527, 0.017862629145383835, 0.01726026087999344, 0.01668243668973446, 0.017561525106430054, 0.01613852195441723, 0.016859078779816628, 0.018321290612220764, 0.016973085701465607, 0.01943252608180046, 0.014042316004633904, 0.021444398909807205, 0.017175957560539246, 0.017980769276618958, 0.018459640443325043, 0.01482839323580265, 0.015399480238556862, 0.01753399148583412, 0.01596544310450554, 0.017699938267469406, 0.014704342931509018, 0.019169852137565613, 0.01644004136323929, 0.017180494964122772, 0.019075259566307068, 0.018740583211183548, 0.017581433057785034, 0.01741785742342472, 0.0165491234511137, 0.016369912773370743, 0.01778314635157585, 0.018244804814457893, 0.015413452871143818, 0.0178774893283844, 0.018419168889522552, 0.017759250476956367, 0.0171929020434618, 0.018122591078281403, 0.019176237285137177, 0.016283154487609863, 0.01931639388203621, 0.017232133075594902, 0.018040526658296585, 0.016919337213039398, 0.017881039530038834, 0.01781877689063549, 0.01895013637840748, 0.01597360521554947, 0.017866145819425583, 0.019008325412869453, 0.017444346100091934, 0.01668073982000351, 0.01762218028306961, 0.019383590668439865, 0.0204729363322258, 0.01588076539337635, 0.01618332788348198, 0.022170530632138252, 0.018104612827301025, 0.019765857607126236, 0.01706950180232525, 0.016376415267586708, 0.017722951248288155, 0.016308268532156944, 0.01498135831207037, 0.015280772000551224, 0.01767871156334877, 0.01784505695104599, 0.01477300375699997, 0.01574120484292507, 0.01567596197128296, 0.01812317967414856, 0.020106833428144455, 0.016571413725614548, 0.017220692709088326, 0.019084177911281586, 0.01808168739080429, 0.01729786954820156, 0.019141744822263718, 0.017277594655752182, 0.015880191698670387, 0.021058442071080208, 0.01953653059899807, 0.015928125008940697, 0.01918456144630909, 0.017967520281672478, 0.018888669088482857, 0.016275353729724884, 0.016291406005620956, 0.015336696989834309, 0.015883833169937134, 0.016741856932640076, 0.02072262018918991, 0.018430761992931366, 0.019074024632573128, 0.017586462199687958, 0.017193203791975975, 0.017152167856693268, 0.01705966144800186, 0.01881818100810051, 0.016605906188488007, 0.018565285950899124, 0.020390577614307404, 0.019316531717777252, 0.016208466142416, 0.01676492765545845, 0.018010906875133514, 0.015739772468805313, 0.016304336488246918, 0.017188746482133865, 0.017904577776789665, 0.01808163709938526, 0.016902383416891098, 0.01869356632232666, 0.019904188811779022, 0.02006647363305092, 0.01677742227911949, 0.01659686118364334, 0.018596651032567024, 0.016958583146333694, 0.018760081380605698, 0.018205717206001282, 0.015470212325453758, 0.014322714880108833]}
Setting up Multi Scale Gradient loss...
Done
Setting up Multi Scale Gradient loss...
Done
Setting up Multi Scale Gradient loss...
Done
Setting up Multi Scale Gradient loss...
Done
Setting up Multi Scale Gradient loss...
Done
Setting up Multi Scale Gradient loss...
Done
Setting up Multi Scale Gradient loss...
Done
Setting up Multi Scale Gradient loss...
Done
Setting up Multi Scale Gradient loss...
Done
Setting up Multi Scale Gradient loss...
Done
Setting up Multi Scale Gradient loss...
Done
Setting up Multi Scale Gradient loss...
Done
Setting up Multi Scale Gradient loss...
Done
Setting up Multi Scale Gradient loss...
Done
Setting up Multi Scale Gradient loss...
Done
Setting up Multi Scale Gradient loss...
Done
all losses in batch in validation:  {'loss': [0.0222152266651392, 0.02629821002483368, 0.022510001435875893, 0.02864191308617592, 0.022769423201680183, 0.029895376414060593, 0.025669381022453308, 0.030783142894506454, 0.022953379899263382, 0.021727830171585083, 0.022456668317317963, 0.026178009808063507, 0.024902086704969406, 0.026754120364785194, 0.02237716130912304, 0.02150948904454708, 0.022691890597343445, 0.021414874121546745, 0.026990212500095367, 0.02431996911764145, 0.028203561902046204, 0.0237358957529068, 0.021730655804276466, 0.022067949175834656, 0.020676162093877792, 0.022915398702025414, 0.02622031979262829, 0.02319023199379444, 0.025439944118261337, 0.020369287580251694, 0.029929473996162415, 0.0236105564981699, 0.02447773516178131, 0.02330595999956131, 0.02346467599272728, 0.025173451751470566, 0.020443368703126907, 0.02098262682557106, 0.020966116338968277, 0.021792778745293617, 0.022255979478359222, 0.024025127291679382, 0.022391030564904213, 0.028942322358489037, 0.030761905014514923, 0.02463778853416443, 0.02112818881869316, 0.027234645560383797, 0.025144388899207115, 0.02622978761792183, 0.023438135161995888, 0.028489405289292336, 0.020393256098031998, 0.024431273341178894, 0.026073483750224113, 0.029987795278429985, 0.025340592488646507, 0.019815288484096527, 0.030129332095384598, 0.022801736369729042, 0.027312539517879486, 0.021855197846889496, 0.0290644820779562, 0.02238842472434044, 0.025365974754095078, 0.026585539802908897, 0.02647203765809536, 0.031965285539627075, 0.023285066708922386, 0.02594817988574505, 0.02314445935189724, 0.02832368016242981, 0.022597478702664375, 0.028881892561912537, 0.022457463666796684, 0.021977555006742477, 0.0323614627122879, 0.02104959636926651, 0.023665718734264374, 0.0218411423265934, 0.023687634617090225, 0.025410324335098267, 0.024267083033919334, 0.02600417658686638, 0.02435603365302086, 0.02785993367433548, 0.022844620048999786, 0.02257356606423855, 0.022331364452838898, 0.02573275938630104, 0.026591870933771133, 0.02286459691822529, 0.024167325347661972, 0.02085477113723755, 0.024992598220705986, 0.021576419472694397, 0.02440592274069786, 0.023628761991858482, 0.02153530903160572, 0.022970430552959442, 0.023285329341888428, 0.025569258257746696, 0.02896185964345932, 0.02158135361969471, 0.02371150813996792, 0.023377256467938423, 0.02477971278131008, 0.022026844322681427, 0.025281745940446854, 0.027432186529040337, 0.024434229359030724, 0.020025944337248802, 0.027702458202838898, 0.020026691257953644, 0.022345082834362984, 0.021839939057826996, 0.023607658222317696, 0.026593275368213654, 0.024752909317612648, 0.02239048480987549, 0.020907990634441376, 0.022180259227752686, 0.024719510227441788, 0.026767555624246597, 0.025415604934096336, 0.02180461771786213, 0.02466486394405365, 0.022706273943185806, 0.02259746380150318, 0.02322961762547493, 0.023871928453445435, 0.024699825793504715, 0.025501824915409088, 0.026333438232541084, 0.02459714189171791, 0.027046553790569305, 0.01951121911406517, 0.030954692512750626, 0.026255521923303604, 0.025712456554174423, 0.028340399265289307, 0.019323935732245445, 0.02083441987633705, 0.02557733841240406, 0.020852062851190567, 0.0239199660718441, 0.019289212301373482, 0.029988372698426247, 0.022135112434625626, 0.02357633411884308, 0.025932760909199715, 0.025215281173586845, 0.026877377182245255, 0.023311389610171318, 0.024086393415927887, 0.022007642313838005, 0.024099599570035934, 0.025336218997836113, 0.022169578820466995, 0.027969956398010254, 0.02596888691186905, 0.023490941151976585, 0.024394817650318146, 0.028707414865493774, 0.02915591187775135, 0.021716110408306122, 0.028004959225654602, 0.02375781163573265, 0.02518172562122345, 0.023461831733584404, 0.02609153836965561, 0.02569648064672947, 0.02655484899878502, 0.023811982944607735, 0.02412227913737297, 0.025037866085767746, 0.02612394466996193, 0.02204001136124134, 0.027410157024860382, 0.02858791872859001, 0.029288608580827713, 0.0230394434183836, 0.023098165169358253, 0.032422520220279694, 0.0253070667386055, 0.028571205213665962, 0.022929992526769638, 0.022930460050702095, 0.024116508662700653, 0.022777995094656944, 0.019434507936239243, 0.02092788740992546, 0.024187445640563965, 0.023917432874441147, 0.019191445782780647, 0.02133108116686344, 0.02070595696568489, 0.02497698739171028, 0.02906830981373787, 0.023982159793376923, 0.02424933761358261, 0.027123209089040756, 0.026064259931445122, 0.026750586926937103, 0.026743154972791672, 0.026095708832144737, 0.022726424038410187, 0.03144810348749161, 0.028479674831032753, 0.021647080779075623, 0.027517886832356453, 0.02540753036737442, 0.02550998143851757, 0.02327887900173664, 0.022048145532608032, 0.022560816258192062, 0.022958997637033463, 0.02233043871819973, 0.03128436580300331, 0.022443916648626328, 0.02698172628879547, 0.024032101035118103, 0.024941228330135345, 0.02300775982439518, 0.02673811838030815, 0.028093034401535988, 0.023284219205379486, 0.027843957766890526, 0.032104089856147766, 0.02895556017756462, 0.021641667932271957, 0.02472398802638054, 0.02447534166276455, 0.02094346657395363, 0.02357514016330242, 0.02433858998119831, 0.02258899435400963, 0.025779174640774727, 0.022670583799481392, 0.02575654163956642, 0.02831287682056427, 0.02900472842156887, 0.023407675325870514, 0.022543640807271004, 0.026310227811336517, 0.022873282432556152, 0.0285226758569479, 0.027347709983587265, 0.020956598222255707, 0.023929297924041748], 'L_si': [0.006659476086497307, 0.009608335793018341, 0.006337760016322136, 0.008892524987459183, 0.006361981853842735, 0.011095651425421238, 0.009861897677183151, 0.011383133009076118, 0.006946036592125893, 0.0059657953679561615, 0.007429029792547226, 0.008253950625658035, 0.007785387337207794, 0.009046679362654686, 0.006711369380354881, 0.0058435313403606415, 0.006288465112447739, 0.005681149661540985, 0.009158694185316563, 0.007643932476639748, 0.008469745516777039, 0.007030323147773743, 0.006165158003568649, 0.005622731521725655, 0.00550786592066288, 0.006690904498100281, 0.008455520495772362, 0.0070853885263204575, 0.008869069628417492, 0.0053519271314144135, 0.011263697408139706, 0.00748022273182869, 0.008619002997875214, 0.0062777213752269745, 0.007050991058349609, 0.008468564599752426, 0.005485551431775093, 0.005978669971227646, 0.0057864710688591, 0.0065258704125881195, 0.006884893402457237, 0.00738116167485714, 0.006219746544957161, 0.01059754379093647, 0.011758477427065372, 0.00733330100774765, 0.0060355085879564285, 0.009488243609666824, 0.007799353450536728, 0.00809851661324501, 0.007910039275884628, 0.00983651727437973, 0.006032133474946022, 0.008579918183386326, 0.009737703949213028, 0.010657930746674538, 0.00879530981183052, 0.004954857751727104, 0.009729430079460144, 0.006461365148425102, 0.009915776550769806, 0.006783243268728256, 0.008951015770435333, 0.006929419934749603, 0.007348721846938133, 0.00882924534380436, 0.00962003506720066, 0.013937478885054588, 0.007216878235340118, 0.008451463654637337, 0.006639759987592697, 0.010543260723352432, 0.005792364478111267, 0.008716687560081482, 0.0062666479498147964, 0.0067902132868766785, 0.01058519072830677, 0.005306540057063103, 0.007006563246250153, 0.005712656304240227, 0.007079577073454857, 0.008283000439405441, 0.008949561044573784, 0.00828171893954277, 0.007301969453692436, 0.01018567942082882, 0.006810847669839859, 0.0069386716932058334, 0.005771994590759277, 0.009534423239529133, 0.009715174324810505, 0.006631426513195038, 0.0073141977190971375, 0.005545135587453842, 0.0082088652998209, 0.005767006427049637, 0.006816653534770012, 0.00647452287375927, 0.006244245916604996, 0.0076611656695604324, 0.00735856220126152, 0.006933771073818207, 0.010149765759706497, 0.0055566709488630295, 0.0064440276473760605, 0.006819784641265869, 0.007759047672152519, 0.006477145478129387, 0.007964227348566055, 0.008740806952118874, 0.007022390142083168, 0.004974154755473137, 0.009162690490484238, 0.005084522068500519, 0.0058225300163030624, 0.00559094175696373, 0.006408916786313057, 0.009205484762787819, 0.00802895799279213, 0.006720123812556267, 0.005448766052722931, 0.006726536899805069, 0.007561959326267242, 0.00845174491405487, 0.008266150951385498, 0.006201963871717453, 0.0068343281745910645, 0.006763111799955368, 0.006427749991416931, 0.007806937210261822, 0.007611440494656563, 0.008884768933057785, 0.00878620520234108, 0.00854814425110817, 0.007615746930241585, 0.009237263351678848, 0.005186432972550392, 0.009860122576355934, 0.009720930829644203, 0.008430775254964828, 0.010621287859976292, 0.004887279123067856, 0.005442958325147629, 0.008095396682620049, 0.005687396973371506, 0.006990469992160797, 0.004907533526420593, 0.011567134410142899, 0.006319800391793251, 0.00743473693728447, 0.008296919986605644, 0.006757967174053192, 0.00990062952041626, 0.006963888183236122, 0.00777856633067131, 0.0059720613062381744, 0.0066324397921562195, 0.007327716797590256, 0.007469009608030319, 0.01036779023706913, 0.007125161588191986, 0.005727531388401985, 0.006995551288127899, 0.010527031496167183, 0.010837066918611526, 0.00650985911488533, 0.010085021145641804, 0.007634272798895836, 0.007603924721479416, 0.006405504420399666, 0.008572269231081009, 0.008726406842470169, 0.009139635600149632, 0.007856683805584908, 0.007011851295828819, 0.007507435977458954, 0.009426243603229523, 0.005887236446142197, 0.009739411994814873, 0.009392708539962769, 0.010080335661768913, 0.007792118936777115, 0.00734429806470871, 0.01167827844619751, 0.008465737104415894, 0.009534751996397972, 0.0073655471205711365, 0.006994904950261116, 0.007053308188915253, 0.006906894966959953, 0.004810621961951256, 0.006174366921186447, 0.006594553589820862, 0.007367335259914398, 0.004877770319581032, 0.0054177213460206985, 0.005650652572512627, 0.008133471012115479, 0.008973449468612671, 0.008073782548308372, 0.007535682991147041, 0.008252006024122238, 0.008958389982581139, 0.009714888408780098, 0.00922618992626667, 0.009809736162424088, 0.007013026624917984, 0.011317904107272625, 0.008774859830737114, 0.0057280417531728745, 0.009033309295773506, 0.008336646482348442, 0.0075385551899671555, 0.007995972409844398, 0.006129588931798935, 0.006992749869823456, 0.006974451243877411, 0.006353521719574928, 0.011363719590008259, 0.006907502189278603, 0.009312385693192482, 0.007205618545413017, 0.007812194526195526, 0.006235992535948753, 0.00970534235239029, 0.008465826511383057, 0.006915422156453133, 0.009902989491820335, 0.013210367411375046, 0.01016177050769329, 0.006156103685498238, 0.00801597535610199, 0.0071862488985061646, 0.005499742925167084, 0.007222922518849373, 0.007666459307074547, 0.0067513566464185715, 0.007508929818868637, 0.005879703909158707, 0.008571651764214039, 0.008959293365478516, 0.008142897859215736, 0.00650368444621563, 0.007476635277271271, 0.008836697787046432, 0.006444841623306274, 0.010632412508130074, 0.00988323986530304, 0.006499165669083595, 0.010211283341050148], 'L_grad': [0.015555750578641891, 0.016689874231815338, 0.016172241419553757, 0.019749388098716736, 0.016407441347837448, 0.01879972591996193, 0.015807483345270157, 0.019400009885430336, 0.01600734330713749, 0.01576203480362892, 0.015027639456093311, 0.017924059182405472, 0.017116699367761612, 0.01770744100213051, 0.015665791928768158, 0.01566595770418644, 0.016403425484895706, 0.01573372446000576, 0.01783151924610138, 0.0166760366410017, 0.019733816385269165, 0.016705572605133057, 0.015565497800707817, 0.016445217654109, 0.015168296173214912, 0.016224494203925133, 0.017764799296855927, 0.016104843467473984, 0.01657087542116642, 0.01501736044883728, 0.018665775656700134, 0.01613033376634121, 0.015858732163906097, 0.017028238624334335, 0.01641368493437767, 0.01670488715171814, 0.01495781634002924, 0.01500395592302084, 0.015179645270109177, 0.015266908332705498, 0.01537108514457941, 0.016643965616822243, 0.016171284019947052, 0.018344778567552567, 0.019003428518772125, 0.01730448752641678, 0.015092681162059307, 0.017746401950716972, 0.017345035448670387, 0.01813127100467682, 0.01552809588611126, 0.018652888014912605, 0.014361122623085976, 0.015851356089115143, 0.016335779801011086, 0.019329864531755447, 0.016545282676815987, 0.014860431663691998, 0.020399902015924454, 0.01634037122130394, 0.01739676296710968, 0.01507195457816124, 0.020113466307520866, 0.015459004789590836, 0.018017252907156944, 0.017756294459104538, 0.0168520025908947, 0.018027808517217636, 0.016068188473582268, 0.017496716231107712, 0.016504699364304543, 0.017780419439077377, 0.016805114224553108, 0.020165205001831055, 0.016190815716981888, 0.015187341719865799, 0.021776270121335983, 0.015743056312203407, 0.01665915548801422, 0.016128486022353172, 0.01660805754363537, 0.017127323895692825, 0.01531752198934555, 0.01772245764732361, 0.017054064199328423, 0.01767425425350666, 0.016033772379159927, 0.015634894371032715, 0.01655936986207962, 0.016198337078094482, 0.016876697540283203, 0.01623317040503025, 0.016853127628564835, 0.015309635549783707, 0.016783732920885086, 0.01580941304564476, 0.01758926920592785, 0.017154239118099213, 0.015291063115000725, 0.01530926488339901, 0.015926767140626907, 0.01863548718392849, 0.018812093883752823, 0.01602468267083168, 0.017267480492591858, 0.016557471826672554, 0.017020665109157562, 0.01554969884455204, 0.0173175185918808, 0.018691379576921463, 0.017411839216947556, 0.015051789581775665, 0.01853976771235466, 0.0149421701207757, 0.01652255281805992, 0.016248997300863266, 0.01719874143600464, 0.017387790605425835, 0.01672395132482052, 0.01567036099731922, 0.015459224581718445, 0.015453722327947617, 0.017157550901174545, 0.018315810710191727, 0.01714945398271084, 0.015602653846144676, 0.017830535769462585, 0.015943162143230438, 0.01616971381008625, 0.015422679483890533, 0.016260487958788872, 0.01581505686044693, 0.01671561971306801, 0.017785293981432915, 0.016981394961476326, 0.017809290438890457, 0.014324786141514778, 0.02109456993639469, 0.0165345910936594, 0.017281681299209595, 0.01771911047399044, 0.01443665660917759, 0.015391461551189423, 0.017481941729784012, 0.015164665877819061, 0.016929496079683304, 0.014381678774952888, 0.018421238288283348, 0.015815312042832375, 0.01614159718155861, 0.01763584092259407, 0.018457313999533653, 0.016976747661828995, 0.016347501426935196, 0.016307827085256577, 0.01603558100759983, 0.017467159777879715, 0.018008502200245857, 0.014700568281114101, 0.017602166160941124, 0.018843725323677063, 0.0177634097635746, 0.017399266362190247, 0.01818038336932659, 0.018318844959139824, 0.015206250362098217, 0.017919939011335373, 0.016123538836836815, 0.017577800899744034, 0.017056327313184738, 0.0175192691385746, 0.0169700738042593, 0.017415214329957962, 0.015955299139022827, 0.01711042784154415, 0.017530430108308792, 0.016697701066732407, 0.016152774915099144, 0.01767074503004551, 0.019195210188627243, 0.0192082729190588, 0.015247324481606483, 0.015753867104649544, 0.020744241774082184, 0.016841329634189606, 0.01903645321726799, 0.015564446337521076, 0.01593555510044098, 0.0170632004737854, 0.01587110012769699, 0.014623885974287987, 0.014753520488739014, 0.017592892050743103, 0.01655009761452675, 0.014313675463199615, 0.015913359820842743, 0.015055304393172264, 0.016843516379594803, 0.0200948603451252, 0.01590837724506855, 0.01671365462243557, 0.018871203064918518, 0.017105869948863983, 0.017035698518157005, 0.017516965046525, 0.01628597266972065, 0.015713397413492203, 0.020130200311541557, 0.01970481500029564, 0.015919039025902748, 0.018484577536582947, 0.017070883885025978, 0.017971426248550415, 0.015282906591892242, 0.015918556600809097, 0.015568067319691181, 0.01598454639315605, 0.0159769169986248, 0.019920647144317627, 0.015536414459347725, 0.01766934059560299, 0.016826482489705086, 0.01712903380393982, 0.016771767288446426, 0.017032776027917862, 0.01962720789015293, 0.016368797048926353, 0.01794096827507019, 0.01889372430741787, 0.01879378966987133, 0.01548556424677372, 0.01670801267027855, 0.017289092764258385, 0.015443723648786545, 0.01635221764445305, 0.016672130674123764, 0.015837637707591057, 0.01827024482190609, 0.016790879890322685, 0.017184890806674957, 0.019353583455085754, 0.020861830562353134, 0.016903990879654884, 0.015067005529999733, 0.017473530024290085, 0.016428440809249878, 0.017890263348817825, 0.017464470118284225, 0.014457431621849537, 0.013718015514314175]}
Saving current best: model_best.pth.tar ...
Saving checkpoint: runs/train/0314_mkl/checkpoints/checkpoint-epoch008-loss-0.0115.pth.tar ...
Setting up Multi Scale Gradient loss...
Done
Setting up Multi Scale Gradient loss...
Done
Setting up Multi Scale Gradient loss...
Done
Setting up Multi Scale Gradient loss...
Done
Setting up Multi Scale Gradient loss...
Done
Setting up Multi Scale Gradient loss...
Done
Setting up Multi Scale Gradient loss...
Done
Setting up Multi Scale Gradient loss...
Done
Setting up Multi Scale Gradient loss...
Setting up Multi Scale Gradient loss...
Setting up Multi Scale Gradient loss...
Setting up Multi Scale Gradient loss...Setting up Multi Scale Gradient loss...

Setting up Multi Scale Gradient loss...
Setting up Multi Scale Gradient loss...Done
Setting up Multi Scale Gradient loss...Done
Done


Done
Done
Done
Done
Done
all losses in batch in validation:  {'loss': [0.022869259119033813, 0.026708032935857773, 0.022745631635189056, 0.03001881018280983, 0.02259250171482563, 0.032686032354831696, 0.02746925875544548, 0.030939359217882156, 0.023630863055586815, 0.022960063070058823, 0.02349328063428402, 0.030521675944328308, 0.026130149140954018, 0.02857193537056446, 0.023346567526459694, 0.02148999646306038, 0.023792212828993797, 0.02219388820230961, 0.029220163822174072, 0.025201015174388885, 0.027842877432703972, 0.025225862860679626, 0.021935660392045975, 0.023221366107463837, 0.020991411060094833, 0.023503167554736137, 0.025708528235554695, 0.02488534525036812, 0.027184493839740753, 0.02169273979961872, 0.03211972489953041, 0.025276266038417816, 0.025151098147034645, 0.024512188509106636, 0.02656208723783493, 0.02670319937169552, 0.022743690758943558, 0.022189447656273842, 0.021735651418566704, 0.022731946781277657, 0.024900034070014954, 0.025542203336954117, 0.022230859845876694, 0.030316904187202454, 0.03269968181848526, 0.024219367653131485, 0.02259330451488495, 0.028350254520773888, 0.027035865932703018, 0.026092905551195145, 0.024956438690423965, 0.028978321701288223, 0.021445486694574356, 0.026099778711795807, 0.027568135410547256, 0.030804499983787537, 0.02609003707766533, 0.019717242568731308, 0.03122376650571823, 0.022883202880620956, 0.029736865311861038, 0.02259763330221176, 0.028774123638868332, 0.022392375394701958, 0.026197785511612892, 0.027211632579565048, 0.028130635619163513, 0.03347448259592056, 0.023675665259361267, 0.027911104261875153, 0.025232583284378052, 0.029822973534464836, 0.02244045026600361, 0.029943188652396202, 0.023747576400637627, 0.02310694381594658, 0.03384636342525482, 0.020548194646835327, 0.025133218616247177, 0.021724801510572433, 0.02465461939573288, 0.026222871616482735, 0.025422245264053345, 0.026173867285251617, 0.025139322504401207, 0.029095519334077835, 0.023606006056070328, 0.023143040016293526, 0.02392800711095333, 0.028190895915031433, 0.02786904200911522, 0.023471195250749588, 0.024683337658643723, 0.022055502980947495, 0.02562425471842289, 0.021374128758907318, 0.024787573143839836, 0.02426784113049507, 0.022598888725042343, 0.02463437244296074, 0.024918213486671448, 0.025626106187701225, 0.03037767857313156, 0.02277727983891964, 0.023338226601481438, 0.02394213154911995, 0.027562301605939865, 0.022572409361600876, 0.025653893128037453, 0.02843901328742504, 0.02485368214547634, 0.02068999968469143, 0.03011070191860199, 0.019823621958494186, 0.022768253460526466, 0.02104015089571476, 0.024803176522254944, 0.027735814452171326, 0.028384925797581673, 0.023084986954927444, 0.02269747294485569, 0.023504717275500298, 0.02534487657248974, 0.027076050639152527, 0.02671937458217144, 0.02284792810678482, 0.025131069123744965, 0.023445069789886475, 0.02433391660451889, 0.024237653240561485, 0.025632616132497787, 0.025638729333877563, 0.027239492163062096, 0.02691616304218769, 0.026233254000544548, 0.02864338643848896, 0.019664010033011436, 0.03206443041563034, 0.02873147279024124, 0.02634265460073948, 0.029443465173244476, 0.019811656326055527, 0.02194131165742874, 0.025798136368393898, 0.021684397011995316, 0.025300271809101105, 0.019070066511631012, 0.03170109912753105, 0.02332136407494545, 0.02484847605228424, 0.027316611260175705, 0.026434224098920822, 0.027937697246670723, 0.02450743317604065, 0.025033172219991684, 0.022897131741046906, 0.02412516251206398, 0.02568117156624794, 0.02330245077610016, 0.028813276439905167, 0.025856928899884224, 0.023615458980202675, 0.024288464337587357, 0.029703449457883835, 0.033193498849868774, 0.02317860536277294, 0.029760882258415222, 0.025002360343933105, 0.025452202185988426, 0.022791437804698944, 0.026336703449487686, 0.027137968689203262, 0.02916196547448635, 0.02419973351061344, 0.025631070137023926, 0.02652936801314354, 0.028241587802767754, 0.022157669067382812, 0.028565071523189545, 0.03260231018066406, 0.03117690235376358, 0.024316895753145218, 0.02399706281721592, 0.03453502431511879, 0.02789262682199478, 0.02997983992099762, 0.025564182549715042, 0.023266544565558434, 0.026219602674245834, 0.02397366240620613, 0.019705921411514282, 0.022022638469934464, 0.024764707311987877, 0.025698982179164886, 0.02045719139277935, 0.021343132480978966, 0.02203686162829399, 0.026614796370267868, 0.030783480033278465, 0.024576842784881592, 0.024874458089470863, 0.02742784284055233, 0.02679435722529888, 0.027561824768781662, 0.028311116620898247, 0.02757212705910206, 0.024168983101844788, 0.03333153948187828, 0.030341973528265953, 0.022250305861234665, 0.028718657791614532, 0.02634846419095993, 0.027356212958693504, 0.024100594222545624, 0.02259501814842224, 0.023228097707033157, 0.02322874777019024, 0.023748014122247696, 0.032777927815914154, 0.024529192596673965, 0.028041064739227295, 0.024203985929489136, 0.02525329776108265, 0.023715559393167496, 0.027377627789974213, 0.028472114354372025, 0.023538166657090187, 0.029224347323179245, 0.03452335670590401, 0.0306223277002573, 0.02300543710589409, 0.024763062596321106, 0.025430643931031227, 0.021782198920845985, 0.023491177707910538, 0.02604598179459572, 0.023635057732462883, 0.028401866555213928, 0.023167897015810013, 0.028193574398756027, 0.031038621440529823, 0.02831592969596386, 0.022996442392468452, 0.023726124316453934, 0.027911454439163208, 0.02353736385703087, 0.030053678900003433, 0.029188014566898346, 0.023414447903633118, 0.025292454287409782], 'L_si': [0.007028642110526562, 0.009954194538295269, 0.006402347236871719, 0.009689315222203732, 0.006115462630987167, 0.012847047299146652, 0.010897316969931126, 0.01193863432854414, 0.007219791412353516, 0.006491802632808685, 0.008070467039942741, 0.010912161320447922, 0.008323492482304573, 0.010312365368008614, 0.007123548537492752, 0.0057846419513225555, 0.006799634546041489, 0.00596986897289753, 0.010432995855808258, 0.008021165616810322, 0.008329106494784355, 0.0077489688992500305, 0.006157388910651207, 0.006112394854426384, 0.005732446908950806, 0.006889479234814644, 0.00812789797782898, 0.007954482920467854, 0.00985674187541008, 0.005924774333834648, 0.012748369947075844, 0.008592103607952595, 0.009124675765633583, 0.0068233422935009, 0.00928148441016674, 0.009413197636604309, 0.006605792790651321, 0.006638301536440849, 0.006168795749545097, 0.006996573880314827, 0.008265594951808453, 0.00815071165561676, 0.006100840866565704, 0.01171089056879282, 0.012943977490067482, 0.007181774824857712, 0.006586027331650257, 0.010133923962712288, 0.008703120984137058, 0.008254436776041985, 0.008853279985487461, 0.010201997123658657, 0.006504988297820091, 0.009686723351478577, 0.010776083916425705, 0.011351902037858963, 0.009155911393463612, 0.0048400163650512695, 0.01040471438318491, 0.006495695561170578, 0.011423311196267605, 0.007178411819040775, 0.008540848270058632, 0.006887149065732956, 0.007910249754786491, 0.009276127442717552, 0.010707912035286427, 0.015207204967737198, 0.0073176780715584755, 0.009717129170894623, 0.0074598658829927444, 0.01169566996395588, 0.005650611594319344, 0.009023215621709824, 0.006749914959073067, 0.0071946121752262115, 0.011129895225167274, 0.0051584262400865555, 0.007807877846062183, 0.0055810436606407166, 0.007507183589041233, 0.008674608543515205, 0.0095750717446208, 0.008318446576595306, 0.007535040378570557, 0.0111314095556736, 0.00726994127035141, 0.007245482876896858, 0.006235962733626366, 0.011205648072063923, 0.010548529215157032, 0.006601065397262573, 0.00731661356985569, 0.0059624165296554565, 0.008737914264202118, 0.005688490346074104, 0.006873920559883118, 0.0065246038138866425, 0.006729329936206341, 0.008626644499599934, 0.008217725902795792, 0.006882127374410629, 0.011049004271626472, 0.006080577149987221, 0.0062509141862392426, 0.006867287680506706, 0.00897993054240942, 0.006636234000325203, 0.008156245574355125, 0.009552838280797005, 0.007292879745364189, 0.005216507241129875, 0.009888757951557636, 0.004871800541877747, 0.005865717306733131, 0.005119116976857185, 0.0069783590734004974, 0.010411906987428665, 0.010028531774878502, 0.00697981845587492, 0.0061468761414289474, 0.007448920980095863, 0.007676484063267708, 0.008620642125606537, 0.00864117220044136, 0.006725819781422615, 0.0071597229689359665, 0.007119152694940567, 0.007308873347938061, 0.008481660857796669, 0.00855353381484747, 0.009591395035386086, 0.009689806029200554, 0.008904138579964638, 0.008968740701675415, 0.010038981214165688, 0.005161469802260399, 0.010113298892974854, 0.01123633049428463, 0.008701000362634659, 0.01132470928132534, 0.005043016746640205, 0.005616668611764908, 0.00820961408317089, 0.005920959636569023, 0.007534783333539963, 0.0047085899859666824, 0.012158557772636414, 0.006723389960825443, 0.007947368547320366, 0.009023170918226242, 0.006969006732106209, 0.010814806446433067, 0.007563409395515919, 0.008390065282583237, 0.006128717213869095, 0.006593374535441399, 0.0074971262365579605, 0.008184796199202538, 0.010948549956083298, 0.006958823651075363, 0.005801724269986153, 0.006796073168516159, 0.01127177756279707, 0.013785766437649727, 0.00709758885204792, 0.011164274998009205, 0.008228656835854053, 0.007697949185967445, 0.006105709820985794, 0.008705686777830124, 0.009463788941502571, 0.010445866733789444, 0.007937507703900337, 0.007743125781416893, 0.008309802040457726, 0.010740583762526512, 0.005844356492161751, 0.010520183481276035, 0.011658212170004845, 0.010758035816252232, 0.008525933139026165, 0.007763940840959549, 0.01270871702581644, 0.009932146407663822, 0.010019145905971527, 0.008733783848583698, 0.006941307336091995, 0.007754044607281685, 0.007566562853753567, 0.004830613732337952, 0.006627388298511505, 0.0067784227430820465, 0.008213353343307972, 0.0052439142018556595, 0.005415802821516991, 0.0062357038259506226, 0.00893181562423706, 0.009456928819417953, 0.008315266110002995, 0.007811067625880241, 0.00854821689426899, 0.009419437497854233, 0.010336331091821194, 0.010163556784391403, 0.010701833292841911, 0.00798986665904522, 0.01256997138261795, 0.009935753419995308, 0.0058796945959329605, 0.009183868765830994, 0.008842378854751587, 0.00859079696238041, 0.008453316055238247, 0.006332642398774624, 0.007522255182266235, 0.007078085094690323, 0.007133356295526028, 0.012186095118522644, 0.008029764518141747, 0.01026242971420288, 0.007192136719822884, 0.007882805541157722, 0.00649896077811718, 0.010359310545027256, 0.008674748241901398, 0.007069578394293785, 0.010781574063003063, 0.01507182139903307, 0.011291146278381348, 0.006799139082431793, 0.007949041202664375, 0.00763767771422863, 0.0058926548808813095, 0.007241310551762581, 0.008489212021231651, 0.007286297157406807, 0.008968602865934372, 0.0061011966317892075, 0.009852235205471516, 0.01020757295191288, 0.007676329463720322, 0.0062191542237997055, 0.008173567242920399, 0.009731587953865528, 0.006729820743203163, 0.011492929421365261, 0.011188887059688568, 0.007683820091187954, 0.010952331125736237], 'L_grad': [0.015840617939829826, 0.01675383932888508, 0.016343284398317337, 0.020329494029283524, 0.016477039083838463, 0.019838985055685043, 0.01657194271683693, 0.019000723958015442, 0.0164110716432333, 0.016468260437250137, 0.015422813594341278, 0.019609514623880386, 0.017806656658649445, 0.018259570002555847, 0.016223018988966942, 0.015705354511737823, 0.01699257828295231, 0.01622401922941208, 0.018787167966365814, 0.01717984862625599, 0.019513770937919617, 0.017476893961429596, 0.015778271481394768, 0.017108971253037453, 0.015258965082466602, 0.016613688319921494, 0.017580630257725716, 0.01693086326122284, 0.017327751964330673, 0.015767965465784073, 0.019371354952454567, 0.016684163361787796, 0.016026422381401062, 0.017688846215605736, 0.01728060282766819, 0.01729000173509121, 0.016137897968292236, 0.015551146119832993, 0.015566855669021606, 0.01573537290096283, 0.016634438186883926, 0.017391491681337357, 0.01613001897931099, 0.018606014549732208, 0.01975570246577263, 0.017037592828273773, 0.016007276251912117, 0.0182163305580616, 0.018332744017243385, 0.01783846877515316, 0.01610315777361393, 0.01877632550895214, 0.01494049932807684, 0.01641305536031723, 0.01679205149412155, 0.019452597945928574, 0.016934124752879143, 0.014877226203680038, 0.020819051191210747, 0.01638750731945038, 0.018313555046916008, 0.015419220551848412, 0.0202332753688097, 0.015505226328969002, 0.0182875357568264, 0.017935505136847496, 0.017422722652554512, 0.018267275765538216, 0.016357986256480217, 0.01819397509098053, 0.017772717401385307, 0.018127303570508957, 0.016789838671684265, 0.02091997303068638, 0.01699766144156456, 0.015912331640720367, 0.022716470062732697, 0.015389768406748772, 0.01732533983886242, 0.016143757849931717, 0.017147434875369072, 0.01754826307296753, 0.01584717258810997, 0.01785542070865631, 0.01760428212583065, 0.017964109778404236, 0.016336064785718918, 0.015897557139396667, 0.017692044377326965, 0.016985248774290085, 0.017320511862635612, 0.016870129853487015, 0.017366724088788033, 0.016093086451292038, 0.016886340454220772, 0.015685638412833214, 0.01791365258395672, 0.01774323731660843, 0.015869557857513428, 0.01600772887468338, 0.016700487583875656, 0.018743978813290596, 0.01932867430150509, 0.01669670268893242, 0.017087312415242195, 0.017074843868613243, 0.01858237199485302, 0.015936175361275673, 0.017497647553682327, 0.018886175006628036, 0.017560802400112152, 0.015473492443561554, 0.020221944898366928, 0.01495182141661644, 0.016902536153793335, 0.015921033918857574, 0.017824817448854446, 0.01732390746474266, 0.01835639402270317, 0.0161051694303751, 0.016550596803426743, 0.016055796295404434, 0.01766839250922203, 0.01845540851354599, 0.01807820238173008, 0.016122108325362206, 0.017971346154808998, 0.016325917094945908, 0.017025044187903404, 0.015755992382764816, 0.017079083248972893, 0.016047334298491478, 0.017549686133861542, 0.018012024462223053, 0.017264513298869133, 0.018604405224323273, 0.014502540230751038, 0.021951133385300636, 0.01749514229595661, 0.01764165423810482, 0.018118755891919136, 0.014768639579415321, 0.016324643045663834, 0.017588522285223007, 0.015763437375426292, 0.017765488475561142, 0.014361475594341755, 0.019542541354894638, 0.01659797504544258, 0.016901107504963875, 0.018293440341949463, 0.019465217366814613, 0.017122890800237656, 0.016944024711847305, 0.016643106937408447, 0.01676841452717781, 0.01753178797662258, 0.01818404532968998, 0.015117654576897621, 0.01786472648382187, 0.01889810524880886, 0.017813734710216522, 0.017492391169071198, 0.01843167282640934, 0.019407734274864197, 0.01608101651072502, 0.018596608191728592, 0.016773702576756477, 0.01775425300002098, 0.01668572798371315, 0.017631016671657562, 0.01767417974770069, 0.018716098740696907, 0.016262225806713104, 0.017887944355607033, 0.018219565972685814, 0.01750100404024124, 0.01631331257522106, 0.018044888973236084, 0.02094409614801407, 0.020418867468833923, 0.01579096168279648, 0.01623312197625637, 0.021826308220624924, 0.017960481345653534, 0.019960694015026093, 0.01683039963245392, 0.01632523722946644, 0.01846555806696415, 0.01640709862112999, 0.01487530767917633, 0.015395250171422958, 0.01798628456890583, 0.01748562790453434, 0.01521327719092369, 0.015927329659461975, 0.01580115780234337, 0.017682980746030807, 0.021326551213860512, 0.016261575743556023, 0.017063390463590622, 0.01887962594628334, 0.01737491972744465, 0.017225492745637894, 0.018147559836506844, 0.016870293766260147, 0.016179116442799568, 0.02076156809926033, 0.020406220108270645, 0.016370611265301704, 0.01953478902578354, 0.017506085336208344, 0.018765415996313095, 0.015647277235984802, 0.016262374818325043, 0.015705842524766922, 0.016150662675499916, 0.016614658758044243, 0.02059183083474636, 0.01649942807853222, 0.017778635025024414, 0.017011849209666252, 0.017370492219924927, 0.017216598615050316, 0.017018316313624382, 0.019797366112470627, 0.016468588262796402, 0.018442774191498756, 0.019451534375548363, 0.019331181421875954, 0.016206298023462296, 0.01681402139365673, 0.017792966216802597, 0.015889544039964676, 0.016249867156147957, 0.017556769773364067, 0.016348760575056076, 0.019433263689279556, 0.017066700384020805, 0.018341340124607086, 0.020831048488616943, 0.020639600232243538, 0.016777288168668747, 0.01555255800485611, 0.018179865553975105, 0.016807543113827705, 0.018560748547315598, 0.017999127507209778, 0.01573062688112259, 0.014340123161673546]}
Setting up Multi Scale Gradient loss...
Done
Setting up Multi Scale Gradient loss...
Done
Setting up Multi Scale Gradient loss...
Done
Setting up Multi Scale Gradient loss...
Done
Setting up Multi Scale Gradient loss...
Done
Setting up Multi Scale Gradient loss...
Done
Setting up Multi Scale Gradient loss...
Done
Setting up Multi Scale Gradient loss...
Done
Setting up Multi Scale Gradient loss...
Done
Setting up Multi Scale Gradient loss...
Setting up Multi Scale Gradient loss...
Done
Done
Setting up Multi Scale Gradient loss...
Done
Setting up Multi Scale Gradient loss...
Done
Setting up Multi Scale Gradient loss...
Done
Setting up Multi Scale Gradient loss...
Done
Setting up Multi Scale Gradient loss...
Done
all losses in batch in validation:  {'loss': [0.0361790768802166, 0.028469577431678772, 0.04809782654047012, 0.04301431402564049, 0.033254049718379974, 0.034098729491233826, 0.03478081524372101, 0.04443597048521042, 0.03175003081560135, 0.03495224937796593, 0.031011031940579414, 0.035990066826343536, 0.04138995334506035, 0.05370798707008362, 0.036754198372364044, 0.038868725299835205, 0.044385723769664764, 0.028034232556819916, 0.042223718017339706, 0.03204815834760666, 0.034864626824855804, 0.03393404558300972, 0.03882259875535965, 0.027299197390675545, 0.03617998585104942, 0.03724023699760437, 0.030685266479849815, 0.03390135616064072, 0.03627690672874451, 0.03969639167189598, 0.040351204574108124, 0.04176778346300125, 0.03903159499168396, 0.032103680074214935, 0.038872987031936646, 0.030991556122899055, 0.043236128985881805, 0.03892987221479416, 0.03887058421969414, 0.0340518057346344, 0.04313347861170769, 0.037029895931482315, 0.029208935797214508, 0.03596530109643936, 0.03782482445240021, 0.02555641159415245, 0.039185769855976105, 0.038057733327150345, 0.03475658595561981, 0.04273437708616257, 0.032035961747169495, 0.03644314408302307, 0.03219861164689064, 0.038988884538412094, 0.04187477380037308, 0.03164352849125862, 0.0360688716173172, 0.0317632295191288, 0.04018544405698776, 0.042188212275505066, 0.03665248304605484, 0.03635813295841217, 0.03315703198313713, 0.0345887765288353, 0.03625548630952835, 0.03056349977850914, 0.03348374739289284, 0.03330620378255844, 0.03468884527683258, 0.04638269543647766, 0.034518465399742126, 0.03475663438439369, 0.02877197042107582, 0.03882715106010437, 0.03461641073226929, 0.030967876315116882, 0.03985266759991646, 0.032181259244680405, 0.05062634497880936, 0.03380986675620079, 0.030986610800027847, 0.04309237748384476, 0.030806031078100204, 0.04552677273750305, 0.03061997890472412, 0.038638971745967865, 0.029319116845726967, 0.036709196865558624, 0.040037207305431366, 0.04019293189048767, 0.03619644045829773, 0.039231885224580765, 0.03217703476548195, 0.03963744267821312, 0.03095145709812641, 0.03398685157299042, 0.031769249588251114, 0.03581561893224716, 0.033671531826257706, 0.03941363841295242, 0.030676033347845078, 0.031956642866134644, 0.03090256080031395, 0.03207278251647949, 0.040494076907634735, 0.028894823044538498, 0.03154284507036209, 0.040103040635585785, 0.03338553011417389, 0.03451871871948242, 0.031219646334648132, 0.03249892592430115, 0.0382402241230011, 0.029408618807792664, 0.03229536861181259, 0.02478214167058468, 0.039019450545310974, 0.027989916503429413, 0.039910688996315, 0.03429178148508072, 0.03356499597430229, 0.034446921199560165, 0.027926400303840637, 0.03567700460553169, 0.03798624873161316, 0.03896092623472214, 0.04108447954058647, 0.038837991654872894, 0.03486241400241852, 0.03486601263284683, 0.03776893392205238, 0.03485969454050064, 0.030358854681253433, 0.035028114914894104, 0.04039900749921799, 0.03417850285768509, 0.029674280434846878, 0.03984113410115242, 0.040819913148880005, 0.03407071903347969, 0.03661136329174042, 0.042141687124967575, 0.026477616280317307, 0.028432853519916534, 0.053580086678266525, 0.03212882578372955, 0.04246855899691582, 0.03941706568002701, 0.03189627826213837, 0.02823472209274769, 0.039501629769802094, 0.03718069940805435, 0.030808361247181892, 0.03992035239934921, 0.03726324439048767, 0.030262313783168793, 0.03846485912799835, 0.040628235787153244, 0.029173336923122406, 0.03691617771983147, 0.028220392763614655, 0.029285172000527382, 0.03680216148495674, 0.04068884998559952, 0.034776873886585236, 0.03500004857778549, 0.034062765538692474, 0.02888621762394905, 0.038131117820739746, 0.035237573087215424, 0.030405208468437195, 0.03403578698635101, 0.03123975172638893, 0.025087367743253708, 0.03547161817550659, 0.04390277713537216, 0.035322561860084534, 0.03666175901889801, 0.035306304693222046, 0.03908190503716469, 0.03293370082974434, 0.028027182444930077, 0.03157438710331917, 0.03762626647949219, 0.03514953702688217, 0.0416087806224823, 0.03661605715751648, 0.03391847014427185, 0.03129100427031517, 0.03713390231132507, 0.032260049134492874, 0.028294574469327927, 0.030538860708475113, 0.0359414778649807, 0.034932855516672134, 0.02618488110601902, 0.034089960157871246, 0.03270494192838669, 0.044586632400751114, 0.02934006229043007, 0.0427226722240448, 0.034326858818531036, 0.033531609922647476, 0.04142032563686371, 0.03145207464694977, 0.03128580003976822, 0.03482628986239433, 0.03789098188281059, 0.03950485959649086, 0.030258510261774063, 0.03704655542969704, 0.027637425810098648, 0.03708213195204735, 0.03473294898867607, 0.04139344394207001, 0.02918671816587448, 0.025374896824359894, 0.03345033898949623, 0.03709486126899719, 0.03836895525455475, 0.03488083928823471, 0.0343465693295002, 0.02999229170382023, 0.036365073174238205, 0.03597263991832733, 0.029228506609797478, 0.03125833719968796, 0.031121086329221725, 0.040414534509181976, 0.03227589279413223, 0.03401027247309685, 0.03203374519944191, 0.03934738039970398, 0.04090698063373566, 0.02949029952287674, 0.03668854385614395, 0.03637950122356415, 0.028662100434303284, 0.033023420721292496, 0.03396996483206749, 0.03612840175628662, 0.0324324369430542, 0.03321894630789757, 0.03484208881855011, 0.036254994571208954, 0.038218654692173004, 0.0335436686873436, 0.048158109188079834, 0.033812105655670166, 0.03213846683502197], 'L_si': [0.014215678907930851, 0.010501958429813385, 0.02050038054585457, 0.016476914286613464, 0.012084852904081345, 0.012623952701687813, 0.015158407390117645, 0.019262924790382385, 0.011335944756865501, 0.012911665253341198, 0.011383570730686188, 0.013468523509800434, 0.01663975790143013, 0.024336092174053192, 0.014664319343864918, 0.015406494960188866, 0.018215397372841835, 0.008882058784365654, 0.017118962481617928, 0.01160434726625681, 0.011911503039300442, 0.011799720115959644, 0.015024151653051376, 0.00819038413465023, 0.013773779384791851, 0.013908260501921177, 0.010528463870286942, 0.012767686508595943, 0.014304222539067268, 0.015690702944993973, 0.01696203462779522, 0.017847266048192978, 0.016932446509599686, 0.010858211666345596, 0.01582876592874527, 0.011472633108496666, 0.01765020564198494, 0.015642618760466576, 0.015126806683838367, 0.013051945716142654, 0.017797060310840607, 0.014159017242491245, 0.009570998139679432, 0.014523215591907501, 0.015194732695817947, 0.007743140682578087, 0.01565157249569893, 0.015406466089189053, 0.012239331379532814, 0.017320964485406876, 0.01199452206492424, 0.014270232059061527, 0.012364801950752735, 0.016298696398735046, 0.018663037568330765, 0.011550921946763992, 0.014595886692404747, 0.011961112730205059, 0.015123220160603523, 0.01712542399764061, 0.014594519510865211, 0.0148750776425004, 0.010908653028309345, 0.01332887914031744, 0.01314566284418106, 0.010639709420502186, 0.013239124789834023, 0.014744579792022705, 0.013220319524407387, 0.019586488604545593, 0.012778239324688911, 0.014436013996601105, 0.008936450816690922, 0.014249145984649658, 0.013039830140769482, 0.011405370198190212, 0.013963233679533005, 0.011706922203302383, 0.022007031366229057, 0.011969619430601597, 0.011027269996702671, 0.01807372085750103, 0.012291786260902882, 0.018552057445049286, 0.010599619708955288, 0.016064569354057312, 0.010226521641016006, 0.014345498755574226, 0.0160139761865139, 0.017351174727082253, 0.01454799436032772, 0.015208241529762745, 0.011191193014383316, 0.01561945304274559, 0.010714031755924225, 0.01244589127600193, 0.010434923693537712, 0.012611005455255508, 0.012437215074896812, 0.015907462686300278, 0.011197258718311787, 0.010376626625657082, 0.010941553860902786, 0.011289050802588463, 0.015727929770946503, 0.009259085170924664, 0.011236608028411865, 0.01627781055867672, 0.012150420807301998, 0.012724777683615685, 0.010712004266679287, 0.011944461613893509, 0.014573848806321621, 0.010265585035085678, 0.011250072158873081, 0.006311329081654549, 0.014985082671046257, 0.009977023117244244, 0.016380175948143005, 0.012665722519159317, 0.012087938375771046, 0.013405907899141312, 0.00882980041205883, 0.012783998623490334, 0.014387739822268486, 0.015812158584594727, 0.015981584787368774, 0.015564404428005219, 0.012635740451514721, 0.013450872153043747, 0.015027820132672787, 0.014317083172500134, 0.011430453509092331, 0.013631358742713928, 0.016406692564487457, 0.012406151741743088, 0.010680693201720715, 0.014339257963001728, 0.01780586689710617, 0.012937776744365692, 0.014464130625128746, 0.017078690230846405, 0.008277193643152714, 0.009265261702239513, 0.023503631353378296, 0.010837162844836712, 0.018072467297315598, 0.017335038632154465, 0.011053531430661678, 0.009279854595661163, 0.01536260824650526, 0.013322414830327034, 0.011686647310853004, 0.015874098986387253, 0.01560149621218443, 0.010174817405641079, 0.014598054811358452, 0.01574236899614334, 0.011410037986934185, 0.015299228020012379, 0.007854554802179337, 0.00876142643392086, 0.013717404566705227, 0.0174274742603302, 0.014080938883125782, 0.013548022136092186, 0.01252144854515791, 0.00968966819345951, 0.014495717361569405, 0.012854980304837227, 0.010309210047125816, 0.01327689178287983, 0.010820410214364529, 0.00820653885602951, 0.01328459195792675, 0.017507074400782585, 0.014497146010398865, 0.013765396550297737, 0.013904211111366749, 0.01549400296062231, 0.011367506347596645, 0.01004411093890667, 0.011232818476855755, 0.013640370219945908, 0.013616705313324928, 0.01659771054983139, 0.01436108909547329, 0.01226311456412077, 0.010341690853238106, 0.014416606165468693, 0.011757700704038143, 0.009609200991690159, 0.009923708625137806, 0.013642344623804092, 0.013461146503686905, 0.008075745776295662, 0.012726986780762672, 0.011784980073571205, 0.01721002534031868, 0.010285787284374237, 0.017403937876224518, 0.011919583193957806, 0.013203027658164501, 0.017749907448887825, 0.011293463408946991, 0.011922584846615791, 0.013646022416651249, 0.01434561051428318, 0.014372383244335651, 0.010245976969599724, 0.013702320866286755, 0.0093790702521801, 0.013324775733053684, 0.013459752313792706, 0.016611631959676743, 0.0106110954657197, 0.00788520835340023, 0.012323743663728237, 0.013634981587529182, 0.015019718557596207, 0.013810530304908752, 0.013116434216499329, 0.010210730135440826, 0.013311321847140789, 0.014758771285414696, 0.00914841704070568, 0.01109376735985279, 0.0112396739423275, 0.018192779272794724, 0.011899350211024284, 0.01282317191362381, 0.011126757599413395, 0.014838911592960358, 0.01633077673614025, 0.009992980398237705, 0.014028064906597137, 0.014344913884997368, 0.009010319598019123, 0.011662519536912441, 0.011590197682380676, 0.01265124510973692, 0.01028689555823803, 0.011732169426977634, 0.01346408762037754, 0.013716968707740307, 0.014587990008294582, 0.012957591563463211, 0.021861281245946884, 0.01334683783352375, 0.015159303322434425], 'L_grad': [0.021963398903608322, 0.017967619001865387, 0.027597445994615555, 0.026537399739027023, 0.02116919495165348, 0.021474778652191162, 0.019622407853603363, 0.025173043832182884, 0.020414087921380997, 0.022040583193302155, 0.019627461209893227, 0.022521544247865677, 0.02475019544363022, 0.029371894896030426, 0.0220898799598217, 0.02346222847700119, 0.02617032453417778, 0.019152173772454262, 0.02510475553572178, 0.020443812012672424, 0.022953122854232788, 0.02213432639837265, 0.023798447102308273, 0.019108813256025314, 0.022406205534934998, 0.02333197556436062, 0.020156802609562874, 0.0211336687207222, 0.02197268418967724, 0.024005688726902008, 0.023389171808958054, 0.023920519277453423, 0.022099148482084274, 0.02124546840786934, 0.023044222965836525, 0.01951892301440239, 0.025585925206542015, 0.023287251591682434, 0.023743778467178345, 0.020999858155846596, 0.02533641830086708, 0.022870879620313644, 0.01963793858885765, 0.02144208550453186, 0.02263009175658226, 0.017813270911574364, 0.023534197360277176, 0.022651266306638718, 0.02251725271344185, 0.02541341260075569, 0.020041439682245255, 0.02217291109263897, 0.01983380876481533, 0.022690188139677048, 0.023211734369397163, 0.02009260654449463, 0.021472983062267303, 0.019802115857601166, 0.02506222203373909, 0.025062790140509605, 0.02205796167254448, 0.021483054384589195, 0.02224837988615036, 0.02125989831984043, 0.02310982346534729, 0.01992379128932953, 0.020244622603058815, 0.018561623990535736, 0.021468525752425194, 0.026796206831932068, 0.021740224212408066, 0.020320620387792587, 0.019835520535707474, 0.024578005075454712, 0.02157657966017723, 0.019562507048249245, 0.025889433920383453, 0.02047433704137802, 0.0286193136125803, 0.021840248256921768, 0.01995934173464775, 0.025018654763698578, 0.018514245748519897, 0.026974715292453766, 0.02002035826444626, 0.022574402391910553, 0.01909259520471096, 0.02236369624733925, 0.024023231118917465, 0.02284175530076027, 0.021648447960615158, 0.024023644626140594, 0.020985841751098633, 0.02401798963546753, 0.020237425342202187, 0.021540962159633636, 0.021334325894713402, 0.023204611614346504, 0.021234316751360893, 0.023506177589297295, 0.019478775560855865, 0.02158001810312271, 0.019961006939411163, 0.02078372985124588, 0.02476614899933338, 0.01963573880493641, 0.020306238904595375, 0.023825231939554214, 0.021235108375549316, 0.021793939173221588, 0.02050764299929142, 0.02055446431040764, 0.023666374385356903, 0.019143033772706985, 0.021045297384262085, 0.01847081258893013, 0.024034369736909866, 0.018012892454862595, 0.023530513048171997, 0.021626058965921402, 0.02147705852985382, 0.021041013300418854, 0.019096599891781807, 0.02289300598204136, 0.023598507046699524, 0.02314876765012741, 0.025102894753217697, 0.023273587226867676, 0.022226672619581223, 0.021415142342448235, 0.022741112858057022, 0.020542610436677933, 0.018928401172161102, 0.021396756172180176, 0.02399231679737568, 0.021772351115942, 0.018993588164448738, 0.025501877069473267, 0.023014046251773834, 0.021132942289114, 0.02214723452925682, 0.02506299689412117, 0.018200421705842018, 0.019167592748999596, 0.03007645532488823, 0.021291662007570267, 0.02439609169960022, 0.022082025185227394, 0.020842747762799263, 0.018954867497086525, 0.02413902059197426, 0.023858286440372467, 0.019121713936328888, 0.02404625155031681, 0.021661749109625816, 0.02008749544620514, 0.02386680245399475, 0.024885866791009903, 0.017763298004865646, 0.021616950631141663, 0.020365837961435318, 0.02052374556660652, 0.02308475598692894, 0.023261377587914467, 0.020695935934782028, 0.021452028304338455, 0.02154131606221199, 0.01919654943048954, 0.023635398596525192, 0.022382594645023346, 0.02009599842131138, 0.020758897066116333, 0.020419340580701828, 0.016880828887224197, 0.02218702808022499, 0.026395700871944427, 0.02082541584968567, 0.022896364331245422, 0.021402092650532722, 0.023587903007864952, 0.02156619355082512, 0.017983071506023407, 0.020341569557785988, 0.02398589812219143, 0.021532829850912094, 0.02501107007265091, 0.02225496992468834, 0.021655354648828506, 0.020949313417077065, 0.022717297077178955, 0.020502347499132156, 0.018685372546315193, 0.02061515301465988, 0.022299133241176605, 0.02147170901298523, 0.018109135329723358, 0.021362973377108574, 0.020919963717460632, 0.027376607060432434, 0.019054275006055832, 0.025318734347820282, 0.022407274693250656, 0.0203285813331604, 0.023670416325330734, 0.020158613100647926, 0.01936321333050728, 0.02118026837706566, 0.023545371368527412, 0.025132475420832634, 0.02001253329217434, 0.023344233632087708, 0.01825835555791855, 0.02375735715031624, 0.02127319574356079, 0.024781810119748116, 0.018575623631477356, 0.017489688470959663, 0.02112659439444542, 0.02345987781882286, 0.02334923855960369, 0.02107030712068081, 0.02123013511300087, 0.019781561568379402, 0.02305375039577484, 0.021213868632912636, 0.020080089569091797, 0.020164569839835167, 0.019881412386894226, 0.022221757099032402, 0.020376544445753098, 0.021187100559473038, 0.02090698666870594, 0.024508468806743622, 0.024576205760240555, 0.01949731819331646, 0.022660478949546814, 0.02203458547592163, 0.019651779904961586, 0.02136090025305748, 0.022379767149686813, 0.023477155715227127, 0.02214554138481617, 0.021486777812242508, 0.02137800306081772, 0.022538024932146072, 0.023630663752555847, 0.020586075261235237, 0.02629682794213295, 0.020465269684791565, 0.016979161649942398]}
Setting up Multi Scale Gradient loss...
Done
Setting up Multi Scale Gradient loss...
Done
Setting up Multi Scale Gradient loss...
Done
Setting up Multi Scale Gradient loss...
Done
Setting up Multi Scale Gradient loss...
Done
Setting up Multi Scale Gradient loss...
Done
Setting up Multi Scale Gradient loss...
Done
Setting up Multi Scale Gradient loss...
Done
Setting up Multi Scale Gradient loss...
Setting up Multi Scale Gradient loss...
Setting up Multi Scale Gradient loss...
Setting up Multi Scale Gradient loss...
Setting up Multi Scale Gradient loss...
Setting up Multi Scale Gradient loss...Done
Setting up Multi Scale Gradient loss...

Setting up Multi Scale Gradient loss...DoneDone

Done

Done
DoneDone

Done
all losses in batch in validation:  {'loss': [0.03775186091661453, 0.027058489620685577, 0.048944681882858276, 0.044995665550231934, 0.03351509943604469, 0.03504905849695206, 0.03508756309747696, 0.047523025423288345, 0.03260652720928192, 0.03538615256547928, 0.03075902909040451, 0.04430307447910309, 0.042300909757614136, 0.058930713683366776, 0.03796479478478432, 0.04346529394388199, 0.04742187634110451, 0.03056805208325386, 0.0444633923470974, 0.03333011269569397, 0.034568291157484055, 0.03703800588846207, 0.043181441724300385, 0.027900831773877144, 0.038902729749679565, 0.03734489530324936, 0.028579983860254288, 0.03584805876016617, 0.035532571375370026, 0.0444922037422657, 0.0411832220852375, 0.04439561441540718, 0.038546111434698105, 0.03465304896235466, 0.04577033966779709, 0.028206024318933487, 0.04812828078866005, 0.041666872799396515, 0.04125285893678665, 0.03591189160943031, 0.053674690425395966, 0.039087358862161636, 0.03150089830160141, 0.03766427934169769, 0.03597405552864075, 0.02503172680735588, 0.04103726148605347, 0.038039930164813995, 0.03737091273069382, 0.045987214893102646, 0.033049631863832474, 0.035900600254535675, 0.03399921953678131, 0.04519747197628021, 0.041887685656547546, 0.031212106347084045, 0.03529273718595505, 0.03300371766090393, 0.039650097489356995, 0.044316187500953674, 0.03703754395246506, 0.03584412485361099, 0.03197655826807022, 0.0352896973490715, 0.037777818739414215, 0.028586257249116898, 0.035730551928281784, 0.03327745944261551, 0.037660863250494, 0.04725444316864014, 0.03728727996349335, 0.0353253111243248, 0.028181403875350952, 0.03888282924890518, 0.036619678139686584, 0.031861934810876846, 0.039644092321395874, 0.033316321671009064, 0.05474810302257538, 0.033346742391586304, 0.03114904649555683, 0.04548196494579315, 0.031485721468925476, 0.04533388465642929, 0.03156557306647301, 0.03942250460386276, 0.030666708946228027, 0.03740522637963295, 0.04132547229528427, 0.04435865208506584, 0.04082981124520302, 0.03851111978292465, 0.03152592107653618, 0.03951467201113701, 0.025906015187501907, 0.03510483726859093, 0.03256435692310333, 0.03758876025676727, 0.031912561506032944, 0.03761300444602966, 0.032301995903253555, 0.03344804793596268, 0.03168945759534836, 0.03633332625031471, 0.042679764330387115, 0.028762493282556534, 0.03260169178247452, 0.04499518498778343, 0.030851271003484726, 0.039232686161994934, 0.03131358325481415, 0.036063868552446365, 0.042332567274570465, 0.028292659670114517, 0.0353182852268219, 0.022227834910154343, 0.04331096261739731, 0.027286294847726822, 0.0502605065703392, 0.03466728329658508, 0.04119470715522766, 0.03628115728497505, 0.027393804863095284, 0.03549697995185852, 0.04172322154045105, 0.04239799082279205, 0.042892877012491226, 0.0381978303194046, 0.037351902574300766, 0.033435843884944916, 0.036432795226573944, 0.032919302582740784, 0.02831231616437435, 0.03544073551893234, 0.048178285360336304, 0.03238822519779205, 0.02886105701327324, 0.03955951705574989, 0.045704904943704605, 0.03301853686571121, 0.0324711799621582, 0.044949911534786224, 0.026651008054614067, 0.026515504345297813, 0.05545281991362572, 0.03216325119137764, 0.0450073704123497, 0.03932255506515503, 0.03227812796831131, 0.029771292582154274, 0.03763736039400101, 0.038016486912965775, 0.03071264550089836, 0.03967148810625076, 0.037711672484874725, 0.03061746060848236, 0.03852912038564682, 0.04239324480295181, 0.03068297542631626, 0.03619764745235443, 0.026436462998390198, 0.03145412355661392, 0.036473341286182404, 0.0409836582839489, 0.04092026501893997, 0.03771239519119263, 0.03257472813129425, 0.02906181663274765, 0.039179056882858276, 0.03640315681695938, 0.02907598204910755, 0.034268319606781006, 0.03257773071527481, 0.024873526766896248, 0.037596456706523895, 0.04480694606900215, 0.03712426871061325, 0.03872719407081604, 0.037202388048172, 0.04643014818429947, 0.03283841162919998, 0.026077743619680405, 0.029791221022605896, 0.03714267909526825, 0.03540878742933273, 0.046736910939216614, 0.03784874826669693, 0.03373662382364273, 0.0346863716840744, 0.03915388137102127, 0.03479108214378357, 0.030623383820056915, 0.03156353533267975, 0.03970399498939514, 0.03905902057886124, 0.028783651068806648, 0.037310004234313965, 0.03258968144655228, 0.04629342257976532, 0.02600553259253502, 0.04032384976744652, 0.035892635583877563, 0.03294966369867325, 0.037090711295604706, 0.030613020062446594, 0.028542179614305496, 0.04031958431005478, 0.03874668851494789, 0.0415935143828392, 0.028411664068698883, 0.03857458755373955, 0.026920555159449577, 0.04628283530473709, 0.03279092162847519, 0.04157739877700806, 0.03062746301293373, 0.02479885146021843, 0.036008380353450775, 0.03688288852572441, 0.04577548801898956, 0.03513519465923309, 0.03586968034505844, 0.030590668320655823, 0.038240619003772736, 0.03550804406404495, 0.02903911843895912, 0.03213312849402428, 0.02938174642622471, 0.04160495847463608, 0.031978584825992584, 0.03596826642751694, 0.02974458411335945, 0.04051614925265312, 0.044003672897815704, 0.028590258210897446, 0.03737498074769974, 0.038419000804424286, 0.03084516152739525, 0.03543626517057419, 0.033050499856472015, 0.03637048602104187, 0.028664231300354004, 0.03409261628985405, 0.030586712062358856, 0.0336759053170681, 0.037471503019332886, 0.031978506594896317, 0.04702971130609512, 0.035821326076984406, 0.03225579485297203], 'L_si': [0.014896225184202194, 0.009956259280443192, 0.02118910849094391, 0.017538292333483696, 0.012154418043792248, 0.013167673721909523, 0.015321879647672176, 0.021445106714963913, 0.012040476314723492, 0.012845859862864017, 0.011408139951527119, 0.01908600889146328, 0.01732325740158558, 0.02817004919052124, 0.015436180867254734, 0.017974507063627243, 0.019757375121116638, 0.010160326957702637, 0.018399719148874283, 0.012190515175461769, 0.011755082756280899, 0.01338864304125309, 0.017783155664801598, 0.008601827546954155, 0.015095198526978493, 0.013941662386059761, 0.009124037809669971, 0.013833179138600826, 0.014224348589777946, 0.018208693712949753, 0.017683573067188263, 0.019449792802333832, 0.016526781022548676, 0.01232930738478899, 0.020543724298477173, 0.010167282074689865, 0.020425714552402496, 0.017342906445264816, 0.01680673472583294, 0.014293490909039974, 0.02454056218266487, 0.015004195272922516, 0.010898108594119549, 0.015907350927591324, 0.014124566689133644, 0.007403192110359669, 0.01662394404411316, 0.015616675838828087, 0.013697458431124687, 0.01922186091542244, 0.012920644134283066, 0.013899861834943295, 0.013497583568096161, 0.020658627152442932, 0.019088823348283768, 0.011523171328008175, 0.014287857338786125, 0.012838749215006828, 0.014568185433745384, 0.018746687099337578, 0.014993601478636265, 0.014879661612212658, 0.009946918115019798, 0.014069877564907074, 0.014168868772685528, 0.009583493694663048, 0.014785842038691044, 0.014976704493165016, 0.014839931391179562, 0.02034841850399971, 0.013965352438390255, 0.014604038558900356, 0.008765690959990025, 0.0137497428804636, 0.013879693113267422, 0.0115926219150424, 0.01339663565158844, 0.012324348092079163, 0.024363424628973007, 0.011767059564590454, 0.010981114581227303, 0.01980345882475376, 0.012834258377552032, 0.018747515976428986, 0.010800507850944996, 0.016985837370157242, 0.0113788777962327, 0.014759799465537071, 0.0164654403924942, 0.02031014859676361, 0.0173946600407362, 0.014791821129620075, 0.010880677960813046, 0.015461479313671589, 0.00879656057804823, 0.013263478875160217, 0.010529453866183758, 0.01380700059235096, 0.011472073383629322, 0.015507951378822327, 0.01223717350512743, 0.01120472140610218, 0.01112399809062481, 0.013525296933948994, 0.016982050612568855, 0.008833475410938263, 0.01093965396285057, 0.01876254379749298, 0.010983720421791077, 0.015787679702043533, 0.010429071262478828, 0.014026734046638012, 0.016256043687462807, 0.009896091185510159, 0.012948538176715374, 0.005971454083919525, 0.017507802695035934, 0.009886771440505981, 0.02287006936967373, 0.012719940394163132, 0.01684294082224369, 0.014273072592914104, 0.008281903341412544, 0.012674069032073021, 0.016431979835033417, 0.017529379576444626, 0.016964763402938843, 0.014872642233967781, 0.013849739916622639, 0.013307690620422363, 0.014437045902013779, 0.013746054843068123, 0.009946437552571297, 0.01350761391222477, 0.02179427072405815, 0.011045956052839756, 0.01014633011072874, 0.014154522679746151, 0.021200548857450485, 0.012157551944255829, 0.012435054406523705, 0.018895749002695084, 0.008176568895578384, 0.0083757434040308, 0.02454497292637825, 0.010969273746013641, 0.019437793642282486, 0.016730282455682755, 0.011181688867509365, 0.009652724489569664, 0.014116337522864342, 0.013525927439332008, 0.011722109280526638, 0.015479410998523235, 0.01600698195397854, 0.010318947024643421, 0.014682442881166935, 0.016503702849149704, 0.01252550259232521, 0.015092894434928894, 0.007244005799293518, 0.010143512859940529, 0.013287710025906563, 0.017533916980028152, 0.019163677468895912, 0.014778772369027138, 0.011950799264013767, 0.009619442746043205, 0.01480446383357048, 0.013601782731711864, 0.00959436222910881, 0.013138796202838421, 0.01145886443555355, 0.007906902581453323, 0.013894679956138134, 0.01810459978878498, 0.015566682443022728, 0.014983748085796833, 0.015253888443112373, 0.020922522991895676, 0.011042343452572823, 0.009177617728710175, 0.01047253143042326, 0.012981848791241646, 0.013457611203193665, 0.019510840997099876, 0.01527528278529644, 0.012235120870172977, 0.011573007330298424, 0.01547790877521038, 0.013138668611645699, 0.011208846233785152, 0.010358739644289017, 0.015881340950727463, 0.01559180673211813, 0.009710351005196571, 0.014498986303806305, 0.01126630138605833, 0.01769121363759041, 0.008649000898003578, 0.015865247696638107, 0.01277006883174181, 0.012489997781813145, 0.015644099563360214, 0.010717282071709633, 0.010926008224487305, 0.016874492168426514, 0.01469738595187664, 0.01616387441754341, 0.009145515039563179, 0.01395542174577713, 0.008827682584524155, 0.018864057958126068, 0.012714650481939316, 0.01628366857767105, 0.011435780674219131, 0.0074493130668997765, 0.013454833999276161, 0.013844061642885208, 0.019870515912771225, 0.01429341733455658, 0.013720845803618431, 0.00986563041806221, 0.014108586125075817, 0.014852026477456093, 0.008774353191256523, 0.01158453244715929, 0.010522779077291489, 0.01917143538594246, 0.01139526255428791, 0.013872817158699036, 0.01029205322265625, 0.015127367340028286, 0.018122998997569084, 0.009493743069469929, 0.01403454877436161, 0.01528447587043047, 0.0100223608314991, 0.012782038189470768, 0.011226849630475044, 0.012549402192234993, 0.007631847634911537, 0.0121396379545331, 0.011484809219837189, 0.01283620297908783, 0.014142168685793877, 0.012280281633138657, 0.021394746378064156, 0.014571178704500198, 0.015277227386832237], 'L_grad': [0.022855635732412338, 0.017102230340242386, 0.027755573391914368, 0.02745737135410309, 0.02136068232357502, 0.021881384775042534, 0.019765684381127357, 0.026077918708324432, 0.020566049963235855, 0.022540293633937836, 0.019350890070199966, 0.025217067450284958, 0.024977654218673706, 0.030760664492845535, 0.022528614848852158, 0.025490786880254745, 0.02766450121998787, 0.020407725125551224, 0.026063673198223114, 0.02113959565758705, 0.022813208401203156, 0.023649360984563828, 0.025398287922143936, 0.01929900422692299, 0.023807533085346222, 0.023403232917189598, 0.01945594698190689, 0.022014880552887917, 0.02130822464823723, 0.02628351002931595, 0.02349964901804924, 0.02494582161307335, 0.02201933041214943, 0.022323742508888245, 0.025226613506674767, 0.018038742244243622, 0.027702566236257553, 0.0243239663541317, 0.024446122348308563, 0.021618399769067764, 0.029134126380085945, 0.02408316358923912, 0.020602788776159286, 0.02175692841410637, 0.021849486976861954, 0.017628533765673637, 0.024413317441940308, 0.022423256188631058, 0.02367345616221428, 0.026765353977680206, 0.020128987729549408, 0.022000737488269806, 0.02050163596868515, 0.02453884482383728, 0.02279886230826378, 0.019688935950398445, 0.021004879847168922, 0.02016497030854225, 0.02508191391825676, 0.025569498538970947, 0.022043943405151367, 0.02096446231007576, 0.022029642015695572, 0.02121981978416443, 0.023608949035406113, 0.01900276355445385, 0.020944710820913315, 0.018300753086805344, 0.022820932790637016, 0.026906024664640427, 0.023321926593780518, 0.020721271634101868, 0.019415713846683502, 0.025133084505796432, 0.022739984095096588, 0.02026931382715702, 0.026247458532452583, 0.02099197544157505, 0.03038467839360237, 0.02157968282699585, 0.02016793191432953, 0.02567850425839424, 0.018651463091373444, 0.026586366817355156, 0.020765066146850586, 0.02243666723370552, 0.0192878320813179, 0.02264542691409588, 0.02486003190279007, 0.02404850348830223, 0.02343515120446682, 0.02371929958462715, 0.02064524218440056, 0.024053191766142845, 0.017109453678131104, 0.02184135839343071, 0.022034902125597, 0.023781757801771164, 0.020440489053726196, 0.022105054929852486, 0.0200648233294487, 0.022243324667215347, 0.02056545950472355, 0.022808028385043144, 0.02569771558046341, 0.01992901787161827, 0.021662037819623947, 0.02623264119029045, 0.01986755058169365, 0.0234450064599514, 0.02088451385498047, 0.02203713357448578, 0.02607652172446251, 0.018396567553281784, 0.02236974611878395, 0.016256380826234818, 0.025803159922361374, 0.01739952340722084, 0.027390439063310623, 0.021947341039776802, 0.02435176819562912, 0.022008085623383522, 0.01911190152168274, 0.02282290905714035, 0.025291239842772484, 0.024868609383702278, 0.025928113609552383, 0.023325186222791672, 0.023502163589000702, 0.020128153264522552, 0.021995747461915016, 0.01917324587702751, 0.018365878611803055, 0.021933123469352722, 0.026384014636278152, 0.021342270076274872, 0.018714725971221924, 0.025404993444681168, 0.02450435608625412, 0.020860984921455383, 0.0200361255556345, 0.02605416066944599, 0.018474439159035683, 0.018139760941267014, 0.030907846987247467, 0.021193977445364, 0.025569576770067215, 0.022592272609472275, 0.02109643816947937, 0.02011856809258461, 0.023521024733781815, 0.024490559473633766, 0.01899053528904915, 0.024192076176404953, 0.021704688668251038, 0.020298512652516365, 0.02384667657315731, 0.02588954009115696, 0.01815747283399105, 0.021104753017425537, 0.01919245719909668, 0.021310612559318542, 0.02318562939763069, 0.023449741303920746, 0.02175658755004406, 0.02293362095952034, 0.020623929798603058, 0.019442373886704445, 0.024374593049287796, 0.022801373153924942, 0.01948161981999874, 0.02112952433526516, 0.02111886627972126, 0.016966624185442924, 0.023701775819063187, 0.02670234628021717, 0.021557588130235672, 0.023743445053696632, 0.021948501467704773, 0.025507625192403793, 0.02179607003927231, 0.01690012589097023, 0.01931868866086006, 0.024160828441381454, 0.021951178088784218, 0.027226068079471588, 0.02257346548140049, 0.02150150202214718, 0.023113364353775978, 0.02367597073316574, 0.02165241539478302, 0.019414538517594337, 0.021204795688390732, 0.02382265403866768, 0.02346721477806568, 0.019073300063610077, 0.02281101606786251, 0.02132337912917137, 0.02860220894217491, 0.01735653169453144, 0.02445860207080841, 0.02312256582081318, 0.020459666848182678, 0.02144661173224449, 0.01989573799073696, 0.01761617138981819, 0.023445090278983116, 0.02404930256307125, 0.02542964182794094, 0.019266149029135704, 0.024619165807962418, 0.018092872574925423, 0.027418777346611023, 0.020076273009181023, 0.025293730199337006, 0.0191916823387146, 0.01734953746199608, 0.022553548216819763, 0.023038826882839203, 0.025904972106218338, 0.020841779187321663, 0.02214883640408516, 0.020725037902593613, 0.024132031947374344, 0.02065601944923401, 0.0202647652477026, 0.020548595115542412, 0.01885896734893322, 0.02243352122604847, 0.020583320409059525, 0.0220954492688179, 0.0194525308907032, 0.02538878098130226, 0.02588067576289177, 0.01909651607275009, 0.023340433835983276, 0.02313452586531639, 0.02082280069589615, 0.022654227912425995, 0.02182365208864212, 0.023821081966161728, 0.021032383665442467, 0.021952979266643524, 0.019101902842521667, 0.02083970233798027, 0.02332933619618416, 0.01969822496175766, 0.025634964928030968, 0.021250147372484207, 0.016978567466139793]}
Setting up Multi Scale Gradient loss...
Done
Setting up Multi Scale Gradient loss...
Done
Setting up Multi Scale Gradient loss...
Done
Setting up Multi Scale Gradient loss...
Done
Setting up Multi Scale Gradient loss...
Done
Setting up Multi Scale Gradient loss...
Done
Setting up Multi Scale Gradient loss...
Done
Setting up Multi Scale Gradient loss...
Done
Setting up Multi Scale Gradient loss...
Done
Setting up Multi Scale Gradient loss...
Done
Setting up Multi Scale Gradient loss...
Done
Setting up Multi Scale Gradient loss...
Done
Setting up Multi Scale Gradient loss...
Done
Setting up Multi Scale Gradient loss...
Done
Setting up Multi Scale Gradient loss...
Done
Setting up Multi Scale Gradient loss...
Done
all losses in batch in validation:  {'loss': [0.022738030180335045, 0.02609119564294815, 0.023412970826029778, 0.029392968863248825, 0.0225826445966959, 0.03162447363138199, 0.02717737667262554, 0.031128033995628357, 0.023464860394597054, 0.02375582605600357, 0.022890571504831314, 0.02941131219267845, 0.026017867028713226, 0.028203953057527542, 0.02362414449453354, 0.022334009408950806, 0.023365646600723267, 0.02248547226190567, 0.028044501319527626, 0.023776598274707794, 0.028484631329774857, 0.025621891021728516, 0.0234384648501873, 0.022348366677761078, 0.02126101404428482, 0.02325729839503765, 0.025700107216835022, 0.02384255826473236, 0.02657957375049591, 0.02252652309834957, 0.030285635963082314, 0.026437275111675262, 0.024985525757074356, 0.02403579279780388, 0.02758118510246277, 0.026151321828365326, 0.02331653982400894, 0.0231919102370739, 0.022210830822587013, 0.0238376222550869, 0.024005308747291565, 0.02473648078739643, 0.022066349163651466, 0.030802037566900253, 0.03166961669921875, 0.023905405774712563, 0.02172437496483326, 0.027408869937062263, 0.02503398060798645, 0.02765205316245556, 0.025696976110339165, 0.02832498587667942, 0.021931342780590057, 0.02606545388698578, 0.027621835470199585, 0.03057096153497696, 0.025877617299556732, 0.019988197833299637, 0.029637623578310013, 0.02262594923377037, 0.028081469237804413, 0.022470923140645027, 0.0284075066447258, 0.022730037569999695, 0.026967762038111687, 0.026205725967884064, 0.028542425483465195, 0.033343665301799774, 0.02396184764802456, 0.028049390763044357, 0.024294715374708176, 0.029373273253440857, 0.02216632291674614, 0.029672536998987198, 0.023460887372493744, 0.023315299302339554, 0.03224772959947586, 0.0211311224848032, 0.026896357536315918, 0.02182566002011299, 0.023928383365273476, 0.026760639622807503, 0.025376617908477783, 0.026869043707847595, 0.024387581273913383, 0.030067075043916702, 0.023961439728736877, 0.023806504905223846, 0.023871850222349167, 0.028116442263126373, 0.027211474254727364, 0.023302800953388214, 0.024502843618392944, 0.02181093394756317, 0.025146905332803726, 0.022800341248512268, 0.023740272969007492, 0.02430630289018154, 0.02262326516211033, 0.024697918444871902, 0.02423889748752117, 0.02638343907892704, 0.02919618971645832, 0.0229538232088089, 0.023734912276268005, 0.022916194051504135, 0.02634306624531746, 0.02393524721264839, 0.024830447509884834, 0.02776649221777916, 0.025123413652181625, 0.02108117938041687, 0.0291898176074028, 0.020662663504481316, 0.023175794631242752, 0.021079206839203835, 0.02573290280997753, 0.027615541592240334, 0.028168441727757454, 0.02312943898141384, 0.022096095606684685, 0.024409018456935883, 0.024676870554685593, 0.025630271062254906, 0.027730463072657585, 0.024332325905561447, 0.023834548890590668, 0.022671297192573547, 0.023869048804044724, 0.02345416694879532, 0.02534780092537403, 0.02643442153930664, 0.02659560553729534, 0.027311816811561584, 0.027083124965429306, 0.02739783562719822, 0.0190384890884161, 0.03172440454363823, 0.027906294912099838, 0.025932032614946365, 0.028614100068807602, 0.021451827138662338, 0.021322624757885933, 0.02483847178518772, 0.02327490970492363, 0.02394804172217846, 0.020605798810720444, 0.03097108192741871, 0.022234223783016205, 0.023535924032330513, 0.0258223544806242, 0.026900088414549828, 0.026884036138653755, 0.024903712794184685, 0.024759165942668915, 0.022087037563323975, 0.024987932294607162, 0.025669533759355545, 0.023948881775140762, 0.028185531497001648, 0.02490001544356346, 0.023783739656209946, 0.023443283513188362, 0.029168985784053802, 0.033835574984550476, 0.023292072117328644, 0.028363939374685287, 0.023631755262613297, 0.024596193805336952, 0.022174131125211716, 0.02561061643064022, 0.026463907212018967, 0.027661453932523727, 0.023392122238874435, 0.024914119392633438, 0.0260319747030735, 0.028278645128011703, 0.02302573435008526, 0.026360400021076202, 0.03172338753938675, 0.02976207062602043, 0.0239235982298851, 0.024037176743149757, 0.03347385674715042, 0.028377801179885864, 0.03008994087576866, 0.026037653908133507, 0.022624973207712173, 0.025665562599897385, 0.023613635450601578, 0.021220188587903976, 0.02262147143483162, 0.024436363950371742, 0.024199165403842926, 0.020282436162233353, 0.021676352247595787, 0.022792989388108253, 0.026047561317682266, 0.030361875891685486, 0.023581180721521378, 0.02455863356590271, 0.027976475656032562, 0.028334902599453926, 0.027328312397003174, 0.02776046097278595, 0.02635369449853897, 0.02536052279174328, 0.03230765461921692, 0.030253317207098007, 0.02278769016265869, 0.029030006378889084, 0.02637789212167263, 0.02648940309882164, 0.024801690131425858, 0.022275373339653015, 0.02280622161924839, 0.02365841157734394, 0.023526055738329887, 0.03217841312289238, 0.02393321320414543, 0.028698986396193504, 0.023478152230381966, 0.024846838787198067, 0.023232005536556244, 0.027646247297525406, 0.027569103986024857, 0.022854872047901154, 0.029077352955937386, 0.03459734097123146, 0.030134402215480804, 0.024006158113479614, 0.02412557601928711, 0.023731376975774765, 0.022340495139360428, 0.022960834205150604, 0.02475639432668686, 0.02380860038101673, 0.02689974382519722, 0.023293135687708855, 0.026509327813982964, 0.02736756205558777, 0.026718799024820328, 0.022866856306791306, 0.02365889400243759, 0.027122749015688896, 0.023651879280805588, 0.029748519882559776, 0.028628995642066002, 0.023324865847826004, 0.02475179359316826], 'L_si': [0.007016281131654978, 0.009843639098107815, 0.0067978594452142715, 0.00902223214507103, 0.006148578133434057, 0.012251335196197033, 0.01087971031665802, 0.012209590524435043, 0.0072985547594726086, 0.006812389474362135, 0.0078032854944467545, 0.0106512987986207, 0.008237961679697037, 0.010004401206970215, 0.007262784522026777, 0.006202646531164646, 0.0065376898273825645, 0.0061220331117510796, 0.009833931922912598, 0.007380940020084381, 0.008630245923995972, 0.007982078939676285, 0.006643678527325392, 0.005742769688367844, 0.005869000684469938, 0.006713592913001776, 0.008292503654956818, 0.007525320164859295, 0.009387466125190258, 0.006318597588688135, 0.011899497359991074, 0.008930511772632599, 0.009086842648684978, 0.0068270303308963776, 0.00947383139282465, 0.009308992885053158, 0.006723702885210514, 0.006979664787650108, 0.006288387347012758, 0.007429320830851793, 0.007649078965187073, 0.007735740393400192, 0.006178209558129311, 0.012112226337194443, 0.012632641941308975, 0.007223654072731733, 0.0062202876433730125, 0.009792609140276909, 0.007946722209453583, 0.008717399090528488, 0.009117959067225456, 0.010076945647597313, 0.006835590582340956, 0.009969298727810383, 0.01065263245254755, 0.011572557501494884, 0.009082642383873463, 0.005126217380166054, 0.009426669217646122, 0.006297809071838856, 0.010664048604667187, 0.0071281432174146175, 0.008611070923507214, 0.007054388057440519, 0.007955942302942276, 0.00899488851428032, 0.010939503088593483, 0.015263671986758709, 0.007668460253626108, 0.009726920165121555, 0.006976026110351086, 0.011555153876543045, 0.0057104709558188915, 0.009270897135138512, 0.006650586612522602, 0.007272624410688877, 0.010459997691214085, 0.00548552768304944, 0.008366224355995655, 0.005690110847353935, 0.0075090304017066956, 0.008797215297818184, 0.009717871434986591, 0.008821261115372181, 0.007276828866451979, 0.011857756413519382, 0.007584454957395792, 0.007527025882154703, 0.006429099477827549, 0.011084492318332195, 0.010255906730890274, 0.006588045507669449, 0.00750872865319252, 0.005846015643328428, 0.008602656424045563, 0.006201948970556259, 0.006520744878798723, 0.00665957061573863, 0.006687344517558813, 0.008720851503312588, 0.008398998528718948, 0.0073720794171094894, 0.010919688269495964, 0.006246519275009632, 0.006482195109128952, 0.0065953657031059265, 0.008975735865533352, 0.007345488294959068, 0.007915668189525604, 0.00947746355086565, 0.007437313441187143, 0.005441245622932911, 0.00960400328040123, 0.005454907193779945, 0.006164900958538055, 0.005325179547071457, 0.007306626532226801, 0.010491952300071716, 0.00991077534854412, 0.00714283250272274, 0.0059504727832973, 0.007676823064684868, 0.0075060101225972176, 0.00814184918999672, 0.009194174781441689, 0.007421312853693962, 0.006464424543082714, 0.00677048834040761, 0.0070832474157214165, 0.008393692784011364, 0.008326709270477295, 0.009965620934963226, 0.0098209697753191, 0.009228398092091084, 0.009493619203567505, 0.009736888110637665, 0.004831771831959486, 0.009968535974621773, 0.010749813169240952, 0.00865179579705, 0.010891174897551537, 0.00579514866694808, 0.005401526112109423, 0.007961975410580635, 0.006755863316357136, 0.007143429946154356, 0.005294016562402248, 0.012286541983485222, 0.006322804838418961, 0.007355897221714258, 0.008313009515404701, 0.007513860240578651, 0.010329971089959145, 0.00766852917149663, 0.008392552845180035, 0.0060087526217103004, 0.0070804692804813385, 0.007528302259743214, 0.008476531133055687, 0.010587622411549091, 0.006837352178990841, 0.006091437302529812, 0.0065866620279848576, 0.011173934675753117, 0.014020921662449837, 0.007295612711459398, 0.01040799543261528, 0.007744612172245979, 0.00742944935336709, 0.006010596640408039, 0.008550295606255531, 0.009231599047780037, 0.009725026786327362, 0.007879320532083511, 0.007487072143703699, 0.007881734520196915, 0.010768422856926918, 0.0063741025514900684, 0.009427831508219242, 0.011751003563404083, 0.010456761345267296, 0.008492975495755672, 0.007698370609432459, 0.01228620670735836, 0.010032272897660732, 0.010138336569070816, 0.008838852867484093, 0.0067041656002402306, 0.007700691930949688, 0.007263067178428173, 0.005642397329211235, 0.007055995054543018, 0.006693088915199041, 0.007474561221897602, 0.005167412105947733, 0.005742861423641443, 0.00671418197453022, 0.008459832519292831, 0.009348110295832157, 0.007937810383737087, 0.007700491230934858, 0.008858826011419296, 0.01001199334859848, 0.010253996588289738, 0.010035603307187557, 0.010146531276404858, 0.008209077641367912, 0.011856522411108017, 0.010279057547450066, 0.006178694777190685, 0.009447310119867325, 0.00891527347266674, 0.008289800956845284, 0.00888864416629076, 0.006210436578840017, 0.0071149724535644054, 0.0073717315681278706, 0.007097164168953896, 0.012238452211022377, 0.00775084737688303, 0.010826105251908302, 0.007028853055089712, 0.007658457383513451, 0.006459817755967379, 0.010502088814973831, 0.008497093804180622, 0.0067554679699242115, 0.010721338912844658, 0.015197048895061016, 0.011216443963348866, 0.007449564058333635, 0.007673473097383976, 0.006864385679364204, 0.006113902200013399, 0.007168995216488838, 0.007680248469114304, 0.007363682612776756, 0.008855490945279598, 0.006229082588106394, 0.009113114327192307, 0.009026248939335346, 0.0069936467334628105, 0.006272173952311277, 0.008049442432820797, 0.009316222742199898, 0.0067374128848314285, 0.011328538879752159, 0.01094907522201538, 0.007598847150802612, 0.010654309764504433], 'L_grad': [0.015721749514341354, 0.01624755747616291, 0.016615111380815506, 0.020370736718177795, 0.016434065997600555, 0.01937313750386238, 0.01629766635596752, 0.018918443471193314, 0.016166305169463158, 0.01694343611598015, 0.01508728601038456, 0.018760014325380325, 0.01777990534901619, 0.018199551850557327, 0.016361359506845474, 0.016131361946463585, 0.016827957704663277, 0.016363440081477165, 0.01821056939661503, 0.016395658254623413, 0.019854385405778885, 0.01763981208205223, 0.016794785857200623, 0.016605596989393234, 0.015392012894153595, 0.016543705016374588, 0.017407603561878204, 0.01631723903119564, 0.017192106693983078, 0.016207925975322723, 0.01838613860309124, 0.017506763339042664, 0.015898684039711952, 0.0172087624669075, 0.018107354640960693, 0.016842329874634743, 0.016592837870121002, 0.01621224544942379, 0.015922443941235542, 0.016408301889896393, 0.016356229782104492, 0.01700074039399624, 0.015888139605522156, 0.01868981122970581, 0.019036974757909775, 0.016681751236319542, 0.015504087321460247, 0.017616260796785355, 0.017087258398532867, 0.01893465407192707, 0.01657901704311371, 0.018248040229082108, 0.015095751732587814, 0.01609615422785282, 0.01696920208632946, 0.0189984031021595, 0.016794973984360695, 0.014861980453133583, 0.020210955291986465, 0.01632813923060894, 0.0174174215644598, 0.015342779457569122, 0.01979643478989601, 0.015675649046897888, 0.01901181973516941, 0.017210837453603745, 0.01760292239487171, 0.01807999238371849, 0.016293387860059738, 0.018322469666600227, 0.017318688333034515, 0.017818119376897812, 0.01645585149526596, 0.020401639863848686, 0.016810299828648567, 0.01604267582297325, 0.02178773283958435, 0.015645595267415047, 0.018530134111642838, 0.016135549172759056, 0.01641935296356678, 0.01796342432498932, 0.015658747404813766, 0.01804778352379799, 0.017110751941800117, 0.018209319561719894, 0.016376985237002373, 0.01627947948873043, 0.017442751675844193, 0.017031950876116753, 0.01695556752383709, 0.016714755445718765, 0.016994114965200424, 0.015964917838573456, 0.016544248908758163, 0.01659839227795601, 0.017219528555870056, 0.017646731808781624, 0.01593592017889023, 0.01597706601023674, 0.015839898958802223, 0.01901135966181755, 0.018276501446962357, 0.01670730486512184, 0.017252717167139053, 0.01632082834839821, 0.017367329448461533, 0.016589758917689323, 0.01691477932035923, 0.018289027735590935, 0.01768610067665577, 0.015639934688806534, 0.01958581432700157, 0.01520775631070137, 0.017010893672704697, 0.015754027292132378, 0.018426276743412018, 0.017123589292168617, 0.018257666379213333, 0.0159866064786911, 0.016145622357726097, 0.016732195392251015, 0.01717086136341095, 0.017488421872258186, 0.018536288291215897, 0.016911013051867485, 0.01737012341618538, 0.015900809317827225, 0.01678580231964588, 0.015060474164783955, 0.017021091654896736, 0.016468800604343414, 0.016774635761976242, 0.018083417788147926, 0.0175895057618618, 0.017660947516560555, 0.014206716790795326, 0.021755868569016457, 0.017156481742858887, 0.01728023588657379, 0.017722925171256065, 0.01565667800605297, 0.015921099111437798, 0.016876496374607086, 0.01651904545724392, 0.016804611310362816, 0.015311782248318195, 0.018684539943933487, 0.015911418944597244, 0.016180027276277542, 0.017509344965219498, 0.019386228173971176, 0.01655406504869461, 0.017235184088349342, 0.016366612166166306, 0.01607828587293625, 0.017907463014125824, 0.018141232430934906, 0.01547235157340765, 0.01759791001677513, 0.018062662333250046, 0.01769230142235756, 0.016856621950864792, 0.01799505203962326, 0.01981465518474579, 0.015996459871530533, 0.017955943942070007, 0.015887143090367317, 0.01716674491763115, 0.016163533553481102, 0.01706032082438469, 0.01723230816423893, 0.017936427146196365, 0.01551280077546835, 0.017427047714591026, 0.018150240182876587, 0.017510222271084785, 0.016651632264256477, 0.016932569444179535, 0.019972382113337517, 0.019305309280753136, 0.015430623665452003, 0.016338806599378586, 0.02118765003979206, 0.018345527350902557, 0.019951604306697845, 0.017198801040649414, 0.015920808538794518, 0.017964869737625122, 0.01635056920349598, 0.015577791258692741, 0.015565475448966026, 0.017743274569511414, 0.0167246051132679, 0.015115024521946907, 0.01593349128961563, 0.016078807413578033, 0.017587728798389435, 0.021013766527175903, 0.015643369406461716, 0.016858141869306564, 0.019117649644613266, 0.018322909250855446, 0.01707431487739086, 0.017724856734275818, 0.01620716229081154, 0.017151445150375366, 0.02045113407075405, 0.01997425965964794, 0.01660899631679058, 0.01958269625902176, 0.01746261864900589, 0.018199602141976357, 0.015913046896457672, 0.01606493629515171, 0.015691248700022697, 0.016286680474877357, 0.016428891569375992, 0.019939960911870003, 0.016182364895939827, 0.017872881144285202, 0.016449298709630966, 0.017188381403684616, 0.016772188246250153, 0.017144158482551575, 0.01907201111316681, 0.01609940454363823, 0.018356014043092728, 0.01940029300749302, 0.018917959183454514, 0.016556594520807266, 0.016452103853225708, 0.01686699129641056, 0.016226593405008316, 0.015791838988661766, 0.017076145857572556, 0.016444917768239975, 0.018044253811240196, 0.017064053565263748, 0.017396213486790657, 0.018341312184929848, 0.019725153222680092, 0.01659468188881874, 0.01560945250093937, 0.017806526273489, 0.01691446639597416, 0.018419981002807617, 0.01767992042005062, 0.01572601869702339, 0.014097483828663826]}
Setting up Multi Scale Gradient loss...
Done
Setting up Multi Scale Gradient loss...
Done
Setting up Multi Scale Gradient loss...
Done
Setting up Multi Scale Gradient loss...
Done
Setting up Multi Scale Gradient loss...
Done
Setting up Multi Scale Gradient loss...
Done
Setting up Multi Scale Gradient loss...
Done
Setting up Multi Scale Gradient loss...
Done
Setting up Multi Scale Gradient loss...Setting up Multi Scale Gradient loss...

Setting up Multi Scale Gradient loss...Setting up Multi Scale Gradient loss...

Setting up Multi Scale Gradient loss...
Setting up Multi Scale Gradient loss...
Setting up Multi Scale Gradient loss...
Done
Done
Done
Done
Done
Done
Done
Setting up Multi Scale Gradient loss...
Done
all losses in batch in validation:  {'loss': [0.022603336721658707, 0.026282353326678276, 0.022702930495142937, 0.028453273698687553, 0.02241845615208149, 0.03279474750161171, 0.02658996172249317, 0.031214214861392975, 0.02354743704199791, 0.0230802521109581, 0.02338445372879505, 0.02948760986328125, 0.02552150934934616, 0.029346376657485962, 0.022585049271583557, 0.02151445671916008, 0.02302701026201248, 0.021540168672800064, 0.027884233742952347, 0.024384841322898865, 0.027424529194831848, 0.024350661784410477, 0.022070080041885376, 0.021899498999118805, 0.020679723471403122, 0.02326333150267601, 0.025533080101013184, 0.02383245714008808, 0.02699320577085018, 0.020343316718935966, 0.03110446035861969, 0.024924684315919876, 0.02552131749689579, 0.02671891450881958, 0.025822391733527184, 0.025999300181865692, 0.02242649905383587, 0.02227867767214775, 0.021944237872958183, 0.023098081350326538, 0.02479466050863266, 0.02457689307630062, 0.021315978839993477, 0.030390718951821327, 0.032842639833688736, 0.02430993691086769, 0.02127506583929062, 0.027413656935095787, 0.024455882608890533, 0.02686111256480217, 0.024979980662465096, 0.029024790972471237, 0.0209822840988636, 0.02740515023469925, 0.028055552393198013, 0.030486181378364563, 0.02641667053103447, 0.019617756828665733, 0.029164519160985947, 0.023225698620080948, 0.028977764770388603, 0.02268032915890217, 0.02870815061032772, 0.0221819207072258, 0.02630452625453472, 0.02701088786125183, 0.02799888700246811, 0.035370297729969025, 0.023092173039913177, 0.028765689581632614, 0.024615975096821785, 0.029675934463739395, 0.022438088431954384, 0.03024490550160408, 0.021924586966633797, 0.022598277777433395, 0.032322999089956284, 0.021197177469730377, 0.02574055641889572, 0.022640511393547058, 0.023438338190317154, 0.02674669213593006, 0.02548053488135338, 0.02680988609790802, 0.0250118188560009, 0.030229946598410606, 0.02276955544948578, 0.02383267693221569, 0.02311142534017563, 0.027491893619298935, 0.026757504791021347, 0.02323640137910843, 0.02385031431913376, 0.021617626771330833, 0.025188704952597618, 0.02194034308195114, 0.02362920343875885, 0.02363111451268196, 0.022167768329381943, 0.025912683457136154, 0.026285212486982346, 0.024786721915006638, 0.029348203912377357, 0.022452859207987785, 0.023875577375292778, 0.023160770535469055, 0.029233206063508987, 0.022629691287875175, 0.025414660573005676, 0.02791140228509903, 0.024427825585007668, 0.020891189575195312, 0.029849087819457054, 0.020631548017263412, 0.021901078522205353, 0.02125185914337635, 0.023664165288209915, 0.026988167315721512, 0.028499633073806763, 0.0228189118206501, 0.022421812638640404, 0.023790979757905006, 0.025367848575115204, 0.02591860666871071, 0.027479834854602814, 0.022391628473997116, 0.023970704525709152, 0.022586703300476074, 0.023038793355226517, 0.02369549870491028, 0.02588510699570179, 0.02685074880719185, 0.027746321633458138, 0.02613496407866478, 0.026871100068092346, 0.0284303929656744, 0.019026152789592743, 0.03307628631591797, 0.028386995196342468, 0.025301985442638397, 0.02910718321800232, 0.020888354629278183, 0.02077467180788517, 0.024900425225496292, 0.023047899827361107, 0.024381600320339203, 0.019899751991033554, 0.031907062977552414, 0.021741187199950218, 0.023379240185022354, 0.026336049661040306, 0.02677840366959572, 0.027557039633393288, 0.024587102234363556, 0.025227904319763184, 0.021471351385116577, 0.024435408413410187, 0.02517879568040371, 0.023873675614595413, 0.027976635843515396, 0.024944022297859192, 0.023441093042492867, 0.02353811264038086, 0.029733169823884964, 0.03223297372460365, 0.021787282079458237, 0.029171254485845566, 0.02380795031785965, 0.02519642561674118, 0.022043753415346146, 0.02627382054924965, 0.027222637087106705, 0.027637841179966927, 0.02352142706513405, 0.02477344311773777, 0.0253194198012352, 0.028040239587426186, 0.022968027740716934, 0.026562249287962914, 0.03264086693525314, 0.031048458069562912, 0.02443755976855755, 0.023764166980981827, 0.03416255861520767, 0.027833949774503708, 0.031993381679058075, 0.025196149945259094, 0.02250944823026657, 0.02613241970539093, 0.02294611744582653, 0.020403776317834854, 0.02214527130126953, 0.02475377917289734, 0.023761451244354248, 0.01884273812174797, 0.021483708173036575, 0.020999850705266, 0.026188133284449577, 0.029860198497772217, 0.02441990002989769, 0.024827485904097557, 0.02742690220475197, 0.02729068137705326, 0.027319464832544327, 0.028611920773983, 0.027393832802772522, 0.02498686872422695, 0.03146184980869293, 0.030779391527175903, 0.02186579816043377, 0.030892882496118546, 0.025598743930459023, 0.0267304927110672, 0.025083325803279877, 0.021665964275598526, 0.023260876536369324, 0.02319609746336937, 0.02204483561217785, 0.032965801656246185, 0.02416992373764515, 0.029860660433769226, 0.022265512496232986, 0.02428094856441021, 0.022535262629389763, 0.027724703773856163, 0.0287134051322937, 0.022902961820364, 0.028800008818507195, 0.03381870314478874, 0.02923816815018654, 0.023102249950170517, 0.02465701475739479, 0.02370169386267662, 0.022237878292798996, 0.023012861609458923, 0.024992279708385468, 0.022981829941272736, 0.032251715660095215, 0.022856980562210083, 0.027178985998034477, 0.02902492694556713, 0.027782339602708817, 0.02231864258646965, 0.02485489472746849, 0.02758285030722618, 0.02311120182275772, 0.030412979423999786, 0.029049502685666084, 0.022286975756287575, 0.026099953800439835], 'L_si': [0.006944021210074425, 0.009853366762399673, 0.0066546122543513775, 0.00880921259522438, 0.006157030817121267, 0.012839585542678833, 0.010779589414596558, 0.012318650260567665, 0.007128923200070858, 0.006631853990256786, 0.00805697776377201, 0.010280697606503963, 0.008191411383450031, 0.010926752351224422, 0.006859245710074902, 0.006028392352163792, 0.006523837335407734, 0.0058152200654149055, 0.00967557355761528, 0.007715328596532345, 0.008170805871486664, 0.007237152196466923, 0.006381927989423275, 0.0055912332609295845, 0.005565755534917116, 0.006753801368176937, 0.008203055709600449, 0.007544415071606636, 0.0095968097448349, 0.005269142799079418, 0.012211889959871769, 0.008321059867739677, 0.009591558948159218, 0.007916362024843693, 0.008444039151072502, 0.009230654686689377, 0.006451049819588661, 0.0067073507234454155, 0.006327327340841293, 0.007105852477252483, 0.00830688327550888, 0.007663136348128319, 0.005745192989706993, 0.011849384754896164, 0.013059557415544987, 0.007308592088520527, 0.0061049130745232105, 0.010003482922911644, 0.007521994411945343, 0.008471609093248844, 0.008889788761734962, 0.01021016575396061, 0.006438410375267267, 0.010919947177171707, 0.011218364350497723, 0.011352192610502243, 0.00938499066978693, 0.00505507318302989, 0.009405446238815784, 0.006935655139386654, 0.011100905016064644, 0.007332172244787216, 0.008756285533308983, 0.006927240174263716, 0.008055033162236214, 0.009421810507774353, 0.010754384100437164, 0.01624141074717045, 0.007192924153059721, 0.010351352393627167, 0.0070767756551504135, 0.011508715339004993, 0.005689541343599558, 0.009312791749835014, 0.006202617194503546, 0.0069786179810762405, 0.010456420481204987, 0.005506375338882208, 0.008012259379029274, 0.006068806163966656, 0.007105105556547642, 0.009019305929541588, 0.009820862673223019, 0.008825973607599735, 0.00749484496191144, 0.011855244636535645, 0.007098840083926916, 0.007520543411374092, 0.006269021891057491, 0.010881608352065086, 0.010086779482662678, 0.0067122397013008595, 0.007280698977410793, 0.005860271397978067, 0.0084612388163805, 0.006034236866980791, 0.0062616863287985325, 0.0065465206280350685, 0.006574909668415785, 0.009544496424496174, 0.009051009081304073, 0.006649288814514875, 0.010573850944638252, 0.0059747882187366486, 0.006652627605944872, 0.006809344980865717, 0.00974141713231802, 0.006733880843967199, 0.008395836688578129, 0.009575936943292618, 0.007232496049255133, 0.005382971838116646, 0.0097968690097332, 0.005491842515766621, 0.005744176916778088, 0.0054150051437318325, 0.006496273912489414, 0.009907417930662632, 0.01037884782999754, 0.006883935071527958, 0.006156068295240402, 0.007496107369661331, 0.007863643579185009, 0.00820737611502409, 0.008978393860161304, 0.006620191968977451, 0.006796062923967838, 0.006809323560446501, 0.006723832339048386, 0.008373028598725796, 0.008781848475337029, 0.010128780268132687, 0.00986846350133419, 0.008617714047431946, 0.009925832971930504, 0.009975679218769073, 0.005020389333367348, 0.010622275993227959, 0.011029591783881187, 0.008353766985237598, 0.011152257211506367, 0.005607805214822292, 0.005306674633175135, 0.007983137853443623, 0.006668044254183769, 0.007266202010214329, 0.0052834986709058285, 0.012683452107012272, 0.0062255095690488815, 0.007245481945574284, 0.00864010863006115, 0.007492070086300373, 0.010575691238045692, 0.007690505124628544, 0.008824159391224384, 0.00592757947742939, 0.006911407690495253, 0.007304241880774498, 0.008688616566359997, 0.010672216303646564, 0.006795971654355526, 0.005853006150573492, 0.006675249896943569, 0.01145964302122593, 0.01267729140818119, 0.0065414016135036945, 0.010872350074350834, 0.007853933610022068, 0.007656998001039028, 0.006003923714160919, 0.00882051419466734, 0.009468302130699158, 0.009745605289936066, 0.007718383334577084, 0.0073386444710195065, 0.0077524976804852486, 0.010727275162935257, 0.006290792487561703, 0.009751686826348305, 0.01174925547093153, 0.010837271809577942, 0.008696917444467545, 0.00761273643001914, 0.012506427243351936, 0.00973482709378004, 0.01105855219066143, 0.008654668927192688, 0.006745701655745506, 0.007588514126837254, 0.007098319008946419, 0.005310503765940666, 0.006878405809402466, 0.006783530116081238, 0.007205556146800518, 0.004789160564541817, 0.005684567615389824, 0.005964742042124271, 0.008570274338126183, 0.009016871452331543, 0.008304642513394356, 0.007804365828633308, 0.008646526373922825, 0.009577948600053787, 0.010404433123767376, 0.010479439981281757, 0.010782639496028423, 0.008414005860686302, 0.011617572978138924, 0.010057369247078896, 0.005827974062412977, 0.010385911911725998, 0.008542479947209358, 0.00829305686056614, 0.009050273336470127, 0.00594539288431406, 0.007467535324394703, 0.007058556191623211, 0.00647254241630435, 0.012905332259833813, 0.007977355271577835, 0.011354323476552963, 0.006527567282319069, 0.007329566869884729, 0.00620221858844161, 0.0105828195810318, 0.008931044489145279, 0.006868991069495678, 0.01054103672504425, 0.014414045959711075, 0.010539325885474682, 0.006976514123380184, 0.007984922267496586, 0.0067846206948161125, 0.006271488033235073, 0.007165718823671341, 0.007859580218791962, 0.0070768604055047035, 0.010616760700941086, 0.0060022128745913506, 0.009446388110518456, 0.009369095787405968, 0.00725951325148344, 0.006084690801799297, 0.008699891157448292, 0.009627430699765682, 0.006604707799851894, 0.011961759068071842, 0.011227944865822792, 0.0071255904622375965, 0.011621072888374329], 'L_grad': [0.015659315511584282, 0.016428986564278603, 0.016048317775130272, 0.019644061103463173, 0.016261424869298935, 0.019955161958932877, 0.015810372307896614, 0.01889556460082531, 0.016418514773249626, 0.016448399052023888, 0.01532747596502304, 0.019206911325454712, 0.017330098897218704, 0.018419623374938965, 0.01572580449283123, 0.015486063435673714, 0.016503173857927322, 0.015724949538707733, 0.018208660185337067, 0.016669511795043945, 0.019253723323345184, 0.01711350865662098, 0.015688151121139526, 0.016308264806866646, 0.015113968402147293, 0.0165095292031765, 0.017330024391412735, 0.016288042068481445, 0.01739639602601528, 0.015074173919856548, 0.018892569467425346, 0.0166036244481802, 0.015929758548736572, 0.018802551552653313, 0.01737835258245468, 0.016768645495176315, 0.015975449234247208, 0.01557132788002491, 0.01561691053211689, 0.01599222980439663, 0.01648777723312378, 0.016913756728172302, 0.015570785850286484, 0.018541334196925163, 0.019783081486821175, 0.01700134575366974, 0.015170152299106121, 0.017410174012184143, 0.01693388819694519, 0.01838950254023075, 0.016090191900730133, 0.018814625218510628, 0.014543873257935047, 0.016485203057527542, 0.016837188974022865, 0.01913398876786232, 0.017031680792570114, 0.014562683179974556, 0.019759071990847588, 0.01629004254937172, 0.01787685975432396, 0.015348156914114952, 0.019951865077018738, 0.015254680067300797, 0.018249493092298508, 0.017589077353477478, 0.017244502902030945, 0.019128888845443726, 0.01589924842119217, 0.018414337188005447, 0.01753919944167137, 0.018167218193411827, 0.016748547554016113, 0.020932113751769066, 0.015721969306468964, 0.01561966072767973, 0.021866578608751297, 0.015690801665186882, 0.017728297039866447, 0.016571704298257828, 0.016333233565092087, 0.017727386206388474, 0.015659673139452934, 0.01798391155898571, 0.017516974359750748, 0.018374701961874962, 0.015670714899897575, 0.0163121335208416, 0.016842404380440712, 0.01661028526723385, 0.016670726239681244, 0.016524162143468857, 0.01656961627304554, 0.015757355839014053, 0.016727466136217117, 0.015906106680631638, 0.017367517575621605, 0.017084594815969467, 0.01559285819530487, 0.016368186101317406, 0.017234204337000847, 0.018137432634830475, 0.018774352967739105, 0.016478070989251137, 0.017222950235009193, 0.016351426020264626, 0.019491787999868393, 0.01589580997824669, 0.017018822953104973, 0.018335465341806412, 0.017195329070091248, 0.015508217737078667, 0.020052218809723854, 0.015139705501496792, 0.01615690067410469, 0.01583685353398323, 0.017167892307043076, 0.017080750316381454, 0.01812078431248665, 0.015934975817799568, 0.0162657443434, 0.016294872388243675, 0.01750420406460762, 0.017711231485009193, 0.018501440063118935, 0.01577143743634224, 0.01717464253306389, 0.015777379274368286, 0.01631496101617813, 0.015322471037507057, 0.01710325852036476, 0.016721967607736588, 0.017877858132123947, 0.017517250031232834, 0.016945267096161842, 0.018454713746905327, 0.014005763456225395, 0.02245400846004486, 0.01735740341246128, 0.016948217526078224, 0.017954925075173378, 0.015280548483133316, 0.015467997640371323, 0.016917288303375244, 0.016379855573177338, 0.01711539924144745, 0.014616253785789013, 0.019223609939217567, 0.015515677630901337, 0.016133759170770645, 0.017695941030979156, 0.01928633451461792, 0.016981348395347595, 0.016896596178412437, 0.016403743997216225, 0.015543771907687187, 0.017524000257253647, 0.01787455379962921, 0.015185059979557991, 0.017304418608546257, 0.01814805157482624, 0.017588086426258087, 0.016862863674759865, 0.018273526802659035, 0.019555682316422462, 0.01524588093161583, 0.018298905342817307, 0.015954017639160156, 0.017539426684379578, 0.016039829701185226, 0.017453305423259735, 0.017754334956407547, 0.01789223589003086, 0.01580304279923439, 0.017434798181056976, 0.017566923052072525, 0.01731296442449093, 0.016677234321832657, 0.01681056246161461, 0.02089161053299904, 0.02021118625998497, 0.015740642324090004, 0.0161514300853014, 0.021656129509210587, 0.018099121749401093, 0.020934831351041794, 0.016541481018066406, 0.015763746574521065, 0.01854390650987625, 0.01584779843688011, 0.015093272551894188, 0.01526686642318964, 0.0179702490568161, 0.016555894166231155, 0.014053578488528728, 0.01579914055764675, 0.015035108663141727, 0.017617858946323395, 0.020843327045440674, 0.016115257516503334, 0.01702312007546425, 0.018780376762151718, 0.017712732776999474, 0.016915032640099525, 0.01813248172402382, 0.016611192375421524, 0.01657286286354065, 0.019844278693199158, 0.020722022280097008, 0.016037823632359505, 0.020506970584392548, 0.017056263983249664, 0.01843743585050106, 0.016033053398132324, 0.01572057232260704, 0.015793342143297195, 0.016137540340423584, 0.015572292730212212, 0.020060468465089798, 0.016192568466067314, 0.018506336957216263, 0.015737945213913918, 0.016951382160186768, 0.016333043575286865, 0.017141884192824364, 0.019782360643148422, 0.016033969819545746, 0.018258972093462944, 0.019404657185077667, 0.018698841333389282, 0.016125734895467758, 0.01667209342122078, 0.016917074099183083, 0.015966391190886497, 0.015847142785787582, 0.017132699489593506, 0.015904968604445457, 0.02163495495915413, 0.016854768618941307, 0.01773259788751602, 0.019655831158161163, 0.02052282728254795, 0.016233952715992928, 0.016155002638697624, 0.017955418676137924, 0.0165064949542284, 0.01845122128725052, 0.017821557819843292, 0.015161385759711266, 0.01447888184338808]}
Setting up Multi Scale Gradient loss...
Done
Setting up Multi Scale Gradient loss...
Done
Setting up Multi Scale Gradient loss...
Done
Setting up Multi Scale Gradient loss...
Done
Setting up Multi Scale Gradient loss...
Done
Setting up Multi Scale Gradient loss...
Done
Setting up Multi Scale Gradient loss...
Done
Setting up Multi Scale Gradient loss...
Done
Setting up Multi Scale Gradient loss...
Done
Setting up Multi Scale Gradient loss...
Done
Setting up Multi Scale Gradient loss...
Done
Setting up Multi Scale Gradient loss...
Done
Setting up Multi Scale Gradient loss...
Done
Setting up Multi Scale Gradient loss...
Done
Setting up Multi Scale Gradient loss...
Done
Setting up Multi Scale Gradient loss...
Done
all losses in batch in validation:  {'loss': [0.02164199948310852, 0.026255318894982338, 0.022769611328840256, 0.027830373495817184, 0.022357141599059105, 0.030325673520565033, 0.026021819561719894, 0.030888061970472336, 0.023613745346665382, 0.023389402776956558, 0.02277861349284649, 0.03134669363498688, 0.025053370743989944, 0.029116041958332062, 0.023007554933428764, 0.021611548960208893, 0.022935688495635986, 0.021675925701856613, 0.02749195694923401, 0.02379336580634117, 0.02776695042848587, 0.02540382742881775, 0.02206673100590706, 0.022101659327745438, 0.021098827943205833, 0.023237628862261772, 0.024973884224891663, 0.023249581456184387, 0.026356268674135208, 0.021840479224920273, 0.02948606386780739, 0.025006495416164398, 0.02510996162891388, 0.025421183556318283, 0.02628198266029358, 0.025780878961086273, 0.021905485540628433, 0.021761814132332802, 0.021428070962429047, 0.022572236135601997, 0.026188265532255173, 0.0237771887332201, 0.021646648645401, 0.03067908063530922, 0.03129011392593384, 0.02421635575592518, 0.02098643034696579, 0.027067366987466812, 0.02525223046541214, 0.025605458766222, 0.024740029126405716, 0.027811238542199135, 0.021216008812189102, 0.026646675541996956, 0.026704642921686172, 0.030701201409101486, 0.025736764073371887, 0.020089752972126007, 0.028782790526747704, 0.02352551370859146, 0.027880053967237473, 0.022186852991580963, 0.02827051654458046, 0.02239958941936493, 0.02726133167743683, 0.02662515826523304, 0.02794601023197174, 0.03303607180714607, 0.023495428264141083, 0.02735750377178192, 0.022846147418022156, 0.028894752264022827, 0.022183917462825775, 0.029653791338205338, 0.022177523002028465, 0.02222871221601963, 0.03243621438741684, 0.02053479477763176, 0.026542162522673607, 0.02243698760867119, 0.023874973878264427, 0.02549782209098339, 0.025105584412813187, 0.0266435407102108, 0.02390459179878235, 0.029642146080732346, 0.02297857403755188, 0.02270234003663063, 0.022757513448596, 0.027114611119031906, 0.02640649303793907, 0.023241076618433, 0.023441683501005173, 0.021380864083766937, 0.025276873260736465, 0.022208068519830704, 0.023010192438960075, 0.02339879609644413, 0.021668076515197754, 0.024100184440612793, 0.02554604969918728, 0.02615201100707054, 0.02909395843744278, 0.022628851234912872, 0.023289112374186516, 0.02268907241523266, 0.027823150157928467, 0.02341696247458458, 0.024621522054076195, 0.028716661036014557, 0.024404242634773254, 0.02163957804441452, 0.027792248874902725, 0.021101590245962143, 0.0221466813236475, 0.021419400349259377, 0.024396508932113647, 0.0275392048060894, 0.029413290321826935, 0.022717289626598358, 0.023225240409374237, 0.023012720048427582, 0.025011485442519188, 0.02532031200826168, 0.02697424404323101, 0.022519366815686226, 0.02379728853702545, 0.022855911403894424, 0.023297324776649475, 0.02307393215596676, 0.024657217785716057, 0.025988126173615456, 0.0281866155564785, 0.025612186640501022, 0.026732414960861206, 0.02760728821158409, 0.01856616511940956, 0.03153608366847038, 0.02870725281536579, 0.024939917027950287, 0.02843165025115013, 0.02122729830443859, 0.021089112386107445, 0.024699397385120392, 0.024131370708346367, 0.02406170219182968, 0.020588144659996033, 0.030559401959180832, 0.021649012342095375, 0.023434428498148918, 0.026473544538021088, 0.027255330234766006, 0.02684304304420948, 0.024355638772249222, 0.025531593710184097, 0.021779878064990044, 0.025219224393367767, 0.024874035269021988, 0.023077715188264847, 0.027385253459215164, 0.025755373761057854, 0.023744473233819008, 0.022622987627983093, 0.02943088859319687, 0.03386600688099861, 0.022556334733963013, 0.027942899614572525, 0.02394542098045349, 0.02511107362806797, 0.0222613587975502, 0.025514870882034302, 0.02655695751309395, 0.027388619258999825, 0.023515762761235237, 0.024145260453224182, 0.025388268753886223, 0.027518926188349724, 0.022751614451408386, 0.025747474282979965, 0.03319316357374191, 0.028904080390930176, 0.023616917431354523, 0.02294429950416088, 0.03292888402938843, 0.026408715173602104, 0.03070257417857647, 0.024358374997973442, 0.022598914802074432, 0.02514907717704773, 0.02259986847639084, 0.02118808776140213, 0.021990466862916946, 0.024143796414136887, 0.024135857820510864, 0.019158873707056046, 0.02208692952990532, 0.021776892244815826, 0.025458337739109993, 0.02925732359290123, 0.024349812418222427, 0.024060018360614777, 0.027940824627876282, 0.027083706110715866, 0.027102239429950714, 0.027178484946489334, 0.026836369186639786, 0.023459840565919876, 0.03135601803660393, 0.03186796233057976, 0.021801594644784927, 0.028948329389095306, 0.025578664615750313, 0.029120933264493942, 0.024793732911348343, 0.021891675889492035, 0.022440150380134583, 0.023161042481660843, 0.023158228024840355, 0.03214171156287193, 0.025731012225151062, 0.028617840260267258, 0.022399121895432472, 0.024077966809272766, 0.022721607238054276, 0.027066033333539963, 0.02763618528842926, 0.023043572902679443, 0.028528012335300446, 0.033695220947265625, 0.030057620257139206, 0.023636244237422943, 0.024032827466726303, 0.023574914783239365, 0.021741123870015144, 0.022562552243471146, 0.023421602323651314, 0.022989673539996147, 0.030525777488946915, 0.022548140957951546, 0.026402166113257408, 0.027760878205299377, 0.027183370664715767, 0.022474797442555428, 0.023234110325574875, 0.027023976668715477, 0.02302977629005909, 0.02999138832092285, 0.028827425092458725, 0.02195012755692005, 0.025593653321266174], 'L_si': [0.0066392202861607075, 0.009893488138914108, 0.006799113005399704, 0.008656286634504795, 0.006100038532167673, 0.011762150563299656, 0.010566371493041515, 0.012273200787603855, 0.007367976475507021, 0.00677249301224947, 0.007800160441547632, 0.011759867891669273, 0.008030805736780167, 0.010896124877035618, 0.007110476493835449, 0.006092413328588009, 0.00641298945993185, 0.0059568979777395725, 0.009558814577758312, 0.0075469063594937325, 0.008418193086981773, 0.007884937338531017, 0.006439720280468464, 0.005671174265444279, 0.005999072454869747, 0.006806971505284309, 0.008038153871893883, 0.007337193936109543, 0.009342486970126629, 0.006164128892123699, 0.011547494679689407, 0.008463352918624878, 0.00940913800150156, 0.007493030279874802, 0.008937640115618706, 0.009171409532427788, 0.006290962919592857, 0.0065101818181574345, 0.006212695501744747, 0.007002844009548426, 0.008837017230689526, 0.007410778198391199, 0.006035823840647936, 0.012133821845054626, 0.012479341588914394, 0.007242655847221613, 0.006170532200485468, 0.009714910760521889, 0.007993835024535656, 0.008031926117837429, 0.008792908862233162, 0.009940750896930695, 0.0066375997848808765, 0.010373609140515327, 0.01044019777327776, 0.011610681191086769, 0.009133866988122463, 0.00543743371963501, 0.009272614493966103, 0.007174911443144083, 0.010659286752343178, 0.007133002392947674, 0.008585268631577492, 0.00692657008767128, 0.00843015592545271, 0.009177537634968758, 0.010681920684874058, 0.015137485228478909, 0.0074011641554534435, 0.009661276824772358, 0.006557730957865715, 0.011336802504956722, 0.005679772235453129, 0.009416807442903519, 0.0062584541738033295, 0.006849498022347689, 0.010749087668955326, 0.005370929837226868, 0.008455505594611168, 0.005902542732656002, 0.007470536977052689, 0.008495483547449112, 0.00964254979044199, 0.008711294271051884, 0.007130357436835766, 0.011647333391010761, 0.007173896301537752, 0.007067754399031401, 0.006281819194555283, 0.010712658055126667, 0.009913207963109016, 0.006668437737971544, 0.007137250155210495, 0.005765759386122227, 0.008526154793798923, 0.006197732407599688, 0.006284274160861969, 0.006513408850878477, 0.00634272675961256, 0.008506984449923038, 0.009154628962278366, 0.007431482896208763, 0.010778626427054405, 0.006129277870059013, 0.006426321808248758, 0.006623540073633194, 0.00955818872898817, 0.007227585185319185, 0.007902977988123894, 0.009898750111460686, 0.00723795872181654, 0.005783657543361187, 0.009216315113008022, 0.005772946402430534, 0.005957845598459244, 0.005423814058303833, 0.006860211491584778, 0.010227800346910954, 0.011116151697933674, 0.007083476986736059, 0.006443970836699009, 0.007111150771379471, 0.007555908989161253, 0.008133439347147942, 0.009093210101127625, 0.006641265004873276, 0.006632780656218529, 0.00695531303063035, 0.006810265593230724, 0.008223161101341248, 0.008175194263458252, 0.009827906265854836, 0.010592945851385593, 0.008497393690049648, 0.009682717733085155, 0.009694225154817104, 0.004757787100970745, 0.01020920742303133, 0.0112378541380167, 0.008327383548021317, 0.01092821080237627, 0.005923805758357048, 0.005382746458053589, 0.00786928366869688, 0.007513592019677162, 0.007134647108614445, 0.005692007951438427, 0.012556211091578007, 0.00627289479598403, 0.007301881443709135, 0.008737663738429546, 0.007963842712342739, 0.010422386229038239, 0.007531275972723961, 0.009052322246134281, 0.006004678551107645, 0.007351835258305073, 0.007291124667972326, 0.00826278980821371, 0.010550925508141518, 0.007172482553869486, 0.006058471743017435, 0.006356356665492058, 0.011371451430022717, 0.014131934382021427, 0.007014259696006775, 0.010250627994537354, 0.007922730408608913, 0.007670994848012924, 0.006172480992972851, 0.008546869270503521, 0.009192247875034809, 0.009592315182089806, 0.00784960389137268, 0.007178557105362415, 0.007693891879171133, 0.010531535372138023, 0.006329980678856373, 0.009298058226704597, 0.013221475295722485, 0.010258686728775501, 0.008319632150232792, 0.007278362289071083, 0.012233288958668709, 0.009209522977471352, 0.010815607383847237, 0.008177060633897781, 0.006837018765509129, 0.007865768857300282, 0.007016013376414776, 0.005790217313915491, 0.006785481236875057, 0.006678606383502483, 0.0073448363691568375, 0.004916229285299778, 0.0058958875015378, 0.006389309652149677, 0.008311789482831955, 0.00915923435240984, 0.008226665668189526, 0.007668692152947187, 0.009041331708431244, 0.00975764635950327, 0.010379762388765812, 0.009783039800822735, 0.010384202003479004, 0.007637314032763243, 0.011685521341860294, 0.011378588154911995, 0.005780190695077181, 0.009886275045573711, 0.008477458730340004, 0.009837061166763306, 0.009027748368680477, 0.006154417525976896, 0.0071550412103533745, 0.0071057165041565895, 0.006946244742721319, 0.012347483076155186, 0.008715509437024593, 0.010618526488542557, 0.006711514201015234, 0.007307729683816433, 0.006463059224188328, 0.01045144535601139, 0.008619776926934719, 0.006932700984179974, 0.010272081010043621, 0.014623711816966534, 0.011191713623702526, 0.007243843749165535, 0.007758609484881163, 0.0068746586330235004, 0.006038920488208532, 0.007036409806460142, 0.007325901184231043, 0.007117917761206627, 0.01050091814249754, 0.006036209408193827, 0.009134350344538689, 0.009251332841813564, 0.007168345618993044, 0.0061546736396849155, 0.007910325191915035, 0.009363222867250443, 0.006536804139614105, 0.011721150949597359, 0.011121557094156742, 0.007096612825989723, 0.011432409286499023], 'L_grad': [0.0150027796626091, 0.01636183075606823, 0.015970498323440552, 0.019174087792634964, 0.01625710353255272, 0.018563522025942802, 0.015455449000000954, 0.018614860251545906, 0.01624576933681965, 0.016616910696029663, 0.014978453516960144, 0.019586825743317604, 0.017022565007209778, 0.01821991614997387, 0.015897078439593315, 0.015519136562943459, 0.01652269810438156, 0.015719028189778328, 0.017933141440153122, 0.016246458515524864, 0.019348757341504097, 0.017518889158964157, 0.01562701165676117, 0.016430485993623734, 0.015099755488336086, 0.016430657356977463, 0.01693573035299778, 0.015912387520074844, 0.017013782635331154, 0.015676349401474, 0.01793856918811798, 0.01654314249753952, 0.015700822696089745, 0.01792815327644348, 0.017344342544674873, 0.016609469428658485, 0.015614522621035576, 0.015251632779836655, 0.0152153754606843, 0.015569392591714859, 0.017351249232888222, 0.01636641100049019, 0.015610825270414352, 0.018545258790254593, 0.01881077140569687, 0.016973700374364853, 0.01481589861214161, 0.017352456226944923, 0.01725839450955391, 0.017573531717061996, 0.015947120264172554, 0.01787048764526844, 0.014578409492969513, 0.01627306640148163, 0.01626444421708584, 0.019090520218014717, 0.016602898016572, 0.014652318321168423, 0.0195101760327816, 0.016350602731108665, 0.017220767214894295, 0.015053849667310715, 0.019685247913002968, 0.015473020263016224, 0.018831176683306694, 0.017447620630264282, 0.01726408861577511, 0.01789858750998974, 0.016094263643026352, 0.017696227878332138, 0.01628841646015644, 0.01755794882774353, 0.01650414429605007, 0.02023698389530182, 0.015919068828225136, 0.015379213728010654, 0.021687127649784088, 0.015163864009082317, 0.01808665692806244, 0.01653444580733776, 0.01640443690121174, 0.01700233854353428, 0.015463035553693771, 0.01793224737048149, 0.016774235293269157, 0.01799481362104416, 0.015804678201675415, 0.015634585171937943, 0.016475694254040718, 0.016401953995227814, 0.016493285074830055, 0.01657263934612274, 0.016304433345794678, 0.015615103766322136, 0.016750717535614967, 0.016010336577892303, 0.016725918278098106, 0.016885386779904366, 0.015325348824262619, 0.015593200922012329, 0.016391420736908913, 0.018720528110861778, 0.018315332010388374, 0.01649957336485386, 0.016862791031599045, 0.016065532341599464, 0.01826496236026287, 0.01618937775492668, 0.0167185440659523, 0.01881791092455387, 0.01716628484427929, 0.01585591956973076, 0.01857593283057213, 0.015328643843531609, 0.016188835725188255, 0.015995586290955544, 0.01753629744052887, 0.017311405390501022, 0.018297139555215836, 0.01563381217420101, 0.016781268641352654, 0.01590156927704811, 0.017455575987696648, 0.01718687266111374, 0.017881033942103386, 0.01587810181081295, 0.017164507880806923, 0.01590059883892536, 0.016487058252096176, 0.014850771054625511, 0.016482023522257805, 0.01616021990776062, 0.017593668773770332, 0.0171147920191288, 0.017049696296453476, 0.01791306398808956, 0.013808377087116241, 0.021326875314116478, 0.01746939867734909, 0.01661253347992897, 0.017503438517451286, 0.015303492546081543, 0.015706365928053856, 0.016830114647746086, 0.016617778688669205, 0.01692705601453781, 0.01489613763988018, 0.01800318993628025, 0.015376117080450058, 0.016132546588778496, 0.017735881730914116, 0.019291488453745842, 0.016420656815171242, 0.01682436279952526, 0.01647927239537239, 0.015775199979543686, 0.01786738820374012, 0.017582910135388374, 0.014814925380051136, 0.016834327951073647, 0.018582891672849655, 0.01768600195646286, 0.016266630962491035, 0.018059438094496727, 0.01973407156765461, 0.015542074106633663, 0.01769227162003517, 0.016022689640522003, 0.017440078780055046, 0.016088876873254776, 0.016968000680208206, 0.017364710569381714, 0.01779630407691002, 0.015666158869862556, 0.01696670427918434, 0.017694376409053802, 0.0169873908162117, 0.016421634703874588, 0.016449416056275368, 0.019971689209342003, 0.0186453927308321, 0.015297286212444305, 0.015665937215089798, 0.020695596933364868, 0.017199192196130753, 0.019886966794729233, 0.01618131436407566, 0.01576189696788788, 0.017283309251070023, 0.015583856031298637, 0.015397870913147926, 0.015204984694719315, 0.01746518909931183, 0.016791021451354027, 0.014242643490433693, 0.016191042959690094, 0.015387581661343575, 0.017146548256278038, 0.020098088309168816, 0.016123145818710327, 0.016391325742006302, 0.018899492919445038, 0.01732606068253517, 0.016722477972507477, 0.017395444214344025, 0.016452167183160782, 0.015822526067495346, 0.01967049576342106, 0.020489374175667763, 0.016021404415369034, 0.01906205527484417, 0.01710120588541031, 0.019283872097730637, 0.01576598547399044, 0.01573725789785385, 0.015285108238458633, 0.016055326908826828, 0.01621198281645775, 0.019794229418039322, 0.017015501856803894, 0.0179993137717247, 0.01568760722875595, 0.01677023619413376, 0.016258547082543373, 0.016614587977528572, 0.019016409292817116, 0.016110872849822044, 0.0182559322565794, 0.019071508198976517, 0.018865907564759254, 0.016392400488257408, 0.016274217516183853, 0.01670025661587715, 0.015702202916145325, 0.01552614290267229, 0.016095701605081558, 0.01587175577878952, 0.0200248584151268, 0.016511932015419006, 0.01726781576871872, 0.01850954443216324, 0.02001502551138401, 0.0163201242685318, 0.015323786064982414, 0.017660753801465034, 0.016492972150444984, 0.018270237371325493, 0.017705868929624557, 0.014853514730930328, 0.014161244966089725]}
Setting up Multi Scale Gradient loss...
Done
Setting up Multi Scale Gradient loss...
Done
Setting up Multi Scale Gradient loss...
Done
Setting up Multi Scale Gradient loss...
Done
Setting up Multi Scale Gradient loss...
Done
Setting up Multi Scale Gradient loss...
Done
Setting up Multi Scale Gradient loss...
Done
Setting up Multi Scale Gradient loss...
Done
Setting up Multi Scale Gradient loss...
Done
Setting up Multi Scale Gradient loss...
Done
Setting up Multi Scale Gradient loss...
Done
Setting up Multi Scale Gradient loss...
Done
Setting up Multi Scale Gradient loss...
Done
Setting up Multi Scale Gradient loss...
Done
Setting up Multi Scale Gradient loss...
Done
Setting up Multi Scale Gradient loss...
Done
all losses in batch in validation:  {'loss': [0.021416686475276947, 0.02588316611945629, 0.022232303395867348, 0.02750629186630249, 0.021636107936501503, 0.02881305292248726, 0.025278771296143532, 0.030032355338335037, 0.02262802980840206, 0.022623879835009575, 0.022589705884456635, 0.02916748635470867, 0.025067223235964775, 0.02710539475083351, 0.022914757952094078, 0.021441888064146042, 0.022126952186226845, 0.0214831680059433, 0.027117278426885605, 0.022938784211874008, 0.027027077972888947, 0.02525164559483528, 0.022227676585316658, 0.022279279306530952, 0.020974552258849144, 0.022837555035948753, 0.02447463758289814, 0.02291373535990715, 0.025681665167212486, 0.02151910401880741, 0.02825598046183586, 0.02480967342853546, 0.02448704093694687, 0.02378769963979721, 0.024891475215554237, 0.02556958608329296, 0.022073877975344658, 0.02181701548397541, 0.021376820281147957, 0.02203788235783577, 0.02215399779379368, 0.023417094722390175, 0.021710269153118134, 0.030444273725152016, 0.030625369399785995, 0.023887593299150467, 0.020928900688886642, 0.02633969858288765, 0.02517305314540863, 0.025595158338546753, 0.024835243821144104, 0.02695464715361595, 0.020829398185014725, 0.02509826421737671, 0.026873964816331863, 0.030081607401371002, 0.0256488174200058, 0.019724277779459953, 0.02848026156425476, 0.022669490426778793, 0.027502793818712234, 0.022285059094429016, 0.028290335088968277, 0.02190961316227913, 0.024683330208063126, 0.026253778487443924, 0.02750541642308235, 0.031800366938114166, 0.022596780210733414, 0.025993211194872856, 0.02269793674349785, 0.028903748840093613, 0.022505683824419975, 0.028904996812343597, 0.022212814539670944, 0.021603021770715714, 0.030992981046438217, 0.020485056564211845, 0.02488299086689949, 0.021813908591866493, 0.02310449816286564, 0.026201684027910233, 0.02466462180018425, 0.02686942368745804, 0.023446369916200638, 0.02815239131450653, 0.022821951657533646, 0.022209934890270233, 0.022677209228277206, 0.026667840778827667, 0.02583446353673935, 0.02318749576807022, 0.023433681577444077, 0.021378830075263977, 0.024691198021173477, 0.02205953188240528, 0.023433152586221695, 0.023824896663427353, 0.02147863619029522, 0.024569297209382057, 0.02560325525701046, 0.026100914925336838, 0.027975596487522125, 0.022457513958215714, 0.023203199729323387, 0.021779876202344894, 0.026206426322460175, 0.023144621402025223, 0.024899546056985855, 0.02648187428712845, 0.023654388263821602, 0.020745189860463142, 0.02764827385544777, 0.020768655464053154, 0.02252783253788948, 0.021270237863063812, 0.024864181876182556, 0.02682671695947647, 0.026354344561696053, 0.02215700037777424, 0.021880635991692543, 0.02293560281395912, 0.02513868361711502, 0.024996068328619003, 0.02616596594452858, 0.022537337616086006, 0.02362966537475586, 0.0219349917024374, 0.022208023816347122, 0.022660547867417336, 0.024441193789243698, 0.025728847831487656, 0.026265211403369904, 0.025150205940008163, 0.0255899615585804, 0.0273760836571455, 0.018336614593863487, 0.03057197295129299, 0.026796653866767883, 0.02420753613114357, 0.027837425470352173, 0.020594613626599312, 0.02151196077466011, 0.024221481755375862, 0.02369280904531479, 0.024236219003796577, 0.020786240696907043, 0.030291762202978134, 0.021242724731564522, 0.022275691851973534, 0.025516711175441742, 0.02625414729118347, 0.025966158136725426, 0.023926418274641037, 0.024912195280194283, 0.02138342708349228, 0.025605808943510056, 0.024989821016788483, 0.022510327398777008, 0.026361573487520218, 0.02572615072131157, 0.023829763755202293, 0.022182010114192963, 0.02863238751888275, 0.0318053737282753, 0.021727588027715683, 0.02715873531997204, 0.023060446605086327, 0.024502061307430267, 0.022116955369710922, 0.025458097457885742, 0.025991931557655334, 0.026183918118476868, 0.02272377908229828, 0.023949643597006798, 0.02434406615793705, 0.027105335146188736, 0.022515231743454933, 0.024386662989854813, 0.031469233334064484, 0.028338570147752762, 0.023141073063015938, 0.022512461990118027, 0.032298263162374496, 0.0261211097240448, 0.02950596809387207, 0.024617385119199753, 0.021751783788204193, 0.02514413557946682, 0.022144384682178497, 0.021192986518144608, 0.021733514964580536, 0.02408517897129059, 0.02284335345029831, 0.019177213311195374, 0.0217124093323946, 0.021401870995759964, 0.024133095517754555, 0.028778433799743652, 0.023766711354255676, 0.023697681725025177, 0.02707778662443161, 0.02588280849158764, 0.026059646159410477, 0.026846062391996384, 0.026284243911504745, 0.022111250087618828, 0.03007277101278305, 0.03068644180893898, 0.021969188004732132, 0.028368018567562103, 0.025135822594165802, 0.025081954896450043, 0.02497784048318863, 0.021690374240279198, 0.021350707858800888, 0.022694610059261322, 0.022534143179655075, 0.031198948621749878, 0.022447004914283752, 0.02777620404958725, 0.022480573505163193, 0.024064039811491966, 0.02227439358830452, 0.02622450888156891, 0.027819151058793068, 0.022366326302289963, 0.028329884633421898, 0.03201679885387421, 0.028135528787970543, 0.02372223511338234, 0.02335059456527233, 0.02376111038029194, 0.021720798686146736, 0.02221723459661007, 0.022475505247712135, 0.022257821634411812, 0.029493797570466995, 0.021948570385575294, 0.025464776903390884, 0.026800811290740967, 0.027206813916563988, 0.022534865885972977, 0.02301347814500332, 0.027009285986423492, 0.023198770359158516, 0.029810253530740738, 0.02807656303048134, 0.021472590044140816, 0.024910084903240204], 'L_si': [0.006597993895411491, 0.009629691019654274, 0.006281733978539705, 0.008367751725018024, 0.0058665345422923565, 0.010754101909697056, 0.009709777310490608, 0.011335461400449276, 0.006991863716393709, 0.006433750037103891, 0.007604025304317474, 0.01069897972047329, 0.00793253630399704, 0.009511188603937626, 0.0070514618419110775, 0.005893874913454056, 0.005926116835325956, 0.005836800206452608, 0.009144223295152187, 0.007055186666548252, 0.008097468875348568, 0.007991532795131207, 0.006416922900825739, 0.005822466220706701, 0.005918578710407019, 0.006750108674168587, 0.007774751633405685, 0.007092398125678301, 0.00910542719066143, 0.006023298483341932, 0.010686437599360943, 0.008134729228913784, 0.00886458158493042, 0.006958498619496822, 0.008141592144966125, 0.008864197880029678, 0.0062676710076630116, 0.006578320171684027, 0.006121428217738867, 0.006745221093297005, 0.0069040474481880665, 0.007305128034204245, 0.0061249565333127975, 0.011766260489821434, 0.01190339308232069, 0.0071681467816233635, 0.005941804498434067, 0.009184193797409534, 0.007935076020658016, 0.007957901805639267, 0.008883935399353504, 0.009440365247428417, 0.006470200605690479, 0.009229402057826519, 0.010318335145711899, 0.011159518733620644, 0.00889541208744049, 0.005152890458703041, 0.009005838073790073, 0.0065688034519553185, 0.010220922529697418, 0.007031615357846022, 0.008692341856658459, 0.006674819625914097, 0.007189775817096233, 0.009117341600358486, 0.010226894170045853, 0.014008346945047379, 0.006860775873064995, 0.008693810552358627, 0.006396790035068989, 0.011177580803632736, 0.005861969664692879, 0.008865256793797016, 0.006150818429887295, 0.00659429095685482, 0.009901348501443863, 0.005395758431404829, 0.007541823200881481, 0.0058071608655154705, 0.007144724950194359, 0.008563251234591007, 0.009137827903032303, 0.008802923373878002, 0.006949446629732847, 0.010583232156932354, 0.007020534947514534, 0.0068598100915551186, 0.006134084425866604, 0.010057809762656689, 0.009352106600999832, 0.006613069213926792, 0.007171024568378925, 0.00564779806882143, 0.008195910602807999, 0.006084410008043051, 0.006507133133709431, 0.006755765061825514, 0.006285327952355146, 0.008795447647571564, 0.009388802573084831, 0.00736989825963974, 0.010162646882236004, 0.006160221993923187, 0.006456978619098663, 0.006329725496470928, 0.008983495645225048, 0.0070964922197163105, 0.007972168736159801, 0.008669351227581501, 0.006807541474699974, 0.005496944300830364, 0.00884572509676218, 0.005545108579099178, 0.006189730949699879, 0.005445920396596193, 0.0070853931829333305, 0.009712577797472477, 0.008969491347670555, 0.006823236588388681, 0.005903491750359535, 0.007063336670398712, 0.007768590003252029, 0.007814163342118263, 0.008593552745878696, 0.00664981035515666, 0.006466553546488285, 0.00650446955114603, 0.006318161729723215, 0.00790467020124197, 0.007970579899847507, 0.009374406188726425, 0.009325898252427578, 0.008343075402081013, 0.008740314282476902, 0.009720027446746826, 0.004679310601204634, 0.009581280872225761, 0.010018167085945606, 0.007894888520240784, 0.010393059812486172, 0.0056266505271196365, 0.0056042782962322235, 0.007671302650123835, 0.007110903970897198, 0.0071616265922784805, 0.0056012580171227455, 0.012039192020893097, 0.006076224148273468, 0.006763890851289034, 0.008226411417126656, 0.007412129081785679, 0.009680675342679024, 0.007302993908524513, 0.008555900305509567, 0.0058794571086764336, 0.007557841949164867, 0.007307650521397591, 0.007821411825716496, 0.009706120006740093, 0.00722083542495966, 0.006225344259291887, 0.006269362755119801, 0.010694089345633984, 0.012668774463236332, 0.006536195985972881, 0.009690631181001663, 0.007411763072013855, 0.007564759813249111, 0.006106384098529816, 0.008368722163140774, 0.008855030871927738, 0.008858097717165947, 0.007494420278817415, 0.0071241953410208225, 0.007137812674045563, 0.009999175556004047, 0.006295150611549616, 0.008493964560329914, 0.011541116051375866, 0.009694664739072323, 0.008009825833141804, 0.007178745698183775, 0.011675016954541206, 0.008933604694902897, 0.009929386898875237, 0.008230048231780529, 0.006381048820912838, 0.007659683469682932, 0.006731475703418255, 0.00581666873767972, 0.006700628437101841, 0.006583531387150288, 0.006815989501774311, 0.0048950049094855785, 0.005809810012578964, 0.006205002777278423, 0.00766349770128727, 0.008786833845078945, 0.008017335087060928, 0.007509940769523382, 0.008465796709060669, 0.009075550362467766, 0.009688257239758968, 0.009616072289645672, 0.010086051188409328, 0.006801463197916746, 0.010689150542020798, 0.0106889046728611, 0.00582278985530138, 0.009265140630304813, 0.008420487865805626, 0.007555560674518347, 0.009075691923499107, 0.0060095880180597305, 0.006538932211697102, 0.006916073150932789, 0.006654960103332996, 0.011795702390372753, 0.00697344308719039, 0.009928696788847446, 0.006700233556330204, 0.0073727709241211414, 0.006159965414553881, 0.009719936177134514, 0.008783901110291481, 0.00658037606626749, 0.010215440765023232, 0.013251328840851784, 0.010031608864665031, 0.0071589527651667595, 0.007474040146917105, 0.006876649335026741, 0.005957582965493202, 0.006928671151399612, 0.006838561967015266, 0.006715890485793352, 0.010157444514334202, 0.005845917854458094, 0.008679966442286968, 0.008583588525652885, 0.007179740816354752, 0.006213888991624117, 0.007766250520944595, 0.009354270994663239, 0.006688347086310387, 0.011607007123529911, 0.010402834042906761, 0.006817750632762909, 0.010781608521938324], 'L_grad': [0.014818691648542881, 0.016253475099802017, 0.01595056988298893, 0.01913853920996189, 0.01576957292854786, 0.01805895008146763, 0.015568993985652924, 0.018696894869208336, 0.01563616655766964, 0.01619013026356697, 0.014985679648816586, 0.018468506634235382, 0.017134686931967735, 0.01759420521557331, 0.015863295644521713, 0.01554801408201456, 0.0162008348852396, 0.015646368265151978, 0.017973054200410843, 0.01588359847664833, 0.018929608166217804, 0.0172601118683815, 0.015810754150152206, 0.016456812620162964, 0.015055973082780838, 0.016087446361780167, 0.016699885949492455, 0.015821337699890137, 0.016576237976551056, 0.015495806001126766, 0.017569541931152344, 0.016674943268299103, 0.015622460283339024, 0.016829200088977814, 0.016749883070588112, 0.016705388203263283, 0.015806207433342934, 0.015238694846630096, 0.015255392529070377, 0.01529266219586134, 0.015249949879944324, 0.016111966222524643, 0.015585311688482761, 0.01867801323533058, 0.01872197538614273, 0.01671944558620453, 0.014987096190452576, 0.01715550385415554, 0.01723797805607319, 0.017637256532907486, 0.015951309353113174, 0.01751428283751011, 0.014359197579324245, 0.015868861228227615, 0.016555629670619965, 0.01892208866775036, 0.016753405332565308, 0.014571387320756912, 0.019474424421787262, 0.01610068790614605, 0.017281871289014816, 0.015253443270921707, 0.019597994163632393, 0.015234794467687607, 0.017493553459644318, 0.017136435955762863, 0.0172785222530365, 0.01779201813042164, 0.01573600433766842, 0.01729940064251423, 0.016301145777106285, 0.017726168036460876, 0.016643714159727097, 0.020039739087224007, 0.016061995178461075, 0.015008730813860893, 0.021091632544994354, 0.015089297667145729, 0.017341166734695435, 0.016006747260689735, 0.01595977321267128, 0.0176384337246418, 0.015526793897151947, 0.01806649938225746, 0.016496922820806503, 0.017569158226251602, 0.01580141671001911, 0.01535012386739254, 0.016543125733733177, 0.016610030084848404, 0.016482356935739517, 0.016574427485466003, 0.016262657940387726, 0.01573103293776512, 0.01649528741836548, 0.015975121408700943, 0.01692601852118969, 0.017069131135940552, 0.01519330870360136, 0.015773849561810493, 0.01621445268392563, 0.018731016665697098, 0.017812948673963547, 0.016297291964292526, 0.016746221110224724, 0.015450149774551392, 0.017222929745912552, 0.0160481296479702, 0.01692737638950348, 0.017812522128224373, 0.016846846789121628, 0.015248245559632778, 0.018802549690008163, 0.015223546884953976, 0.016338100656867027, 0.015824317932128906, 0.01777878776192665, 0.01711413823068142, 0.017384853214025497, 0.015333764255046844, 0.015977144241333008, 0.01587226614356041, 0.01737009361386299, 0.01718190498650074, 0.017572414129972458, 0.01588752679526806, 0.017163110896945, 0.01543052215129137, 0.015889862552285194, 0.014755877666175365, 0.016470612958073616, 0.01635444164276123, 0.01693931221961975, 0.016807131469249725, 0.016849646344780922, 0.017656056210398674, 0.013657303526997566, 0.02099069207906723, 0.01677848771214485, 0.016312647610902786, 0.017444366589188576, 0.014967963099479675, 0.015907682478427887, 0.016550179570913315, 0.016581904143095016, 0.017074592411518097, 0.015184983611106873, 0.018252570182085037, 0.015166500583291054, 0.015511801466345787, 0.017290299758315086, 0.018842019140720367, 0.016285482794046402, 0.016623424366116524, 0.016356294974684715, 0.015503969043493271, 0.018047967925667763, 0.017682170495390892, 0.014688916504383087, 0.01665545254945755, 0.018505316227674484, 0.017604419961571693, 0.015912646427750587, 0.017938299104571342, 0.019136598333716393, 0.015191391110420227, 0.017468104138970375, 0.01564868353307247, 0.01693730056285858, 0.016010571271181107, 0.017089374363422394, 0.01713689975440502, 0.01732582040131092, 0.015229359269142151, 0.016825448721647263, 0.017206253483891487, 0.017106160521507263, 0.016220081597566605, 0.015892697498202324, 0.019928116351366043, 0.018643906340003014, 0.015131247229874134, 0.015333715826272964, 0.02062324620783329, 0.01718750409781933, 0.019576581194996834, 0.01638733595609665, 0.01537073403596878, 0.017484452575445175, 0.015412909910082817, 0.015376318246126175, 0.015032886527478695, 0.017501646652817726, 0.016027364879846573, 0.014282207936048508, 0.015902599319815636, 0.015196869149804115, 0.016469597816467285, 0.019991600885987282, 0.015749376267194748, 0.016187740489840508, 0.01861198991537094, 0.016807258129119873, 0.016371389850974083, 0.017229989171028137, 0.016198191791772842, 0.015309786424040794, 0.019383620470762253, 0.01999753713607788, 0.016146399080753326, 0.019102878868579865, 0.016715334728360176, 0.01752639375627041, 0.015902148559689522, 0.015680786222219467, 0.014811774715781212, 0.015778537839651108, 0.015879184007644653, 0.01940324530005455, 0.015473561361432076, 0.01784750632941723, 0.015780340880155563, 0.016691269353032112, 0.016114428639411926, 0.016504572704434395, 0.019035249948501587, 0.015785951167345047, 0.018114443868398666, 0.018765468150377274, 0.01810391992330551, 0.016563283279538155, 0.01587655395269394, 0.016884461045265198, 0.015763215720653534, 0.015288563445210457, 0.01563694328069687, 0.015541931614279747, 0.019336353987455368, 0.016102652996778488, 0.01678480952978134, 0.01821722276508808, 0.020027073100209236, 0.016320977360010147, 0.015247227624058723, 0.017655014991760254, 0.01651042327284813, 0.0182032473385334, 0.017673728987574577, 0.014654839411377907, 0.01412847638130188]}
Setting up Multi Scale Gradient loss...
Done
Setting up Multi Scale Gradient loss...
Done
Setting up Multi Scale Gradient loss...
Done
Setting up Multi Scale Gradient loss...
Done
Setting up Multi Scale Gradient loss...
Done
Setting up Multi Scale Gradient loss...
Done
Setting up Multi Scale Gradient loss...
Done
Setting up Multi Scale Gradient loss...
Done
Setting up Multi Scale Gradient loss...
Setting up Multi Scale Gradient loss...
Done
Done
Setting up Multi Scale Gradient loss...
Done
Setting up Multi Scale Gradient loss...
Done
Setting up Multi Scale Gradient loss...
Done
Setting up Multi Scale Gradient loss...
Done
Setting up Multi Scale Gradient loss...
Done
Setting up Multi Scale Gradient loss...
Done
all losses in batch in validation:  {'loss': [0.021964313462376595, 0.0264370609074831, 0.023046595975756645, 0.02803374081850052, 0.021915258839726448, 0.030301399528980255, 0.025999944657087326, 0.031085588037967682, 0.023501263931393623, 0.022839238867163658, 0.02332533523440361, 0.028102923184633255, 0.0251577440649271, 0.02659476548433304, 0.022590596228837967, 0.02174781635403633, 0.022847170010209084, 0.02248585782945156, 0.02716633304953575, 0.02457541413605213, 0.02610965445637703, 0.02441522665321827, 0.022077355533838272, 0.021722450852394104, 0.02139761485159397, 0.023163221776485443, 0.02541501820087433, 0.022982466965913773, 0.026311958208680153, 0.02043008990585804, 0.03060581348836422, 0.024889405816793442, 0.024846164509654045, 0.023868970572948456, 0.025566762313246727, 0.02569495141506195, 0.022387433797121048, 0.0219138003885746, 0.0220875833183527, 0.022602807730436325, 0.022560087963938713, 0.02384725958108902, 0.02109675668179989, 0.031012963503599167, 0.030990229919552803, 0.024298816919326782, 0.02240218222141266, 0.027564197778701782, 0.024227004498243332, 0.0261676087975502, 0.024568594992160797, 0.027413735166192055, 0.021918699145317078, 0.024954553693532944, 0.029031112790107727, 0.030346322804689407, 0.026644451543688774, 0.020550401881337166, 0.02916208654642105, 0.0231005996465683, 0.032963018864393234, 0.023318564519286156, 0.029734106734395027, 0.022697072476148605, 0.025113098323345184, 0.02906123176217079, 0.028167571872472763, 0.03351585566997528, 0.023690862581133842, 0.026281651109457016, 0.02272631600499153, 0.029603581875562668, 0.02320748008787632, 0.028381286188960075, 0.02217704802751541, 0.02214677259325981, 0.03236015513539314, 0.020601242780685425, 0.024689288809895515, 0.022324200719594955, 0.023399244993925095, 0.02639443799853325, 0.025676775723695755, 0.026210391893982887, 0.02405356802046299, 0.029713567346334457, 0.023272495716810226, 0.0227221492677927, 0.02229413390159607, 0.02870016358792782, 0.027181368321180344, 0.024199282750487328, 0.024054549634456635, 0.021907534450292587, 0.025262506678700447, 0.0217428095638752, 0.022911494597792625, 0.02390771545469761, 0.021022895351052284, 0.025881340727210045, 0.02447247877717018, 0.02589348331093788, 0.02846696600317955, 0.022416867315769196, 0.02374071069061756, 0.02322075143456459, 0.026691555976867676, 0.0221659317612648, 0.027283737435936928, 0.02734101563692093, 0.024276092648506165, 0.020622044801712036, 0.02851112186908722, 0.021245865151286125, 0.022328270599246025, 0.021982695907354355, 0.02359883114695549, 0.02689512073993683, 0.02459442988038063, 0.02578197978436947, 0.021620772778987885, 0.023811116814613342, 0.024884182959794998, 0.02625894919037819, 0.02671814151108265, 0.02296428754925728, 0.0236901193857193, 0.022930873557925224, 0.023795349523425102, 0.027555551379919052, 0.02486385405063629, 0.030989564955234528, 0.028837425634264946, 0.025546345859766006, 0.024325069040060043, 0.02797320857644081, 0.019169943407177925, 0.031943462789058685, 0.02834416553378105, 0.024519342929124832, 0.03001483529806137, 0.020915864035487175, 0.021188881248235703, 0.024888578802347183, 0.02271723560988903, 0.024867234751582146, 0.02050515078008175, 0.03147533908486366, 0.021997909992933273, 0.02383747696876526, 0.02585187368094921, 0.02714785933494568, 0.027801183983683586, 0.024089934304356575, 0.02530999854207039, 0.02240854687988758, 0.024160858243703842, 0.024497047066688538, 0.023537948727607727, 0.02822410687804222, 0.026367120444774628, 0.02270130254328251, 0.0227068904787302, 0.03049321100115776, 0.032053232192993164, 0.022391589358448982, 0.029113031923770905, 0.024044055491685867, 0.024206794798374176, 0.022913435474038124, 0.026699114590883255, 0.026779966428875923, 0.027926741167902946, 0.023965386673808098, 0.023800428956747055, 0.025182098150253296, 0.02783355489373207, 0.022168688476085663, 0.026446368545293808, 0.03218051791191101, 0.030754409730434418, 0.024378493428230286, 0.023219455033540726, 0.034166522324085236, 0.026165993884205818, 0.03009732812643051, 0.026067689061164856, 0.023299440741539, 0.025531459599733353, 0.02312646619975567, 0.02111484296619892, 0.02240254171192646, 0.02445150539278984, 0.024194953963160515, 0.019381826743483543, 0.021492974832654, 0.021829303354024887, 0.025520790368318558, 0.02930751070380211, 0.024535218253731728, 0.024865813553333282, 0.02816625125706196, 0.02568177878856659, 0.02832830883562565, 0.02884344756603241, 0.027459483593702316, 0.022506684064865112, 0.03130924701690674, 0.03074968047440052, 0.021804284304380417, 0.0286567360162735, 0.02491936832666397, 0.023856375366449356, 0.025441676378250122, 0.021900881081819534, 0.022454386577010155, 0.02419738657772541, 0.02252158895134926, 0.031680718064308167, 0.022161968052387238, 0.028023868799209595, 0.02281205914914608, 0.024460650980472565, 0.02270655706524849, 0.027360081672668457, 0.028130898252129555, 0.023492587730288506, 0.028136320412158966, 0.032341983169317245, 0.028803996741771698, 0.02209325134754181, 0.02610986866056919, 0.023911166936159134, 0.022145092487335205, 0.0232535433024168, 0.02384849637746811, 0.024043871089816093, 0.02913689985871315, 0.022305160760879517, 0.02686545066535473, 0.028363358229398727, 0.027638722211122513, 0.022873271256685257, 0.025307171046733856, 0.027427127584815025, 0.02318558841943741, 0.028782058507204056, 0.030230313539505005, 0.021666888147592545, 0.02642514556646347], 'L_si': [0.006682844366878271, 0.010139817371964455, 0.006623712833970785, 0.008476858027279377, 0.006068727467209101, 0.011501003988087177, 0.010200838558375835, 0.012050866149365902, 0.007293528411537409, 0.006437403615564108, 0.007922215387225151, 0.009856476448476315, 0.008033450692892075, 0.008762178011238575, 0.006787625141441822, 0.005854484625160694, 0.0062573631294071674, 0.0061472379602491856, 0.009234498254954815, 0.007706338074058294, 0.007514218799769878, 0.0072880401276052, 0.006048704497516155, 0.005518863908946514, 0.005688949953764677, 0.006834476254880428, 0.008381214924156666, 0.00713338190689683, 0.009259510785341263, 0.005217501427978277, 0.011855414137244225, 0.008057274855673313, 0.009135369211435318, 0.006454382091760635, 0.008558729663491249, 0.009019993245601654, 0.0063061900436878204, 0.00641060434281826, 0.0063455062918365, 0.006831805687397718, 0.006683610379695892, 0.00743114622309804, 0.0056531187146902084, 0.0121405478566885, 0.012340497225522995, 0.00748829822987318, 0.006577863357961178, 0.009855427779257298, 0.007486092858016491, 0.008013607002794743, 0.00864910613745451, 0.009908784180879593, 0.0068114278838038445, 0.008878020569682121, 0.011185047216713428, 0.011505669914186, 0.009555257856845856, 0.00511643523350358, 0.009371739812195301, 0.006469498388469219, 0.012993563897907734, 0.007564738392829895, 0.009693410247564316, 0.00704051461070776, 0.007193904835730791, 0.010333885438740253, 0.010775878094136715, 0.014940356835722923, 0.007222587242722511, 0.008430425077676773, 0.006664984859526157, 0.01169153954833746, 0.006121838930994272, 0.008805396035313606, 0.006221872754395008, 0.006910207215696573, 0.010475720278918743, 0.005305308848619461, 0.007411120925098658, 0.005891646724194288, 0.00725222285836935, 0.008722388185560703, 0.009721800684928894, 0.008470939472317696, 0.007294160779565573, 0.011389357969164848, 0.007290205918252468, 0.007072263862937689, 0.005911407060921192, 0.011261887848377228, 0.010098731145262718, 0.007085321471095085, 0.007439936976879835, 0.005943761207163334, 0.008519859984517097, 0.005662399344146252, 0.006219626870006323, 0.006649865303188562, 0.0062537044286727905, 0.009028511121869087, 0.008262518793344498, 0.0074008372612297535, 0.010331814177334309, 0.005895691923797131, 0.006501451134681702, 0.007035799324512482, 0.008829486556351185, 0.006574121303856373, 0.009177511557936668, 0.00905087310820818, 0.0072554550133645535, 0.005144111346453428, 0.009285852313041687, 0.0055923182517290115, 0.005967321339994669, 0.005836808122694492, 0.006433933041989803, 0.009695997461676598, 0.007640652824193239, 0.008303293958306313, 0.005675695836544037, 0.007516200188547373, 0.007988881319761276, 0.008354980498552322, 0.008849132806062698, 0.006733534391969442, 0.006482422351837158, 0.006981940940022469, 0.006984060630202293, 0.009811333380639553, 0.008348156698048115, 0.012400087900459766, 0.010371224954724312, 0.008431914262473583, 0.007447558920830488, 0.010071334429085255, 0.005020430777221918, 0.010449519380927086, 0.01114407554268837, 0.008026556111872196, 0.011551964096724987, 0.005415957886725664, 0.005503022111952305, 0.00802589487284422, 0.0064074150286614895, 0.007553285453468561, 0.00535222515463829, 0.012794588692486286, 0.006333656143397093, 0.007398144342005253, 0.008378496393561363, 0.007720186375081539, 0.0107125174254179, 0.007484914269298315, 0.008776594884693623, 0.006478108000010252, 0.006765385624021292, 0.007127970457077026, 0.008359137922525406, 0.0106612928211689, 0.007623785175383091, 0.00560647202655673, 0.0065831332467496395, 0.011744054965674877, 0.012910481542348862, 0.006795570254325867, 0.010654202662408352, 0.007946928031742573, 0.007283439859747887, 0.006247736047953367, 0.009172365069389343, 0.009555764496326447, 0.00995744951069355, 0.008084746077656746, 0.007197381462901831, 0.007518870756030083, 0.010634408332407475, 0.006116099189966917, 0.009458321146667004, 0.01200003083795309, 0.010812485590577126, 0.008536032401025295, 0.00741191441193223, 0.012803084217011929, 0.009232675656676292, 0.010256120003759861, 0.008915023878216743, 0.006959845311939716, 0.007836904376745224, 0.007262431085109711, 0.005672869738191366, 0.006912095006555319, 0.006713537033647299, 0.007188118528574705, 0.004840972367674112, 0.005634927656501532, 0.0063466643914580345, 0.008369236253201962, 0.008753141388297081, 0.008461939170956612, 0.00792537909001112, 0.009174726903438568, 0.008947293274104595, 0.010795271024107933, 0.010616910643875599, 0.010910320095717907, 0.00668672239407897, 0.011718008667230606, 0.010485906153917313, 0.005703223869204521, 0.009599673561751842, 0.008388726972043514, 0.006707273423671722, 0.009179334156215191, 0.00593810249119997, 0.006744276266545057, 0.007550173904746771, 0.006467333994805813, 0.011874163523316383, 0.006899476516991854, 0.010272338055074215, 0.006925178691744804, 0.007633726112544537, 0.006241359747946262, 0.01043696515262127, 0.008690424263477325, 0.006834434345364571, 0.010359684936702251, 0.013494671322405338, 0.010305959731340408, 0.006546472664922476, 0.008763996884226799, 0.006781763397157192, 0.00611493643373251, 0.00737411342561245, 0.0074232714250683784, 0.007454182952642441, 0.009386089630424976, 0.005817879922688007, 0.009260360151529312, 0.008989297784864902, 0.007123298477381468, 0.006439030170440674, 0.008690538816154003, 0.009670635685324669, 0.0067043546587228775, 0.011109459213912487, 0.011455854400992393, 0.0068397363647818565, 0.012043958529829979], 'L_grad': [0.01528146956115961, 0.016297243535518646, 0.016422882676124573, 0.019556883722543716, 0.015846531838178635, 0.018800396472215652, 0.015799105167388916, 0.019034720957279205, 0.016207735985517502, 0.016401834785938263, 0.01540311984717846, 0.018246445804834366, 0.017124293372035027, 0.017832588404417038, 0.01580297015607357, 0.01589333266019821, 0.016589807346463203, 0.016338620334863663, 0.01793183572590351, 0.01686907559633255, 0.018595434725284576, 0.017127186059951782, 0.01602865196764469, 0.016203586012125015, 0.015708664432168007, 0.01632874459028244, 0.017033804208040237, 0.01584908552467823, 0.01705244742333889, 0.015212588012218475, 0.018750399351119995, 0.016832131892442703, 0.015710795298218727, 0.01741458848118782, 0.017008032649755478, 0.016674958169460297, 0.016081243753433228, 0.01550319604575634, 0.015742076560854912, 0.01577100157737732, 0.01587647758424282, 0.016416113823652267, 0.01544363796710968, 0.018872415646910667, 0.018649732694029808, 0.016810519620776176, 0.015824319794774055, 0.01770876906812191, 0.016740910708904266, 0.018154002726078033, 0.015919489786028862, 0.017504950985312462, 0.015107270330190659, 0.016076533123850822, 0.017846066504716873, 0.01884065382182598, 0.01708919368684292, 0.015433967113494873, 0.019790345802903175, 0.016631100326776505, 0.019969455897808075, 0.01575382612645626, 0.02004069648683071, 0.01565655693411827, 0.01791919395327568, 0.018727347254753113, 0.017391694709658623, 0.018575500696897507, 0.01646827533841133, 0.017851226031780243, 0.01606133207678795, 0.017912043258547783, 0.017085641622543335, 0.01957589015364647, 0.015955176204442978, 0.015236565843224525, 0.021884433925151825, 0.015295933000743389, 0.017278168350458145, 0.01643255352973938, 0.01614702306687832, 0.01767205074429512, 0.01595497503876686, 0.01773945242166519, 0.01675940677523613, 0.01832420937716961, 0.015982288867235184, 0.015649884939193726, 0.016382725909352303, 0.01743827573955059, 0.017082637175917625, 0.017113961279392242, 0.016614612191915512, 0.015963774174451828, 0.01674264669418335, 0.016080409288406372, 0.016691867262125015, 0.017257850617170334, 0.014769190922379494, 0.016852829605340958, 0.016209959983825684, 0.018492646515369415, 0.018135150894522667, 0.01652117632329464, 0.01723925955593586, 0.01618495211005211, 0.017862070351839066, 0.015591809526085854, 0.01810622587800026, 0.018290143460035324, 0.017020637169480324, 0.01547793298959732, 0.019225269556045532, 0.015653546899557114, 0.016360949724912643, 0.016145888715982437, 0.01716489903628826, 0.01719912327826023, 0.01695377752184868, 0.017478685826063156, 0.015945076942443848, 0.016294917091727257, 0.016895301640033722, 0.017903968691825867, 0.01786900870501995, 0.01623075269162655, 0.01720769703388214, 0.015948932617902756, 0.01681128889322281, 0.017744217067956924, 0.01651569828391075, 0.018589477986097336, 0.018466200679540634, 0.01711443066596985, 0.016877509653568268, 0.017901873216032982, 0.014149513095617294, 0.02149394527077675, 0.017200089991092682, 0.01649278774857521, 0.01846287027001381, 0.015499905683100224, 0.015685860067605972, 0.01686268486082554, 0.016309820115566254, 0.017313949763774872, 0.015152925625443459, 0.01868075132369995, 0.015664253383874893, 0.01643933355808258, 0.017473377287387848, 0.019427673891186714, 0.017088666558265686, 0.016605019569396973, 0.01653340272605419, 0.01593043841421604, 0.017395472154021263, 0.01736907660961151, 0.015178810805082321, 0.01756281405687332, 0.01874333620071411, 0.01709483005106449, 0.016123756766319275, 0.01874915510416031, 0.019142748787999153, 0.015596019104123116, 0.018458830192685127, 0.01609712839126587, 0.01692335493862629, 0.01666569896042347, 0.017526749521493912, 0.017224201932549477, 0.017969291657209396, 0.015880640596151352, 0.016603047028183937, 0.017663227394223213, 0.017199145630002022, 0.01605258882045746, 0.01698804646730423, 0.020180486142635345, 0.019941924139857292, 0.015842460095882416, 0.015807541087269783, 0.02136343903839588, 0.016933318227529526, 0.019841209053993225, 0.017152665182948112, 0.01633959636092186, 0.01769455522298813, 0.015864035114645958, 0.015441972762346268, 0.015490447171032429, 0.017737967893481255, 0.017006834968924522, 0.014540853910148144, 0.01585804671049118, 0.015482639893889427, 0.01715155318379402, 0.020554369315505028, 0.016073279082775116, 0.016940435394644737, 0.01899152435362339, 0.01673448458313942, 0.017533037811517715, 0.018226535990834236, 0.016549162566661835, 0.015819961205124855, 0.019591238349676132, 0.020263774320483208, 0.016101060435175896, 0.01905706152319908, 0.01653064228594303, 0.017149101942777634, 0.016262341290712357, 0.01596277765929699, 0.01571010984480381, 0.016647212207317352, 0.01605425402522087, 0.019806556403636932, 0.015262492001056671, 0.017751529812812805, 0.015886880457401276, 0.016826925799250603, 0.0164651982486248, 0.016923116520047188, 0.01944047398865223, 0.016658153384923935, 0.01777663640677929, 0.018847312778234482, 0.01849803701043129, 0.015546778216958046, 0.017345871776342392, 0.017129402607679367, 0.01603015512228012, 0.015879429876804352, 0.016425225883722305, 0.016589688137173653, 0.01975081115961075, 0.016487281769514084, 0.017605090513825417, 0.0193740613758564, 0.020515423268079758, 0.016434241086244583, 0.016616633161902428, 0.017756491899490356, 0.01648123376071453, 0.017672598361968994, 0.01877445913851261, 0.014827150851488113, 0.014381187036633492]}
Saving checkpoint: runs/train/0314_mkl/checkpoints/checkpoint-epoch016-loss-0.0093.pth.tar ...
Setting up Multi Scale Gradient loss...
Done
Setting up Multi Scale Gradient loss...
Done
Setting up Multi Scale Gradient loss...
Done
Setting up Multi Scale Gradient loss...
Done
Setting up Multi Scale Gradient loss...
Done
Setting up Multi Scale Gradient loss...
Done
Setting up Multi Scale Gradient loss...
Done
Setting up Multi Scale Gradient loss...
Done
Setting up Multi Scale Gradient loss...Setting up Multi Scale Gradient loss...
Setting up Multi Scale Gradient loss...
Setting up Multi Scale Gradient loss...
Setting up Multi Scale Gradient loss...
Setting up Multi Scale Gradient loss...
Setting up Multi Scale Gradient loss...

Done
Done
Done
Done
DoneDone

Done
Setting up Multi Scale Gradient loss...
Done
all losses in batch in validation:  {'loss': [0.022168077528476715, 0.02615518681704998, 0.022167112678289413, 0.027463562786579132, 0.021556198596954346, 0.030554436147212982, 0.026040390133857727, 0.03012932650744915, 0.022728310897946358, 0.022599974647164345, 0.023256298154592514, 0.02737380750477314, 0.02526981383562088, 0.025845367461442947, 0.022520359605550766, 0.021256616339087486, 0.02317633666098118, 0.021870888769626617, 0.027506394311785698, 0.024144452065229416, 0.02563975751399994, 0.023869119584560394, 0.021437764167785645, 0.021106621250510216, 0.020315460860729218, 0.022919882088899612, 0.025143785402178764, 0.02336358278989792, 0.026098329573869705, 0.020650049671530724, 0.029875144362449646, 0.02508777566254139, 0.02583117038011551, 0.023742979392409325, 0.02537870779633522, 0.025771770626306534, 0.022227607667446136, 0.02166917361319065, 0.02162766084074974, 0.022644540295004845, 0.021198062226176262, 0.024356188252568245, 0.020908674225211143, 0.02943144179880619, 0.03160412237048149, 0.023686468601226807, 0.021457556635141373, 0.02712014503777027, 0.024198897182941437, 0.025367025285959244, 0.025237154215574265, 0.02803250215947628, 0.021700730547308922, 0.024878004565835, 0.02751857601106167, 0.029643744230270386, 0.02652163989841938, 0.019494540989398956, 0.028788883239030838, 0.023177653551101685, 0.028463486582040787, 0.022932741791009903, 0.028236281126737595, 0.022150656208395958, 0.024143079295754433, 0.026692068204283714, 0.02789415791630745, 0.03356115147471428, 0.023520413786172867, 0.026331564411520958, 0.02292288839817047, 0.029117150232195854, 0.02226467989385128, 0.028497330844402313, 0.02222496084868908, 0.022529689595103264, 0.03169891610741615, 0.020287122577428818, 0.024201296269893646, 0.02196289598941803, 0.023723341524600983, 0.026403091847896576, 0.025880977511405945, 0.02581174112856388, 0.023483090102672577, 0.030382633209228516, 0.022934002801775932, 0.022782478481531143, 0.02261553891003132, 0.027162762358784676, 0.02677546627819538, 0.02413150854408741, 0.02311742678284645, 0.021896690130233765, 0.02506294474005699, 0.021450135856866837, 0.023148957639932632, 0.023444782942533493, 0.021480221301317215, 0.025131970643997192, 0.02523036301136017, 0.024765362963080406, 0.028678521513938904, 0.021808631718158722, 0.02280844748020172, 0.022849030792713165, 0.02733922004699707, 0.02277674525976181, 0.02477160468697548, 0.02607736736536026, 0.024570630863308907, 0.019754167646169662, 0.027918146923184395, 0.020774316042661667, 0.021743038669228554, 0.021243948489427567, 0.02385016903281212, 0.027060173451900482, 0.02344639040529728, 0.02347622625529766, 0.02073361910879612, 0.023365242406725883, 0.02461135759949684, 0.025533508509397507, 0.026140356436371803, 0.02261686883866787, 0.023063765838742256, 0.02228904888033867, 0.023418741300702095, 0.024770362302660942, 0.025930281728506088, 0.026783403009176254, 0.02859952673316002, 0.025586649775505066, 0.023144152015447617, 0.02778363972902298, 0.01899779587984085, 0.030995871871709824, 0.02646227367222309, 0.024161748588085175, 0.02917666733264923, 0.020174648612737656, 0.021020906046032906, 0.024321796372532845, 0.023411551490426064, 0.024665940552949905, 0.0202510803937912, 0.03159724920988083, 0.021752499043941498, 0.0230814591050148, 0.02612539939582348, 0.02588401921093464, 0.026621347293257713, 0.02422931045293808, 0.024476587772369385, 0.02147596701979637, 0.02417752891778946, 0.025000210851430893, 0.023544862866401672, 0.02746151015162468, 0.02549859881401062, 0.022044101729989052, 0.023108165711164474, 0.02974497526884079, 0.03241841867566109, 0.022363072261214256, 0.02883780747652054, 0.02399592474102974, 0.023960648104548454, 0.02135477401316166, 0.026162995025515556, 0.027088070288300514, 0.027862798422574997, 0.023588575422763824, 0.024198535829782486, 0.02513916790485382, 0.028123538941144943, 0.02200581692159176, 0.025257684290409088, 0.03153608739376068, 0.02960791438817978, 0.02456865832209587, 0.02381526678800583, 0.033069856464862823, 0.02703046426177025, 0.02957668900489807, 0.02564445324242115, 0.022780895233154297, 0.024729017168283463, 0.02303669974207878, 0.020317891612648964, 0.022219954058527946, 0.024665597826242447, 0.0234134029597044, 0.018989644944667816, 0.021048299968242645, 0.02204286679625511, 0.025816675275564194, 0.0285054761916399, 0.024249102920293808, 0.024629896506667137, 0.026824649423360825, 0.0263746976852417, 0.02696790173649788, 0.027540329843759537, 0.02778143435716629, 0.022564910352230072, 0.031093189492821693, 0.030033743008971214, 0.021902255713939667, 0.028306007385253906, 0.024532141163945198, 0.022991806268692017, 0.025383107364177704, 0.021690059453248978, 0.02189856395125389, 0.02317519672214985, 0.022792093455791473, 0.030744798481464386, 0.02194337174296379, 0.0274578295648098, 0.022592706605792046, 0.023940378800034523, 0.022046761587262154, 0.026768751442432404, 0.027069516479969025, 0.022630907595157623, 0.027840672060847282, 0.032753705978393555, 0.02933972142636776, 0.022668257355690002, 0.024652279913425446, 0.023565875366330147, 0.02183712273836136, 0.023051004856824875, 0.023968737572431564, 0.023358648642897606, 0.029482867568731308, 0.021870367228984833, 0.026774071156978607, 0.027909748256206512, 0.026241499930620193, 0.022586282342672348, 0.02433236688375473, 0.027225181460380554, 0.022551804780960083, 0.028861738741397858, 0.02834710292518139, 0.02254195138812065, 0.02593904547393322], 'L_si': [0.007037894334644079, 0.010121762752532959, 0.006508056074380875, 0.00835439097136259, 0.005855657160282135, 0.011831677518785, 0.010385329835116863, 0.011764312162995338, 0.007108480203896761, 0.006457821000367403, 0.008046398870646954, 0.009617665782570839, 0.008181954734027386, 0.008673097006976604, 0.006917135789990425, 0.005922660697251558, 0.006553193554282188, 0.0061024259775877, 0.009495696052908897, 0.007788167335093021, 0.007416463922709227, 0.0072533502243459225, 0.006103531923145056, 0.005294517148286104, 0.0055000437423586845, 0.006787448190152645, 0.00814562663435936, 0.0073980712331831455, 0.009355326183140278, 0.005604476202279329, 0.011689496226608753, 0.008426323533058167, 0.009914474561810493, 0.00675792945548892, 0.008528224192559719, 0.009301050566136837, 0.006525072269141674, 0.006614155601710081, 0.006317148916423321, 0.007069284096360207, 0.006675549317151308, 0.0077986582182347775, 0.005827014334499836, 0.011610446497797966, 0.012630489654839039, 0.007172271143645048, 0.006225254852324724, 0.009857866913080215, 0.007707684300839901, 0.007971110753715038, 0.00924082100391388, 0.010162847116589546, 0.007012311834841967, 0.009017130360007286, 0.010894054546952248, 0.011126588098704815, 0.009565047919750214, 0.005067499820142984, 0.0091827642172575, 0.006850729696452618, 0.010861946269869804, 0.007538002450019121, 0.008851124905049801, 0.006860438268631697, 0.006881391163915396, 0.009333403781056404, 0.01074545830488205, 0.01515671331435442, 0.007517659105360508, 0.008792649954557419, 0.006613952573388815, 0.011458439752459526, 0.0057636345736682415, 0.008955352939665318, 0.006421813741326332, 0.0071434215642511845, 0.010429970920085907, 0.0052763368003070354, 0.007366652600467205, 0.005803412292152643, 0.0075326221995055676, 0.008989651687443256, 0.009966610930860043, 0.008570784702897072, 0.0069414470344781876, 0.011913204565644264, 0.007177582010626793, 0.0071661402471363544, 0.006098634097725153, 0.010700058192014694, 0.010162295773625374, 0.0070789349265396595, 0.007065656594932079, 0.006001981906592846, 0.008523586206138134, 0.005734584294259548, 0.0063554346561431885, 0.006548427976667881, 0.00646776519715786, 0.009241865947842598, 0.008860702626407146, 0.006958303973078728, 0.010558683425188065, 0.005859603639692068, 0.006361636333167553, 0.006832602433860302, 0.009376163594424725, 0.006848026067018509, 0.00810657162219286, 0.008680698461830616, 0.00732676824554801, 0.004919760394841433, 0.009220527485013008, 0.005536568351089954, 0.005760681349784136, 0.0055567496456205845, 0.006798062473535538, 0.009967050515115261, 0.00736604630947113, 0.007275944110006094, 0.005458143539726734, 0.007381177041679621, 0.007723992690443993, 0.008180074393749237, 0.00879269652068615, 0.006927039474248886, 0.006383615080267191, 0.006856072228401899, 0.007047930732369423, 0.00896359421312809, 0.008991857059299946, 0.010066925548017025, 0.01070487592369318, 0.008515563793480396, 0.007167150732129812, 0.009996329434216022, 0.004969763569533825, 0.009971169754862785, 0.010173501446843147, 0.007914002984762192, 0.01133632380515337, 0.005357503425329924, 0.0054077706299722195, 0.007794128265231848, 0.006997867953032255, 0.0075064790435135365, 0.005512314848601818, 0.013059740886092186, 0.006371120922267437, 0.007210009731352329, 0.008720431476831436, 0.00737222284078598, 0.010196344926953316, 0.007552288472652435, 0.008543887175619602, 0.006119543220847845, 0.007010701112449169, 0.007399616297334433, 0.008605493232607841, 0.010508864186704159, 0.007255596108734608, 0.005439911503344774, 0.006778271868824959, 0.011388197541236877, 0.013163735158741474, 0.00704166991636157, 0.010804980993270874, 0.008080853149294853, 0.007313993293792009, 0.005728589370846748, 0.00904073752462864, 0.009716430678963661, 0.009898188523948193, 0.007976475171744823, 0.007325228303670883, 0.007659250870347023, 0.01079552248120308, 0.006079180631786585, 0.00908049289137125, 0.011727353557944298, 0.01047801598906517, 0.008823455311357975, 0.007735747843980789, 0.012315686792135239, 0.009509225375950336, 0.01027594693005085, 0.009039061143994331, 0.006880069151520729, 0.007620659191161394, 0.007261482998728752, 0.005402062553912401, 0.007020450662821531, 0.00689714727923274, 0.007090864237397909, 0.004799659829586744, 0.005555901676416397, 0.0067005278542637825, 0.008469727821648121, 0.00868423841893673, 0.008422712795436382, 0.007978441193699837, 0.0087559400126338, 0.009404286742210388, 0.010326593182981014, 0.010074139572679996, 0.011172338388860226, 0.00696867611259222, 0.011511864140629768, 0.010233590379357338, 0.005781291984021664, 0.009455186314880848, 0.00818612426519394, 0.006677199155092239, 0.009409462101757526, 0.006041702348738909, 0.0067122215405106544, 0.007086178287863731, 0.006898890249431133, 0.011475636623799801, 0.007013896480202675, 0.010214457288384438, 0.006871350109577179, 0.007376337423920631, 0.006090550217777491, 0.010128334164619446, 0.008311222307384014, 0.006718120537698269, 0.010302595794200897, 0.013777995482087135, 0.010691562667489052, 0.006840274669229984, 0.008135736919939518, 0.006791719701141119, 0.006130839232355356, 0.0073354365304112434, 0.007573024835437536, 0.007374223321676254, 0.009903546422719955, 0.0056654284708201885, 0.00940107274800539, 0.009241216816008091, 0.00672887172549963, 0.006278191227465868, 0.008385568857192993, 0.009705588221549988, 0.006429637782275677, 0.011038742028176785, 0.010836431756615639, 0.007475293707102537, 0.01179817970842123], 'L_grad': [0.015130182728171349, 0.01603342406451702, 0.01565905660390854, 0.019109170883893967, 0.01570054143667221, 0.018722757697105408, 0.01565505936741829, 0.01836501434445381, 0.015619831159710884, 0.01614215411245823, 0.015209900215268135, 0.0177561417222023, 0.01708786003291607, 0.017172271385788918, 0.015603223815560341, 0.01533395517617464, 0.01662314310669899, 0.015768462792038918, 0.0180106982588768, 0.01635628379881382, 0.018223293125629425, 0.016615768894553185, 0.015334232710301876, 0.0158121045678854, 0.014815416187047958, 0.016132432967424393, 0.016998158767819405, 0.01596551202237606, 0.016743002459406853, 0.015045573003590107, 0.018185647204518318, 0.016661452129483223, 0.015916695818305016, 0.016985049471259117, 0.016850482672452927, 0.016470719128847122, 0.015702534466981888, 0.015055017545819283, 0.015310510993003845, 0.015575256198644638, 0.014522513374686241, 0.01655752956867218, 0.015081659890711308, 0.017820995301008224, 0.018973633646965027, 0.01651419699192047, 0.015232302248477936, 0.017262278124690056, 0.01649121195077896, 0.01739591546356678, 0.015996333211660385, 0.017869655042886734, 0.014688419178128242, 0.015860874205827713, 0.01662452146410942, 0.018517155200242996, 0.016956591978669167, 0.01442704163491726, 0.01960611902177334, 0.016326922923326492, 0.017601540312170982, 0.015394739806652069, 0.01938515715301037, 0.015290218405425549, 0.01726168766617775, 0.01735866442322731, 0.0171486996114254, 0.018404439091682434, 0.016002755612134933, 0.01753891445696354, 0.01630893535912037, 0.017658710479736328, 0.01650104485452175, 0.01954197883605957, 0.015803147107362747, 0.015386268496513367, 0.021268945187330246, 0.015010785311460495, 0.016834642738103867, 0.016159484162926674, 0.016190718859434128, 0.017413441091775894, 0.015914365649223328, 0.01724095642566681, 0.01654164306819439, 0.01846942864358425, 0.01575642079114914, 0.015616338700056076, 0.016516905277967453, 0.01646270416676998, 0.016613170504570007, 0.017052574083209038, 0.016051769256591797, 0.015894709154963493, 0.016539357602596283, 0.015715552493929863, 0.016793522983789444, 0.016896354034543037, 0.01501245703548193, 0.015890104696154594, 0.016369659453630447, 0.01780705899000168, 0.01811983808875084, 0.015949027612805367, 0.016446812078356743, 0.016016429290175438, 0.01796305552124977, 0.0159287191927433, 0.016665032133460045, 0.01739666983485222, 0.01724386215209961, 0.014834407716989517, 0.018697619438171387, 0.015237747691571712, 0.015982357785105705, 0.01568719930946827, 0.01705210655927658, 0.017093122005462646, 0.01608034409582615, 0.01620028167963028, 0.015275475569069386, 0.01598406583070755, 0.01688736490905285, 0.01735343411564827, 0.017347659915685654, 0.015689829364418983, 0.016680151224136353, 0.015432976186275482, 0.016370810568332672, 0.015806768089532852, 0.016938423737883568, 0.016716478392481804, 0.017894649878144264, 0.017071085050702095, 0.015977000817656517, 0.017787311226129532, 0.0140280332416296, 0.02102470211684704, 0.016288772225379944, 0.016247745603322983, 0.017840344458818436, 0.01481714565306902, 0.015613134950399399, 0.01652766764163971, 0.01641368307173252, 0.017159461975097656, 0.01473876554518938, 0.018537506461143494, 0.015381377190351486, 0.015871450304985046, 0.017404967918992043, 0.01851179637014866, 0.016425002366304398, 0.016677021980285645, 0.015932699665427208, 0.015356423333287239, 0.017166826874017715, 0.017600594088435173, 0.014939368702471256, 0.016952645033597946, 0.018243003636598587, 0.016604190692305565, 0.016329893842339516, 0.018356777727603912, 0.019254684448242188, 0.015321402810513973, 0.018032826483249664, 0.015915071591734886, 0.016646655276417732, 0.01562618464231491, 0.017122257500886917, 0.017371639609336853, 0.01796461082994938, 0.015612099319696426, 0.016873307526111603, 0.017479917034506798, 0.017328016459941864, 0.01592663675546646, 0.016177192330360413, 0.019808735698461533, 0.01912989839911461, 0.01574520207941532, 0.01607951894402504, 0.020754171535372734, 0.017521239817142487, 0.01930074207484722, 0.01660539209842682, 0.015900826081633568, 0.017108358442783356, 0.01577521674335003, 0.014915828593075275, 0.015199503861367702, 0.01776845008134842, 0.016322538256645203, 0.01418998558074236, 0.015492398291826248, 0.015342338010668755, 0.017346948385238647, 0.01982123777270317, 0.01582639105618, 0.0166514553129673, 0.01806870847940445, 0.01697041094303131, 0.01664130948483944, 0.017466189339756966, 0.01660909503698349, 0.015596235170960426, 0.019581325352191925, 0.019800152629613876, 0.016120964661240578, 0.018850822001695633, 0.01634601689875126, 0.016314607113599777, 0.015973644331097603, 0.015648357570171356, 0.015186343342065811, 0.016089018434286118, 0.015893202275037766, 0.01926916092634201, 0.014929475262761116, 0.01724337227642536, 0.015721356496214867, 0.01656404137611389, 0.01595621183514595, 0.016640417277812958, 0.018758293241262436, 0.01591278612613678, 0.017538076266646385, 0.01897571049630642, 0.018648158758878708, 0.015827983617782593, 0.016516543924808502, 0.01677415519952774, 0.01570628397166729, 0.015715567395091057, 0.01639571227133274, 0.01598442532122135, 0.019579321146011353, 0.016204938292503357, 0.01737299934029579, 0.018668530508875847, 0.019512629136443138, 0.016308091580867767, 0.015946798026561737, 0.017519593238830566, 0.01612216793000698, 0.0178229957818985, 0.01751067116856575, 0.015066657215356827, 0.01414086576551199]}
Setting up Multi Scale Gradient loss...
Done
Setting up Multi Scale Gradient loss...
Done
Setting up Multi Scale Gradient loss...
Done
Setting up Multi Scale Gradient loss...
Done
Setting up Multi Scale Gradient loss...
Done
Setting up Multi Scale Gradient loss...
Done
Setting up Multi Scale Gradient loss...
Done
Setting up Multi Scale Gradient loss...
Done
Setting up Multi Scale Gradient loss...
Setting up Multi Scale Gradient loss...
Setting up Multi Scale Gradient loss...
Done
Done
Done
Setting up Multi Scale Gradient loss...
Done
Setting up Multi Scale Gradient loss...
Done
Setting up Multi Scale Gradient loss...
Done
Setting up Multi Scale Gradient loss...
Done
Setting up Multi Scale Gradient loss...
Done
all losses in batch in validation:  {'loss': [0.02460331842303276, 0.026524381712079048, 0.02379092015326023, 0.028326887637376785, 0.022681143134832382, 0.0309135839343071, 0.02623257040977478, 0.03114398941397667, 0.023282693699002266, 0.024292001500725746, 0.024075515568256378, 0.02988554537296295, 0.026651320978999138, 0.028651496395468712, 0.024481458589434624, 0.022888319566845894, 0.024520495906472206, 0.022792255505919456, 0.028024107217788696, 0.024600636214017868, 0.025946449488401413, 0.025563765317201614, 0.023333990946412086, 0.021822821348905563, 0.02199198305606842, 0.024550024420022964, 0.02522791549563408, 0.02381254732608795, 0.0268719345331192, 0.024075228720903397, 0.030857883393764496, 0.02577560767531395, 0.027220752090215683, 0.024931395426392555, 0.027867330238223076, 0.026117928326129913, 0.02514326572418213, 0.024505170062184334, 0.02324521914124489, 0.02424471825361252, 0.025191152468323708, 0.026432137936353683, 0.022723153233528137, 0.030797209590673447, 0.031852565705776215, 0.023603258654475212, 0.02262234501540661, 0.02754564955830574, 0.02524222806096077, 0.028158487752079964, 0.02628081664443016, 0.0288747176527977, 0.023177701979875565, 0.02837834134697914, 0.02918262407183647, 0.029341604560613632, 0.02644249051809311, 0.021126672625541687, 0.029421592131257057, 0.024105746299028397, 0.029346199706196785, 0.025091055780649185, 0.02843848243355751, 0.022219626232981682, 0.026238273829221725, 0.027418293058872223, 0.028547652065753937, 0.03278365731239319, 0.02519804611802101, 0.028909476473927498, 0.024098092690110207, 0.029641110450029373, 0.022771427407860756, 0.028985299170017242, 0.022800855338573456, 0.023895295336842537, 0.03199659660458565, 0.022007957100868225, 0.027155932039022446, 0.021857373416423798, 0.024348942562937737, 0.02758406102657318, 0.02556486800312996, 0.027822449803352356, 0.024616176262497902, 0.029569972306489944, 0.023481205105781555, 0.024221617728471756, 0.024942688643932343, 0.028879517689347267, 0.028507012873888016, 0.024273192510008812, 0.023618638515472412, 0.022426314651966095, 0.02486167475581169, 0.02346869185566902, 0.02438194863498211, 0.02355777658522129, 0.022227788344025612, 0.027218960225582123, 0.025968387722969055, 0.026170844212174416, 0.029084622859954834, 0.02315346524119377, 0.02426154911518097, 0.02324775420129299, 0.027160286903381348, 0.025270679965615273, 0.02521274983882904, 0.027070842683315277, 0.024794695898890495, 0.021895749494433403, 0.0277102030813694, 0.02162502333521843, 0.023262783885002136, 0.02091987431049347, 0.02517794631421566, 0.026937587186694145, 0.02717723697423935, 0.023989103734493256, 0.023508045822381973, 0.024948012083768845, 0.024802107363939285, 0.025905244052410126, 0.028048906475305557, 0.026062611490488052, 0.023817088454961777, 0.02320775017142296, 0.025144414976239204, 0.025553986430168152, 0.02661823108792305, 0.02800179459154606, 0.0281220730394125, 0.02633202075958252, 0.026552580296993256, 0.028805818408727646, 0.019879214465618134, 0.0308261439204216, 0.028585050255060196, 0.02529853582382202, 0.029310259968042374, 0.022420279681682587, 0.021608613431453705, 0.024336926639080048, 0.02579597383737564, 0.024945439770817757, 0.023998010903596878, 0.030909571796655655, 0.02262953855097294, 0.023878149688243866, 0.02760413847863674, 0.02754981815814972, 0.027338411659002304, 0.026122134178876877, 0.027022145688533783, 0.02189807966351509, 0.02500554732978344, 0.025756966322660446, 0.02458190731704235, 0.028063740581274033, 0.02514629438519478, 0.02373366802930832, 0.024422302842140198, 0.02996954321861267, 0.03386424481868744, 0.023954737931489944, 0.029387133195996284, 0.024751795455813408, 0.026092970743775368, 0.023357994854450226, 0.02642790973186493, 0.0272614024579525, 0.02827158011496067, 0.023975305259227753, 0.02463984675705433, 0.026138341054320335, 0.028934918344020844, 0.024250578135252, 0.026435725390911102, 0.03321035951375961, 0.029227742925286293, 0.02508077584207058, 0.023619037121534348, 0.03268294036388397, 0.026933694258332253, 0.03157013654708862, 0.026150576770305634, 0.02309015393257141, 0.025850048288702965, 0.02275793068110943, 0.02226281724870205, 0.023400362581014633, 0.02425643801689148, 0.02470501698553562, 0.019793016836047173, 0.02188236638903618, 0.023149829357862473, 0.026217758655548096, 0.02890814282000065, 0.024773940443992615, 0.025539632886648178, 0.0285312719643116, 0.02700810134410858, 0.027370229363441467, 0.02773931249976158, 0.02771645225584507, 0.025018949061632156, 0.03175261989235878, 0.031079379841685295, 0.022332679480314255, 0.029384681954979897, 0.024911638349294662, 0.026170514523983, 0.026538727805018425, 0.022227954119443893, 0.022070828825235367, 0.023075638338923454, 0.024380236864089966, 0.03164038807153702, 0.02563558518886566, 0.028471022844314575, 0.02367403730750084, 0.02463393844664097, 0.023429086431860924, 0.027058865875005722, 0.02558630332350731, 0.023112207651138306, 0.028538797050714493, 0.03375738859176636, 0.029581164941191673, 0.02381974086165428, 0.02434718981385231, 0.02482781559228897, 0.023195140063762665, 0.023417534306645393, 0.024662381038069725, 0.024886604398489, 0.028355440124869347, 0.022452116012573242, 0.027635836973786354, 0.02794330194592476, 0.02620108611881733, 0.022961262613534927, 0.024797210469841957, 0.02798476442694664, 0.024007480591535568, 0.029454439878463745, 0.02864842489361763, 0.024222342297434807, 0.02597793936729431], 'L_si': [0.007984419353306293, 0.01012708991765976, 0.006925778463482857, 0.008607498370110989, 0.006252915598452091, 0.011923246085643768, 0.010462366044521332, 0.012281837873160839, 0.007197269704192877, 0.0069620427675545216, 0.00836161244660616, 0.01080256886780262, 0.008705483749508858, 0.01015438511967659, 0.007654460147023201, 0.006485930178314447, 0.006940802559256554, 0.006333641707897186, 0.009740863926708698, 0.007746719755232334, 0.007506048306822777, 0.007813609205186367, 0.006748869549483061, 0.005545727908611298, 0.005955364555120468, 0.007221793755888939, 0.008138056844472885, 0.007437295746058226, 0.009628835134208202, 0.0069248429499566555, 0.0120918033644557, 0.008716133423149586, 0.010267666541039944, 0.00719231553375721, 0.009595856070518494, 0.009386851452291012, 0.0077713364735245705, 0.007759960368275642, 0.007007149513810873, 0.007725575473159552, 0.008294785395264626, 0.008677947334945202, 0.006530105601996183, 0.012291562743484974, 0.012785878032445908, 0.007013833150267601, 0.00656541995704174, 0.009941318072378635, 0.007937896996736526, 0.00910026952624321, 0.00971344392746687, 0.010382971726357937, 0.007558654993772507, 0.010961733758449554, 0.011717828921973705, 0.010942076332867146, 0.009389740414917469, 0.005558170843869448, 0.00944761373102665, 0.0070295175537467, 0.011234164237976074, 0.008339031599462032, 0.008835547603666782, 0.006828015204519033, 0.007632697932422161, 0.009675810113549232, 0.011036418378353119, 0.014973568730056286, 0.0081277871504426, 0.01014166884124279, 0.0069152289070189, 0.011773529462516308, 0.005748718976974487, 0.008883513510227203, 0.006412922404706478, 0.007636193186044693, 0.010324469767510891, 0.005938990507274866, 0.00842007901519537, 0.0057045212015509605, 0.007673976477235556, 0.009495466947555542, 0.00978747196495533, 0.009362372569739819, 0.00743011524900794, 0.01156886201351881, 0.007356966845691204, 0.007564256899058819, 0.0069242315366864204, 0.011598329991102219, 0.01096079871058464, 0.006806757301092148, 0.007173522841185331, 0.005854186601936817, 0.00838781800121069, 0.006586328148841858, 0.006615135353058577, 0.006387405563145876, 0.006679160054773092, 0.010153796523809433, 0.009203934110701084, 0.007487045601010323, 0.010676325298845768, 0.006339491344988346, 0.006935025565326214, 0.0069237276911735535, 0.009417196735739708, 0.007744859904050827, 0.008275107480585575, 0.009041608311235905, 0.007307486142963171, 0.0057918839156627655, 0.00871861632913351, 0.005844248458743095, 0.006431396119296551, 0.005195793695747852, 0.007169005926698446, 0.009938674047589302, 0.009218228049576283, 0.007303156424313784, 0.006374790333211422, 0.008003952912986279, 0.007806853391230106, 0.008221778087317944, 0.009431661106646061, 0.008323744870722294, 0.006534524727612734, 0.007144985254853964, 0.0077605899423360825, 0.009197928942739964, 0.009199593216180801, 0.010675905272364616, 0.01033291220664978, 0.008746537379920483, 0.009001118130981922, 0.01044364646077156, 0.005208003334701061, 0.009798458777368069, 0.011020953767001629, 0.00819425005465746, 0.011376561596989632, 0.006171542685478926, 0.005494916811585426, 0.00784649420529604, 0.007901002652943134, 0.007363536860793829, 0.00675501674413681, 0.01246742345392704, 0.0065781716257333755, 0.007474794052541256, 0.009204357862472534, 0.007945618592202663, 0.010573911480605602, 0.008154534734785557, 0.009645731188356876, 0.006077890284359455, 0.007106201723217964, 0.007511877454817295, 0.009125618264079094, 0.010757694952189922, 0.006852627731859684, 0.006239566020667553, 0.0071405936032533646, 0.01142098382115364, 0.014489210210740566, 0.007479980122298002, 0.010952232405543327, 0.008261889219284058, 0.008120415732264519, 0.006467293482273817, 0.009053527377545834, 0.009653457440435886, 0.010138584300875664, 0.007985728792846203, 0.007346810307353735, 0.00793083943426609, 0.011147519573569298, 0.006895594298839569, 0.009594948962330818, 0.012890517711639404, 0.010246006771922112, 0.00910981371998787, 0.0074868290685117245, 0.011952879838645458, 0.009385759010910988, 0.011031365022063255, 0.009051169268786907, 0.006786010693758726, 0.007912451401352882, 0.0070478892885148525, 0.0061574652791023254, 0.0073306444101035595, 0.0065397946164011955, 0.007535184267908335, 0.004964984487742186, 0.005965410731732845, 0.006860023830085993, 0.008672908879816532, 0.008666280657052994, 0.00857381522655487, 0.008281824178993702, 0.009275807999074459, 0.009505742229521275, 0.010599612258374691, 0.010128485970199108, 0.011040804907679558, 0.008176951669156551, 0.011725378222763538, 0.010939059779047966, 0.005831989925354719, 0.009759591892361641, 0.008345481008291245, 0.007903758436441422, 0.009777599945664406, 0.006117386277765036, 0.006742293015122414, 0.007030883803963661, 0.0073903026059269905, 0.011971225030720234, 0.008411218412220478, 0.010636206716299057, 0.007169551216065884, 0.007585568353533745, 0.006452446803450584, 0.01032030489295721, 0.007427682168781757, 0.006816998589783907, 0.010622587986290455, 0.014444170519709587, 0.010913798585534096, 0.0072622234001755714, 0.00790360663086176, 0.006992222275584936, 0.006619888823479414, 0.007433304097503424, 0.007746407296508551, 0.007855766452848911, 0.009606948122382164, 0.005768448114395142, 0.009663254022598267, 0.009112166240811348, 0.006704411003738642, 0.006314283236861229, 0.008595902472734451, 0.009908807463943958, 0.006806145887821913, 0.011435459367930889, 0.01089430134743452, 0.008036855608224869, 0.011576611548662186], 'L_grad': [0.016618900001049042, 0.01639729179441929, 0.016865141689777374, 0.019719388335943222, 0.016428226605057716, 0.01899033784866333, 0.01577020436525345, 0.018862152472138405, 0.016085423529148102, 0.017329959198832512, 0.015713902190327644, 0.01908297650516033, 0.01794583722949028, 0.018497111275792122, 0.016826998442411423, 0.016402389854192734, 0.017579693347215652, 0.01645861379802227, 0.018283242359757423, 0.01685391739010811, 0.018440401181578636, 0.017750155180692673, 0.01658512093126774, 0.016277093440294266, 0.016036618500947952, 0.017328230664134026, 0.017089858651161194, 0.01637525111436844, 0.017243098467588425, 0.017150385305285454, 0.01876608096063137, 0.01705947518348694, 0.016953086480498314, 0.017739079892635345, 0.018271474167704582, 0.016731075942516327, 0.017371928319334984, 0.01674520969390869, 0.016238069161772728, 0.01651914231479168, 0.016896367073059082, 0.017754189670085907, 0.016193047165870667, 0.018505645915865898, 0.019066687673330307, 0.01658942550420761, 0.016056925058364868, 0.01760433241724968, 0.017304331064224243, 0.019058218225836754, 0.016567373648285866, 0.018491744995117188, 0.015619046986103058, 0.017416607588529587, 0.01746479421854019, 0.018399527296423912, 0.017052751034498215, 0.015568501316010952, 0.019973978400230408, 0.01707622781395912, 0.01811203546822071, 0.016752023249864578, 0.019602935761213303, 0.015391610562801361, 0.01860557682812214, 0.01774248294532299, 0.017511233687400818, 0.017810087651014328, 0.017070259898900986, 0.018767807632684708, 0.017182864248752594, 0.01786758191883564, 0.01702270843088627, 0.02010178565979004, 0.016387932002544403, 0.016259102150797844, 0.021672125905752182, 0.016068967059254646, 0.0187358520925045, 0.016152851283550262, 0.016674965620040894, 0.01808859407901764, 0.01577739603817463, 0.018460076302289963, 0.017186060547828674, 0.01800111122429371, 0.016124237328767776, 0.016657361760735512, 0.018018456175923347, 0.01728118769824505, 0.017546214163303375, 0.017466435208916664, 0.016445115208625793, 0.016572128981351852, 0.016473855823278427, 0.016882363706827164, 0.017766812816262245, 0.017170371487736702, 0.015548628754913807, 0.01706516370177269, 0.016764452680945396, 0.018683798611164093, 0.01840829662978649, 0.016813974827528, 0.01732652261853218, 0.016324026510119438, 0.01774309016764164, 0.017525820061564445, 0.01693764328956604, 0.018029235303401947, 0.017487209290266037, 0.016103865578770638, 0.018991587683558464, 0.015780774876475334, 0.01683138869702816, 0.015724079683423042, 0.018008939921855927, 0.016998913139104843, 0.01795900985598564, 0.01668594777584076, 0.017133254557847977, 0.01694405823945999, 0.016995253041386604, 0.017683466896414757, 0.01861724629998207, 0.017738865688443184, 0.01728256419301033, 0.016062764450907707, 0.017383825033903122, 0.016356058418750763, 0.01741863787174225, 0.017325889319181442, 0.017789160832762718, 0.01758548431098461, 0.01755146123468876, 0.018362171947956085, 0.014671210199594498, 0.021027684211730957, 0.017564095556735992, 0.017104286700487137, 0.017933698371052742, 0.016248736530542374, 0.01611369661986828, 0.016490431502461433, 0.017894970253109932, 0.01758190244436264, 0.017242994159460068, 0.018442148342728615, 0.016051366925239563, 0.016403354704380035, 0.018399780616164207, 0.01960420049726963, 0.016764501109719276, 0.017967600375413895, 0.01737641543149948, 0.01582018844783306, 0.017899345606565475, 0.018245089799165726, 0.015456289052963257, 0.017306044697761536, 0.01829366572201252, 0.01749410293996334, 0.017281709238886833, 0.01854855939745903, 0.019375033676624298, 0.016474757343530655, 0.018434900790452957, 0.01648990623652935, 0.01797255501151085, 0.01689070090651512, 0.01737438142299652, 0.01760794408619404, 0.018132995814085007, 0.015989575535058975, 0.017293035984039307, 0.018207501620054245, 0.017787398770451546, 0.01735498383641243, 0.016840776428580284, 0.02031984180212021, 0.01898173615336418, 0.01597096212208271, 0.016132207587361336, 0.02073005959391594, 0.017547935247421265, 0.02053876966238022, 0.0170994084328413, 0.016304142773151398, 0.017937596887350082, 0.01571004092693329, 0.016105351969599724, 0.016069717705249786, 0.01771664246916771, 0.017169833183288574, 0.0148280318826437, 0.015916956588625908, 0.016289805993437767, 0.01754484884440899, 0.020241862162947655, 0.016200125217437744, 0.01725780963897705, 0.019255463033914566, 0.01750236004590988, 0.0167706161737442, 0.017610827460885048, 0.016675647348165512, 0.01684199832379818, 0.020027242600917816, 0.02014032006263733, 0.01650068908929825, 0.019625090062618256, 0.016566157341003418, 0.01826675608754158, 0.01676112785935402, 0.01611056737601757, 0.015328535810112953, 0.016044754534959793, 0.0169899333268404, 0.01966916397213936, 0.01722436584532261, 0.017834816128015518, 0.01650448516011238, 0.017048370093107224, 0.01697663962841034, 0.016738561913371086, 0.018158622086048126, 0.016295209527015686, 0.017916209995746613, 0.01931321993470192, 0.018667366355657578, 0.016557518392801285, 0.016443582251667976, 0.017835592851042747, 0.016575250774621964, 0.015984229743480682, 0.016915973275899887, 0.017030837014317513, 0.018748492002487183, 0.0166836678981781, 0.017972582951188087, 0.01883113570511341, 0.019496675580739975, 0.0166469793766737, 0.016201307997107506, 0.018075957894325256, 0.017201334238052368, 0.01801898144185543, 0.017754122614860535, 0.016185486689209938, 0.014401327818632126]}
Setting up Multi Scale Gradient loss...
Done
Setting up Multi Scale Gradient loss...
Done
Setting up Multi Scale Gradient loss...
Done
Setting up Multi Scale Gradient loss...
Done
Setting up Multi Scale Gradient loss...
Done
Setting up Multi Scale Gradient loss...
Done
Setting up Multi Scale Gradient loss...
Done
Setting up Multi Scale Gradient loss...
Done
Setting up Multi Scale Gradient loss...
Setting up Multi Scale Gradient loss...Setting up Multi Scale Gradient loss...

Setting up Multi Scale Gradient loss...
Setting up Multi Scale Gradient loss...
Setting up Multi Scale Gradient loss...DoneSetting up Multi Scale Gradient loss...

Setting up Multi Scale Gradient loss...
Done
Done

Done
Done
Done
DoneDone

all losses in batch in validation:  {'loss': [0.0252078827470541, 0.0260150209069252, 0.025224719196558, 0.030814535915851593, 0.023305408656597137, 0.03102712705731392, 0.02666550502181053, 0.03118278831243515, 0.024446258321404457, 0.025040408596396446, 0.02503262087702751, 0.031208280473947525, 0.027713656425476074, 0.031142760068178177, 0.025197472423315048, 0.023830842226743698, 0.025647606700658798, 0.02315027080476284, 0.029546882957220078, 0.025044860318303108, 0.028334131464362144, 0.025802282616496086, 0.02427312172949314, 0.021894918754696846, 0.023352202028036118, 0.025208480656147003, 0.02593478187918663, 0.02506946213543415, 0.02793402224779129, 0.02515210025012493, 0.031501103192567825, 0.027154993265867233, 0.028850937262177467, 0.025762852281332016, 0.03050396963953972, 0.0262074563652277, 0.026965437456965446, 0.025487780570983887, 0.02425491064786911, 0.024801071733236313, 0.026097767055034637, 0.028047289699316025, 0.023128196597099304, 0.029850425198674202, 0.03284217417240143, 0.023871175944805145, 0.024148523807525635, 0.0279847364872694, 0.025999320670962334, 0.029323266819119453, 0.026774447411298752, 0.02893225848674774, 0.024001309648156166, 0.02922559157013893, 0.031222503632307053, 0.028698444366455078, 0.02655034139752388, 0.02305094338953495, 0.03122558444738388, 0.026532169431447983, 0.031201019883155823, 0.025872237980365753, 0.028185414150357246, 0.023811550810933113, 0.02629665657877922, 0.02755870297551155, 0.028693553060293198, 0.032213691622018814, 0.025086980313062668, 0.029449911788105965, 0.02544805221259594, 0.029667656868696213, 0.023253513500094414, 0.02977779693901539, 0.024397913366556168, 0.024632105603814125, 0.032446518540382385, 0.022897105664014816, 0.028343018144369125, 0.022831333801150322, 0.024855047464370728, 0.029457304626703262, 0.02584509178996086, 0.029008474200963974, 0.024755461141467094, 0.030560258775949478, 0.024064894765615463, 0.025288108736276627, 0.026719408109784126, 0.02943161129951477, 0.029411692172288895, 0.026131361722946167, 0.02463431842625141, 0.023833569139242172, 0.02519364096224308, 0.024167271330952644, 0.025048410519957542, 0.024511881172657013, 0.023078031837940216, 0.02796727977693081, 0.026719504967331886, 0.026472292840480804, 0.029363833367824554, 0.023979399353265762, 0.025505907833576202, 0.023616690188646317, 0.028164688497781754, 0.026672741398215294, 0.0259726382791996, 0.028407573699951172, 0.025723394006490707, 0.0217545498162508, 0.029852833598852158, 0.02271595597267151, 0.023851601406931877, 0.021433519199490547, 0.025990691035985947, 0.026801105588674545, 0.027939602732658386, 0.025285236537456512, 0.024451157078146935, 0.025854064151644707, 0.02609405107796192, 0.026738647371530533, 0.0283365398645401, 0.026554469019174576, 0.025567006319761276, 0.025018110871315002, 0.025527041405439377, 0.02603941783308983, 0.02775270864367485, 0.02776459977030754, 0.02930779755115509, 0.026542704552412033, 0.02739962935447693, 0.02959154173731804, 0.020419321954250336, 0.03239717707037926, 0.029809771105647087, 0.026620788499712944, 0.02943926304578781, 0.023407146334648132, 0.02255214937031269, 0.0244741290807724, 0.028040798380970955, 0.026309790089726448, 0.025462139397859573, 0.033446744084358215, 0.023784928023815155, 0.024576302617788315, 0.02927984856069088, 0.028409868478775024, 0.027865838259458542, 0.026939846575260162, 0.02904791757464409, 0.023124195635318756, 0.02685045450925827, 0.027001172304153442, 0.025074800476431847, 0.028862791135907173, 0.025389645248651505, 0.023528140038251877, 0.02506030537188053, 0.03006695955991745, 0.03518914431333542, 0.02429419942200184, 0.02969565987586975, 0.025010228157043457, 0.02658182382583618, 0.023897919803857803, 0.027647200971841812, 0.027684137225151062, 0.028745347633957863, 0.024082282558083534, 0.025916514918208122, 0.027269653975963593, 0.02949744462966919, 0.024302763864398003, 0.02639363333582878, 0.03458196297287941, 0.029688313603401184, 0.02559671550989151, 0.024138035252690315, 0.0329773835837841, 0.02913905307650566, 0.032123807817697525, 0.027651680633425713, 0.02369016781449318, 0.027294285595417023, 0.0243205763399601, 0.02365255355834961, 0.024662960320711136, 0.024824656546115875, 0.02545936033129692, 0.021609634160995483, 0.02275993302464485, 0.024958934634923935, 0.026034608483314514, 0.03045712038874626, 0.025570698082447052, 0.02707311511039734, 0.027847420424222946, 0.028304561972618103, 0.027441857382655144, 0.02816258743405342, 0.028438646346330643, 0.025433924049139023, 0.03216610848903656, 0.03248608484864235, 0.023372594267129898, 0.03049902804195881, 0.02516273409128189, 0.027408048510551453, 0.027673397213220596, 0.024367911741137505, 0.022963285446166992, 0.022989507764577866, 0.025024646893143654, 0.03395028039813042, 0.026059409603476524, 0.0285586416721344, 0.024648353457450867, 0.025492439046502113, 0.02484993077814579, 0.027506772428750992, 0.02709054946899414, 0.02322651818394661, 0.029125213623046875, 0.03355873376131058, 0.029688403010368347, 0.024728741496801376, 0.02495156228542328, 0.02625351771712303, 0.025074806064367294, 0.02380015142261982, 0.02635442465543747, 0.02536693587899208, 0.029840916395187378, 0.023166246712207794, 0.029179692268371582, 0.028854120522737503, 0.026340609416365623, 0.02379574440419674, 0.02560650371015072, 0.028661657124757767, 0.024763576686382294, 0.030406935140490532, 0.030697118490934372, 0.025474004447460175, 0.026951925829052925], 'L_si': [0.0078110285103321075, 0.009635048918426037, 0.007048297673463821, 0.009678329341113567, 0.006324251648038626, 0.01183511782437563, 0.010373358614742756, 0.011785837821662426, 0.007548052817583084, 0.0070525710470974445, 0.008470232598483562, 0.011418149806559086, 0.008743133395910263, 0.010646852664649487, 0.007718853652477264, 0.0063925860449671745, 0.006987333297729492, 0.006242549046874046, 0.010130435228347778, 0.007735783234238625, 0.00879049301147461, 0.007675603032112122, 0.006760990247130394, 0.005439721047878265, 0.006248246878385544, 0.007247822359204292, 0.008125847205519676, 0.007651603315025568, 0.009768669493496418, 0.006933312863111496, 0.012128634378314018, 0.00889428611844778, 0.010532326996326447, 0.007508516311645508, 0.010834284126758575, 0.009443903341889381, 0.008039010688662529, 0.007682821713387966, 0.006947265937924385, 0.007603649515658617, 0.008020182140171528, 0.008948146365582943, 0.006490334868431091, 0.011552173644304276, 0.012927507050335407, 0.007016721647232771, 0.006830256432294846, 0.009814905002713203, 0.00800456665456295, 0.009423734620213509, 0.009602743200957775, 0.01004701666533947, 0.007542019244283438, 0.010778860189020634, 0.012301185168325901, 0.010691520757973194, 0.009024601429700851, 0.006487832870334387, 0.010213448666036129, 0.007776019629091024, 0.011742071248590946, 0.00850688386708498, 0.00844486616551876, 0.00710504874587059, 0.007472641300410032, 0.009446287527680397, 0.01083859708160162, 0.014611228369176388, 0.007592166308313608, 0.009822217747569084, 0.007306198123842478, 0.01151411421597004, 0.005958640947937965, 0.009198658168315887, 0.0067808800376951694, 0.0075903646647930145, 0.01020035333931446, 0.0061874473467469215, 0.008615789003670216, 0.005890763830393553, 0.007614022120833397, 0.009981106035411358, 0.009680652059614658, 0.009296942502260208, 0.007231733296066523, 0.011805986054241657, 0.007483289111405611, 0.00784365925937891, 0.007612509187310934, 0.01139790564775467, 0.010889862664043903, 0.007446172181516886, 0.007315151393413544, 0.006126624997705221, 0.008632892742753029, 0.006826873403042555, 0.00676477188244462, 0.006478847935795784, 0.006713746581226587, 0.01000964641571045, 0.00949096865952015, 0.0075889634899795055, 0.010680224746465683, 0.006409888155758381, 0.006934080272912979, 0.00690400879830122, 0.00946723110973835, 0.007989177480340004, 0.00830157846212387, 0.009645044803619385, 0.007541123311966658, 0.005548486486077309, 0.00964853074401617, 0.006363392807543278, 0.006423155311495066, 0.005505494773387909, 0.007228126283735037, 0.010067252442240715, 0.008880965411663055, 0.007592121604830027, 0.006528643891215324, 0.008166477084159851, 0.008165812119841576, 0.008229549042880535, 0.009190894663333893, 0.008017757907509804, 0.006911688018590212, 0.007479462306946516, 0.007502800319343805, 0.009080339223146439, 0.00938697811216116, 0.010364980436861515, 0.010970886796712875, 0.008736234158277512, 0.008742322213947773, 0.01049597468227148, 0.005308828316628933, 0.01039434690028429, 0.011404639109969139, 0.008638473227620125, 0.011119100265204906, 0.006176054012030363, 0.0057852366007864475, 0.007969066500663757, 0.008411407470703125, 0.007738869171589613, 0.007198094390332699, 0.013526402413845062, 0.006794525310397148, 0.007511497475206852, 0.009682310745120049, 0.008254955522716045, 0.010635647922754288, 0.00820581242442131, 0.010661410167813301, 0.006357149221003056, 0.0077679334208369255, 0.007743362337350845, 0.009102165699005127, 0.010807149112224579, 0.007024553604424, 0.006093018222600222, 0.007114613428711891, 0.011003508232533932, 0.015283675864338875, 0.0072750733233988285, 0.010781344957649708, 0.008185036480426788, 0.008073403500020504, 0.006367204245179892, 0.009442453272640705, 0.009591917507350445, 0.010045187547802925, 0.007710846606642008, 0.007703086826950312, 0.008015195839107037, 0.01093288417905569, 0.0067023467272520065, 0.009204247035086155, 0.0137751130387187, 0.010166577994823456, 0.009184942580759525, 0.007737138774245977, 0.011731714010238647, 0.010183189064264297, 0.01104661077260971, 0.009329279884696007, 0.006862590555101633, 0.008479402400553226, 0.007349020801484585, 0.006461029406636953, 0.007768855895847082, 0.00672271940857172, 0.007453634403645992, 0.00539990421384573, 0.006191071588546038, 0.007274929899722338, 0.00820714607834816, 0.009112322703003883, 0.008663276210427284, 0.008396772667765617, 0.00865194946527481, 0.010049983859062195, 0.010211313143372536, 0.010093084536492825, 0.010993614792823792, 0.007920393720269203, 0.011707952246069908, 0.011443114839494228, 0.006261241622269154, 0.010042106732726097, 0.008302380330860615, 0.007920960895717144, 0.010145149193704128, 0.006592366378754377, 0.006968027912080288, 0.0068661924451589584, 0.0073341489769518375, 0.013033940456807613, 0.00811070017516613, 0.010587026365101337, 0.007339115720242262, 0.007878735661506653, 0.0068229250609874725, 0.010371091775596142, 0.00832166988402605, 0.006661650724709034, 0.010772108100354671, 0.01439628191292286, 0.0108622582629323, 0.007508528418838978, 0.007940240204334259, 0.007228944916278124, 0.007056540809571743, 0.007284330204129219, 0.008135272189974785, 0.007809487171471119, 0.01031543593853712, 0.005940458737313747, 0.00982923898845911, 0.009157815016806126, 0.006802594289183617, 0.006474938243627548, 0.008723963052034378, 0.010142400860786438, 0.006978873163461685, 0.011797312647104263, 0.011345084756612778, 0.00804927945137024, 0.011933496221899986], 'L_grad': [0.017396854236721992, 0.01637997105717659, 0.018176421523094177, 0.02113620564341545, 0.016981156542897224, 0.019192010164260864, 0.01629214733839035, 0.0193969514220953, 0.016898205503821373, 0.01798783801496029, 0.016562387347221375, 0.019790129736065865, 0.01897052302956581, 0.020495906472206116, 0.017478618770837784, 0.017438257113099098, 0.018660273402929306, 0.016907721757888794, 0.0194164477288723, 0.017309077084064484, 0.019543638452887535, 0.018126679584383965, 0.017512131482362747, 0.01645519770681858, 0.017103955149650574, 0.01796065829694271, 0.017808934673666954, 0.01741785928606987, 0.018165353685617447, 0.018218787387013435, 0.019372468814253807, 0.018260706216096878, 0.01831861026585102, 0.018254335969686508, 0.019669685512781143, 0.016763553023338318, 0.018926426768302917, 0.017804957926273346, 0.017307644709944725, 0.017197422683238983, 0.018077583983540535, 0.019099142402410507, 0.016637861728668213, 0.018298251554369926, 0.019914668053388596, 0.016854453831911087, 0.01731826737523079, 0.018169831484556198, 0.017994754016399384, 0.019899532198905945, 0.017171703279018402, 0.018885241821408272, 0.01645928993821144, 0.018446732312440872, 0.018921319395303726, 0.01800692453980446, 0.01752573996782303, 0.016563110053539276, 0.021012134850025177, 0.01875614933669567, 0.019458947703242302, 0.0173653531819582, 0.019740547984838486, 0.016706502065062523, 0.0188240148127079, 0.018112415447831154, 0.017854955047369003, 0.01760246232151985, 0.017494814470410347, 0.01962769404053688, 0.01814185455441475, 0.018153542652726173, 0.01729487255215645, 0.0205791387706995, 0.017617033794522285, 0.01704174093902111, 0.022246167063713074, 0.01670965924859047, 0.019727228209376335, 0.016940569505095482, 0.01724102534353733, 0.01947619765996933, 0.016164440661668777, 0.019711531698703766, 0.01752372831106186, 0.018754271790385246, 0.01658160611987114, 0.01744445040822029, 0.019106898456811905, 0.0180337056517601, 0.018521830439567566, 0.01868519000709057, 0.017319167032837868, 0.017706943675875664, 0.01656074821949005, 0.017340397462248802, 0.01828363910317421, 0.01803303323686123, 0.016364285722374916, 0.01795763336122036, 0.017228536307811737, 0.01888332888484001, 0.01868360862135887, 0.017569510266184807, 0.018571827560663223, 0.016712680459022522, 0.018697457388043404, 0.01868356391787529, 0.01767105981707573, 0.018762528896331787, 0.018182270228862762, 0.016206063330173492, 0.02020430378615856, 0.016352562233805656, 0.0174284465610981, 0.015928024426102638, 0.018762564286589622, 0.01673385314643383, 0.01905863732099533, 0.017693115398287773, 0.01792251318693161, 0.017687587067484856, 0.017928238958120346, 0.018509099259972572, 0.019145645201206207, 0.018536711111664772, 0.01865531876683235, 0.0175386480987072, 0.01802424155175686, 0.01695907860994339, 0.018365731462836266, 0.0173996202647686, 0.018336910754442215, 0.01780647039413452, 0.01865730807185173, 0.019095566123723984, 0.015110492706298828, 0.022002829238772392, 0.018405131995677948, 0.01798231527209282, 0.01832016371190548, 0.017231091856956482, 0.01676691323518753, 0.016505062580108643, 0.01962939091026783, 0.018570920452475548, 0.01826404593884945, 0.019920341670513153, 0.016990402713418007, 0.017064806073904037, 0.01959753781557083, 0.020154912024736404, 0.017230190336704254, 0.018734034150838852, 0.018386507406830788, 0.016767047345638275, 0.01908252201974392, 0.019257809966802597, 0.01597263477742672, 0.018055642023682594, 0.01836509257555008, 0.017435122281312943, 0.01794569194316864, 0.019063452258706093, 0.019905466586351395, 0.017019126564264297, 0.018914315849542618, 0.01682519167661667, 0.018508419394493103, 0.017530715093016624, 0.018204746767878532, 0.018092220649123192, 0.018700160086154938, 0.016371436417102814, 0.018213428556919098, 0.01925445906817913, 0.018564561381936073, 0.017600417137145996, 0.0171893872320652, 0.020806849002838135, 0.01952173560857773, 0.01641177199780941, 0.01640089601278305, 0.021245669573545456, 0.018955864012241364, 0.021077197045087814, 0.018322400748729706, 0.016827577725052834, 0.01881488226354122, 0.016971556469798088, 0.01719152368605137, 0.016894103959202766, 0.01810193620622158, 0.018005724996328354, 0.01620972901582718, 0.0165688619017601, 0.017684005200862885, 0.017827462404966354, 0.021344797685742378, 0.016907421872019768, 0.01867634244263172, 0.019195470958948135, 0.018254578113555908, 0.017230544239282608, 0.01806950382888317, 0.01744503155350685, 0.01751353032886982, 0.0204581581056118, 0.021042970940470695, 0.01711135357618332, 0.020456921309232712, 0.01686035469174385, 0.019487086683511734, 0.017528247088193893, 0.01777554489672184, 0.01599525660276413, 0.016123315319418907, 0.017690498381853104, 0.020916340872645378, 0.017948709428310394, 0.017971614375710487, 0.017309237271547318, 0.01761370338499546, 0.018027005717158318, 0.017135681584477425, 0.018768880516290665, 0.01656486839056015, 0.01835310459136963, 0.01916244998574257, 0.018826143816113472, 0.017220212146639824, 0.01701132208108902, 0.019024573266506195, 0.018018266186118126, 0.0165158212184906, 0.018219152465462685, 0.017557449638843536, 0.01952548138797283, 0.017225787043571472, 0.019350452348589897, 0.019696306437253952, 0.019538015127182007, 0.01732080616056919, 0.01688254065811634, 0.01851925626397133, 0.01778470352292061, 0.01860962249338627, 0.019352033734321594, 0.017424724996089935, 0.015018429607152939]}
Setting up Multi Scale Gradient loss...
Done
Setting up Multi Scale Gradient loss...
Done
Setting up Multi Scale Gradient loss...
Done
Setting up Multi Scale Gradient loss...
Done
Setting up Multi Scale Gradient loss...
Done
Setting up Multi Scale Gradient loss...
Done
Setting up Multi Scale Gradient loss...
Done
Setting up Multi Scale Gradient loss...
Done
Setting up Multi Scale Gradient loss...
Setting up Multi Scale Gradient loss...
Done
Done
Setting up Multi Scale Gradient loss...
Done
Setting up Multi Scale Gradient loss...
Done
Setting up Multi Scale Gradient loss...
Done
Setting up Multi Scale Gradient loss...
Done
Setting up Multi Scale Gradient loss...
Done
Setting up Multi Scale Gradient loss...
Done
all losses in batch in validation:  {'loss': [0.021592918783426285, 0.025571031495928764, 0.0211429875344038, 0.026608258485794067, 0.021320205181837082, 0.029238922521471977, 0.02539941482245922, 0.028672484681010246, 0.022283094003796577, 0.022067388519644737, 0.02198762819170952, 0.027999239042401314, 0.02431778982281685, 0.026366427540779114, 0.021842114627361298, 0.020412424579262733, 0.021796034649014473, 0.021122494712471962, 0.026676926761865616, 0.02302466332912445, 0.026005063205957413, 0.024108584970235825, 0.02059773914515972, 0.021662546321749687, 0.020015088841319084, 0.022596966475248337, 0.024485260248184204, 0.022629359737038612, 0.02512960322201252, 0.020263953134417534, 0.02894219383597374, 0.024908747524023056, 0.02453782968223095, 0.023521434515714645, 0.027833230793476105, 0.025028444826602936, 0.02109198458492756, 0.02099107950925827, 0.021334407851099968, 0.022119877859950066, 0.021306786686182022, 0.02347937598824501, 0.020599044859409332, 0.02909647859632969, 0.029897205531597137, 0.023648280650377274, 0.02059822343289852, 0.02577253058552742, 0.023549910634756088, 0.025096382945775986, 0.024132762104272842, 0.027219098061323166, 0.02118416503071785, 0.024004194885492325, 0.025970274582505226, 0.02947896346449852, 0.025210421532392502, 0.019950684159994125, 0.02764793485403061, 0.02223292738199234, 0.02671203389763832, 0.02121718041598797, 0.027564354240894318, 0.022115956991910934, 0.023690009489655495, 0.025706641376018524, 0.02679910510778427, 0.03231169655919075, 0.021601473912596703, 0.02580289915204048, 0.023062950000166893, 0.02861354500055313, 0.022113213315606117, 0.02825193852186203, 0.021249134093523026, 0.02209782972931862, 0.030470075085759163, 0.020238643512129784, 0.02417031303048134, 0.021876180544495583, 0.023015836253762245, 0.02445889264345169, 0.024111784994602203, 0.024156447499990463, 0.023753397166728973, 0.029038794338703156, 0.022971928119659424, 0.02349955402314663, 0.022424208000302315, 0.026720287278294563, 0.025933366268873215, 0.0230764988809824, 0.022585541009902954, 0.021186944097280502, 0.025321822613477707, 0.02094222418963909, 0.02321578375995159, 0.02270439825952053, 0.021240035071969032, 0.02279987558722496, 0.024351466447114944, 0.024363195523619652, 0.028214894235134125, 0.022151421755552292, 0.02300582453608513, 0.022197648882865906, 0.02573738992214203, 0.021412700414657593, 0.023616855964064598, 0.025713887065649033, 0.023587726056575775, 0.019713222980499268, 0.027072692289948463, 0.020948614925146103, 0.022105582058429718, 0.02125788852572441, 0.022934013977646828, 0.02747342735528946, 0.025803450495004654, 0.022185616195201874, 0.02027316391468048, 0.02365635149180889, 0.024824092164635658, 0.02469959482550621, 0.024814924225211143, 0.021461281925439835, 0.023645170032978058, 0.022026294842362404, 0.021894175559282303, 0.022143738344311714, 0.023680618032813072, 0.02596724033355713, 0.027169855311512947, 0.02512964978814125, 0.024416636675596237, 0.02682550996541977, 0.018541350960731506, 0.029715102165937424, 0.026831714436411858, 0.02405261993408203, 0.028133084997534752, 0.019400132820010185, 0.02073136903345585, 0.024200458079576492, 0.023065779358148575, 0.02397347055375576, 0.019381584599614143, 0.029776722192764282, 0.02121765911579132, 0.022055625915527344, 0.024670060724020004, 0.02571975626051426, 0.02618851512670517, 0.02319023385643959, 0.023627955466508865, 0.02131199836730957, 0.023927267640829086, 0.024234378710389137, 0.02223450317978859, 0.026680998504161835, 0.02499954216182232, 0.022410055622458458, 0.022643255069851875, 0.028767501935362816, 0.033174920827150345, 0.021074865013360977, 0.027207139879465103, 0.02240721508860588, 0.023897243663668633, 0.021391067653894424, 0.024584999307990074, 0.025484057143330574, 0.025787439197301865, 0.02317049354314804, 0.024384737014770508, 0.02428174763917923, 0.026997001841664314, 0.021710233762860298, 0.024602193385362625, 0.03187484294176102, 0.02770080231130123, 0.023154456168413162, 0.0233394056558609, 0.03233785182237625, 0.02685520052909851, 0.027391038835048676, 0.024148093536496162, 0.021631747484207153, 0.024186842143535614, 0.02310621179640293, 0.020677493885159492, 0.021232454106211662, 0.023755177855491638, 0.022758862003684044, 0.01887577772140503, 0.021106164902448654, 0.020494546741247177, 0.024859730154275894, 0.026768933981657028, 0.024073436856269836, 0.02401266247034073, 0.025712335482239723, 0.02622954174876213, 0.02636740356683731, 0.025507763028144836, 0.026413608342409134, 0.022424153983592987, 0.030407413840293884, 0.02995385229587555, 0.021235041320323944, 0.026922695338726044, 0.025251831859350204, 0.024966837838292122, 0.02365449257194996, 0.021132994443178177, 0.022084135562181473, 0.022298946976661682, 0.021793341264128685, 0.03067394345998764, 0.022133201360702515, 0.026932459324598312, 0.02183847315609455, 0.024176431819796562, 0.020987994968891144, 0.026281112805008888, 0.02766706980764866, 0.02192750945687294, 0.02650407701730728, 0.032737620174884796, 0.02847113646566868, 0.02238532155752182, 0.02388460747897625, 0.022812355309724808, 0.021312983706593513, 0.022699180990457535, 0.022918537259101868, 0.021704521030187607, 0.02765786275267601, 0.022151900455355644, 0.025105945765972137, 0.026384931057691574, 0.025356188416481018, 0.022400176152586937, 0.022745490074157715, 0.025570236146450043, 0.022432098165154457, 0.028625816106796265, 0.027715042233467102, 0.0217362642288208, 0.02396910823881626], 'L_si': [0.006519638933241367, 0.009433073922991753, 0.005963920149952173, 0.008220621384680271, 0.005741639994084835, 0.011051315814256668, 0.009909277781844139, 0.010886425152420998, 0.0067146108485758305, 0.006116315256804228, 0.007326470222324133, 0.010331884026527405, 0.007664411328732967, 0.009128379635512829, 0.006536837201565504, 0.005430200137197971, 0.005946011748164892, 0.005692244973033667, 0.009198370389640331, 0.007078683003783226, 0.007688039913773537, 0.007418797351419926, 0.005738686304539442, 0.005505083594471216, 0.005493971984833479, 0.0065619866363704205, 0.007727601565420628, 0.006902607157826424, 0.008741697296500206, 0.005426716059446335, 0.011017086915671825, 0.00841579306870699, 0.008961932733654976, 0.006875613238662481, 0.010288884863257408, 0.008675477467477322, 0.005894752219319344, 0.006128461100161076, 0.006063052453100681, 0.006754926405847073, 0.006453900597989559, 0.007207415532320738, 0.005488595925271511, 0.011316070333123207, 0.011696371249854565, 0.007104780524969101, 0.0057778493501245975, 0.008884123526513577, 0.007165998686105013, 0.007849804125726223, 0.00845636148005724, 0.00944672804325819, 0.006548680365085602, 0.008483550511300564, 0.009880483150482178, 0.010828313417732716, 0.008686902932822704, 0.005362260155379772, 0.008794139139354229, 0.006528920494019985, 0.009889434091746807, 0.006522031966596842, 0.008404302410781384, 0.006777127273380756, 0.006754400674253702, 0.008616373874247074, 0.010004122741520405, 0.014487464912235737, 0.006307735573500395, 0.00851052813231945, 0.006652301177382469, 0.011081288568675518, 0.0056609599851071835, 0.008629333227872849, 0.005763037595897913, 0.00678642001003027, 0.009580478072166443, 0.005190733354538679, 0.007355738431215286, 0.005723924841731787, 0.006915755569934845, 0.007793245371431112, 0.008893078193068504, 0.00758371502161026, 0.00703237671405077, 0.011204294860363007, 0.0070978133007884026, 0.007336711976677179, 0.006085801403969526, 0.010204164311289787, 0.009462757967412472, 0.006468782667070627, 0.006729931104928255, 0.005681180395185947, 0.008686785586178303, 0.00560759799554944, 0.006233813241124153, 0.006208735052496195, 0.0062724449671804905, 0.007644902914762497, 0.008464333601295948, 0.00666961632668972, 0.010049830190837383, 0.005917767994105816, 0.006313566118478775, 0.006403780076652765, 0.008704029954969883, 0.006188553292304277, 0.007432466838508844, 0.008546334691345692, 0.006768101826310158, 0.004939911887049675, 0.008755527436733246, 0.005662108771502972, 0.005942914634943008, 0.005496256984770298, 0.006321204826235771, 0.010157164186239243, 0.00864739716053009, 0.0066908979788422585, 0.005193768534809351, 0.007417506072670221, 0.007598343770951033, 0.007754056248813868, 0.007937980815768242, 0.006131500005722046, 0.006651621311903, 0.006552594248205423, 0.00621079932898283, 0.007480294909328222, 0.007648906204849482, 0.009438860230147839, 0.009818434715270996, 0.008119397796690464, 0.007975330576300621, 0.009078193455934525, 0.004790229722857475, 0.009437287226319313, 0.01022041030228138, 0.007745751645416021, 0.010557753965258598, 0.00505701033398509, 0.00530909514054656, 0.0076571074314415455, 0.006957206875085831, 0.007059287745505571, 0.0050343782640993595, 0.01190260797739029, 0.006013828329741955, 0.006709855515509844, 0.007829684764146805, 0.007394308224320412, 0.009876216761767864, 0.00698121776804328, 0.00799725204706192, 0.005856369622051716, 0.006804984994232655, 0.00697711668908596, 0.007681435439735651, 0.009936842136085033, 0.007001716643571854, 0.005514762829989195, 0.006448423955589533, 0.01076451875269413, 0.013971354812383652, 0.0062919557094573975, 0.009683487005531788, 0.007053025532513857, 0.007073265966027975, 0.005752823315560818, 0.007945194840431213, 0.008521037176251411, 0.008703390136361122, 0.0076125618070364, 0.007254771888256073, 0.0071145412512123585, 0.010176042094826698, 0.005762925371527672, 0.008670009672641754, 0.012563997879624367, 0.009433966130018234, 0.007939975708723068, 0.007620156276971102, 0.011636394076049328, 0.009361371397972107, 0.009126068092882633, 0.008017996326088905, 0.006255552172660828, 0.007404590956866741, 0.007204173132777214, 0.005438780412077904, 0.0064045763574540615, 0.0065211765468120575, 0.006712313275784254, 0.004746949300169945, 0.00555537361651659, 0.005827497690916061, 0.008053470402956009, 0.007862277328968048, 0.008076068945229053, 0.007535785436630249, 0.007832663133740425, 0.00932841282337904, 0.009786800481379032, 0.00883642490953207, 0.010126178152859211, 0.0070160673931241035, 0.011018835939466953, 0.01057515200227499, 0.00557620357722044, 0.008779805153608322, 0.008357392624020576, 0.007582730147987604, 0.008214029483497143, 0.005793181713670492, 0.006941500585526228, 0.006622026674449444, 0.0062552206218242645, 0.011495715007185936, 0.00686689792200923, 0.009794688783586025, 0.0064066387712955475, 0.007475946564227343, 0.005567868240177631, 0.009824905544519424, 0.008721953257918358, 0.006311948876827955, 0.009394127875566483, 0.013940326869487762, 0.01023481972515583, 0.006672021932899952, 0.007775645237416029, 0.00638789776712656, 0.005841891746968031, 0.007021975703537464, 0.007054219953715801, 0.0064458176493644714, 0.009154178202152252, 0.005760271102190018, 0.008344669826328754, 0.008302106522023678, 0.006420177407562733, 0.006206853315234184, 0.0075158532708883286, 0.008641631342470646, 0.006358353886753321, 0.011065672151744366, 0.010388039983808994, 0.006849838420748711, 0.010234914720058441], 'L_grad': [0.015073279850184917, 0.01613795757293701, 0.015179067850112915, 0.01838763803243637, 0.015578564256429672, 0.01818760670721531, 0.015490137040615082, 0.01778605952858925, 0.015568483620882034, 0.015951072797179222, 0.014661157503724098, 0.01766735501587391, 0.016653377562761307, 0.01723804883658886, 0.015305276960134506, 0.014982224442064762, 0.015850022435188293, 0.015430249273777008, 0.01747855730354786, 0.015945980325341225, 0.018317023292183876, 0.016689788550138474, 0.014859052374958992, 0.01615746319293976, 0.014521116390824318, 0.01603497937321663, 0.016757657751441002, 0.01572675257921219, 0.016387905925512314, 0.014837237074971199, 0.01792510598897934, 0.016492953523993492, 0.015575896948575974, 0.016645820811390877, 0.017544345930218697, 0.01635296642780304, 0.015197232365608215, 0.01486261747777462, 0.015271355397999287, 0.015364951454102993, 0.014852885156869888, 0.016271959990262985, 0.015110449865460396, 0.017780408263206482, 0.018200833350419998, 0.016543500125408173, 0.014820374548435211, 0.01688840612769127, 0.016383912414312363, 0.017246579751372337, 0.015676399692893028, 0.0177723690867424, 0.014635484665632248, 0.015520645305514336, 0.01608979143202305, 0.01865064911544323, 0.016523519530892372, 0.014588424935936928, 0.018853794783353806, 0.01570400781929493, 0.01682259887456894, 0.014695148915052414, 0.01916005276143551, 0.015338829718530178, 0.01693560928106308, 0.017090268433094025, 0.016794981434941292, 0.017824232578277588, 0.01529373787343502, 0.01729237101972103, 0.016410648822784424, 0.01753225550055504, 0.016452252864837646, 0.01962260529398918, 0.0154860969632864, 0.015311408787965775, 0.02088959701359272, 0.015047910623252392, 0.016814574599266052, 0.01615225523710251, 0.0161000806838274, 0.01666564680635929, 0.015218706801533699, 0.016572732478380203, 0.01672101952135563, 0.01783449947834015, 0.015874115750193596, 0.016162842512130737, 0.0163384061306715, 0.016516122967004776, 0.016470609232783318, 0.01660771667957306, 0.015855610370635986, 0.01550576463341713, 0.01663503795862198, 0.015334626659750938, 0.01698197051882744, 0.016495663672685623, 0.014967590570449829, 0.015154973603785038, 0.015887131914496422, 0.01769357919692993, 0.018165064975619316, 0.01623365469276905, 0.016692258417606354, 0.015793869271874428, 0.01703335903584957, 0.015224147588014603, 0.01618438959121704, 0.017167553305625916, 0.016819624230265617, 0.014773311093449593, 0.018317164853215218, 0.015286505222320557, 0.01616266742348671, 0.015761632472276688, 0.016612809151411057, 0.017316263169050217, 0.017156053334474564, 0.01549471728503704, 0.015079395845532417, 0.016238845884799957, 0.01722574792802334, 0.01694553904235363, 0.0168769434094429, 0.015329780988395214, 0.016993548721075058, 0.015473701059818268, 0.015683377161622047, 0.014663442969322205, 0.016031712293624878, 0.016528381034731865, 0.01735142059624195, 0.01701025292277336, 0.016441306099295616, 0.017747316509485245, 0.013751121237874031, 0.02027781493961811, 0.016611304134130478, 0.016306867823004723, 0.017575331032276154, 0.014343122020363808, 0.015422274358570576, 0.016543351113796234, 0.016108572483062744, 0.016914183273911476, 0.014347205869853497, 0.017874114215373993, 0.01520383171737194, 0.015345770865678787, 0.0168403759598732, 0.018325448036193848, 0.01631229743361473, 0.016209015622735023, 0.015630703419446945, 0.015455629676580429, 0.017122283577919006, 0.017257262021303177, 0.014553067274391651, 0.016744155436754227, 0.017997825518250465, 0.016895292326807976, 0.01619483157992363, 0.018002983182668686, 0.019203566014766693, 0.01478290930390358, 0.01752365194261074, 0.015354190021753311, 0.01682397723197937, 0.01563824526965618, 0.01663980446755886, 0.016963019967079163, 0.017084049060940742, 0.015557931736111641, 0.017129965126514435, 0.01716720685362816, 0.016820959746837616, 0.015947308391332626, 0.01593218371272087, 0.0193108469247818, 0.018266836181282997, 0.01521447952836752, 0.015719249844551086, 0.02070145681500435, 0.017493829131126404, 0.018264971673488617, 0.016130097210407257, 0.015376195311546326, 0.016782250255346298, 0.015902038663625717, 0.015238713473081589, 0.014827877283096313, 0.01723400130867958, 0.016046548262238503, 0.014128828421235085, 0.015550791285932064, 0.014667049050331116, 0.016806259751319885, 0.01890665665268898, 0.015997368842363358, 0.01647687703371048, 0.017879672348499298, 0.016901129856705666, 0.016580602154135704, 0.01667133718729019, 0.01628742925822735, 0.015408085659146309, 0.019388578832149506, 0.019378699362277985, 0.01565883681178093, 0.01814289018511772, 0.016894439235329628, 0.017384108155965805, 0.015440463088452816, 0.015339813195168972, 0.015142634510993958, 0.015676921233534813, 0.01553812064230442, 0.019178228452801704, 0.015266302973031998, 0.017137771472334862, 0.015431834384799004, 0.016700485721230507, 0.015420125797390938, 0.016456207260489464, 0.0189451165497303, 0.015615560114383698, 0.0171099491417408, 0.018797291442751884, 0.018236316740512848, 0.015713300555944443, 0.016108961775898933, 0.016424456611275673, 0.01547109242528677, 0.015677206218242645, 0.015864316374063492, 0.015258703380823135, 0.018503684550523758, 0.016391629353165627, 0.016761276870965958, 0.01808282360434532, 0.01893601007759571, 0.016193322837352753, 0.015229636803269386, 0.01692860573530197, 0.016073744744062424, 0.017560143023729324, 0.017327003180980682, 0.014886424876749516, 0.01373419351875782]}
Saving current best: model_best.pth.tar ...
Setting up Multi Scale Gradient loss...
Done
Setting up Multi Scale Gradient loss...
Done
Setting up Multi Scale Gradient loss...
Done
Setting up Multi Scale Gradient loss...
Done
Setting up Multi Scale Gradient loss...
Done
Setting up Multi Scale Gradient loss...
Done
Setting up Multi Scale Gradient loss...
Done
Setting up Multi Scale Gradient loss...
Done
Setting up Multi Scale Gradient loss...
Done
Setting up Multi Scale Gradient loss...
Done
Setting up Multi Scale Gradient loss...
Done
Setting up Multi Scale Gradient loss...
Done
Setting up Multi Scale Gradient loss...
Done
Setting up Multi Scale Gradient loss...
Done
Setting up Multi Scale Gradient loss...
Done
Setting up Multi Scale Gradient loss...
Done
all losses in batch in validation:  {'loss': [0.021842535585165024, 0.026089757680892944, 0.021020572632551193, 0.02689862623810768, 0.021372659131884575, 0.03020608425140381, 0.025550968945026398, 0.02919764444231987, 0.0223656315356493, 0.022094711661338806, 0.022862859070301056, 0.026264309883117676, 0.02468016743659973, 0.025000113993883133, 0.021786978468298912, 0.020281851291656494, 0.022923365235328674, 0.021405432373285294, 0.027722246944904327, 0.022891946136951447, 0.025499893352389336, 0.023932520300149918, 0.020289385691285133, 0.021569523960351944, 0.01993350125849247, 0.022198133170604706, 0.024954233318567276, 0.02338968962430954, 0.025638187304139137, 0.01957235485315323, 0.0294712595641613, 0.025116849690675735, 0.024563562124967575, 0.023068688809871674, 0.024253059178590775, 0.025128677487373352, 0.02051238715648651, 0.020782895386219025, 0.02084992825984955, 0.022063754498958588, 0.020721502602100372, 0.023538395762443542, 0.020830094814300537, 0.029408104717731476, 0.031159264966845512, 0.023706652224063873, 0.020530588924884796, 0.0259927436709404, 0.024348387494683266, 0.024062080308794975, 0.024386145174503326, 0.02776707336306572, 0.02067537233233452, 0.023608192801475525, 0.02519240602850914, 0.029476460069417953, 0.02572431042790413, 0.018946975469589233, 0.02805103361606598, 0.02105054445564747, 0.028042897582054138, 0.021327868103981018, 0.02846769616007805, 0.02182282693684101, 0.023918451741337776, 0.025649165734648705, 0.027864281088113785, 0.033293310552835464, 0.021538283675909042, 0.02526901476085186, 0.0236437376588583, 0.029044795781373978, 0.021858911961317062, 0.02770356461405754, 0.021913643926382065, 0.0225747711956501, 0.03192590922117233, 0.019666261970996857, 0.023790545761585236, 0.02164330706000328, 0.023171810433268547, 0.02456851303577423, 0.024387266486883163, 0.024799879640340805, 0.023622428998351097, 0.028948727995157242, 0.022634439170360565, 0.022244948893785477, 0.02097233757376671, 0.026822378858923912, 0.0270063579082489, 0.023161105811595917, 0.022778602316975594, 0.02110845409333706, 0.024996574968099594, 0.02072818949818611, 0.022696606814861298, 0.02280268445611, 0.021496465429663658, 0.02331843040883541, 0.02438925765454769, 0.024708250537514687, 0.028650011867284775, 0.02188626490533352, 0.02252911776304245, 0.02265430986881256, 0.026471944525837898, 0.021591253578662872, 0.02417968027293682, 0.025852227583527565, 0.02402312681078911, 0.01931864023208618, 0.028061378747224808, 0.01980915293097496, 0.02103368751704693, 0.020939873531460762, 0.023355402052402496, 0.02789224125444889, 0.023509087041020393, 0.022138260304927826, 0.02032381109893322, 0.022402282804250717, 0.02509373053908348, 0.025355473160743713, 0.024866268038749695, 0.021184410899877548, 0.023100949823856354, 0.02246810682117939, 0.02238868735730648, 0.02263728342950344, 0.024773072451353073, 0.02581612579524517, 0.027470465749502182, 0.02401144430041313, 0.023372072726488113, 0.027698524296283722, 0.01895282231271267, 0.030018411576747894, 0.02692108228802681, 0.02414635755121708, 0.028699569404125214, 0.019018519669771194, 0.021111082285642624, 0.02399374544620514, 0.021345611661672592, 0.0239156112074852, 0.018291516229510307, 0.030179031193256378, 0.021648544818162918, 0.022926215082406998, 0.02507144585251808, 0.024695590138435364, 0.026550453156232834, 0.02342929132282734, 0.023369718343019485, 0.02106519602239132, 0.023725224658846855, 0.02458975464105606, 0.022372722625732422, 0.026521610096096992, 0.0251842699944973, 0.021814029663801193, 0.022774524986743927, 0.02935054898262024, 0.031480591744184494, 0.021510016173124313, 0.028122078627347946, 0.02378048002719879, 0.023838140070438385, 0.021191434934735298, 0.025286786258220673, 0.025956250727176666, 0.02695576287806034, 0.02321420982480049, 0.023790622130036354, 0.024508483707904816, 0.027749542146921158, 0.020776377990841866, 0.024710465222597122, 0.031061094254255295, 0.0293971449136734, 0.024002354592084885, 0.02304897829890251, 0.03292519599199295, 0.02680855244398117, 0.02852032147347927, 0.02442558854818344, 0.021921031177043915, 0.024432584643363953, 0.022504089400172234, 0.019572626799345016, 0.021118229255080223, 0.02385959029197693, 0.023041673004627228, 0.01868082769215107, 0.02084370143711567, 0.02059401012957096, 0.025083333253860474, 0.027931883931159973, 0.024084514006972313, 0.024479802697896957, 0.026181697845458984, 0.025576863437891006, 0.02695215679705143, 0.026112999767065048, 0.026496928185224533, 0.021701794117689133, 0.031224476173520088, 0.028326652944087982, 0.021040569990873337, 0.027895281091332436, 0.02533622458577156, 0.023944644257426262, 0.023710839450359344, 0.021307291463017464, 0.0214408989995718, 0.022310130298137665, 0.02247646078467369, 0.02993158996105194, 0.021597817540168762, 0.02756921574473381, 0.02193339169025421, 0.024603895843029022, 0.021453747525811195, 0.026937350630760193, 0.028079107403755188, 0.02203940786421299, 0.02785418927669525, 0.03310910612344742, 0.028954681009054184, 0.022816665470600128, 0.023857729509472847, 0.023148084059357643, 0.020880848169326782, 0.022910933941602707, 0.023280534893274307, 0.02176913060247898, 0.028531135991215706, 0.021807316690683365, 0.026143886148929596, 0.02791850082576275, 0.026662079617381096, 0.022176483646035194, 0.02319822646677494, 0.02619258314371109, 0.02267128974199295, 0.027917249128222466, 0.027956873178482056, 0.02191108837723732, 0.024954400956630707], 'L_si': [0.0066442945972085, 0.00961635448038578, 0.005902096163481474, 0.008288565091788769, 0.005754699464887381, 0.011505194939672947, 0.010008536279201508, 0.011102787218987942, 0.006754722911864519, 0.006149509456008673, 0.007731788791716099, 0.008920393884181976, 0.00787326879799366, 0.0082455575466156, 0.006554958876222372, 0.005362044088542461, 0.006379056256264448, 0.0057745883241295815, 0.009720799513161182, 0.006906141992658377, 0.00742301857098937, 0.007269971538335085, 0.005572040099650621, 0.0054789879359304905, 0.005377618130296469, 0.0063757700845599174, 0.00791977159678936, 0.007308219093829393, 0.008983846753835678, 0.005090879276394844, 0.011374040506780148, 0.008552533574402332, 0.009009036235511303, 0.006388262379914522, 0.00802119541913271, 0.008809204213321209, 0.005670722108334303, 0.0061106388457119465, 0.005892298649996519, 0.0067112441174685955, 0.006244579330086708, 0.007328634150326252, 0.0055872490629553795, 0.011425051838159561, 0.012297948822379112, 0.007002737373113632, 0.00578082911670208, 0.00906679593026638, 0.007529167458415031, 0.007421072106808424, 0.008653518743813038, 0.00982465036213398, 0.0062467679381370544, 0.008283041417598724, 0.009582665748894215, 0.010882994160056114, 0.008884349837899208, 0.004884127993136644, 0.009046130813658237, 0.005919735413044691, 0.01061592809855938, 0.006603593938052654, 0.008810034953057766, 0.0066192783415317535, 0.006979265715926886, 0.008592328056693077, 0.010623344220221043, 0.014908959157764912, 0.006285880692303181, 0.008234502747654915, 0.00685971649363637, 0.011285767890512943, 0.00545173604041338, 0.008353710174560547, 0.006025439593940973, 0.006948612630367279, 0.010172988288104534, 0.004923571832478046, 0.007193143479526043, 0.005696779116988182, 0.006974136922508478, 0.007986127398908138, 0.009086554870009422, 0.007890262641012669, 0.0069594127126038074, 0.011061723344027996, 0.007038709707558155, 0.0067960964515805244, 0.005374695174396038, 0.010432146489620209, 0.010097109712660313, 0.006462835241109133, 0.006841961294412613, 0.0056047444231808186, 0.008446074090898037, 0.005555642768740654, 0.006159594748169184, 0.00621755002066493, 0.0063491384498775005, 0.008067445829510689, 0.008188920095562935, 0.00675358809530735, 0.01036909595131874, 0.005822101142257452, 0.0061451406218111515, 0.006603286601603031, 0.00876399502158165, 0.0061744279228150845, 0.007583520840853453, 0.008686915040016174, 0.006926714908331633, 0.00471752043813467, 0.009137292392551899, 0.005102713126689196, 0.005410142708569765, 0.005431418772786856, 0.00647748913615942, 0.010395066812634468, 0.007340167183429003, 0.006660306826233864, 0.005172229837626219, 0.006788302678614855, 0.00760765140876174, 0.008013415150344372, 0.007950475439429283, 0.005962742958217859, 0.006394874304533005, 0.006804425269365311, 0.006304094567894936, 0.00778209650889039, 0.008270676247775555, 0.00941658765077591, 0.009925177320837975, 0.007665740326046944, 0.00733709754422307, 0.009578128345310688, 0.0049368045292794704, 0.009599647484719753, 0.010444738902151585, 0.007781865540891886, 0.010893982835114002, 0.004931946285068989, 0.005408150143921375, 0.007648599334061146, 0.005990718957036734, 0.0069608441554009914, 0.004654996562749147, 0.011986116878688335, 0.0062227388843894005, 0.006982124410569668, 0.007953391410410404, 0.00687080342322588, 0.01007719337940216, 0.007066050544381142, 0.007867426611483097, 0.005726740229874849, 0.006678807083517313, 0.007055009715259075, 0.007776857353746891, 0.00991181842982769, 0.007069180719554424, 0.005301021039485931, 0.0064406441524624825, 0.011107099242508411, 0.012498688884079456, 0.006371747236698866, 0.010285766795277596, 0.007681519724428654, 0.0071435729041695595, 0.005687348544597626, 0.008425790816545486, 0.008880211971700191, 0.009308220818638802, 0.007587774656713009, 0.007069038692861795, 0.007327600382268429, 0.01054314523935318, 0.005455309990793467, 0.008721563033759594, 0.01143823191523552, 0.010176077485084534, 0.00842217169702053, 0.007387171033769846, 0.011951095424592495, 0.009434303268790245, 0.009695902466773987, 0.00822455994784832, 0.006312056910246611, 0.007461496628820896, 0.0069447667337954044, 0.004983922466635704, 0.006324131973087788, 0.006438139826059341, 0.006815217435359955, 0.00468604639172554, 0.005393721628934145, 0.005814197938889265, 0.008037937805056572, 0.008366977795958519, 0.008063344284892082, 0.007848539389669895, 0.008012700825929642, 0.00891228299587965, 0.010273778811097145, 0.009080701507627964, 0.010175702162086964, 0.006666639819741249, 0.011493053287267685, 0.00930322241038084, 0.0055080195888876915, 0.008999137207865715, 0.008350886404514313, 0.007006787229329348, 0.008332623168826103, 0.005889290478080511, 0.0065402560867369175, 0.0066433739848434925, 0.006528358906507492, 0.010958041064441204, 0.006693809758871794, 0.010109723545610905, 0.006413331255316734, 0.007676810957491398, 0.005702243652194738, 0.010236048139631748, 0.008775473572313786, 0.006335381884127855, 0.01009969413280487, 0.014014873653650284, 0.010530205443501472, 0.006804660428315401, 0.007675265893340111, 0.0065222796984016895, 0.0057298834435641766, 0.007148472126573324, 0.007166135124862194, 0.006433917209506035, 0.009524539113044739, 0.0057003311812877655, 0.008825031109154224, 0.008918629959225655, 0.006955621298402548, 0.006037680897861719, 0.007746109738945961, 0.009061533957719803, 0.006483980920165777, 0.010570364072918892, 0.010634392499923706, 0.006987513042986393, 0.010854021646082401], 'L_grad': [0.01519824005663395, 0.016473403200507164, 0.015118476003408432, 0.018610062077641487, 0.015617959201335907, 0.018700888380408287, 0.015542431734502316, 0.018094856292009354, 0.015610909089446068, 0.015945201739668846, 0.015131069347262383, 0.0173439159989357, 0.01680689863860607, 0.016754556447267532, 0.015232020057737827, 0.014919807203114033, 0.01654430851340294, 0.015630843117833138, 0.01800144836306572, 0.015985803678631783, 0.018076874315738678, 0.01666254922747612, 0.014717345125973225, 0.01609053649008274, 0.014555882662534714, 0.015822362154722214, 0.017034461721777916, 0.016081470996141434, 0.01665434055030346, 0.014481475576758385, 0.01809721812605858, 0.01656431518495083, 0.015554525889456272, 0.01668042689561844, 0.01623186282813549, 0.01631947234272957, 0.014841664582490921, 0.014672257006168365, 0.014957629144191742, 0.015352509915828705, 0.014476923272013664, 0.016209762543439865, 0.015242844820022583, 0.017983052879571915, 0.0188613161444664, 0.01670391485095024, 0.014749759808182716, 0.01692594774067402, 0.016819220036268234, 0.016641007736325264, 0.015732627362012863, 0.01794242300093174, 0.01442860346287489, 0.015325152315199375, 0.01560973934829235, 0.01859346590936184, 0.01683996059000492, 0.014062847942113876, 0.019004901871085167, 0.015130809508264065, 0.01742696948349476, 0.014724274165928364, 0.019657660275697708, 0.015203548595309258, 0.016939185559749603, 0.017056837677955627, 0.017240937799215317, 0.018384350463747978, 0.015252403914928436, 0.017034512013196945, 0.016784021630883217, 0.01775902882218361, 0.016407176852226257, 0.019349854439496994, 0.01588820479810238, 0.01562615856528282, 0.021752920001745224, 0.014742691069841385, 0.016597401350736618, 0.0159465279430151, 0.016197673976421356, 0.016582386568188667, 0.015300710685551167, 0.01690961793065071, 0.016663016751408577, 0.01788700558245182, 0.015595728531479836, 0.015448851510882378, 0.015597641468048096, 0.016390232369303703, 0.016909249126911163, 0.01669827103614807, 0.01593664102256298, 0.015503709204494953, 0.016550501808524132, 0.015172547660768032, 0.0165370125323534, 0.016585133969783783, 0.01514732651412487, 0.015250984579324722, 0.016200337558984756, 0.017954662442207336, 0.018280915915966034, 0.01606416329741478, 0.016383977606892586, 0.016051022335886955, 0.01770794950425625, 0.0154168251901865, 0.01659615896642208, 0.01716531254351139, 0.01709641143679619, 0.014601118862628937, 0.018924087285995483, 0.014706440269947052, 0.01562354527413845, 0.015508454293012619, 0.0168779119849205, 0.017497174441814423, 0.016168920323252678, 0.015477954410016537, 0.015151580795645714, 0.01561398059129715, 0.017486078664660454, 0.017342057079076767, 0.01691579259932041, 0.015221668407320976, 0.01670607551932335, 0.01566368155181408, 0.016084592789411545, 0.014855187386274338, 0.016502397134900093, 0.01639953814446926, 0.017545288428664207, 0.016345703974366188, 0.01603497564792633, 0.01812039501965046, 0.014016017317771912, 0.020418765023350716, 0.0164763443171978, 0.01636449247598648, 0.017805585637688637, 0.014086572453379631, 0.015702931210398674, 0.016345147043466568, 0.015354892238974571, 0.01695476658642292, 0.013636520132422447, 0.018192915245890617, 0.015425805933773518, 0.015944091603159904, 0.017118055373430252, 0.01782478764653206, 0.016473259776830673, 0.016363240778446198, 0.015502290800213814, 0.015338455326855183, 0.01704641804099083, 0.01753474585711956, 0.014595864340662956, 0.016609791666269302, 0.0181150883436203, 0.016513008624315262, 0.01633387990295887, 0.018243450671434402, 0.018981901928782463, 0.01513826847076416, 0.01783631183207035, 0.016098959371447563, 0.0166945680975914, 0.015504086390137672, 0.016860995441675186, 0.0170760378241539, 0.01764754205942154, 0.015626434236764908, 0.016721583902835846, 0.017180882394313812, 0.017206396907567978, 0.015321067534387112, 0.015988901257514954, 0.019622862339019775, 0.019221067428588867, 0.01558018196374178, 0.015661807730793953, 0.02097409963607788, 0.017374249175190926, 0.018824419006705284, 0.01620102860033512, 0.015608973801136017, 0.01697108894586563, 0.015559323132038116, 0.014588703401386738, 0.014794097281992435, 0.017421450465917587, 0.016226455569267273, 0.01399478130042553, 0.015449980273842812, 0.014779812656342983, 0.0170453954488039, 0.019564906135201454, 0.01602116972208023, 0.016631264239549637, 0.018168997019529343, 0.016664579510688782, 0.016678377985954285, 0.01703229919075966, 0.016321225091814995, 0.015035155229270458, 0.019731422886252403, 0.019023429602384567, 0.01553254947066307, 0.01889614388346672, 0.016985338181257248, 0.0169378574937582, 0.015378216281533241, 0.015418000519275665, 0.01490064337849617, 0.01566675677895546, 0.0159481018781662, 0.01897354982793331, 0.014904008246958256, 0.01745949126780033, 0.015520060434937477, 0.01692708395421505, 0.01575150340795517, 0.01670130342245102, 0.019303634762763977, 0.015704026445746422, 0.01775449514389038, 0.019094232469797134, 0.01842447556555271, 0.016012005507946014, 0.016182463616132736, 0.01662580482661724, 0.015150965191423893, 0.015762461349368095, 0.01611439883708954, 0.015335213392972946, 0.019006596878170967, 0.0161069855093956, 0.017318854108452797, 0.018999870866537094, 0.01970645785331726, 0.016138803213834763, 0.01545211672782898, 0.017131049185991287, 0.016187308356165886, 0.017346885055303574, 0.01732248067855835, 0.014923576265573502, 0.01410038024187088]}
Setting up Multi Scale Gradient loss...
Done
Setting up Multi Scale Gradient loss...
Done
Setting up Multi Scale Gradient loss...
Done
Setting up Multi Scale Gradient loss...
Done
Setting up Multi Scale Gradient loss...
Done
Setting up Multi Scale Gradient loss...
Done
Setting up Multi Scale Gradient loss...
Done
Setting up Multi Scale Gradient loss...
Done
Setting up Multi Scale Gradient loss...
Setting up Multi Scale Gradient loss...
Setting up Multi Scale Gradient loss...
Setting up Multi Scale Gradient loss...Setting up Multi Scale Gradient loss...

Setting up Multi Scale Gradient loss...DoneSetting up Multi Scale Gradient loss...Done
Setting up Multi Scale Gradient loss...


Done

DoneDone

DoneDone

Done
all losses in batch in validation:  {'loss': [0.022254906594753265, 0.025988537818193436, 0.021430930122733116, 0.027044015005230904, 0.020879069343209267, 0.03017876297235489, 0.025455493479967117, 0.028667587786912918, 0.022062867879867554, 0.0224476158618927, 0.022279810160398483, 0.026252131909132004, 0.02487693354487419, 0.02539295330643654, 0.021761462092399597, 0.020783308893442154, 0.023227395489811897, 0.021495187655091286, 0.02691279724240303, 0.023403139784932137, 0.025684572756290436, 0.02369862236082554, 0.0205642469227314, 0.021416977047920227, 0.019862450659275055, 0.022393163293600082, 0.024501454085111618, 0.023257914930582047, 0.025218134745955467, 0.01899268850684166, 0.029563825577497482, 0.024757156148552895, 0.024878231808543205, 0.022960487753152847, 0.02430531568825245, 0.025018960237503052, 0.02157173492014408, 0.02150098793208599, 0.021635331213474274, 0.022110257297754288, 0.02170618250966072, 0.024356231093406677, 0.021085703745484352, 0.02869427017867565, 0.03084132820367813, 0.02304380014538765, 0.020724814385175705, 0.02597740665078163, 0.02414795756340027, 0.025194231420755386, 0.02403080090880394, 0.027692146599292755, 0.021322615444660187, 0.02341133914887905, 0.02603587880730629, 0.029080409556627274, 0.02606998011469841, 0.01923041231930256, 0.028319716453552246, 0.021499276161193848, 0.027909621596336365, 0.021869225427508354, 0.028039976954460144, 0.021697457879781723, 0.024171611294150352, 0.025603175163269043, 0.027519144117832184, 0.03223413601517677, 0.02198045328259468, 0.025651253759860992, 0.024001596495509148, 0.028837354853749275, 0.022022336721420288, 0.02824045717716217, 0.022044403478503227, 0.02235010266304016, 0.03194969892501831, 0.02030101977288723, 0.023863453418016434, 0.02130146324634552, 0.023663919419050217, 0.025236308574676514, 0.02439448982477188, 0.02512464113533497, 0.02357705682516098, 0.028992516919970512, 0.022380435839295387, 0.022336987778544426, 0.021653223782777786, 0.026726465672254562, 0.026767592877149582, 0.0236809179186821, 0.022674277424812317, 0.02192373014986515, 0.02468712255358696, 0.020773019641637802, 0.023002848029136658, 0.0229952372610569, 0.021202312782406807, 0.023638281971216202, 0.024250414222478867, 0.025053637102246284, 0.028091128915548325, 0.021647483110427856, 0.022622400894761086, 0.02223983220756054, 0.026169009506702423, 0.021219957619905472, 0.024042723700404167, 0.025872722268104553, 0.02435787208378315, 0.01915043406188488, 0.02791951596736908, 0.019578035920858383, 0.02139926142990589, 0.02047773264348507, 0.0240972600877285, 0.02752283588051796, 0.02324831858277321, 0.02166997641324997, 0.021229268983006477, 0.022942569106817245, 0.02526855655014515, 0.025250745937228203, 0.026056477800011635, 0.022235635668039322, 0.02339680679142475, 0.02236643061041832, 0.022630760446190834, 0.022685449570417404, 0.02532120607793331, 0.02590573951601982, 0.02657744474709034, 0.024875855073332787, 0.024039970710873604, 0.02720731869339943, 0.0190076045691967, 0.031017830595374107, 0.026529807597398758, 0.024164050817489624, 0.02881842851638794, 0.019263997673988342, 0.02149367704987526, 0.024149024859070778, 0.02182033844292164, 0.024585377424955368, 0.019015803933143616, 0.029339123517274857, 0.02210501953959465, 0.022478720173239708, 0.02524648979306221, 0.024961691349744797, 0.026169124990701675, 0.02365635335445404, 0.02247188612818718, 0.02117098867893219, 0.02400565892457962, 0.024924688041210175, 0.02232729084789753, 0.02662241831421852, 0.025395551696419716, 0.021817170083522797, 0.023233458399772644, 0.02910854108631611, 0.031510401517152786, 0.021158572286367416, 0.027934018522500992, 0.023355891928076744, 0.023454833775758743, 0.02117624506354332, 0.024566741660237312, 0.026174068450927734, 0.026965945959091187, 0.022936657071113586, 0.024263622239232063, 0.02518526464700699, 0.02785070426762104, 0.021317746490240097, 0.024840129539370537, 0.030293859541416168, 0.028788652271032333, 0.023819472640752792, 0.02317618764936924, 0.03290620818734169, 0.027146002277731895, 0.028450898826122284, 0.02467232197523117, 0.02175574004650116, 0.02495604008436203, 0.022661536931991577, 0.019899653270840645, 0.021382145583629608, 0.023907598108053207, 0.023190606385469437, 0.018756523728370667, 0.020524688065052032, 0.021418945863842964, 0.025248272344470024, 0.02755482867360115, 0.024216677993535995, 0.02436496503651142, 0.026593845337629318, 0.024866823107004166, 0.026142582297325134, 0.025746028870344162, 0.026460843160748482, 0.022517932578921318, 0.031069520860910416, 0.028296317905187607, 0.02114761248230934, 0.027472130954265594, 0.024835500866174698, 0.024143587797880173, 0.023333178833127022, 0.021605748683214188, 0.021358685567975044, 0.021696481853723526, 0.02245042473077774, 0.03051367960870266, 0.022463358938694, 0.026969250291585922, 0.02257370576262474, 0.02481015771627426, 0.02140672504901886, 0.02641584724187851, 0.02708137035369873, 0.021849431097507477, 0.027830522507429123, 0.031974926590919495, 0.028931908309459686, 0.022768832743167877, 0.0233074352145195, 0.023377783596515656, 0.021388299763202667, 0.022394124418497086, 0.023372512310743332, 0.02228519693017006, 0.02770591713488102, 0.021918144077062607, 0.026200532913208008, 0.027534116059541702, 0.026231033727526665, 0.021865444257855415, 0.023347871378064156, 0.026616713032126427, 0.023069122806191444, 0.028264982625842094, 0.027647491544485092, 0.022319315001368523, 0.025469614192843437], 'L_si': [0.006823554635047913, 0.009663652628660202, 0.005982818081974983, 0.008350841701030731, 0.0055347345769405365, 0.011576465331017971, 0.00992795079946518, 0.010857946239411831, 0.006649317219853401, 0.006242177914828062, 0.007471808698028326, 0.008960862644016743, 0.00792530458420515, 0.008419555611908436, 0.006507432088255882, 0.005606639664620161, 0.006551234517246485, 0.005779771134257317, 0.009375758469104767, 0.007185276597738266, 0.007502998691052198, 0.007098616566509008, 0.005640805698931217, 0.005408025812357664, 0.005345861427485943, 0.006492189597338438, 0.007762606721371412, 0.007233554031699896, 0.008829193189740181, 0.004792495630681515, 0.01143117155879736, 0.008381471037864685, 0.009174253791570663, 0.006441264413297176, 0.007953828200697899, 0.00873054750263691, 0.00612090015783906, 0.006433639209717512, 0.006272471975535154, 0.006723604165017605, 0.006683844141662121, 0.007711621932685375, 0.005766221787780523, 0.011027894914150238, 0.012260043062269688, 0.0067182378843426704, 0.005787950940430164, 0.009073220193386078, 0.007572609465569258, 0.007810833398252726, 0.008428089320659637, 0.00981509406119585, 0.006547117605805397, 0.00801180861890316, 0.009900861419737339, 0.010690412484109402, 0.009025954641401768, 0.004975596442818642, 0.009211515076458454, 0.006066136062145233, 0.010462970472872257, 0.006761004216969013, 0.008628834038972855, 0.006569873541593552, 0.006978271063417196, 0.008641576394438744, 0.010498116724193096, 0.014389093033969402, 0.00647612614557147, 0.008290251716971397, 0.006997467949986458, 0.011203266680240631, 0.005595257971435785, 0.00851255003362894, 0.006144979503005743, 0.00689962413161993, 0.010285010561347008, 0.005268189590424299, 0.0070489076897501945, 0.005536945536732674, 0.007333396468311548, 0.008228149265050888, 0.009075770154595375, 0.00804106704890728, 0.006981133949011564, 0.011269671842455864, 0.006867486983537674, 0.006832633167505264, 0.005694244522601366, 0.010297344997525215, 0.00994657538831234, 0.006738228257745504, 0.006751833949238062, 0.0059319534339010715, 0.00836064200848341, 0.005491528660058975, 0.006296682637184858, 0.006288684904575348, 0.006298067979514599, 0.00826343335211277, 0.008395911194384098, 0.006972600240260363, 0.010178920812904835, 0.005776348523795605, 0.006181720178574324, 0.006475368514657021, 0.00876650121062994, 0.00583254499360919, 0.007582648191601038, 0.008641568012535572, 0.007119657937437296, 0.00472642295062542, 0.009151711128652096, 0.004943002015352249, 0.0056732636876404285, 0.005104243289679289, 0.006839286535978317, 0.01039664912968874, 0.0072659095749258995, 0.006371109280735254, 0.005492712836712599, 0.007115020416676998, 0.007816152647137642, 0.007983218878507614, 0.008400678634643555, 0.0063928645104169846, 0.0064414385706186295, 0.006757430732250214, 0.006567675154656172, 0.007761220447719097, 0.008530603721737862, 0.009435322135686874, 0.009626954793930054, 0.007993409410119057, 0.007494132965803146, 0.009501613676548004, 0.0050285449251532555, 0.010008042678236961, 0.01022183708846569, 0.007704767398536205, 0.010987717658281326, 0.004949002992361784, 0.00550223421305418, 0.007796702440828085, 0.006189572159200907, 0.0072338334284722805, 0.00489760609343648, 0.01160009577870369, 0.006451761815696955, 0.0069181472063064575, 0.008073206059634686, 0.00693897670134902, 0.00992570910602808, 0.007171781733632088, 0.007445416413247585, 0.005791869014501572, 0.006804323755204678, 0.007363853510469198, 0.00778618361800909, 0.009920435957610607, 0.0070907664485275745, 0.005345280282199383, 0.006717019714415073, 0.01093052513897419, 0.012688320130109787, 0.006160757038742304, 0.010193264111876488, 0.007621783763170242, 0.007016194052994251, 0.005646411329507828, 0.008130254223942757, 0.009043163619935513, 0.009406196884810925, 0.007463444489985704, 0.007277682889252901, 0.00764415692538023, 0.010505979880690575, 0.005672481842339039, 0.008753255009651184, 0.011229976080358028, 0.009914885275065899, 0.008356954902410507, 0.0074237952940166, 0.011904297396540642, 0.009483909234404564, 0.009505576454102993, 0.00828346237540245, 0.006272499915212393, 0.00764054711908102, 0.0069720265455543995, 0.005104969721287489, 0.0064310417510569096, 0.006574132479727268, 0.006988314911723137, 0.004713932052254677, 0.005276489071547985, 0.006157511379569769, 0.008226145058870316, 0.00818875152617693, 0.00817419309169054, 0.0077563137747347355, 0.008247182704508305, 0.008530343882739544, 0.009886824525892735, 0.008997808210551739, 0.010279631242156029, 0.006950660143047571, 0.011387523263692856, 0.009400848299264908, 0.005451501347124577, 0.008915670216083527, 0.008184221573174, 0.0071830740198493, 0.008114095777273178, 0.0060228342190384865, 0.006475807633250952, 0.006409353576600552, 0.006533322390168905, 0.011334983631968498, 0.0070759993977844715, 0.009973255917429924, 0.006659323815256357, 0.007806579582393169, 0.005674480460584164, 0.009982715360820293, 0.008294052444398403, 0.0063469298183918, 0.010067703202366829, 0.013584474101662636, 0.010686807334423065, 0.006805360317230225, 0.007404920645058155, 0.006653833203017712, 0.005963392090052366, 0.006922558415681124, 0.00724551547318697, 0.006640205625444651, 0.00920526497066021, 0.005771439988166094, 0.008935123682022095, 0.008810075931251049, 0.006719399709254503, 0.005930895451456308, 0.007855581119656563, 0.009235216304659843, 0.006655378732830286, 0.010830644518136978, 0.010475873947143555, 0.007127718534320593, 0.011128424666821957], 'L_grad': [0.015431351959705353, 0.016324885189533234, 0.015448112040758133, 0.018693173304200172, 0.01534433476626873, 0.018602298572659492, 0.015527541749179363, 0.017809642478823662, 0.015413550660014153, 0.01620543748140335, 0.01480800099670887, 0.017291270196437836, 0.016951629891991615, 0.016973398625850677, 0.01525402907282114, 0.015176668763160706, 0.0166761614382267, 0.01571541652083397, 0.017537038773298264, 0.01621786318719387, 0.01818157359957695, 0.016600005328655243, 0.014923442155122757, 0.016008950769901276, 0.014516590163111687, 0.015900973230600357, 0.01673884689807892, 0.016024360433220863, 0.016388941556215286, 0.01420019380748272, 0.018132654950022697, 0.01637568511068821, 0.015703978016972542, 0.016519222408533096, 0.01635148748755455, 0.016288412734866142, 0.015450835227966309, 0.015067348256707191, 0.015362858772277832, 0.015386653132736683, 0.015022339299321175, 0.016644608229398727, 0.015319481492042542, 0.017666375264525414, 0.01858128421008587, 0.016325561329722404, 0.014936864376068115, 0.016904186457395554, 0.016575347632169724, 0.017383398488163948, 0.015602711588144302, 0.01787705160677433, 0.01477549783885479, 0.015399530529975891, 0.016135018318891525, 0.018389998003840446, 0.017044026404619217, 0.014254815876483917, 0.019108200445771217, 0.015433140099048615, 0.017446652054786682, 0.015108221210539341, 0.01941114291548729, 0.015127584338188171, 0.01719333976507187, 0.0169615987688303, 0.017021026462316513, 0.017845043912529945, 0.015504326671361923, 0.017361002042889595, 0.01700412854552269, 0.017634088173508644, 0.01642707921564579, 0.019727908074855804, 0.015899423509836197, 0.015450477600097656, 0.021664686501026154, 0.015032829716801643, 0.016814546659588814, 0.015764517709612846, 0.016330523416399956, 0.017008159309625626, 0.01531872060149908, 0.01708357408642769, 0.01659592241048813, 0.01772284507751465, 0.015512948855757713, 0.015504354611039162, 0.015958979725837708, 0.016429120674729347, 0.016821017488837242, 0.016942689195275307, 0.015922443941235542, 0.015991777181625366, 0.016326481476426125, 0.015281491912901402, 0.016706164926290512, 0.016706552356481552, 0.014904244802892208, 0.015374848619103432, 0.015854503959417343, 0.01808103732764721, 0.017912207171320915, 0.015871133655309677, 0.016440680250525475, 0.01576446369290352, 0.017402509227395058, 0.015387413091957569, 0.016460075974464417, 0.017231153324246407, 0.01723821461200714, 0.01442401111125946, 0.01876780390739441, 0.014635033905506134, 0.01572599820792675, 0.015373489819467068, 0.017257973551750183, 0.017126185819506645, 0.015982409939169884, 0.015298867598176003, 0.01573655568063259, 0.015827549621462822, 0.017452403903007507, 0.01726752705872059, 0.01765579916536808, 0.015842771157622337, 0.016955368220806122, 0.01560900080949068, 0.016063084825873375, 0.014924230054020882, 0.01679060235619545, 0.016470417380332947, 0.016950489953160286, 0.01688244566321373, 0.016545837745070457, 0.017705705016851425, 0.013979058712720871, 0.021009787917137146, 0.016307970508933067, 0.016459284350275993, 0.017830710858106613, 0.014314995147287846, 0.015991441905498505, 0.016352321952581406, 0.01563076674938202, 0.0173515435308218, 0.014118198305368423, 0.017739027738571167, 0.015653258189558983, 0.01556057296693325, 0.01717328280210495, 0.01802271418273449, 0.01624341681599617, 0.016484571620821953, 0.01502646878361702, 0.015379120595753193, 0.017201336100697517, 0.01756083406507969, 0.01454110722988844, 0.01670198328793049, 0.01830478571355343, 0.01647188887000084, 0.016516437754034996, 0.01817801594734192, 0.018822081387043, 0.0149978157132864, 0.017740754410624504, 0.015734108164906502, 0.016438640654087067, 0.015529833734035492, 0.016436487436294556, 0.017130903899669647, 0.017559750005602837, 0.015473212115466595, 0.01698593981564045, 0.017541106790304184, 0.017344724386930466, 0.015645263716578484, 0.016086874529719353, 0.019063882529735565, 0.01887376606464386, 0.015462517738342285, 0.015752391889691353, 0.02100191079080105, 0.01766209304332733, 0.018945321440696716, 0.01638885959982872, 0.015483240596950054, 0.017315492033958435, 0.015689510852098465, 0.014794683083891869, 0.014951104298233986, 0.017333464697003365, 0.0162022914737463, 0.014042590744793415, 0.015248199924826622, 0.015261434018611908, 0.01702212728559971, 0.019366078078746796, 0.01604248397052288, 0.016608651727437973, 0.01834666170179844, 0.016336480155587196, 0.016255758702754974, 0.016748221591114998, 0.016181211918592453, 0.01556727197021246, 0.01968199759721756, 0.0188954696059227, 0.01569611020386219, 0.018556460738182068, 0.016651280224323273, 0.016960512846708298, 0.015219083055853844, 0.015582914464175701, 0.014882877469062805, 0.015287129208445549, 0.015917101874947548, 0.01917869597673416, 0.015387360006570816, 0.016995994374155998, 0.01591438241302967, 0.017003579065203667, 0.01573224551975727, 0.01643313281238079, 0.018787318840622902, 0.015502500347793102, 0.017762819305062294, 0.01839045062661171, 0.01824510097503662, 0.015963472425937653, 0.01590251550078392, 0.01672394946217537, 0.015424908138811588, 0.015471565537154675, 0.016126997768878937, 0.015644991770386696, 0.01850065216422081, 0.0161467045545578, 0.017265409231185913, 0.01872403919696808, 0.01951163448393345, 0.015934549272060394, 0.015492290258407593, 0.017381496727466583, 0.016413744539022446, 0.017434338107705116, 0.017171617597341537, 0.015191596001386642, 0.01434118952602148]}
Setting up Multi Scale Gradient loss...
Done
Setting up Multi Scale Gradient loss...
Done
Setting up Multi Scale Gradient loss...
Done
Setting up Multi Scale Gradient loss...
Done
Setting up Multi Scale Gradient loss...
Done
Setting up Multi Scale Gradient loss...
Done
Setting up Multi Scale Gradient loss...
Done
Setting up Multi Scale Gradient loss...
Done
Setting up Multi Scale Gradient loss...
Setting up Multi Scale Gradient loss...
Setting up Multi Scale Gradient loss...
Setting up Multi Scale Gradient loss...
Setting up Multi Scale Gradient loss...Setting up Multi Scale Gradient loss...
DoneSetting up Multi Scale Gradient loss...

Setting up Multi Scale Gradient loss...Done
Done

Done

Done
Done
DoneDone

all losses in batch in validation:  {'loss': [0.023219186812639236, 0.026780113577842712, 0.02251768484711647, 0.028623251244425774, 0.02213958092033863, 0.031294919550418854, 0.026234401389956474, 0.029882144182920456, 0.023411616683006287, 0.02378804422914982, 0.02344965934753418, 0.03105049580335617, 0.025846567004919052, 0.029073800891637802, 0.023193538188934326, 0.021181289106607437, 0.023183878511190414, 0.02222577854990959, 0.028696265071630478, 0.024331258609890938, 0.026553623378276825, 0.02536328323185444, 0.021576877683401108, 0.0220408383756876, 0.02156609110534191, 0.02408890426158905, 0.025188572704792023, 0.02335689216852188, 0.026872195303440094, 0.021483397111296654, 0.030848629772663116, 0.0256803035736084, 0.026620522141456604, 0.024094322696328163, 0.02650521695613861, 0.02598518878221512, 0.023224102333188057, 0.022885866463184357, 0.022218598052859306, 0.022982539609074593, 0.026267996057868004, 0.025790248066186905, 0.02244703471660614, 0.029939863830804825, 0.03299456834793091, 0.02427252009510994, 0.021382933482527733, 0.02717854082584381, 0.025651397183537483, 0.026407647877931595, 0.02488582581281662, 0.028538184240460396, 0.022012583911418915, 0.026623332872986794, 0.027934852987527847, 0.029957376420497894, 0.026433736085891724, 0.020235905423760414, 0.029924727976322174, 0.022788576781749725, 0.02923305332660675, 0.0232677161693573, 0.028779946267604828, 0.022565290331840515, 0.02826167270541191, 0.027008511126041412, 0.028354711830615997, 0.03360750526189804, 0.02297116257250309, 0.028305379673838615, 0.02379836142063141, 0.029237570241093636, 0.022403649985790253, 0.02940457873046398, 0.02303771674633026, 0.023281697183847427, 0.032423511147499084, 0.020968109369277954, 0.02747911773622036, 0.022039487957954407, 0.023566123098134995, 0.025901297107338905, 0.025966573506593704, 0.027551380917429924, 0.02386235073208809, 0.030415184795856476, 0.023276222869753838, 0.023895611986517906, 0.023202069103717804, 0.027817510068416595, 0.02823386900126934, 0.024067364633083344, 0.023551130667328835, 0.02215888351202011, 0.025677789002656937, 0.02248441055417061, 0.023354778066277504, 0.023211168125271797, 0.02171448804438114, 0.024706684052944183, 0.024789130315184593, 0.02540396898984909, 0.029125746339559555, 0.02324662357568741, 0.02350207418203354, 0.023230496793985367, 0.026148371398448944, 0.023357797414064407, 0.024627557024359703, 0.02957036718726158, 0.025195207446813583, 0.02090808004140854, 0.028347492218017578, 0.020845357328653336, 0.02194914035499096, 0.021311651915311813, 0.024340517818927765, 0.028261415660381317, 0.02792748436331749, 0.0234883613884449, 0.024594217538833618, 0.024049479514360428, 0.025787662714719772, 0.025589000433683395, 0.02619890496134758, 0.023440241813659668, 0.024078991264104843, 0.02372155338525772, 0.023967258632183075, 0.023241251707077026, 0.025511737912893295, 0.027131935581564903, 0.027543876320123672, 0.025407027453184128, 0.026646355167031288, 0.028827641159296036, 0.01951056718826294, 0.032196491956710815, 0.03129294887185097, 0.02513083443045616, 0.029333241283893585, 0.02094041369855404, 0.02161274664103985, 0.02509666047990322, 0.024327900260686874, 0.024879589676856995, 0.020697282627224922, 0.03038681112229824, 0.022928511723876, 0.02417030930519104, 0.027284082025289536, 0.02620643749833107, 0.028213897719979286, 0.02526204288005829, 0.024945806711912155, 0.022135362029075623, 0.02457686886191368, 0.02478657104074955, 0.023495091125369072, 0.02827325090765953, 0.025465592741966248, 0.02289626933634281, 0.023449592292308807, 0.030016940087080002, 0.03241024166345596, 0.02277032472193241, 0.02923372946679592, 0.024702195078134537, 0.025180334225296974, 0.022649455815553665, 0.026249421760439873, 0.026838045567274094, 0.027963222935795784, 0.023839741945266724, 0.024827061221003532, 0.02613605186343193, 0.02847737818956375, 0.02243894338607788, 0.02643566019833088, 0.031052961945533752, 0.02918478101491928, 0.02463649772107601, 0.02405581623315811, 0.033812083303928375, 0.027355976402759552, 0.030892618000507355, 0.024776045233011246, 0.02294841967523098, 0.026437081396579742, 0.02318967878818512, 0.02137398160994053, 0.022684212774038315, 0.02462858334183693, 0.024770604446530342, 0.01938033476471901, 0.02162640169262886, 0.022258246317505836, 0.025777697563171387, 0.028180880472064018, 0.02558037079870701, 0.025491634383797646, 0.027656447142362595, 0.026197269558906555, 0.027451829984784126, 0.02684095688164234, 0.02778858318924904, 0.023677518591284752, 0.03278949856758118, 0.029751980677247047, 0.021835312247276306, 0.029596153646707535, 0.025483278557658195, 0.029163595288991928, 0.025733064860105515, 0.022773530334234238, 0.022239526733756065, 0.023227054625749588, 0.023642446845769882, 0.03353516012430191, 0.026394857093691826, 0.02865792065858841, 0.022885527461767197, 0.025198088958859444, 0.022695176303386688, 0.027595670893788338, 0.027183108031749725, 0.02321343496441841, 0.02857973985373974, 0.03409365564584732, 0.02972760796546936, 0.023719411343336105, 0.024136696010828018, 0.024745887145400047, 0.02258676290512085, 0.023759344592690468, 0.024450037628412247, 0.023266509175300598, 0.02743014506995678, 0.0225053783506155, 0.028092849999666214, 0.02751234546303749, 0.02612355165183544, 0.022994883358478546, 0.023707695305347443, 0.027384962886571884, 0.02357897162437439, 0.02989903837442398, 0.029302723705768585, 0.023051666095852852, 0.025401808321475983], 'L_si': [0.007359196897596121, 0.010177858173847198, 0.006383368279784918, 0.008965810760855675, 0.006048122420907021, 0.012408580631017685, 0.01054292917251587, 0.011730378493666649, 0.007238252088427544, 0.006915075238794088, 0.008003558032214642, 0.01146686915308237, 0.00845357496291399, 0.010355058126151562, 0.007075377739965916, 0.0057194652035832405, 0.0064986045472323895, 0.006143764592707157, 0.010248389095067978, 0.007778557483106852, 0.007978668436408043, 0.007776451762765646, 0.006099271588027477, 0.005595387425273657, 0.005829074885696173, 0.007029441650956869, 0.008280466310679913, 0.0073488084599375725, 0.009608682245016098, 0.005652458872646093, 0.012186863459646702, 0.008875938132405281, 0.009923750534653664, 0.0068754456005990505, 0.009130551479756832, 0.00942422915250063, 0.006861235946416855, 0.006984413135796785, 0.006577726453542709, 0.007272602524608374, 0.008717618882656097, 0.00834777019917965, 0.0063201552256941795, 0.01196481566876173, 0.013471640646457672, 0.007368570659309626, 0.006063419859856367, 0.009789436124265194, 0.008149653673171997, 0.00865927617996931, 0.008982487954199314, 0.010369380936026573, 0.006994402967393398, 0.009787099435925484, 0.010976248420774937, 0.011452887207269669, 0.009297942742705345, 0.005385944154113531, 0.009960749186575413, 0.006708559580147266, 0.011316858232021332, 0.0074843959882855415, 0.009016613475978374, 0.007065023761242628, 0.008727204985916615, 0.009380376897752285, 0.011081001721322536, 0.01555065531283617, 0.007090565282851458, 0.009774498641490936, 0.0069767776876688, 0.011637438088655472, 0.005845960695296526, 0.009099138900637627, 0.006587172392755747, 0.00741983950138092, 0.010548313148319721, 0.0055680302903056145, 0.008548816666007042, 0.005808117799460888, 0.007276466116309166, 0.008727163076400757, 0.010031559504568577, 0.008951274678111076, 0.007167641539126635, 0.012277730740606785, 0.007447935175150633, 0.007593100890517235, 0.006412448827177286, 0.011244677007198334, 0.01073211245238781, 0.006883489899337292, 0.007253800984472036, 0.0059592584148049355, 0.009023260325193405, 0.006141590420156717, 0.006352125201374292, 0.006297362502664328, 0.006620480678975582, 0.008916378021240234, 0.008820978924632072, 0.007170333527028561, 0.010816153138875961, 0.006208510138094425, 0.006463959347456694, 0.006944960914552212, 0.009008883498609066, 0.006859857123345137, 0.007922941818833351, 0.010308410041034222, 0.007640654221177101, 0.005270021967589855, 0.009111403487622738, 0.005579403135925531, 0.005836863070726395, 0.005526370834559202, 0.006783852353692055, 0.010892484337091446, 0.009836717508733273, 0.0070432438515126705, 0.006918775849044323, 0.007734119426459074, 0.008169127628207207, 0.008185076527297497, 0.008579137735068798, 0.007123501971364021, 0.006681118160486221, 0.007288333494216204, 0.007313990034162998, 0.008126329630613327, 0.00865704845637083, 0.010493429377675056, 0.010274657048285007, 0.008574269711971283, 0.009001865983009338, 0.010288122110068798, 0.005186861380934715, 0.010614528320729733, 0.012425582855939865, 0.008403017185628414, 0.011525635607540607, 0.005591133609414101, 0.005527641624212265, 0.008463103324174881, 0.007330167107284069, 0.007485930807888508, 0.0056496476754546165, 0.012255525216460228, 0.006692970171570778, 0.007630237378180027, 0.009230559691786766, 0.007414937950670719, 0.011059246957302094, 0.00792213436216116, 0.008589421398937702, 0.006199497729539871, 0.007055386900901794, 0.007216977421194315, 0.008527916856110096, 0.010885633528232574, 0.007091634441167116, 0.005800993647426367, 0.0068133315071463585, 0.011809001676738262, 0.01347948145121336, 0.006998446304351091, 0.010950712487101555, 0.008301518857479095, 0.007633015047758818, 0.006165924947708845, 0.008988069370388985, 0.00938162300735712, 0.010040812194347382, 0.008069123141467571, 0.007491191383451223, 0.00800305139273405, 0.011072620749473572, 0.006117408163845539, 0.009570775553584099, 0.01166182104498148, 0.010355575010180473, 0.00881795771420002, 0.00802552979439497, 0.012543805874884129, 0.009819358587265015, 0.010416650213301182, 0.0085027189925313, 0.006831207778304815, 0.008355204947292805, 0.00735742412507534, 0.005680281203240156, 0.007136679254472256, 0.006899633444845676, 0.007614532485604286, 0.004843609407544136, 0.005760279484093189, 0.006622625514864922, 0.008639983832836151, 0.00839618407189846, 0.008956069126725197, 0.008233321830630302, 0.00881862174719572, 0.009450246579945087, 0.010611234232783318, 0.00972060114145279, 0.011025859043002129, 0.007627454120665789, 0.012316573411226273, 0.010216353461146355, 0.0058307768777012825, 0.009709383361041546, 0.008607292547821999, 0.009354089386761189, 0.009353816509246826, 0.0064139035530388355, 0.006944274064153433, 0.007184390444308519, 0.007012729533016682, 0.01308534387499094, 0.008840328082442284, 0.010792840272188187, 0.006967227440327406, 0.007900767028331757, 0.006233585998415947, 0.010678695514798164, 0.008209172636270523, 0.006920359097421169, 0.010504864156246185, 0.014975639060139656, 0.011211770586669445, 0.007296704221516848, 0.007832206785678864, 0.007216498255729675, 0.0064177666790783405, 0.007586957421153784, 0.007842796854674816, 0.007312475237995386, 0.009136328473687172, 0.005940557923167944, 0.009857832454144955, 0.008895724080502987, 0.006673902273178101, 0.006452315021306276, 0.008265972137451172, 0.009653477929532528, 0.006885203532874584, 0.011927970685064793, 0.011292531155049801, 0.007634725421667099, 0.011151035316288471], 'L_grad': [0.01585998944938183, 0.016602255403995514, 0.016134316101670265, 0.0196574404835701, 0.01609145849943161, 0.01888633891940117, 0.015691472217440605, 0.018151765689253807, 0.016173364594578743, 0.016872968524694443, 0.015446102246642113, 0.019583625718951225, 0.017392992973327637, 0.018718743696808815, 0.016118159517645836, 0.015461822971701622, 0.016685273498296738, 0.01608201488852501, 0.0184478759765625, 0.016552701592445374, 0.018574954941868782, 0.017586831003427505, 0.015477605164051056, 0.016445450484752655, 0.01573701575398445, 0.017059462144970894, 0.016908107325434685, 0.016008084639906883, 0.017263513058423996, 0.015830937772989273, 0.01866176724433899, 0.016804365441203117, 0.01669677160680294, 0.017218876630067825, 0.017374664545059204, 0.016560960561037064, 0.016362866386771202, 0.01590145379304886, 0.015640871599316597, 0.01570993661880493, 0.017550377175211906, 0.017442477867007256, 0.016126880422234535, 0.01797504723072052, 0.019522927701473236, 0.0169039499014616, 0.015319513157010078, 0.017389103770256042, 0.017501743510365486, 0.01774837262928486, 0.01590333692729473, 0.018168803304433823, 0.015018181875348091, 0.01683623343706131, 0.016958605498075485, 0.018504489213228226, 0.01713579334318638, 0.01484996173530817, 0.019963977858424187, 0.016080016270279884, 0.01791619509458542, 0.015783321112394333, 0.01976333186030388, 0.0155002661049366, 0.01953446865081787, 0.017628133296966553, 0.017273709177970886, 0.018056850880384445, 0.01588059775531292, 0.01853088103234768, 0.01682158373296261, 0.017600132152438164, 0.016557689756155014, 0.020305439829826355, 0.0164505448192358, 0.015861857682466507, 0.021875198930501938, 0.015400078147649765, 0.018930301070213318, 0.016231369227170944, 0.01628965698182583, 0.01717413403093815, 0.015935013070702553, 0.018600106239318848, 0.01669470965862274, 0.018137453123927116, 0.015828287228941917, 0.01630251109600067, 0.016789620742201805, 0.01657283306121826, 0.01750175654888153, 0.017183875665068626, 0.01629732921719551, 0.01619962602853775, 0.01665452867746353, 0.01634282059967518, 0.0170026533305645, 0.016913805156946182, 0.01509400736540556, 0.01579030603170395, 0.01596815139055252, 0.018233634531497955, 0.018309593200683594, 0.017038114368915558, 0.017038114368915558, 0.01628553494811058, 0.017139486968517303, 0.016497939825057983, 0.016704615205526352, 0.019261958077549934, 0.017554553225636482, 0.01563805714249611, 0.019236089661717415, 0.015265953727066517, 0.016112277284264565, 0.015785280615091324, 0.01755666546523571, 0.01736893132328987, 0.018090765923261642, 0.016445117071270943, 0.01767544075846672, 0.016315359622240067, 0.017618535086512566, 0.017403922975063324, 0.017619766294956207, 0.016316739842295647, 0.017397873103618622, 0.016433220356702805, 0.016653267666697502, 0.0151149220764637, 0.01685468852519989, 0.016638506203889847, 0.01726921834051609, 0.016832757741212845, 0.01764448918402195, 0.018539518117904663, 0.01432370487600565, 0.02158196270465851, 0.018867366015911102, 0.016727818176150322, 0.017807604745030403, 0.015349280089139938, 0.016085105016827583, 0.01663355715572834, 0.01699773408472538, 0.017393657937645912, 0.015047634951770306, 0.018131285905838013, 0.01623554155230522, 0.01654007099568844, 0.01805352233350277, 0.018791498616337776, 0.017154650762677193, 0.017339907586574554, 0.016356386244297028, 0.01593586429953575, 0.017521481961011887, 0.017569594085216522, 0.014967174269258976, 0.017387617379426956, 0.01837395876646042, 0.017095275223255157, 0.016636261716485023, 0.018207937479019165, 0.018930761143565178, 0.015771878883242607, 0.018283016979694366, 0.01640067622065544, 0.01754731871187687, 0.016483530402183533, 0.017261352390050888, 0.0174564216285944, 0.017922410741448402, 0.015770617872476578, 0.01733586937189102, 0.018133001402020454, 0.01740475744009018, 0.016321536153554916, 0.01686488464474678, 0.019391141831874847, 0.018829206004738808, 0.015818540006875992, 0.016030285507440567, 0.021268276497721672, 0.017536617815494537, 0.0204759668558836, 0.01627332530915737, 0.016117211431264877, 0.018081877380609512, 0.01583225466310978, 0.015693699941039085, 0.015547532588243484, 0.01772894896566868, 0.017156071960926056, 0.014536726288497448, 0.015866123139858246, 0.015635620802640915, 0.017137713730335236, 0.019784696400165558, 0.01662430167198181, 0.017258312553167343, 0.0188378244638443, 0.016747023910284042, 0.01684059575200081, 0.017120355740189552, 0.01676272414624691, 0.01605006493628025, 0.020472925156354904, 0.019535627216100693, 0.0160045363008976, 0.019886771216988564, 0.016875986009836197, 0.019809504970908165, 0.01637924835085869, 0.01635962724685669, 0.015295252203941345, 0.016042664647102356, 0.016629718244075775, 0.020449817180633545, 0.017554529011249542, 0.017865080386400223, 0.015918299555778503, 0.017297321930527687, 0.01646159030497074, 0.016916975378990173, 0.018973935395479202, 0.016293074935674667, 0.018074875697493553, 0.019118014723062515, 0.01851583831012249, 0.016422707587480545, 0.016304489225149155, 0.017529388889670372, 0.016168996691703796, 0.016172386705875397, 0.016607241705060005, 0.0159540344029665, 0.018293816596269608, 0.01656481996178627, 0.018235016614198685, 0.01861662045121193, 0.01944964937865734, 0.016542568802833557, 0.01544172316789627, 0.01773148402571678, 0.01669376902282238, 0.017971068620681763, 0.01801019161939621, 0.015416940674185753, 0.014250773936510086]}
Setting up Multi Scale Gradient loss...
Done
Setting up Multi Scale Gradient loss...
Done
Setting up Multi Scale Gradient loss...
Done
Setting up Multi Scale Gradient loss...
Done
Setting up Multi Scale Gradient loss...
Done
Setting up Multi Scale Gradient loss...
Done
Setting up Multi Scale Gradient loss...
Done
Setting up Multi Scale Gradient loss...
Done
Setting up Multi Scale Gradient loss...
Done
Setting up Multi Scale Gradient loss...
Done
Setting up Multi Scale Gradient loss...
Done
Setting up Multi Scale Gradient loss...
Done
Setting up Multi Scale Gradient loss...
Done
Setting up Multi Scale Gradient loss...
Done
Setting up Multi Scale Gradient loss...
Done
Setting up Multi Scale Gradient loss...
Done
all losses in batch in validation:  {'loss': [0.023315925151109695, 0.026313474401831627, 0.023378560319542885, 0.026863738894462585, 0.022379599511623383, 0.029749184846878052, 0.026769939810037613, 0.030048975721001625, 0.023413168266415596, 0.024065915495157242, 0.023219158872961998, 0.0315074659883976, 0.026546195149421692, 0.02705444023013115, 0.024677209556102753, 0.022723840549588203, 0.023598790168762207, 0.023150071501731873, 0.026856882497668266, 0.023384038358926773, 0.027976015582680702, 0.024830512702465057, 0.023729899898171425, 0.022961042821407318, 0.02128382958471775, 0.02334556356072426, 0.02478640154004097, 0.024712810292840004, 0.026077870279550552, 0.023448478430509567, 0.029370492324233055, 0.026495618745684624, 0.02736448124051094, 0.027422036975622177, 0.028672432526946068, 0.025782255455851555, 0.024317776784300804, 0.024806782603263855, 0.02256450057029724, 0.02310049720108509, 0.024055320769548416, 0.02649940736591816, 0.02295156568288803, 0.030115090310573578, 0.03093930333852768, 0.02396063134074211, 0.02286188304424286, 0.02637140266597271, 0.02495977282524109, 0.02667870745062828, 0.026363570243120193, 0.02828347310423851, 0.022170627489686012, 0.026174120604991913, 0.02831917442381382, 0.029544193297624588, 0.0262354277074337, 0.021816598251461983, 0.02894652634859085, 0.023132048547267914, 0.029159974306821823, 0.023720797151327133, 0.02834053710103035, 0.02163049764931202, 0.026303594931960106, 0.026700129732489586, 0.029579009860754013, 0.03202121704816818, 0.0241974089294672, 0.027204427868127823, 0.024006322026252747, 0.028951771557331085, 0.022264888510107994, 0.03132127225399017, 0.024951282888650894, 0.02402373217046261, 0.032631728798151016, 0.02106528915464878, 0.026122378185391426, 0.02176566980779171, 0.02478373423218727, 0.02749471738934517, 0.02664504013955593, 0.026547715067863464, 0.02417539246380329, 0.02881304919719696, 0.0240279920399189, 0.02316875010728836, 0.02602377161383629, 0.02795923501253128, 0.028218597173690796, 0.025963298976421356, 0.024920102208852768, 0.022862765938043594, 0.02483610436320305, 0.021801572293043137, 0.024197803810238838, 0.024533219635486603, 0.023483935743570328, 0.0260796919465065, 0.027080480009317398, 0.02718440070748329, 0.028530623763799667, 0.02392786554992199, 0.023975633084774017, 0.02245982177555561, 0.028478486463427544, 0.024900874122977257, 0.025159912183880806, 0.027648383751511574, 0.025611400604248047, 0.020947355777025223, 0.029533278197050095, 0.021648690104484558, 0.024168439209461212, 0.020838497206568718, 0.026556264609098434, 0.027400493621826172, 0.026474757120013237, 0.022556940093636513, 0.02394956722855568, 0.024295726791024208, 0.025879280641674995, 0.02516174130141735, 0.028312712907791138, 0.026322653517127037, 0.024029716849327087, 0.02248222939670086, 0.023462826386094093, 0.02392975240945816, 0.026099445298314095, 0.027552086859941483, 0.029506247490644455, 0.025718601420521736, 0.026781361550092697, 0.02793043851852417, 0.01927192136645317, 0.030763890594244003, 0.027923833578824997, 0.024327605962753296, 0.028724636882543564, 0.02165800705552101, 0.023077979683876038, 0.02456919476389885, 0.02558320201933384, 0.025535322725772858, 0.023231010884046555, 0.0326194129884243, 0.023041479289531708, 0.02262839488685131, 0.027500174939632416, 0.02811378240585327, 0.026236997917294502, 0.024807322770357132, 0.027219735085964203, 0.022436294704675674, 0.026910001412034035, 0.025354459881782532, 0.024490609765052795, 0.02735729143023491, 0.025814563035964966, 0.0241821501404047, 0.0236910842359066, 0.02961602248251438, 0.034995824098587036, 0.023309562355279922, 0.028652146458625793, 0.02418505772948265, 0.025546198710799217, 0.02233080193400383, 0.025721784681081772, 0.027489397674798965, 0.027168188244104385, 0.023600667715072632, 0.025166399776935577, 0.025117654353380203, 0.029055215418338776, 0.023573871701955795, 0.025322234258055687, 0.03543725609779358, 0.029576607048511505, 0.02442222833633423, 0.02275891974568367, 0.03338787704706192, 0.027977079153060913, 0.031990256160497665, 0.0277591310441494, 0.02263893559575081, 0.02742147445678711, 0.02236788719892502, 0.022729303687810898, 0.0232250913977623, 0.024278150871396065, 0.023789409548044205, 0.021045777946710587, 0.022945772856473923, 0.024509580805897713, 0.02485157921910286, 0.02981027588248253, 0.024529948830604553, 0.024443238973617554, 0.028591159731149673, 0.027026917785406113, 0.02677549235522747, 0.026539739221334457, 0.02696184813976288, 0.02410017140209675, 0.03149665892124176, 0.03305865079164505, 0.023654527962207794, 0.029083777219057083, 0.02538103610277176, 0.026346715167164803, 0.02630668878555298, 0.023183487355709076, 0.021220900118350983, 0.02264466881752014, 0.024119772017002106, 0.032634515315294266, 0.02458902820944786, 0.028784073889255524, 0.0245555117726326, 0.023731211200356483, 0.023230114951729774, 0.02654089778661728, 0.02774817869067192, 0.0219949409365654, 0.029692213982343674, 0.03340921923518181, 0.028694510459899902, 0.025080237537622452, 0.022962890565395355, 0.02401595562696457, 0.023309484124183655, 0.02250303514301777, 0.023119067773222923, 0.023829298093914986, 0.03244158253073692, 0.023358117789030075, 0.026553377509117126, 0.027922824025154114, 0.028342295438051224, 0.022653477266430855, 0.024097558110952377, 0.027453146874904633, 0.024177255108952522, 0.029738446697592735, 0.027842119336128235, 0.02402910590171814, 0.02648979052901268], 'L_si': [0.0074525089003145695, 0.009771544486284256, 0.007171453442424536, 0.008253306150436401, 0.0062400950118899345, 0.011025815270841122, 0.010476747527718544, 0.011524958536028862, 0.007226584479212761, 0.007093701045960188, 0.00771853793412447, 0.012229625135660172, 0.008798208087682724, 0.009070082567632198, 0.008049791678786278, 0.006822189316153526, 0.006948321592062712, 0.006615286227315664, 0.009143946692347527, 0.006935940124094486, 0.008867014199495316, 0.007714897859841585, 0.007450688164681196, 0.006236664485186338, 0.0060071698389947414, 0.006756731774657965, 0.00772084342315793, 0.008275080472230911, 0.009040415287017822, 0.007077110465615988, 0.011017337441444397, 0.00903676263988018, 0.010772890411317348, 0.00907189305871725, 0.010589465498924255, 0.009149249643087387, 0.007751563563942909, 0.008111481554806232, 0.006850115023553371, 0.0072594149969518185, 0.007695023901760578, 0.008780095726251602, 0.006818491034209728, 0.011628049425780773, 0.012025405652821064, 0.006964193657040596, 0.00720680458471179, 0.009254548698663712, 0.007861627265810966, 0.008764701895415783, 0.009596997871994972, 0.010138123296201229, 0.007027496583759785, 0.009500748477876186, 0.011198751628398895, 0.010840964503586292, 0.009219569154083729, 0.006411965005099773, 0.009427950717508793, 0.007054213900119066, 0.010897156782448292, 0.007720670662820339, 0.008895598351955414, 0.0064779347740113735, 0.0077959890477359295, 0.009110996499657631, 0.011394278146326542, 0.013883037492632866, 0.007806860376149416, 0.009035466238856316, 0.007006756495684385, 0.011127282865345478, 0.005629155784845352, 0.010546053759753704, 0.007677476387470961, 0.0076819234527647495, 0.010729334317147732, 0.005789885763078928, 0.00827990286052227, 0.005705639254301786, 0.008017124608159065, 0.009763921611011028, 0.010359164327383041, 0.008904192596673965, 0.007113264873623848, 0.010796123184263706, 0.007584220729768276, 0.007158566731959581, 0.008053597994148731, 0.010886049829423428, 0.010505430400371552, 0.008115794509649277, 0.007908127270638943, 0.006486222147941589, 0.008138800039887428, 0.00605053873732686, 0.0069903782568871975, 0.007137558422982693, 0.007425225805491209, 0.009600511752068996, 0.01032718550413847, 0.00828417669981718, 0.010362157598137856, 0.006755810230970383, 0.00696455966681242, 0.006504181306809187, 0.010491972789168358, 0.00807693786919117, 0.008165968582034111, 0.009156545624136925, 0.00782242976129055, 0.005570356734097004, 0.009700946509838104, 0.006186030339449644, 0.007136594504117966, 0.0050413962453603745, 0.008216263726353645, 0.00991116277873516, 0.008698932826519012, 0.006817720364779234, 0.0068075028248131275, 0.007664368953555822, 0.008128950372338295, 0.007815143093466759, 0.010024763643741608, 0.008764130994677544, 0.006698832381516695, 0.0066452412866055965, 0.007044756785035133, 0.00845650490373373, 0.008937520906329155, 0.010136350058019161, 0.011366583406925201, 0.008523840457201004, 0.009009693749248981, 0.009695599786937237, 0.005020912736654282, 0.00986670795828104, 0.010440900921821594, 0.007845372892916203, 0.010591925121843815, 0.0062867021188139915, 0.006504736840724945, 0.00790750328451395, 0.008483605459332466, 0.007809326518326998, 0.007015961222350597, 0.013568407855927944, 0.006851382553577423, 0.006817879620939493, 0.009274250827729702, 0.00879148580133915, 0.009550768882036209, 0.0076924641616642475, 0.009866219945251942, 0.006272889208048582, 0.008490780368447304, 0.00767595786601305, 0.008939524181187153, 0.01039875391870737, 0.007387293502688408, 0.006515385117381811, 0.0069648888893425465, 0.011081347241997719, 0.014772850088775158, 0.0073839169926941395, 0.01022371742874384, 0.007813483476638794, 0.007931733503937721, 0.006233448162674904, 0.008465970866382122, 0.009669982828199863, 0.009309042245149612, 0.007656365167349577, 0.007710044737905264, 0.007440109271556139, 0.010905654169619083, 0.006851906888186932, 0.0088400449603796, 0.014238542877137661, 0.009970459155738354, 0.0084701431915164, 0.006981574930250645, 0.01216967310756445, 0.009898756630718708, 0.01155028399080038, 0.010004931129515171, 0.00686377938836813, 0.00927579402923584, 0.006738674361258745, 0.00650064367800951, 0.007332641165703535, 0.0064918603748083115, 0.00696156732738018, 0.005848237778991461, 0.0064233713783323765, 0.007796926889568567, 0.007851972244679928, 0.009353430941700935, 0.008159742690622807, 0.007744163740426302, 0.009385996498167515, 0.009684085845947266, 0.010081756860017776, 0.009190858341753483, 0.010331293568015099, 0.007703921291977167, 0.011495822109282017, 0.012585816904902458, 0.0066512832418084145, 0.009595575742423534, 0.008374958299100399, 0.007992256432771683, 0.009730528108775616, 0.006898850668221712, 0.006280869245529175, 0.00685663940384984, 0.007426835130900145, 0.012694485485553741, 0.007983126677572727, 0.010560180991888046, 0.00783014390617609, 0.007169667631387711, 0.006693986710160971, 0.009806647896766663, 0.00879026111215353, 0.006343518383800983, 0.010849256999790668, 0.013922258280217648, 0.010160175152122974, 0.007937985472381115, 0.007056914735585451, 0.006974996067583561, 0.006944672204554081, 0.006872579455375671, 0.0070505584590137005, 0.007506637368351221, 0.012394099496304989, 0.006458529271185398, 0.008898588828742504, 0.008869015611708164, 0.007768575567752123, 0.006230034399777651, 0.008149831555783749, 0.009680536575615406, 0.007218087092041969, 0.01164204627275467, 0.010225088335573673, 0.00814073532819748, 0.012034809216856956], 'L_grad': [0.015863416716456413, 0.01654192991554737, 0.016207106411457062, 0.018610432744026184, 0.016139505431056023, 0.018723370507359505, 0.01629319228231907, 0.018524017184972763, 0.016186583787202835, 0.016972213983535767, 0.015500620938837528, 0.019277840852737427, 0.017747987061738968, 0.017984356731176376, 0.016627417877316475, 0.015901651233434677, 0.016650468111038208, 0.01653478480875492, 0.01771293580532074, 0.01644809916615486, 0.019109001383185387, 0.01711561530828476, 0.01627921126782894, 0.016724377870559692, 0.015276659280061722, 0.016588831320405006, 0.017065558582544327, 0.016437729820609093, 0.01703745499253273, 0.016371367499232292, 0.018353154882788658, 0.017458856105804443, 0.016591589897871017, 0.0183501448482275, 0.018082967028021812, 0.016633005812764168, 0.016566213220357895, 0.016695301979780197, 0.015714386478066444, 0.015841081738471985, 0.016360295936465263, 0.017719311639666557, 0.016133075580000877, 0.01848703995347023, 0.01891389675438404, 0.016996437683701515, 0.01565507799386978, 0.017116853967308998, 0.017098145559430122, 0.017914004623889923, 0.01676657237112522, 0.018145350739359856, 0.015143130905926228, 0.0166733730584383, 0.017120422795414925, 0.01870322786271572, 0.017015857622027397, 0.01540463324636221, 0.019518576562404633, 0.016077835112810135, 0.018262818455696106, 0.01600012555718422, 0.019444938749074936, 0.015152563340961933, 0.01850760541856289, 0.017589133232831955, 0.018184732645750046, 0.018138181418180466, 0.016390549018979073, 0.018168961629271507, 0.016999565064907074, 0.017824487760663033, 0.016635732725262642, 0.020775217562913895, 0.017273806035518646, 0.016341809183359146, 0.02190239354968071, 0.015275402925908566, 0.017842475324869156, 0.016060030087828636, 0.016766609624028206, 0.017730796709656715, 0.01628587581217289, 0.0176435224711895, 0.017062127590179443, 0.01801692694425583, 0.01644377037882805, 0.016010183840990067, 0.017970174551010132, 0.017073186114430428, 0.017713166773319244, 0.01784750446677208, 0.01701197400689125, 0.016376543790102005, 0.01669730432331562, 0.015751034021377563, 0.017207425087690353, 0.017395660281181335, 0.01605870947241783, 0.01647917926311493, 0.016753293573856354, 0.018900223076343536, 0.018168466165661812, 0.017172055318951607, 0.017011072486639023, 0.015955640003085136, 0.017986513674259186, 0.016823936253786087, 0.016993943601846695, 0.01849183812737465, 0.017788970842957497, 0.015376999042928219, 0.01983233168721199, 0.015462660230696201, 0.017031844705343246, 0.015797100961208344, 0.01834000088274479, 0.01748933084309101, 0.017775824293494225, 0.01573921926319599, 0.01714206486940384, 0.0166313573718071, 0.0177503302693367, 0.017346598207950592, 0.01828794926404953, 0.017558522522449493, 0.01733088493347168, 0.015836987644433975, 0.01641806960105896, 0.015473246574401855, 0.01716192439198494, 0.017415735870599747, 0.018139664083719254, 0.017194760963320732, 0.01777166873216629, 0.01823483780026436, 0.014251007698476315, 0.020897183567285538, 0.017482932657003403, 0.01648223213851452, 0.018132710829377174, 0.015371304005384445, 0.016573242843151093, 0.016661692410707474, 0.017099596560001373, 0.017725996673107147, 0.016215048730373383, 0.019051004201173782, 0.016190096735954285, 0.015810515731573105, 0.01822592318058014, 0.019322296604514122, 0.016686229035258293, 0.017114859074354172, 0.017353514209389687, 0.016163405030965805, 0.01841922104358673, 0.017678501084446907, 0.015551084652543068, 0.016958538442850113, 0.018427269533276558, 0.017666764557361603, 0.016726195812225342, 0.018534675240516663, 0.020222974941134453, 0.01592564582824707, 0.01842842996120453, 0.016371574252843857, 0.017614465206861496, 0.016097353771328926, 0.017255812883377075, 0.017819415777921677, 0.017859145998954773, 0.015944302082061768, 0.017456354573369026, 0.01767754554748535, 0.018149562180042267, 0.01672196574509144, 0.016482189297676086, 0.021198714151978493, 0.019606148824095726, 0.015952084213495255, 0.01577734388411045, 0.021218203008174896, 0.01807832159101963, 0.02043997310101986, 0.017754200845956802, 0.015775157138705254, 0.01814568042755127, 0.01562921330332756, 0.016228659078478813, 0.015892449766397476, 0.017786290496587753, 0.016827842220664024, 0.015197539702057838, 0.016522401943802834, 0.016712654381990433, 0.016999606043100357, 0.020456844940781593, 0.016370205208659172, 0.01669907569885254, 0.019205164164304733, 0.017342831939458847, 0.016693735495209694, 0.0173488799482584, 0.01663055457174778, 0.01639625057578087, 0.02000083588063717, 0.02047283574938774, 0.017003245651721954, 0.019488200545310974, 0.017006078734993935, 0.01835445873439312, 0.016576161608099937, 0.01628463715314865, 0.014940030872821808, 0.01578802987933159, 0.016692936420440674, 0.019940029829740524, 0.01660590060055256, 0.018223892897367477, 0.016725368797779083, 0.016561543568968773, 0.016536127775907516, 0.016734249889850616, 0.018957916647195816, 0.01565142162144184, 0.01884295605123043, 0.019486961886286736, 0.018534334376454353, 0.017142251133918762, 0.01590597629547119, 0.017040958628058434, 0.01636481285095215, 0.015630455687642097, 0.016068508848547935, 0.016322661191225052, 0.02004748396575451, 0.01689958944916725, 0.017654787749052048, 0.019053807482123375, 0.020573720335960388, 0.01642344333231449, 0.015947725623846054, 0.0177726112306118, 0.016959168016910553, 0.018096400424838066, 0.017617031931877136, 0.01588837057352066, 0.014454980380833149]}
Saving checkpoint: runs/train/0314_mkl/checkpoints/checkpoint-epoch024-loss-0.0068.pth.tar ...
Setting up Multi Scale Gradient loss...
Done
Setting up Multi Scale Gradient loss...
Done
Setting up Multi Scale Gradient loss...
Done
Setting up Multi Scale Gradient loss...
Done
Setting up Multi Scale Gradient loss...
Done
Setting up Multi Scale Gradient loss...
Done
Setting up Multi Scale Gradient loss...
Done
Setting up Multi Scale Gradient loss...
Done
/usr/lib/python3.12/multiprocessing/resource_tracker.py:254: UserWarning: resource_tracker: There appear to be 32 leaked semaphore objects to clean up at shutdown
  warnings.warn('resource_tracker: There appear to be %d '
