Setting up Multi Scale Gradient loss...
Done
Warning: --config overridden by --resume
---- Distributed Training ----
Setting up Multi Scale Gradient loss...
Done
Use GPU: 0 for training
Found 5 samples in /root/shared-nvme/spikemamba/DENSE-spike/DENSE/train
Found 1 samples in /root/shared-nvme/spikemamba/DENSE-spike/DENSE/validation
-----  [3, 6, 12]
Trainable parameters: 22568833
S2DepthTransformerUNetConv(
  (encoder): LongSpikeStreamEncoderConv(
    (backbone): Mamba3DEncoder(
      (patch_embed): Conv3d(1, 96, kernel_size=(32, 2, 2), stride=(32, 2, 2))
      (stages): ModuleList(
        (0): MambaStage(
          (blocks): Sequential(
            (0): ST_Mamba_Block(
              (norm1): LayerNorm((96,), eps=1e-05, elementwise_affine=True)
              (mamba): Mamba(
                (in_proj): Linear(in_features=96, out_features=384, bias=False)
                (conv1d): Conv1d(192, 192, kernel_size=(4,), stride=(1,), padding=(3,), groups=192)
                (act): SiLU()
                (x_proj): Linear(in_features=192, out_features=38, bias=False)
                (dt_proj): Linear(in_features=6, out_features=192, bias=True)
                (out_proj): Linear(in_features=192, out_features=96, bias=False)
              )
              (norm2): LayerNorm((96,), eps=1e-05, elementwise_affine=True)
              (mlp): Sequential(
                (0): Linear(in_features=96, out_features=384, bias=True)
                (1): GELU(approximate='none')
                (2): Linear(in_features=384, out_features=96, bias=True)
              )
            )
            (1): ST_Mamba_Block(
              (norm1): LayerNorm((96,), eps=1e-05, elementwise_affine=True)
              (mamba): Mamba(
                (in_proj): Linear(in_features=96, out_features=384, bias=False)
                (conv1d): Conv1d(192, 192, kernel_size=(4,), stride=(1,), padding=(3,), groups=192)
                (act): SiLU()
                (x_proj): Linear(in_features=192, out_features=38, bias=False)
                (dt_proj): Linear(in_features=6, out_features=192, bias=True)
                (out_proj): Linear(in_features=192, out_features=96, bias=False)
              )
              (norm2): LayerNorm((96,), eps=1e-05, elementwise_affine=True)
              (mlp): Sequential(
                (0): Linear(in_features=96, out_features=384, bias=True)
                (1): GELU(approximate='none')
                (2): Linear(in_features=384, out_features=96, bias=True)
              )
            )
          )
        )
        (1): MambaStage(
          (blocks): Sequential(
            (0): ST_Mamba_Block(
              (norm1): LayerNorm((192,), eps=1e-05, elementwise_affine=True)
              (mamba): Mamba(
                (in_proj): Linear(in_features=192, out_features=768, bias=False)
                (conv1d): Conv1d(384, 384, kernel_size=(4,), stride=(1,), padding=(3,), groups=384)
                (act): SiLU()
                (x_proj): Linear(in_features=384, out_features=44, bias=False)
                (dt_proj): Linear(in_features=12, out_features=384, bias=True)
                (out_proj): Linear(in_features=384, out_features=192, bias=False)
              )
              (norm2): LayerNorm((192,), eps=1e-05, elementwise_affine=True)
              (mlp): Sequential(
                (0): Linear(in_features=192, out_features=768, bias=True)
                (1): GELU(approximate='none')
                (2): Linear(in_features=768, out_features=192, bias=True)
              )
            )
            (1): ST_Mamba_Block(
              (norm1): LayerNorm((192,), eps=1e-05, elementwise_affine=True)
              (mamba): Mamba(
                (in_proj): Linear(in_features=192, out_features=768, bias=False)
                (conv1d): Conv1d(384, 384, kernel_size=(4,), stride=(1,), padding=(3,), groups=384)
                (act): SiLU()
                (x_proj): Linear(in_features=384, out_features=44, bias=False)
                (dt_proj): Linear(in_features=12, out_features=384, bias=True)
                (out_proj): Linear(in_features=384, out_features=192, bias=False)
              )
              (norm2): LayerNorm((192,), eps=1e-05, elementwise_affine=True)
              (mlp): Sequential(
                (0): Linear(in_features=192, out_features=768, bias=True)
                (1): GELU(approximate='none')
                (2): Linear(in_features=768, out_features=192, bias=True)
              )
            )
          )
        )
        (2): MambaStage(
          (blocks): Sequential(
            (0): ST_Mamba_Block(
              (norm1): LayerNorm((384,), eps=1e-05, elementwise_affine=True)
              (mamba): Mamba(
                (in_proj): Linear(in_features=384, out_features=1536, bias=False)
                (conv1d): Conv1d(768, 768, kernel_size=(4,), stride=(1,), padding=(3,), groups=768)
                (act): SiLU()
                (x_proj): Linear(in_features=768, out_features=56, bias=False)
                (dt_proj): Linear(in_features=24, out_features=768, bias=True)
                (out_proj): Linear(in_features=768, out_features=384, bias=False)
              )
              (norm2): LayerNorm((384,), eps=1e-05, elementwise_affine=True)
              (mlp): Sequential(
                (0): Linear(in_features=384, out_features=1536, bias=True)
                (1): GELU(approximate='none')
                (2): Linear(in_features=1536, out_features=384, bias=True)
              )
            )
            (1): ST_Mamba_Block(
              (norm1): LayerNorm((384,), eps=1e-05, elementwise_affine=True)
              (mamba): Mamba(
                (in_proj): Linear(in_features=384, out_features=1536, bias=False)
                (conv1d): Conv1d(768, 768, kernel_size=(4,), stride=(1,), padding=(3,), groups=768)
                (act): SiLU()
                (x_proj): Linear(in_features=768, out_features=56, bias=False)
                (dt_proj): Linear(in_features=24, out_features=768, bias=True)
                (out_proj): Linear(in_features=768, out_features=384, bias=False)
              )
              (norm2): LayerNorm((384,), eps=1e-05, elementwise_affine=True)
              (mlp): Sequential(
                (0): Linear(in_features=384, out_features=1536, bias=True)
                (1): GELU(approximate='none')
                (2): Linear(in_features=1536, out_features=384, bias=True)
              )
            )
            (2): ST_Mamba_Block(
              (norm1): LayerNorm((384,), eps=1e-05, elementwise_affine=True)
              (mamba): Mamba(
                (in_proj): Linear(in_features=384, out_features=1536, bias=False)
                (conv1d): Conv1d(768, 768, kernel_size=(4,), stride=(1,), padding=(3,), groups=768)
                (act): SiLU()
                (x_proj): Linear(in_features=768, out_features=56, bias=False)
                (dt_proj): Linear(in_features=24, out_features=768, bias=True)
                (out_proj): Linear(in_features=768, out_features=384, bias=False)
              )
              (norm2): LayerNorm((384,), eps=1e-05, elementwise_affine=True)
              (mlp): Sequential(
                (0): Linear(in_features=384, out_features=1536, bias=True)
                (1): GELU(approximate='none')
                (2): Linear(in_features=1536, out_features=384, bias=True)
              )
            )
            (3): ST_Mamba_Block(
              (norm1): LayerNorm((384,), eps=1e-05, elementwise_affine=True)
              (mamba): Mamba(
                (in_proj): Linear(in_features=384, out_features=1536, bias=False)
                (conv1d): Conv1d(768, 768, kernel_size=(4,), stride=(1,), padding=(3,), groups=768)
                (act): SiLU()
                (x_proj): Linear(in_features=768, out_features=56, bias=False)
                (dt_proj): Linear(in_features=24, out_features=768, bias=True)
                (out_proj): Linear(in_features=768, out_features=384, bias=False)
              )
              (norm2): LayerNorm((384,), eps=1e-05, elementwise_affine=True)
              (mlp): Sequential(
                (0): Linear(in_features=384, out_features=1536, bias=True)
                (1): GELU(approximate='none')
                (2): Linear(in_features=1536, out_features=384, bias=True)
              )
            )
            (4): ST_Mamba_Block(
              (norm1): LayerNorm((384,), eps=1e-05, elementwise_affine=True)
              (mamba): Mamba(
                (in_proj): Linear(in_features=384, out_features=1536, bias=False)
                (conv1d): Conv1d(768, 768, kernel_size=(4,), stride=(1,), padding=(3,), groups=768)
                (act): SiLU()
                (x_proj): Linear(in_features=768, out_features=56, bias=False)
                (dt_proj): Linear(in_features=24, out_features=768, bias=True)
                (out_proj): Linear(in_features=768, out_features=384, bias=False)
              )
              (norm2): LayerNorm((384,), eps=1e-05, elementwise_affine=True)
              (mlp): Sequential(
                (0): Linear(in_features=384, out_features=1536, bias=True)
                (1): GELU(approximate='none')
                (2): Linear(in_features=1536, out_features=384, bias=True)
              )
            )
            (5): ST_Mamba_Block(
              (norm1): LayerNorm((384,), eps=1e-05, elementwise_affine=True)
              (mamba): Mamba(
                (in_proj): Linear(in_features=384, out_features=1536, bias=False)
                (conv1d): Conv1d(768, 768, kernel_size=(4,), stride=(1,), padding=(3,), groups=768)
                (act): SiLU()
                (x_proj): Linear(in_features=768, out_features=56, bias=False)
                (dt_proj): Linear(in_features=24, out_features=768, bias=True)
                (out_proj): Linear(in_features=768, out_features=384, bias=False)
              )
              (norm2): LayerNorm((384,), eps=1e-05, elementwise_affine=True)
              (mlp): Sequential(
                (0): Linear(in_features=384, out_features=1536, bias=True)
                (1): GELU(approximate='none')
                (2): Linear(in_features=1536, out_features=384, bias=True)
              )
            )
          )
        )
      )
      (downsamples): ModuleList(
        (0): Conv3d(96, 192, kernel_size=(1, 2, 2), stride=(1, 2, 2))
        (1): Conv3d(192, 384, kernel_size=(1, 2, 2), stride=(1, 2, 2))
      )
    )
    (conv_layers): ModuleList(
      (0): ModuleList(
        (0-3): 4 x Conv2d(96, 24, kernel_size=(1, 1), stride=(1, 1))
      )
      (1): ModuleList(
        (0-3): 4 x Conv2d(192, 48, kernel_size=(1, 1), stride=(1, 1))
      )
      (2): ModuleList(
        (0-3): 4 x Conv2d(384, 96, kernel_size=(1, 1), stride=(1, 1))
      )
    )
  )
  (resblocks): ModuleList(
    (0-1): 2 x ResidualBlock(
      (conv1): Conv2d(384, 384, kernel_size=(3, 3), stride=(1, 1), padding=(1, 1))
      (relu): ReLU()
      (conv2): Conv2d(384, 384, kernel_size=(3, 3), stride=(1, 1), padding=(1, 1))
    )
  )
  (decoders): ModuleList(
    (0): UpsampleConvLayer(
      (conv2d): Conv2d(384, 192, kernel_size=(5, 5), stride=(1, 1), padding=(2, 2))
    )
    (1): UpsampleConvLayer(
      (conv2d): Conv2d(192, 96, kernel_size=(5, 5), stride=(1, 1), padding=(2, 2))
    )
    (2): UpsampleConvLayer(
      (conv2d): Conv2d(96, 48, kernel_size=(5, 5), stride=(1, 1), padding=(2, 2))
    )
  )
  (pred): ConvLayer(
    (conv2d): Conv2d(48, 1, kernel_size=(1, 1), stride=(1, 1))
  )
)
Model Initialized on GPU: 0
Using scale_invariant_loss with config {'weight': 1.0, 'n_lambda': 1.0}
Loading checkpoint: /root/shared-nvme/spikemamba/runs/train/0314_mkl/checkpoints/checkpoint-epoch024-loss-0.0068.pth.tar ...
Checkpoint '/root/shared-nvme/spikemamba/runs/train/0314_mkl/checkpoints/checkpoint-epoch024-loss-0.0068.pth.tar' (epoch 25) loaded
Will not use phased architecture
Using Multi Scale Gradient loss with weight=0.25
Will not use MSE loss
Setting up Multi Scale Gradient loss...
Done
Setting up Multi Scale Gradient loss...
Done
Setting up Multi Scale Gradient loss...
Done
Setting up Multi Scale Gradient loss...
Done
Setting up Multi Scale Gradient loss...
Done
Setting up Multi Scale Gradient loss...
Done
Setting up Multi Scale Gradient loss...
Done
Setting up Multi Scale Gradient loss...
Done
[rank0]:[W315 00:02:48.533116954 reducer.cpp:1400] Warning: find_unused_parameters=True was specified in DDP constructor, but did not find any unused parameters in the forward pass. This flag results in an extra traversal of the autograd graph every iteration,  which can adversely affect performance. If your model indeed never has any unused parameters in the forward pass, consider turning this flag off. Note that this warning may be a false positive if your model has flow control causing later iterations to have unused parameters. (function operator())
Setting up Multi Scale Gradient loss...
Done
Setting up Multi Scale Gradient loss...
DoneSetting up Multi Scale Gradient loss...

Done
Setting up Multi Scale Gradient loss...
Done
Setting up Multi Scale Gradient loss...
Done
Setting up Multi Scale Gradient loss...
Done
Setting up Multi Scale Gradient loss...
Done
Setting up Multi Scale Gradient loss...
Done
all losses in batch in validation:  {'loss': [0.023425230756402016, 0.026020612567663193, 0.02643739990890026, 0.026768634095788002, 0.022622061893343925, 0.029114972800016403, 0.026826824992895126, 0.030734218657016754, 0.02197558805346489, 0.02440934255719185, 0.022562406957149506, 0.032003045082092285, 0.026876337826251984, 0.02640620991587639, 0.025344738736748695, 0.023258265107870102, 0.02415154129266739, 0.02268647402524948, 0.027606166899204254, 0.02300780639052391, 0.026967568323016167, 0.025413144379854202, 0.02483539655804634, 0.02158495783805847, 0.021531756967306137, 0.02458891272544861, 0.02381550520658493, 0.024099858477711678, 0.025188036262989044, 0.02455652877688408, 0.030358532443642616, 0.027643976733088493, 0.02893788553774357, 0.025899555534124374, 0.030940376222133636, 0.025131404399871826, 0.02583501487970352, 0.024517662823200226, 0.02342379465699196, 0.02347477898001671, 0.025697752833366394, 0.026137035340070724, 0.022746631875634193, 0.029837757349014282, 0.03127902001142502, 0.022972023114562035, 0.02319004014134407, 0.025996074080467224, 0.024088863283395767, 0.028855573385953903, 0.02624894492328167, 0.02755107916891575, 0.02228410169482231, 0.02663288824260235, 0.02980200946331024, 0.0288722962141037, 0.025723163038492203, 0.023924533277750015, 0.0287344790995121, 0.025227928534150124, 0.029245175421237946, 0.02389913983643055, 0.027683304622769356, 0.022827325388789177, 0.027671923860907555, 0.02578575164079666, 0.02879348397254944, 0.03231846168637276, 0.024134444072842598, 0.0265462938696146, 0.024228854104876518, 0.028357764706015587, 0.02161647565662861, 0.030990079045295715, 0.024400588124990463, 0.02388482168316841, 0.030596792697906494, 0.02207910269498825, 0.028848445042967796, 0.021778695285320282, 0.023327941074967384, 0.027142230421304703, 0.02607383206486702, 0.02912014350295067, 0.02307613007724285, 0.028981516137719154, 0.02368602342903614, 0.024515289813280106, 0.028113245964050293, 0.02885417267680168, 0.028226640075445175, 0.024644870311021805, 0.023715320974588394, 0.02256420999765396, 0.024576488882303238, 0.02376377582550049, 0.02260267734527588, 0.024011155590415, 0.022648334503173828, 0.026162192225456238, 0.026169629767537117, 0.0269785113632679, 0.027828514575958252, 0.023262016475200653, 0.025420667603611946, 0.02155892550945282, 0.02627139911055565, 0.02613035775721073, 0.024250149726867676, 0.028143780305981636, 0.025600677356123924, 0.021027307957410812, 0.027270078659057617, 0.023335596546530724, 0.023881135508418083, 0.020635103806853294, 0.025761045515537262, 0.026645582169294357, 0.026516184210777283, 0.024119079113006592, 0.024018345400691032, 0.02530708909034729, 0.024384841322898865, 0.02398187294602394, 0.028418831527233124, 0.026517586782574654, 0.02460351586341858, 0.023850489407777786, 0.024044997990131378, 0.023512745276093483, 0.025440605357289314, 0.027800068259239197, 0.027480006217956543, 0.026493869721889496, 0.02571089006960392, 0.027688082307577133, 0.01918001100420952, 0.03064889833331108, 0.030203096568584442, 0.024355968460440636, 0.027898117899894714, 0.02297339402139187, 0.02178710512816906, 0.023624178022146225, 0.029156386852264404, 0.02463298663496971, 0.025588668882846832, 0.033444203436374664, 0.023199785500764847, 0.022670378908514977, 0.02819179557263851, 0.030453238636255264, 0.026918789371848106, 0.025234036147594452, 0.02965397760272026, 0.022092990577220917, 0.02722516842186451, 0.0246810894459486, 0.024431874975562096, 0.027679070830345154, 0.02499747835099697, 0.023453008383512497, 0.023384936153888702, 0.0292220376431942, 0.03523840010166168, 0.023269228637218475, 0.026980672031641006, 0.023328565061092377, 0.02502504177391529, 0.022213490679860115, 0.0247865691781044, 0.026166614145040512, 0.026976723223924637, 0.022590678185224533, 0.024635668843984604, 0.025447113439440727, 0.028751201927661896, 0.023807896301150322, 0.025253672152757645, 0.03318637236952782, 0.027101442217826843, 0.023333413526415825, 0.02279631793498993, 0.03261341527104378, 0.028081391006708145, 0.032375819981098175, 0.027176182717084885, 0.02220647595822811, 0.027006395161151886, 0.022642407566308975, 0.023262428119778633, 0.02336093783378601, 0.02325783297419548, 0.022883493453264236, 0.020082825794816017, 0.021977165713906288, 0.02405686117708683, 0.024202432483434677, 0.030394699424505234, 0.02454272471368313, 0.02427520975470543, 0.028172791004180908, 0.028361281380057335, 0.026671258732676506, 0.025509070605039597, 0.02631913684308529, 0.02506214566528797, 0.031338468194007874, 0.03081018105149269, 0.022656280547380447, 0.029950935393571854, 0.024840816855430603, 0.02578158676624298, 0.026507791131734848, 0.02326088957488537, 0.021817568689584732, 0.02181779220700264, 0.024192899465560913, 0.03184056282043457, 0.02582472376525402, 0.028488874435424805, 0.023714933544397354, 0.02403571829199791, 0.02353559620678425, 0.02669588103890419, 0.026223480701446533, 0.021796267479658127, 0.027398845180869102, 0.03439494967460632, 0.027615267783403397, 0.02470843493938446, 0.022910602390766144, 0.023077137768268585, 0.024568144232034683, 0.021766221150755882, 0.023594485595822334, 0.02389216236770153, 0.028752844780683517, 0.02219114452600479, 0.026986822485923767, 0.025938699021935463, 0.02577976882457733, 0.022628363221883774, 0.02391693741083145, 0.026766972616314888, 0.023980960249900818, 0.028833352029323578, 0.028905676677823067, 0.023911243304610252, 0.025895942002534866], 'L_si': [0.0073110065422952175, 0.009863492101430893, 0.0080247912555933, 0.007920680567622185, 0.0061475783586502075, 0.010949469171464443, 0.010448678396642208, 0.011759628541767597, 0.006606956012547016, 0.007042030803859234, 0.007500004954636097, 0.01255953311920166, 0.008575600571930408, 0.008376224897801876, 0.008173506706953049, 0.006484235171228647, 0.006649408023804426, 0.0062242657877504826, 0.0094747981056571, 0.006776832975447178, 0.008417444303631783, 0.0077718710526824, 0.007432867772877216, 0.005490248091518879, 0.005878828000277281, 0.007185747381299734, 0.007356024347245693, 0.007445506751537323, 0.008706721477210522, 0.007292914669960737, 0.011541908606886864, 0.009433111175894737, 0.011587927117943764, 0.008338412269949913, 0.012124183587729931, 0.008829153142869473, 0.008049908094108105, 0.007695844396948814, 0.00684115756303072, 0.007169987540692091, 0.008259749971330166, 0.008402084931731224, 0.006476443260908127, 0.011558218859136105, 0.01221406552940607, 0.006757887080311775, 0.006949026603251696, 0.009117691777646542, 0.007310412358492613, 0.009328928776085377, 0.009556712582707405, 0.009715283289551735, 0.00699380598962307, 0.009564179927110672, 0.011887459084391594, 0.010773406364023685, 0.009020678699016571, 0.007401919923722744, 0.009073239751160145, 0.007703551556915045, 0.010990620590746403, 0.007734553888440132, 0.008530968800187111, 0.006965696346014738, 0.008147086948156357, 0.008771589957177639, 0.011003916151821613, 0.014387495815753937, 0.007427556905895472, 0.008138235658407211, 0.006785789038985968, 0.010917086154222488, 0.005335761234164238, 0.01039137877523899, 0.007089003920555115, 0.007575427182018757, 0.009664935059845448, 0.00591410044580698, 0.009191898629069328, 0.005785848014056683, 0.007073317188769579, 0.009362694807350636, 0.009962516836822033, 0.00967803318053484, 0.006603622809052467, 0.010959707200527191, 0.007511714939028025, 0.007708880119025707, 0.008847197517752647, 0.011297132819890976, 0.010586864314973354, 0.007031023036688566, 0.007256300188601017, 0.005893943831324577, 0.008335224352777004, 0.006731726229190826, 0.006011280231177807, 0.006639319006353617, 0.006875114049762487, 0.009626463055610657, 0.009790487587451935, 0.008123934268951416, 0.01001773402094841, 0.006421798840165138, 0.007334547117352486, 0.006034123245626688, 0.009317667223513126, 0.0083413515239954, 0.00763125391677022, 0.009406005963683128, 0.0075610484927892685, 0.005409343168139458, 0.008539465256035328, 0.00711820786818862, 0.0066731334663927555, 0.005235397722572088, 0.007423833012580872, 0.009760269895195961, 0.008537117391824722, 0.007509674411267042, 0.006633020471781492, 0.00802626647055149, 0.007621520198881626, 0.007219176273792982, 0.009932558052241802, 0.00856390967965126, 0.006678957957774401, 0.007230524439364672, 0.007087006699293852, 0.008413812145590782, 0.008457960560917854, 0.010400970466434956, 0.010519711300730705, 0.00876246951520443, 0.0078008719719946384, 0.009611337445676327, 0.004726944025605917, 0.009720925241708755, 0.011723320931196213, 0.007656417787075043, 0.010396880097687244, 0.006537413224577904, 0.0056189498864114285, 0.007520101498812437, 0.009970363229513168, 0.007267632521688938, 0.007743670605123043, 0.014381468296051025, 0.0067175766453146935, 0.006825266871601343, 0.009658269584178925, 0.010202244855463505, 0.010135350748896599, 0.007736618630588055, 0.011652465909719467, 0.006122342310845852, 0.008457552641630173, 0.006991874426603317, 0.008955801837146282, 0.010564613156020641, 0.007018305826932192, 0.00628188531845808, 0.0065393224358558655, 0.011052689515054226, 0.015729213133454323, 0.007107240613549948, 0.009707651101052761, 0.007411656901240349, 0.007708291057497263, 0.00607428140938282, 0.008153661154210567, 0.009194542653858662, 0.009340308606624603, 0.007236498408019543, 0.0072407471016049385, 0.00735933193936944, 0.010938108898699284, 0.006765384692698717, 0.008831623010337353, 0.013425945304334164, 0.009073278866708279, 0.008113164454698563, 0.007035714574158192, 0.011931516230106354, 0.009762571193277836, 0.011645621620118618, 0.00947840977460146, 0.0062841796316206455, 0.008728303015232086, 0.0066848620772361755, 0.006605966482311487, 0.007367076352238655, 0.006231256760656834, 0.006478124298155308, 0.0050370474345982075, 0.00600179098546505, 0.007235750090330839, 0.007542368955910206, 0.009379484690725803, 0.008203454315662384, 0.007426244206726551, 0.009150832891464233, 0.01052846573293209, 0.010106319561600685, 0.008836552500724792, 0.01027907058596611, 0.007801493629813194, 0.011599077843129635, 0.01121590193361044, 0.006137556862086058, 0.009936850517988205, 0.008208831772208214, 0.0075836582109332085, 0.009846405126154423, 0.006450603250414133, 0.006451303604990244, 0.006434168200939894, 0.007177225314080715, 0.01233619637787342, 0.008488409221172333, 0.010488828644156456, 0.007123428396880627, 0.007382920943200588, 0.006517758127301931, 0.009989029727876186, 0.008223647251725197, 0.006089695263653994, 0.009968699887394905, 0.014583785086870193, 0.00981657113879919, 0.007693408988416195, 0.0071622272953391075, 0.006199249066412449, 0.006972873583436012, 0.006515894550830126, 0.007113619241863489, 0.007220035418868065, 0.01072786096483469, 0.005718762055039406, 0.008948583155870438, 0.00812547467648983, 0.006759208161383867, 0.00622603390365839, 0.007979769259691238, 0.009265569970011711, 0.006896903272718191, 0.011184162460267544, 0.010718101635575294, 0.007752752397209406, 0.011601369827985764], 'L_grad': [0.01611422374844551, 0.0161571204662323, 0.01841260865330696, 0.018847953528165817, 0.016474483534693718, 0.018165502697229385, 0.016378145664930344, 0.01897459104657173, 0.015368632972240448, 0.01736731082201004, 0.015062401071190834, 0.019443510100245476, 0.018300736322999, 0.018029985949397087, 0.017171232029795647, 0.016774030402302742, 0.017502132803201675, 0.016462208703160286, 0.018131369724869728, 0.016230972483754158, 0.018550124019384384, 0.017641272395849228, 0.0174025297164917, 0.016094708815217018, 0.01565292850136757, 0.017403164878487587, 0.016459481790661812, 0.016654351726174355, 0.016481313854455948, 0.017263613641262054, 0.018816623836755753, 0.018210865557193756, 0.017349958419799805, 0.01756114326417446, 0.01881619170308113, 0.01630225032567978, 0.017785105854272842, 0.01682181842625141, 0.016582638025283813, 0.01630479097366333, 0.017438001930713654, 0.0177349504083395, 0.016270188614726067, 0.018279537558555603, 0.019064955413341522, 0.01621413603425026, 0.016241014003753662, 0.016878383234143257, 0.016778450459241867, 0.0195266455411911, 0.016692232340574265, 0.017835795879364014, 0.015290296636521816, 0.017068708315491676, 0.017914550378918648, 0.01809888891875744, 0.01670248433947563, 0.016522614285349846, 0.01966124027967453, 0.01752437651157379, 0.018254553899168968, 0.016164585947990417, 0.019152335822582245, 0.01586162857711315, 0.019524836912751198, 0.017014162614941597, 0.0177895687520504, 0.01793096587061882, 0.016706887632608414, 0.01840805821120739, 0.017443064600229263, 0.0174406785517931, 0.01628071442246437, 0.020598700270056725, 0.01731158420443535, 0.01630939543247223, 0.02093185856938362, 0.016165003180503845, 0.019656546413898468, 0.015992848202586174, 0.016254624351859093, 0.017779534682631493, 0.016111314296722412, 0.019442111253738403, 0.016472507268190384, 0.018021808937191963, 0.016174308955669403, 0.016806410625576973, 0.019266048446297646, 0.017557039856910706, 0.017639774829149246, 0.01761384680867195, 0.016459021717309952, 0.016670266166329384, 0.01624126359820366, 0.017032049596309662, 0.016591398045420647, 0.01737183704972267, 0.015773219987750053, 0.01653572916984558, 0.016379142180085182, 0.018854577094316483, 0.017810780555009842, 0.016840217635035515, 0.01808612048625946, 0.015524801798164845, 0.016953732818365097, 0.017789006233215332, 0.016618896275758743, 0.018737774342298508, 0.018039628863334656, 0.015617964789271355, 0.018730612471699715, 0.016217388212680817, 0.017208002507686615, 0.015399706549942493, 0.01833721250295639, 0.016885312274098396, 0.01797906681895256, 0.016609404236078262, 0.017385324463248253, 0.0172808226197958, 0.016763322055339813, 0.01676269620656967, 0.018486272543668747, 0.017953677102923393, 0.017924558371305466, 0.016619965434074402, 0.01695799082517624, 0.0150989331305027, 0.01698264479637146, 0.017399098724126816, 0.016960294917225838, 0.017731400206685066, 0.01791001856327057, 0.01807674579322338, 0.014453066512942314, 0.020927973091602325, 0.01847977563738823, 0.016699550673365593, 0.017501236870884895, 0.016435980796813965, 0.016168154776096344, 0.0161040760576725, 0.019186023622751236, 0.017365355044603348, 0.017844997346401215, 0.01906273514032364, 0.016482209786772728, 0.01584511250257492, 0.018533525988459587, 0.020250994712114334, 0.016783438622951508, 0.017497416585683823, 0.018001511693000793, 0.01597064733505249, 0.018767615780234337, 0.017689215019345284, 0.015476073138415813, 0.017114458605647087, 0.017979172989726067, 0.017171122133731842, 0.016845613718032837, 0.018169347196817398, 0.01950918883085251, 0.01616198755800724, 0.01727302186191082, 0.015916908159852028, 0.017316751182079315, 0.016139209270477295, 0.01663290709257126, 0.016972070559859276, 0.017636414617300034, 0.015354180708527565, 0.01739492267370224, 0.018087781965732574, 0.017813093960285187, 0.017042512074112892, 0.016422048211097717, 0.019760427996516228, 0.01802816241979599, 0.015220249071717262, 0.015760604292154312, 0.020681899040937424, 0.018318818882107735, 0.020730197429656982, 0.017697773873806, 0.015922296792268753, 0.0182780921459198, 0.0159575454890728, 0.016656462103128433, 0.015993861481547356, 0.017026575282216072, 0.016405370086431503, 0.015045778825879097, 0.01597537472844124, 0.016821110621094704, 0.016660064458847046, 0.021015215665102005, 0.016339270398020744, 0.016848964616656303, 0.019021958112716675, 0.017832815647125244, 0.01656493917107582, 0.016672518104314804, 0.01604006625711918, 0.017260652035474777, 0.019739389419555664, 0.019594280049204826, 0.016518723219633102, 0.02001408487558365, 0.01663198508322239, 0.018197929486632347, 0.01666138507425785, 0.016810286790132523, 0.0153662646189332, 0.015383623540401459, 0.017015673220157623, 0.019504364579916, 0.017336314544081688, 0.01800004579126835, 0.016591504216194153, 0.016652796417474747, 0.01701783761382103, 0.01670685037970543, 0.017999833449721336, 0.01570657268166542, 0.017430145293474197, 0.01981116645038128, 0.01779869571328163, 0.01701502688229084, 0.01574837416410446, 0.01687788963317871, 0.01759527064859867, 0.01525032613426447, 0.016480866819620132, 0.016672126948833466, 0.018024982884526253, 0.016472382470965385, 0.01803823933005333, 0.017813224345445633, 0.01902056112885475, 0.01640233024954796, 0.015937168151140213, 0.017501402646303177, 0.01708405651152134, 0.01764918863773346, 0.018187575042247772, 0.016158491373062134, 0.014294571243226528]}
Setting up Multi Scale Gradient loss...
Done
Setting up Multi Scale Gradient loss...
Done
Setting up Multi Scale Gradient loss...
Done
Setting up Multi Scale Gradient loss...
Done
Setting up Multi Scale Gradient loss...
Done
Setting up Multi Scale Gradient loss...
Done
Setting up Multi Scale Gradient loss...
Done
Setting up Multi Scale Gradient loss...
Done
Setting up Multi Scale Gradient loss...
Done
Setting up Multi Scale Gradient loss...
Done
Setting up Multi Scale Gradient loss...
Done
Setting up Multi Scale Gradient loss...
Done
Setting up Multi Scale Gradient loss...
Done
Setting up Multi Scale Gradient loss...
Done
Setting up Multi Scale Gradient loss...
Done
Setting up Multi Scale Gradient loss...
Done
all losses in batch in validation:  {'loss': [0.023915763944387436, 0.026263253763318062, 0.025463884696364403, 0.028130831196904182, 0.022869672626256943, 0.030614256858825684, 0.026735471561551094, 0.030544470995664597, 0.023983053863048553, 0.02472047135233879, 0.023692335933446884, 0.031791433691978455, 0.026570133864879608, 0.029584120959043503, 0.02533038891851902, 0.02329113520681858, 0.025360045954585075, 0.02289479784667492, 0.029042061418294907, 0.024387743324041367, 0.026536324992775917, 0.026281628757715225, 0.02384445071220398, 0.022106170654296875, 0.022342069074511528, 0.024728164076805115, 0.024479582905769348, 0.024052996188402176, 0.02675556018948555, 0.02347404882311821, 0.031902577728033066, 0.027734149247407913, 0.02871178463101387, 0.026154180988669395, 0.029305752366781235, 0.02540270984172821, 0.025428101420402527, 0.024501457810401917, 0.02287551388144493, 0.024663491174578667, 0.026667434722185135, 0.02635917253792286, 0.022491885349154472, 0.030630867928266525, 0.03239195793867111, 0.023786049336194992, 0.02305491268634796, 0.026951901614665985, 0.02570679597556591, 0.02772507444024086, 0.026795443147420883, 0.029086600989103317, 0.02260560356080532, 0.027510203421115875, 0.029154745861887932, 0.02928873896598816, 0.026253819465637207, 0.02145390212535858, 0.029214562848210335, 0.024577133357524872, 0.029832873493433, 0.024053482338786125, 0.028062112629413605, 0.023254411295056343, 0.026441512629389763, 0.026865001767873764, 0.029076922684907913, 0.03216449171304703, 0.0254543237388134, 0.028912954032421112, 0.025696393102407455, 0.029206901788711548, 0.022537238895893097, 0.030412990599870682, 0.023999296128749847, 0.024068355560302734, 0.031783923506736755, 0.022053448483347893, 0.029155604541301727, 0.02259625308215618, 0.025119774043560028, 0.026924189180135727, 0.026220014318823814, 0.029332248494029045, 0.025069348514080048, 0.029554858803749084, 0.02378952130675316, 0.02381615713238716, 0.026242230087518692, 0.02838290110230446, 0.028326183557510376, 0.02560340240597725, 0.024111885577440262, 0.023349517956376076, 0.024785343557596207, 0.022986507043242455, 0.023805486038327217, 0.024491574615240097, 0.023151274770498276, 0.025986049324274063, 0.0263445433229208, 0.026730304583907127, 0.0286635160446167, 0.024373535066843033, 0.02531789056956768, 0.02307983487844467, 0.027560848742723465, 0.02533836103975773, 0.024888811632990837, 0.028727177530527115, 0.025196634232997894, 0.02210317738354206, 0.02877030149102211, 0.022120285779237747, 0.023787982761859894, 0.020846527069807053, 0.0262481477111578, 0.026846308261156082, 0.028807507827878, 0.023735277354717255, 0.02528119832277298, 0.025939494371414185, 0.025573143735527992, 0.0252598337829113, 0.02733578532934189, 0.02615717425942421, 0.025774631649255753, 0.024687089025974274, 0.024422481656074524, 0.024185579270124435, 0.025723490864038467, 0.027040086686611176, 0.02771465666592121, 0.02673565223813057, 0.027399886399507523, 0.029531102627515793, 0.019626082852482796, 0.03077884390950203, 0.0321410596370697, 0.02513105794787407, 0.028828974813222885, 0.022724470123648643, 0.02240397408604622, 0.02395959198474884, 0.027100414037704468, 0.025347793474793434, 0.023344144225120544, 0.0313870944082737, 0.022982513532042503, 0.023597002029418945, 0.02803097292780876, 0.027538063004612923, 0.026510996744036674, 0.025822602212429047, 0.026430917903780937, 0.022099141031503677, 0.026372481137514114, 0.02601214312016964, 0.02369868755340576, 0.02759251929819584, 0.025294028222560883, 0.023956121876835823, 0.024249155074357986, 0.029140882194042206, 0.03414451330900192, 0.024057995527982712, 0.02838161401450634, 0.0249241404235363, 0.025711284950375557, 0.022977404296398163, 0.025491099804639816, 0.02694442681968212, 0.028445515781641006, 0.023379217833280563, 0.026400288566946983, 0.026901457458734512, 0.02930239774286747, 0.024976344779133797, 0.02637861669063568, 0.0320524126291275, 0.027901973575353622, 0.023941317573189735, 0.02380691096186638, 0.03318304196000099, 0.02783386968076229, 0.03194184601306915, 0.027424566447734833, 0.024019276723265648, 0.026062462478876114, 0.023543545976281166, 0.02290666475892067, 0.022693965584039688, 0.02437606453895569, 0.024461913853883743, 0.020621128380298615, 0.022354746237397194, 0.023956695571541786, 0.025749314576387405, 0.029063548892736435, 0.025024142116308212, 0.025379331782460213, 0.028245095163583755, 0.027115363627672195, 0.02722644805908203, 0.026070192456245422, 0.02710970863699913, 0.025122839957475662, 0.0320325642824173, 0.030389636754989624, 0.023000501096248627, 0.029934238642454147, 0.025792088359594345, 0.02715662121772766, 0.026334943249821663, 0.02419876866042614, 0.022316137328743935, 0.022600743919610977, 0.02494431473314762, 0.032726921141147614, 0.026479827240109444, 0.02870350331068039, 0.02399565279483795, 0.024670056998729706, 0.023424575105309486, 0.027497418224811554, 0.026190854609012604, 0.022878054529428482, 0.028530383482575417, 0.034403108060359955, 0.028689883649349213, 0.02454548515379429, 0.02368418127298355, 0.02461608126759529, 0.02481788396835327, 0.023038869723677635, 0.025170519948005676, 0.025226272642612457, 0.029151976108551025, 0.02293543517589569, 0.028701763600111008, 0.02715056762099266, 0.02674904279410839, 0.0234379880130291, 0.024584908038377762, 0.027796512469649315, 0.024683162569999695, 0.02939954213798046, 0.029759716242551804, 0.02459464780986309, 0.025674806907773018], 'L_si': [0.007240322418510914, 0.009673792868852615, 0.007291120011359453, 0.008249007165431976, 0.00611522700637579, 0.011296934448182583, 0.010142022743821144, 0.011447085998952389, 0.007232786156237125, 0.006938924081623554, 0.007745557464659214, 0.011889547109603882, 0.008241365663707256, 0.00974032562226057, 0.007801761385053396, 0.006343228276818991, 0.006900159642100334, 0.006093177478760481, 0.009885626845061779, 0.0071454355493187904, 0.00768871046602726, 0.007988514378666878, 0.006755582056939602, 0.005581353325396776, 0.006109597161412239, 0.006989846937358379, 0.007561657577753067, 0.00734358374029398, 0.009122572839260101, 0.006465776823461056, 0.011806395836174488, 0.009238197468221188, 0.010657336562871933, 0.00814361684024334, 0.010632891207933426, 0.008933722041547298, 0.0073778508231043816, 0.007282961625605822, 0.0064741396345198154, 0.007519736886024475, 0.008367180824279785, 0.008183753117918968, 0.006209355313330889, 0.011797216720879078, 0.012383244931697845, 0.006911716423928738, 0.006638069171458483, 0.00929196272045374, 0.007897866889834404, 0.008692886680364609, 0.009560087695717812, 0.010172980837523937, 0.00685115298256278, 0.009856496937572956, 0.011136455461382866, 0.01072248350828886, 0.008987951092422009, 0.005858029238879681, 0.009176960214972496, 0.00709983054548502, 0.011061353608965874, 0.007497746497392654, 0.008527728728950024, 0.006957805249840021, 0.0074303955771028996, 0.009035234339535236, 0.010848023928701878, 0.01399996131658554, 0.007779998239129782, 0.009281343780457973, 0.00727053452283144, 0.010996988974511623, 0.005636407993733883, 0.009505986236035824, 0.006666718050837517, 0.007400535978376865, 0.009968368336558342, 0.005742767825722694, 0.0090651148930192, 0.0058833337388932705, 0.0076115368865430355, 0.00889553502202034, 0.009873712435364723, 0.009471219033002853, 0.00725678401067853, 0.010999723337590694, 0.007328476756811142, 0.007275102194398642, 0.007403190713375807, 0.010727905668318272, 0.010247119702398777, 0.007252730429172516, 0.007088426500558853, 0.006097984965890646, 0.008312228135764599, 0.006201574113219976, 0.006314111407846212, 0.006633203011006117, 0.006784495431929827, 0.009099635295569897, 0.009468236938118935, 0.007671880070120096, 0.010065406560897827, 0.006636639125645161, 0.007015834096819162, 0.006504402495920658, 0.009612358175218105, 0.00748484069481492, 0.007652277126908302, 0.009496837854385376, 0.0073439073748886585, 0.00568713853135705, 0.009141243994235992, 0.006234644912183285, 0.006393094081431627, 0.005272699985653162, 0.007346989121288061, 0.009711031801998615, 0.009475784376263618, 0.006984999869018793, 0.006844854447990656, 0.00796429067850113, 0.0077715665102005005, 0.007578165270388126, 0.009017623960971832, 0.0077268211171031, 0.007033152040094137, 0.0072508943267166615, 0.0069676414132118225, 0.008345971815288067, 0.008426553569734097, 0.009838861413300037, 0.010343203321099281, 0.00875511858612299, 0.008777441456913948, 0.009839589707553387, 0.004894248675554991, 0.009606066159904003, 0.012395753525197506, 0.007932945154607296, 0.010599222034215927, 0.0062163532711565495, 0.005773301236331463, 0.007597229443490505, 0.008402413688600063, 0.00728093646466732, 0.006515438202768564, 0.012837029062211514, 0.006439296994358301, 0.007049345877021551, 0.009094269014894962, 0.008135328069329262, 0.009723600000143051, 0.007755501661449671, 0.009293844923377037, 0.0058913580141961575, 0.007582646328955889, 0.00732880225405097, 0.008298197761178017, 0.01031435839831829, 0.007081312593072653, 0.0060707866214215755, 0.006856692489236593, 0.010857773013412952, 0.014388686046004295, 0.007079717703163624, 0.010034022852778435, 0.007887360639870167, 0.0076957992278039455, 0.0062324185855686665, 0.008185818791389465, 0.009152529761195183, 0.009677259251475334, 0.00752759724855423, 0.007716936990618706, 0.007801234256476164, 0.01078045554459095, 0.006952984724193811, 0.009172429330646992, 0.012493295595049858, 0.009378790855407715, 0.008168129250407219, 0.007448314223438501, 0.011804669164121151, 0.009395675733685493, 0.011056384071707726, 0.009317408315837383, 0.006958682090044022, 0.008140516467392445, 0.007010547444224358, 0.006141737103462219, 0.006686008535325527, 0.0064079128205776215, 0.007080358453094959, 0.005046950187534094, 0.005900066811591387, 0.006907838862389326, 0.008024841547012329, 0.00861093495041132, 0.008180102333426476, 0.007753139827400446, 0.008924431167542934, 0.009410555474460125, 0.010260882787406445, 0.008928947150707245, 0.010251528583467007, 0.007688503246754408, 0.011491185054183006, 0.010738481767475605, 0.006135419011116028, 0.009656506590545177, 0.008440830744802952, 0.007950528524816036, 0.009314088150858879, 0.0067630368284881115, 0.006688158493489027, 0.006705612409859896, 0.007274741306900978, 0.01230768021196127, 0.00834331288933754, 0.010355976410210133, 0.007034200709313154, 0.00738681573420763, 0.0063384040258824825, 0.010154226794838905, 0.007955998182296753, 0.006375000812113285, 0.010186206549406052, 0.014569129794836044, 0.010040871798992157, 0.0073492941446602345, 0.00728757306933403, 0.0067133354023098946, 0.006853412836790085, 0.006876304745674133, 0.007621836848556995, 0.007555477321147919, 0.010569114238023758, 0.005859795492142439, 0.009351816028356552, 0.008438215591013432, 0.006995083764195442, 0.006295078434050083, 0.008097325451672077, 0.009458659216761589, 0.007014452014118433, 0.011404722929000854, 0.010890956036746502, 0.007826082408428192, 0.011217214167118073], 'L_grad': [0.016675440594553947, 0.016589460894465446, 0.018172765150666237, 0.019881824031472206, 0.01675444468855858, 0.019317321479320526, 0.01659344881772995, 0.019097385928034782, 0.016750268638134003, 0.01778154820203781, 0.015946779400110245, 0.019901888445019722, 0.018328767269849777, 0.019843796268105507, 0.017528627067804337, 0.016947906464338303, 0.01845988631248474, 0.01680161990225315, 0.019156433641910553, 0.0172423068434, 0.018847614526748657, 0.018293114379048347, 0.017088867723941803, 0.016524817794561386, 0.01623247191309929, 0.01773831620812416, 0.01691792532801628, 0.01670941151678562, 0.01763298735022545, 0.01700827106833458, 0.020096182823181152, 0.0184959527105093, 0.018054448068141937, 0.018010564148426056, 0.01867286115884781, 0.016468986868858337, 0.01805024966597557, 0.017218496650457382, 0.016401374712586403, 0.01714375428855419, 0.01830025389790535, 0.01817541942000389, 0.01628253050148487, 0.018833652138710022, 0.020008711144328117, 0.01687433198094368, 0.016416843980550766, 0.01765993982553482, 0.017808929085731506, 0.01903218775987625, 0.01723535545170307, 0.018913621082901955, 0.015754450112581253, 0.017653705552220345, 0.018018290400505066, 0.018566254526376724, 0.017265867441892624, 0.015595873817801476, 0.02003760263323784, 0.017477301880717278, 0.018771519884467125, 0.01655573584139347, 0.019534382969141006, 0.01629660651087761, 0.01901111751794815, 0.017829766497015953, 0.01822889968752861, 0.018164530396461487, 0.01767432503402233, 0.019631609320640564, 0.01842585764825344, 0.0182099137455225, 0.01690082997083664, 0.020907003432512283, 0.01733257807791233, 0.016667820513248444, 0.021815557032823563, 0.0163106806576252, 0.020090490579605103, 0.016712918877601624, 0.017508236691355705, 0.018028654158115387, 0.01634630188345909, 0.01986102946102619, 0.017812564969062805, 0.018555136397480965, 0.016461044549942017, 0.016541054472327232, 0.018839038908481598, 0.017654994502663612, 0.018079062923789024, 0.018350671976804733, 0.01702345907688141, 0.017251532524824142, 0.016473114490509033, 0.01678493246436119, 0.017491374164819717, 0.017858371138572693, 0.016366779804229736, 0.016886413097381592, 0.016876306384801865, 0.01905842497944832, 0.018598109483718872, 0.017736896872520447, 0.018302056938409805, 0.016575433313846588, 0.017948491498827934, 0.017853520810604095, 0.017236534506082535, 0.01923033967614174, 0.017852727323770523, 0.016416039317846298, 0.019629057496786118, 0.015885639935731888, 0.017394889146089554, 0.015573827549815178, 0.01890115812420845, 0.01713527739048004, 0.01933172345161438, 0.01675027795135975, 0.01843634434044361, 0.017975203692913055, 0.017801577225327492, 0.01768166944384575, 0.018318161368370056, 0.018430352210998535, 0.018741479143500328, 0.0174361951649189, 0.0174548402428627, 0.015839606523513794, 0.017296936362981796, 0.017201226204633713, 0.01737145334482193, 0.017980534583330154, 0.018622444942593575, 0.01969151385128498, 0.014731833711266518, 0.02117277681827545, 0.01974530704319477, 0.017198113724589348, 0.018229752779006958, 0.01650811731815338, 0.01663067378103733, 0.01636236347258091, 0.01869799941778183, 0.018066857010126114, 0.016828706488013268, 0.01855006441473961, 0.01654321700334549, 0.016547655686736107, 0.018936702981591225, 0.01940273493528366, 0.016787396743893623, 0.018067101016640663, 0.0171370729804039, 0.016207782551646233, 0.018789835274219513, 0.018683340400457382, 0.015400489792227745, 0.017278160899877548, 0.018212715163826942, 0.01788533478975296, 0.017392462119460106, 0.018283110111951828, 0.019755827262997627, 0.016978278756141663, 0.018347591161727905, 0.01703677885234356, 0.018015485256910324, 0.016744986176490784, 0.01730528101325035, 0.01779189705848694, 0.018768256530165672, 0.015851620584726334, 0.018683351576328278, 0.01910022273659706, 0.01852194219827652, 0.018023360520601273, 0.017206188291311264, 0.019559117034077644, 0.018523182719945908, 0.015773188322782516, 0.016358597204089165, 0.021378373727202415, 0.018438193947076797, 0.020885463804006577, 0.018107157200574875, 0.017060594633221626, 0.017921946942806244, 0.01653299853205681, 0.01676492765545845, 0.016007957980036736, 0.017968151718378067, 0.01738155633211136, 0.015574177727103233, 0.016454679891467094, 0.017048856243491173, 0.017724473029375076, 0.02045261487364769, 0.016844039782881737, 0.017626192420721054, 0.019320664927363396, 0.017704807221889496, 0.016965564340353012, 0.017141245305538177, 0.01685817912220955, 0.017434336245059967, 0.02054137922823429, 0.019651154056191444, 0.0168650820851326, 0.020277731120586395, 0.017351258546113968, 0.0192060936242342, 0.017020855098962784, 0.01743573136627674, 0.01562797836959362, 0.01589513197541237, 0.017669573426246643, 0.02041924186050892, 0.018136514350771904, 0.01834752783179283, 0.01696145161986351, 0.01728324219584465, 0.017086170613765717, 0.01734319142997265, 0.01823485642671585, 0.01650305464863777, 0.018344176933169365, 0.01983397826552391, 0.018649011850357056, 0.01719619147479534, 0.01639660820364952, 0.017902744933962822, 0.017964471131563187, 0.016162564978003502, 0.017548684030771255, 0.01767079532146454, 0.018582861870527267, 0.017075639218091965, 0.019349947571754456, 0.018712352961301804, 0.01975395902991295, 0.01714291051030159, 0.01648758165538311, 0.018337853252887726, 0.01766871102154255, 0.017994819208979607, 0.018868761137127876, 0.0167685654014349, 0.014457592740654945]}
Setting up Multi Scale Gradient loss...
Done
Setting up Multi Scale Gradient loss...
Done
Setting up Multi Scale Gradient loss...
Done
Setting up Multi Scale Gradient loss...
Done
Setting up Multi Scale Gradient loss...
Done
Setting up Multi Scale Gradient loss...
Done
Setting up Multi Scale Gradient loss...
Done
Setting up Multi Scale Gradient loss...
Done
Setting up Multi Scale Gradient loss...
Done
Setting up Multi Scale Gradient loss...
Done
Setting up Multi Scale Gradient loss...
Done
Setting up Multi Scale Gradient loss...
Done
Setting up Multi Scale Gradient loss...
Done
Setting up Multi Scale Gradient loss...
Done
Setting up Multi Scale Gradient loss...
Done
Setting up Multi Scale Gradient loss...
Done
all losses in batch in validation:  {'loss': [0.022294174879789352, 0.025216741487383842, 0.02346545271575451, 0.026979979127645493, 0.021594837307929993, 0.02971234917640686, 0.026003194972872734, 0.029371902346611023, 0.02193957380950451, 0.02323829010128975, 0.021567028015851974, 0.031086847186088562, 0.02526882104575634, 0.026389651000499725, 0.02333449386060238, 0.0219314806163311, 0.02329644374549389, 0.02238806150853634, 0.027208708226680756, 0.022730451077222824, 0.026976939290761948, 0.025173015892505646, 0.023003388196229935, 0.021743688732385635, 0.020611446350812912, 0.023014767095446587, 0.02419094741344452, 0.022824741899967194, 0.02389790490269661, 0.022785548120737076, 0.028396574780344963, 0.02594638429582119, 0.026346437633037567, 0.02597421407699585, 0.028992697596549988, 0.024601340293884277, 0.0236588716506958, 0.022952867671847343, 0.02171574905514717, 0.02269548736512661, 0.023336254060268402, 0.024793554097414017, 0.02163482829928398, 0.029178649187088013, 0.02965407632291317, 0.023459989577531815, 0.021360984072089195, 0.025262871757149696, 0.023670800030231476, 0.02699722722172737, 0.024339105933904648, 0.026976201683282852, 0.021417396143078804, 0.02435525879263878, 0.026064466685056686, 0.0290012676268816, 0.025066398084163666, 0.0212723296135664, 0.02808281034231186, 0.022579016163945198, 0.026860158890485764, 0.02222968265414238, 0.02777141146361828, 0.022282477468252182, 0.024946756660938263, 0.025654248893260956, 0.02841721475124359, 0.0320420116186142, 0.023406920954585075, 0.025859123095870018, 0.023442644625902176, 0.028179729357361794, 0.021558884531259537, 0.030544036999344826, 0.023470548912882805, 0.023094380274415016, 0.03168971464037895, 0.02049901708960533, 0.026465311646461487, 0.021604755893349648, 0.02333534136414528, 0.025943683460354805, 0.025049202144145966, 0.02483314462006092, 0.023389583453536034, 0.028653539717197418, 0.023351939395070076, 0.023293407633900642, 0.02574191614985466, 0.027122214436531067, 0.027198970317840576, 0.024333514273166656, 0.023402508348226547, 0.02203541249036789, 0.0247307438403368, 0.021919194608926773, 0.02294072136282921, 0.02347690612077713, 0.022132519632577896, 0.022854749113321304, 0.025637522339820862, 0.026081491261720657, 0.027153678238391876, 0.022378481924533844, 0.0242052860558033, 0.02224602736532688, 0.02752334251999855, 0.024379100650548935, 0.02299601584672928, 0.02636430785059929, 0.024778982624411583, 0.0198504738509655, 0.027836844325065613, 0.022210903465747833, 0.02291007526218891, 0.02098849043250084, 0.02517106384038925, 0.026620423421263695, 0.027684196829795837, 0.02241268754005432, 0.022938504815101624, 0.024051131680607796, 0.02437409944832325, 0.023873277008533478, 0.02645091712474823, 0.02530858851969242, 0.023491740226745605, 0.022779999300837517, 0.023077532649040222, 0.021988222375512123, 0.023597611114382744, 0.026838883757591248, 0.028254665434360504, 0.0255594439804554, 0.02595970779657364, 0.025924310088157654, 0.018472302705049515, 0.029638998210430145, 0.02793096750974655, 0.023124855011701584, 0.02762664295732975, 0.02115067094564438, 0.02195573039352894, 0.02358475886285305, 0.026109222322702408, 0.024604741483926773, 0.022665809839963913, 0.030458612367510796, 0.021987218409776688, 0.022640537470579147, 0.02747589722275734, 0.02749854326248169, 0.02607293799519539, 0.024940215051174164, 0.026597829535603523, 0.021803347393870354, 0.025421783328056335, 0.02416631206870079, 0.022636238485574722, 0.02615314908325672, 0.025547290220856667, 0.02304317243397236, 0.023107264190912247, 0.029041713103652, 0.03496266156435013, 0.02223331481218338, 0.02737509086728096, 0.02331843599677086, 0.024321500211954117, 0.022121289744973183, 0.02428598701953888, 0.02584362030029297, 0.026462193578481674, 0.022971738129854202, 0.024717889726161957, 0.024738259613513947, 0.02799125760793686, 0.022869648411870003, 0.024301227182149887, 0.033037200570106506, 0.028126219287514687, 0.02250189334154129, 0.022801492363214493, 0.03239136189222336, 0.026189539581537247, 0.029556911438703537, 0.025656238198280334, 0.022057749330997467, 0.025680122897028923, 0.022004107013344765, 0.02240835689008236, 0.022189602255821228, 0.023989154025912285, 0.022468168288469315, 0.018961310386657715, 0.021774325519800186, 0.023055095225572586, 0.024709027260541916, 0.02962588332593441, 0.023198340088129044, 0.023768026381731033, 0.027466081082820892, 0.027249643579125404, 0.026291804388165474, 0.024706147611141205, 0.025503650307655334, 0.022807054221630096, 0.03136212378740311, 0.03204134479165077, 0.02258402854204178, 0.027185510843992233, 0.02475695312023163, 0.025860249996185303, 0.02365487813949585, 0.022346917539834976, 0.02076573669910431, 0.02237210050225258, 0.023597214370965958, 0.03190840780735016, 0.024565834552049637, 0.028122812509536743, 0.022605890408158302, 0.02451884001493454, 0.023118948563933372, 0.02641941048204899, 0.026546679437160492, 0.02168358862400055, 0.026587387546896935, 0.03337593004107475, 0.02824467420578003, 0.023826908320188522, 0.02277618646621704, 0.023230407387018204, 0.0226273313164711, 0.022405387833714485, 0.022902226075530052, 0.023195434361696243, 0.030668001621961594, 0.02113175019621849, 0.025103233754634857, 0.026736196130514145, 0.026502108201384544, 0.022933052852749825, 0.022116048261523247, 0.02581978216767311, 0.02361156977713108, 0.029033612459897995, 0.02740553952753544, 0.022757412865757942, 0.0244291964918375], 'L_si': [0.0068952776491642, 0.00918334349989891, 0.006997708231210709, 0.008343624882400036, 0.005944142583757639, 0.011181492358446121, 0.010302204638719559, 0.011303615756332874, 0.0066115823574364185, 0.006754354573786259, 0.006943839136511087, 0.011901534162461758, 0.008237427100539207, 0.008880709297955036, 0.00745984585955739, 0.006339706480503082, 0.006540780421346426, 0.006238253321498632, 0.009315410628914833, 0.00666888477280736, 0.008525248616933823, 0.007764462847262621, 0.0070771207101643085, 0.0056915865279734135, 0.005599187221378088, 0.00667078560218215, 0.007491698954254389, 0.007093116175383329, 0.008076491765677929, 0.006719131488353014, 0.01090901717543602, 0.008966375142335892, 0.010091685689985752, 0.008281772024929523, 0.011036756448447704, 0.008541557006537914, 0.007304965518414974, 0.007260170299559832, 0.006418353412300348, 0.00710343848913908, 0.007312850560992956, 0.008067133836448193, 0.006143098697066307, 0.011507798917591572, 0.01154385507106781, 0.006815943866968155, 0.006256606429815292, 0.008716734126210213, 0.00733747286722064, 0.00883803702890873, 0.00865932460874319, 0.00942462868988514, 0.006789387669414282, 0.008678719401359558, 0.010067000985145569, 0.010651955381035805, 0.008617776446044445, 0.006156326737254858, 0.009080841206014156, 0.006678326521068811, 0.009843861684203148, 0.0069215623661875725, 0.008600858971476555, 0.0068641784600913525, 0.007089345250278711, 0.008639618754386902, 0.010943032801151276, 0.014192045666277409, 0.007296258118003607, 0.00833713449537754, 0.006660700775682926, 0.010941697284579277, 0.005415868479758501, 0.010052969679236412, 0.006888727191835642, 0.007302440237253904, 0.010115676559507847, 0.005558639299124479, 0.008407837711274624, 0.005708586424589157, 0.007258541416376829, 0.008802823722362518, 0.009508907794952393, 0.008007802069187164, 0.00680924765765667, 0.010951349511742592, 0.007325703743845224, 0.007284603547304869, 0.00796226691454649, 0.01053099986165762, 0.01003375556319952, 0.007218632381409407, 0.007124931085854769, 0.00593129126355052, 0.008272241801023483, 0.006220352370291948, 0.0063385809771716595, 0.006461234297603369, 0.006736673414707184, 0.007940471172332764, 0.009466809220612049, 0.007700257934629917, 0.009585216641426086, 0.006051728501915932, 0.007049013860523701, 0.006460548844188452, 0.009814567863941193, 0.007613828405737877, 0.007109023630619049, 0.008561446331441402, 0.00733596459031105, 0.00502783851698041, 0.00883016362786293, 0.006638385355472565, 0.0065225656144320965, 0.00535019114613533, 0.007479936815798283, 0.009678490459918976, 0.009516752324998379, 0.00678660674020648, 0.006202469114214182, 0.007672868203371763, 0.007513983640819788, 0.0072063421830534935, 0.009008968248963356, 0.00815139152109623, 0.006424956489354372, 0.0069342199712991714, 0.0067606582306325436, 0.0074326712638139725, 0.007595827803015709, 0.01013811957091093, 0.010591468773782253, 0.008498475886881351, 0.008662399835884571, 0.008731991983950138, 0.004683596547693014, 0.009437007829546928, 0.010605035349726677, 0.007199520710855722, 0.010213984176516533, 0.006055418401956558, 0.005789474118500948, 0.007548799738287926, 0.008798648603260517, 0.007140488363802433, 0.006891362834721804, 0.012338869273662567, 0.006413877476006746, 0.006858448963612318, 0.009302067570388317, 0.008485468104481697, 0.009908945299685001, 0.007732693571597338, 0.00972381979227066, 0.006052626296877861, 0.007765992544591427, 0.007058233488351107, 0.0081620579585433, 0.009804455563426018, 0.00717436708509922, 0.006074090953916311, 0.006624552421271801, 0.010921889916062355, 0.015647901222109795, 0.006717693526297808, 0.009620286524295807, 0.007438617758452892, 0.007348809856921434, 0.006053498480468988, 0.00784494262188673, 0.008876292034983635, 0.008984627202153206, 0.007397743873298168, 0.007497973274439573, 0.007179330103099346, 0.010531541891396046, 0.006594117730855942, 0.008404131047427654, 0.013500909321010113, 0.009404510259628296, 0.007647594437003136, 0.007087318692356348, 0.011536230333149433, 0.008991907350718975, 0.010126235894858837, 0.008817468769848347, 0.006469951011240482, 0.00816408172249794, 0.0066617033444345, 0.006486756261438131, 0.006796363275498152, 0.0064826589077711105, 0.006315854378044605, 0.004741746000945568, 0.005969430319964886, 0.007053893059492111, 0.007814019918441772, 0.00913894735276699, 0.007821147330105305, 0.0074577671475708485, 0.008838244713842869, 0.009792696684598923, 0.0099559985101223, 0.008362439461052418, 0.009689156897366047, 0.007063464727252722, 0.011387230828404427, 0.01199987530708313, 0.00617204187437892, 0.00875036884099245, 0.008106328547000885, 0.0077125634998083115, 0.008410675451159477, 0.0063749332912266254, 0.006176543887704611, 0.0067485421895980835, 0.007041050121188164, 0.012185882776975632, 0.007899043150246143, 0.010463004931807518, 0.006796237546950579, 0.00759196188300848, 0.006673559080809355, 0.009836189448833466, 0.008048578165471554, 0.006165397819131613, 0.009344033896923065, 0.014058026485145092, 0.010097905993461609, 0.007332887966185808, 0.007091200910508633, 0.006395640783011913, 0.006561942398548126, 0.006825100630521774, 0.006909166928380728, 0.007104403804987669, 0.011443679220974445, 0.005419597961008549, 0.008306249044835567, 0.00816151313483715, 0.00671068811789155, 0.006400686223059893, 0.00713711604475975, 0.008800357580184937, 0.007000579033046961, 0.011205486953258514, 0.0102043766528368, 0.007415346335619688, 0.01059629488736391], 'L_grad': [0.015398898161947727, 0.016033397987484932, 0.0164677444845438, 0.018636353313922882, 0.01565069518983364, 0.01853085681796074, 0.015700990334153175, 0.018068285658955574, 0.015327991917729378, 0.016483936458826065, 0.0146231884136796, 0.01918531209230423, 0.017031393945217133, 0.017508942633867264, 0.015874648466706276, 0.015591774135828018, 0.016755662858486176, 0.01614980772137642, 0.017893297597765923, 0.01606156677007675, 0.018451690673828125, 0.017408553510904312, 0.015926267951726913, 0.01605210267007351, 0.015012259595096111, 0.01634398102760315, 0.016699248924851418, 0.015731625258922577, 0.015821414068341255, 0.01606641709804535, 0.017487557604908943, 0.016980009153485298, 0.01625475101172924, 0.0176924429833889, 0.01795594021677971, 0.016059784218668938, 0.0163539070636034, 0.0156926978379488, 0.01529739610850811, 0.01559204887598753, 0.01602340303361416, 0.01672641932964325, 0.015491729602217674, 0.017670851200819016, 0.01811022125184536, 0.01664404571056366, 0.015104377642273903, 0.016546137630939484, 0.01633332669734955, 0.01815919019281864, 0.015679780393838882, 0.017551572993397713, 0.014628008008003235, 0.01567653939127922, 0.015997465699911118, 0.018349312245845795, 0.016448622569441795, 0.015116002410650253, 0.019001968204975128, 0.015900690108537674, 0.017016297206282616, 0.015308119356632233, 0.019170552492141724, 0.015418299473822117, 0.01785741187632084, 0.017014630138874054, 0.017474181950092316, 0.017849965021014214, 0.01611066237092018, 0.017521988600492477, 0.016781944781541824, 0.017238032072782516, 0.016143016517162323, 0.020491067320108414, 0.01658182218670845, 0.015791939571499825, 0.02157403901219368, 0.014940377324819565, 0.01805747300386429, 0.01589616946876049, 0.016076799482107162, 0.017140859737992287, 0.015540294349193573, 0.016825342550873756, 0.016580335795879364, 0.017702190205454826, 0.01602623611688614, 0.016008803620934486, 0.017779650166630745, 0.016591215506196022, 0.01716521382331848, 0.017114881426095963, 0.016277577728033066, 0.016104120761156082, 0.016458502039313316, 0.015698842704296112, 0.01660213991999626, 0.017015671357512474, 0.015395846217870712, 0.014914278872311115, 0.016170712187886238, 0.018381232395768166, 0.01756846159696579, 0.016326753422617912, 0.017156273126602173, 0.015785478055477142, 0.017708774656057358, 0.016765272244811058, 0.01588699221611023, 0.017802860587835312, 0.017443018034100533, 0.014822635799646378, 0.019006680697202682, 0.015572518110275269, 0.016387509182095528, 0.01563829928636551, 0.017691127955913544, 0.01694193296134472, 0.018167443573474884, 0.015626080334186554, 0.01673603616654873, 0.016378263011574745, 0.01686011627316475, 0.01666693389415741, 0.017441948875784874, 0.01715719699859619, 0.01706678420305252, 0.015845779329538345, 0.01631687395274639, 0.01455555111169815, 0.016001783311367035, 0.01670076511800289, 0.017663195729255676, 0.01706096902489662, 0.017297307029366493, 0.01719231717288494, 0.013788705691695213, 0.020201990380883217, 0.017325932160019875, 0.01592533476650715, 0.017412658780813217, 0.01509525254368782, 0.016166256740689278, 0.016035959124565125, 0.017310574650764465, 0.017464254051446915, 0.015774447470903397, 0.01811974309384823, 0.015573341399431229, 0.015782088041305542, 0.018173830583691597, 0.019013075157999992, 0.016163993626832962, 0.017207521945238113, 0.016874009743332863, 0.015750721096992493, 0.017655791714787483, 0.01710807904601097, 0.014474179595708847, 0.016348693519830704, 0.018372923135757446, 0.01696908101439476, 0.01648271270096302, 0.018119823187589645, 0.019314758479595184, 0.015515620820224285, 0.017754804342985153, 0.015879817306995392, 0.01697269082069397, 0.01606779173016548, 0.016441045328974724, 0.016967328265309334, 0.01747756637632847, 0.015573995187878609, 0.017219915986061096, 0.017558928579092026, 0.017459716647863388, 0.01627553068101406, 0.015897095203399658, 0.019536292180418968, 0.01872170902788639, 0.014854298904538155, 0.015714174136519432, 0.02085513062775135, 0.017197633162140846, 0.019430674612522125, 0.016838770359754562, 0.015587798319756985, 0.017516041174530983, 0.015342403203248978, 0.01592160016298294, 0.015393238514661789, 0.017506495118141174, 0.016152314841747284, 0.014219565317034721, 0.015804894268512726, 0.016001202166080475, 0.016895007342100143, 0.02048693597316742, 0.015377191826701164, 0.016310259699821472, 0.018627837300300598, 0.01745694689452648, 0.016335805878043175, 0.01634370908141136, 0.015814492478966713, 0.015743589028716087, 0.01997489482164383, 0.020041469484567642, 0.01641198620200157, 0.018435141071677208, 0.016650624573230743, 0.01814768649637699, 0.015244202688336372, 0.015971984714269638, 0.014589193277060986, 0.015623558312654495, 0.016556164249777794, 0.019722525030374527, 0.016666792333126068, 0.017659807577729225, 0.01580965332686901, 0.016926879063248634, 0.01644538901746273, 0.016583221033215523, 0.018498102203011513, 0.01551819033920765, 0.01724335364997387, 0.019317902624607086, 0.01814676821231842, 0.016494020819664, 0.015684984624385834, 0.016834765672683716, 0.016065388917922974, 0.015580287203192711, 0.015993058681488037, 0.016091030091047287, 0.019224323332309723, 0.015712151303887367, 0.016796983778476715, 0.018574682995676994, 0.01979142054915428, 0.01653236709535122, 0.014978932216763496, 0.017019424587488174, 0.016610991209745407, 0.01782812550663948, 0.01720116287469864, 0.015342066064476967, 0.01383290160447359]}
Setting up Multi Scale Gradient loss...
Done
Setting up Multi Scale Gradient loss...
Done
Setting up Multi Scale Gradient loss...
Done
Setting up Multi Scale Gradient loss...
Done
Setting up Multi Scale Gradient loss...
Done
Setting up Multi Scale Gradient loss...
Done
Setting up Multi Scale Gradient loss...
Done
Setting up Multi Scale Gradient loss...
Done
Setting up Multi Scale Gradient loss...
Done
Setting up Multi Scale Gradient loss...
Done
Setting up Multi Scale Gradient loss...
Setting up Multi Scale Gradient loss...
Done
Done
Setting up Multi Scale Gradient loss...
Done
Setting up Multi Scale Gradient loss...
Done
Setting up Multi Scale Gradient loss...
Done
Setting up Multi Scale Gradient loss...
Done
all losses in batch in validation:  {'loss': [0.022435897961258888, 0.02548360638320446, 0.02345687337219715, 0.026382198557257652, 0.021454274654388428, 0.029541566967964172, 0.0251525416970253, 0.029405413195490837, 0.022635340690612793, 0.022688668221235275, 0.022440247237682343, 0.03135467320680618, 0.025201061740517616, 0.027524130418896675, 0.023298006504774094, 0.021451734006404877, 0.022247441112995148, 0.022090211510658264, 0.026854073628783226, 0.02282380871474743, 0.025539129972457886, 0.02461867779493332, 0.022524017840623856, 0.02128760889172554, 0.020660284906625748, 0.022544987499713898, 0.024205975234508514, 0.02300557866692543, 0.02520924061536789, 0.021728893741965294, 0.02907555177807808, 0.025627300143241882, 0.02590930089354515, 0.02588239684700966, 0.028071947395801544, 0.0250820554792881, 0.02341521717607975, 0.023290423676371574, 0.021758049726486206, 0.022904152050614357, 0.02539103478193283, 0.024729475378990173, 0.021822810173034668, 0.028653733432292938, 0.030494574457406998, 0.02364075556397438, 0.020688993856310844, 0.025523817166686058, 0.023977812379598618, 0.027059737592935562, 0.02504114806652069, 0.027201736345887184, 0.021314166486263275, 0.025904817506670952, 0.02685350924730301, 0.028476925566792488, 0.02515210583806038, 0.02143269032239914, 0.028224032372236252, 0.022636502981185913, 0.027568966150283813, 0.022276904433965683, 0.027419084683060646, 0.02242770604789257, 0.025826744735240936, 0.025100551545619965, 0.02767357975244522, 0.030923256650567055, 0.022937187924981117, 0.02727692574262619, 0.024045348167419434, 0.027749158442020416, 0.021326152607798576, 0.030757568776607513, 0.022593114525079727, 0.023189488798379898, 0.03124256804585457, 0.020518135279417038, 0.0269466619938612, 0.021275334060192108, 0.02330595627427101, 0.02596159651875496, 0.024620655924081802, 0.026615802198648453, 0.023615265265107155, 0.028517302125692368, 0.023074112832546234, 0.023002076894044876, 0.02471798285841942, 0.0271119587123394, 0.0270429365336895, 0.024610387161374092, 0.023208267986774445, 0.021695461124181747, 0.0243663527071476, 0.02134367637336254, 0.022805340588092804, 0.023186003789305687, 0.02211787737905979, 0.024285579100251198, 0.02534203976392746, 0.02593829669058323, 0.027834054082632065, 0.022812243551015854, 0.023967605084180832, 0.02158786915242672, 0.026994522660970688, 0.023236915469169617, 0.0239187553524971, 0.0276484452188015, 0.02399272657930851, 0.02028130553662777, 0.02819005213677883, 0.021637078374624252, 0.02202271856367588, 0.020803317427635193, 0.02462928742170334, 0.026701707392930984, 0.028054863214492798, 0.02172660455107689, 0.023676453158259392, 0.02402782440185547, 0.024837270379066467, 0.02439466491341591, 0.027074523270130157, 0.02440619096159935, 0.02364620752632618, 0.02288401685655117, 0.022471576929092407, 0.02300964668393135, 0.02422555536031723, 0.026551498100161552, 0.02793220430612564, 0.025939185172319412, 0.02641950361430645, 0.027492476627230644, 0.018200423568487167, 0.029859298840165138, 0.02817518264055252, 0.023669235408306122, 0.027452901005744934, 0.02077392488718033, 0.022015539929270744, 0.023961370810866356, 0.024650583043694496, 0.023666126653552055, 0.022160325199365616, 0.03141263499855995, 0.02181660383939743, 0.02240794152021408, 0.026514634490013123, 0.02804093062877655, 0.025550615042448044, 0.023774422705173492, 0.026956899091601372, 0.02086106315255165, 0.025245198979973793, 0.02406371384859085, 0.023143421858549118, 0.026391930878162384, 0.02498924359679222, 0.022655075415968895, 0.022825757041573524, 0.02895354852080345, 0.034360043704509735, 0.021942373365163803, 0.027191337198019028, 0.023210100829601288, 0.023926306515932083, 0.021727655082941055, 0.02499660849571228, 0.025621887296438217, 0.026422927156090736, 0.023298392072319984, 0.024071086198091507, 0.024439452216029167, 0.027886085212230682, 0.0226210355758667, 0.025153372436761856, 0.032652031630277634, 0.029270362108945847, 0.023333895951509476, 0.022847501561045647, 0.033372245728969574, 0.027425039559602737, 0.030142588540911674, 0.026237666606903076, 0.022032754495739937, 0.025092145428061485, 0.022097956389188766, 0.02109287865459919, 0.0217907652258873, 0.02377333864569664, 0.02290945127606392, 0.0186089389026165, 0.02169686369597912, 0.023097053170204163, 0.024057207629084587, 0.028717735782265663, 0.023783376440405846, 0.02376394160091877, 0.027380844578146935, 0.027481861412525177, 0.026364576071500778, 0.025299133732914925, 0.026194065809249878, 0.025272618979215622, 0.0304687712341547, 0.03090553730726242, 0.022292375564575195, 0.028489235788583755, 0.025441743433475494, 0.0265561044216156, 0.024225056171417236, 0.022005006670951843, 0.021067101508378983, 0.021542608737945557, 0.023174092173576355, 0.030663684010505676, 0.02531932294368744, 0.027307134121656418, 0.022506335750222206, 0.02404753491282463, 0.021821724250912666, 0.0258783008903265, 0.026130160316824913, 0.021268993616104126, 0.027561640366911888, 0.03232148289680481, 0.027393929660320282, 0.02352646179497242, 0.02264239452779293, 0.023466123268008232, 0.02236628532409668, 0.021929088979959488, 0.022631311789155006, 0.023134037852287292, 0.029906049370765686, 0.021854737773537636, 0.026311907917261124, 0.02692113071680069, 0.026579441502690315, 0.022104503586888313, 0.022994549944996834, 0.026200000196695328, 0.022884149104356766, 0.028653845191001892, 0.027560528367757797, 0.02320534735918045, 0.02503236010670662], 'L_si': [0.006938313599675894, 0.00933392345905304, 0.00687672384083271, 0.007873564958572388, 0.005718722473829985, 0.01088031567633152, 0.0094766141846776, 0.011040041223168373, 0.006860654801130295, 0.006371217779815197, 0.00734479445964098, 0.011785813607275486, 0.008076438680291176, 0.009419823065400124, 0.007209629286080599, 0.006032705772668123, 0.006122194230556488, 0.006005577743053436, 0.009107014164328575, 0.006673215422779322, 0.00741346413269639, 0.007442678790539503, 0.006798562593758106, 0.005319710820913315, 0.005619097501039505, 0.006409887690097094, 0.007346200291067362, 0.006828600540757179, 0.00851427298039198, 0.006092021707445383, 0.010738383047282696, 0.008714091032743454, 0.009818949736654758, 0.00797199085354805, 0.01044688280671835, 0.00872704666107893, 0.007225325796753168, 0.007303202990442514, 0.006403937470167875, 0.007131393998861313, 0.008192702196538448, 0.007887819781899452, 0.006185774691402912, 0.010945898480713367, 0.0115639828145504, 0.006812789011746645, 0.005853243637830019, 0.008776457980275154, 0.00737692741677165, 0.008788565173745155, 0.008908293209969997, 0.009509680792689323, 0.006582740228623152, 0.009290115907788277, 0.010312419384717941, 0.010286647826433182, 0.008689445443451405, 0.006146356463432312, 0.008899198845028877, 0.006774774752557278, 0.010064982809126377, 0.006955085787922144, 0.008285300806164742, 0.006751075387001038, 0.0072769965045154095, 0.008356005884706974, 0.01032084971666336, 0.013153867796063423, 0.0069907065480947495, 0.009164310060441494, 0.006880295462906361, 0.01049747969955206, 0.005268547683954239, 0.009929814375936985, 0.00640274491161108, 0.007192018907517195, 0.009833939373493195, 0.0054536378011107445, 0.008462773635983467, 0.005644131917506456, 0.006985711865127087, 0.00872417539358139, 0.00912347063422203, 0.008745867758989334, 0.006781914737075567, 0.01070801168680191, 0.007126799784600735, 0.0070904274471104145, 0.007392531260848045, 0.010303896851837635, 0.009856029413640499, 0.0071772742085158825, 0.006907247472554445, 0.005726275034248829, 0.00801072921603918, 0.005748876370489597, 0.006102601531893015, 0.006414022762328386, 0.006662250030785799, 0.008656160905957222, 0.008968002162873745, 0.007641965989023447, 0.009768522344529629, 0.00627166498452425, 0.006849772296845913, 0.0059857298620045185, 0.009277377277612686, 0.006887775845825672, 0.0073628914542496204, 0.00891877245157957, 0.006849146913737059, 0.005192715674638748, 0.008895829319953918, 0.006324731279164553, 0.0060335490852594376, 0.0052765728905797005, 0.007092184852808714, 0.009630974382162094, 0.00967175792902708, 0.0063679274171590805, 0.00649632653221488, 0.007579038850963116, 0.007581403478980064, 0.007341264747083187, 0.009257277473807335, 0.007693302817642689, 0.006532049272209406, 0.006912816781550646, 0.0065405359491705894, 0.007826143875718117, 0.007873290218412876, 0.009681588038802147, 0.010117722675204277, 0.008556647226214409, 0.008848713710904121, 0.009254813194274902, 0.004441151395440102, 0.009305143728852272, 0.01047961600124836, 0.0073487525805830956, 0.00997630413621664, 0.005784457549452782, 0.005725462455302477, 0.007555214688181877, 0.008044933900237083, 0.006725749000906944, 0.006521589122712612, 0.012751181609928608, 0.006230887956917286, 0.006713647395372391, 0.008789132349193096, 0.008658458478748798, 0.00928097777068615, 0.0071258279494941235, 0.00982491672039032, 0.005555890034884214, 0.007594240829348564, 0.006851217709481716, 0.008227714337408543, 0.009798964485526085, 0.0070387329906225204, 0.00583919370546937, 0.0064044832251966, 0.010625352151691914, 0.01469119917601347, 0.0064054084941744804, 0.009610919281840324, 0.007188375573605299, 0.00714242085814476, 0.005852767266333103, 0.008049676194787025, 0.008692184463143349, 0.00899125263094902, 0.007381215691566467, 0.007080980576574802, 0.007176112849265337, 0.010212548077106476, 0.0063386522233486176, 0.008692325092852116, 0.012625474482774734, 0.009721127338707447, 0.007980705238878727, 0.007086430210620165, 0.012007547542452812, 0.009457789361476898, 0.010382428765296936, 0.009081397205591202, 0.006379157304763794, 0.007683735806494951, 0.006651743780821562, 0.0056960261426866055, 0.006610649637877941, 0.006358086131513119, 0.006546999327838421, 0.004538826644420624, 0.005818364676088095, 0.006910700350999832, 0.007503575179725885, 0.008616108447313309, 0.007736859377473593, 0.0073759835213422775, 0.00879092700779438, 0.009718221612274647, 0.00987040251493454, 0.008549848571419716, 0.009875758551061153, 0.008229902014136314, 0.010925186797976494, 0.011121154762804508, 0.00607965886592865, 0.009061315096914768, 0.008349365554749966, 0.008106915280222893, 0.008582055568695068, 0.006138057913631201, 0.006184174679219723, 0.00631102966144681, 0.006822585593909025, 0.011431340128183365, 0.008058890700340271, 0.009806216694414616, 0.006669148337095976, 0.007253834046423435, 0.005865041166543961, 0.009399589151144028, 0.007855398580431938, 0.005946311168372631, 0.009764909744262695, 0.013235430233180523, 0.00947495736181736, 0.007094994653016329, 0.006909373681992292, 0.0065257553942501545, 0.006403654348105192, 0.006561462767422199, 0.006690448150038719, 0.007089781109243631, 0.01057054940611124, 0.0056626442819833755, 0.00857583712786436, 0.008357854560017586, 0.006771383341401815, 0.005909970495849848, 0.007537035271525383, 0.008944961242377758, 0.006640451028943062, 0.010714760981500149, 0.010064615868031979, 0.007501373998820782, 0.011037597432732582], 'L_grad': [0.015497583895921707, 0.01614968292415142, 0.01658014953136444, 0.018508633598685265, 0.015735551714897156, 0.018661251291632652, 0.015675928443670273, 0.018365371972322464, 0.015774685889482498, 0.016317449510097504, 0.015095451846718788, 0.01956886053085327, 0.01712462306022644, 0.01810430735349655, 0.016088377684354782, 0.01541902869939804, 0.01612524688243866, 0.016084633767604828, 0.01774705946445465, 0.016150593757629395, 0.018125666305422783, 0.01717599853873253, 0.015725456178188324, 0.015967898070812225, 0.015041187405586243, 0.01613510027527809, 0.01685977540910244, 0.01617697812616825, 0.016694966703653336, 0.015636872500181198, 0.01833716779947281, 0.01691320911049843, 0.016090350225567818, 0.01791040599346161, 0.01762506552040577, 0.016355007886886597, 0.01618989184498787, 0.015987221151590347, 0.015354111790657043, 0.015772758051753044, 0.017198331654071808, 0.01684165559709072, 0.01563703641295433, 0.017707834020256996, 0.018930591642856598, 0.016827967017889023, 0.014835750684142113, 0.016747359186410904, 0.01660088449716568, 0.018271172419190407, 0.01613285392522812, 0.01769205555319786, 0.01473142672330141, 0.016614701598882675, 0.016541089862585068, 0.018190277740359306, 0.0164626594632864, 0.015286333858966827, 0.019324833527207375, 0.01586172915995121, 0.01750398427248001, 0.015321819111704826, 0.019133783876895905, 0.015676630660891533, 0.01854974776506424, 0.016744546592235565, 0.01735273003578186, 0.01776938885450363, 0.015946481376886368, 0.01811261475086212, 0.017165053635835648, 0.01725167967379093, 0.016057604923844337, 0.020827755331993103, 0.016190368682146072, 0.015997469425201416, 0.021408628672361374, 0.015064498409628868, 0.01848388835787773, 0.01563120260834694, 0.01632024347782135, 0.01723742112517357, 0.015497185289859772, 0.01786993443965912, 0.0168333500623703, 0.017809290438890457, 0.015947313979268074, 0.01591164991259575, 0.017325451597571373, 0.01680806092917919, 0.017186906188726425, 0.017433112487196922, 0.016301020979881287, 0.015969187021255493, 0.016355624422430992, 0.015594800002872944, 0.016702739521861076, 0.016771981492638588, 0.01545562781393528, 0.015629418194293976, 0.01637403666973114, 0.01829633116722107, 0.01806553266942501, 0.01654057949781418, 0.017117833718657494, 0.015602138824760914, 0.017717145383358, 0.01634914055466652, 0.016555864363908768, 0.018729671835899353, 0.017143579199910164, 0.015088589861989021, 0.019294222816824913, 0.015312347561120987, 0.015989169478416443, 0.015526743605732918, 0.017537102103233337, 0.01707073301076889, 0.018383106216788292, 0.015358676202595234, 0.017180126160383224, 0.016448786482214928, 0.017255866900086403, 0.017053399235010147, 0.017817245796322823, 0.016712887212634087, 0.01711415871977806, 0.015971200540661812, 0.015931040048599243, 0.015183502808213234, 0.01635226607322693, 0.016869910061359406, 0.017814481630921364, 0.017382537946105003, 0.01757078990340233, 0.018237663432955742, 0.013759272173047066, 0.020554155111312866, 0.01769556663930416, 0.0163204837590456, 0.01747659593820572, 0.014989467337727547, 0.016290077939629555, 0.01640615612268448, 0.016605649143457413, 0.01694037765264511, 0.01563873514533043, 0.01866145245730877, 0.015585715882480145, 0.01569429412484169, 0.017725501209497452, 0.019382471218705177, 0.016269637271761894, 0.01664859429001808, 0.017131982371211052, 0.01530517265200615, 0.01765095815062523, 0.01721249520778656, 0.014915706589818, 0.0165929663926363, 0.0179505106061697, 0.016815882176160812, 0.016421273350715637, 0.018328197300434113, 0.01966884359717369, 0.015536963939666748, 0.017580417916178703, 0.0160217247903347, 0.016783885657787323, 0.015874888747930527, 0.016946932300925255, 0.01692970283329487, 0.017431674525141716, 0.015917176380753517, 0.01699010655283928, 0.017263339832425117, 0.017673537135124207, 0.01628238335251808, 0.016461048275232315, 0.0200265571475029, 0.019549233838915825, 0.015353189781308174, 0.01576107181608677, 0.02136470004916191, 0.01796725019812584, 0.01976015977561474, 0.017156269401311874, 0.015653597190976143, 0.01740841008722782, 0.015446212142705917, 0.015396852046251297, 0.015180114656686783, 0.017415253445506096, 0.016362451016902924, 0.014070113189518452, 0.015878498554229736, 0.01618635281920433, 0.01655363291501999, 0.020101627334952354, 0.016046516597270966, 0.016387958079576492, 0.018589917570352554, 0.017763638868927956, 0.01649417355656624, 0.01674928516149521, 0.01631830632686615, 0.017042716965079308, 0.019543584436178207, 0.019784381613135338, 0.016212716698646545, 0.019427919760346413, 0.017092376947402954, 0.018449189141392708, 0.015643000602722168, 0.015866948291659355, 0.014882927760481834, 0.01523157861083746, 0.016351506114006042, 0.01923234388232231, 0.017260432243347168, 0.017500916495919228, 0.015837186947464943, 0.01679370179772377, 0.015956683084368706, 0.016478711739182472, 0.018274761736392975, 0.01532268337905407, 0.017796730622649193, 0.019086051732301712, 0.017918972298502922, 0.016431467607617378, 0.01573302038013935, 0.016940368339419365, 0.0159626305103302, 0.015367626212537289, 0.015940863639116287, 0.01604425720870495, 0.01933550089597702, 0.01619209349155426, 0.017736069858074188, 0.018563276156783104, 0.019808057695627213, 0.016194533556699753, 0.01545751467347145, 0.017255038022994995, 0.016243698075413704, 0.01793908327817917, 0.017495911568403244, 0.015703972429037094, 0.013994761742651463]}
Setting up Multi Scale Gradient loss...
Done
Setting up Multi Scale Gradient loss...
Done
Setting up Multi Scale Gradient loss...
Done
Setting up Multi Scale Gradient loss...
Done
Setting up Multi Scale Gradient loss...
Done
Setting up Multi Scale Gradient loss...
Done
Setting up Multi Scale Gradient loss...
Done
Setting up Multi Scale Gradient loss...
Done
Setting up Multi Scale Gradient loss...
Done
Setting up Multi Scale Gradient loss...
Done
Setting up Multi Scale Gradient loss...
Done
Setting up Multi Scale Gradient loss...
Done
Setting up Multi Scale Gradient loss...
Done
Setting up Multi Scale Gradient loss...
Done
Setting up Multi Scale Gradient loss...
Done
Setting up Multi Scale Gradient loss...
Done
all losses in batch in validation:  {'loss': [0.02378060854971409, 0.025966057553887367, 0.022692039608955383, 0.027433307841420174, 0.021794695407152176, 0.030728597193956375, 0.026239877566695213, 0.029549457132816315, 0.022959286347031593, 0.02611958049237728, 0.023024901747703552, 0.03226163983345032, 0.02532682567834854, 0.029067806899547577, 0.023446831852197647, 0.02080046944320202, 0.02270299196243286, 0.022569619119167328, 0.02796015329658985, 0.024654624983668327, 0.02551683969795704, 0.025470564141869545, 0.022340597584843636, 0.021040890365839005, 0.021837417036294937, 0.024067381396889687, 0.024823978543281555, 0.022131729871034622, 0.026003539562225342, 0.02250118926167488, 0.030359875410795212, 0.026238873600959778, 0.027394380420446396, 0.025561530143022537, 0.02746952325105667, 0.02561172842979431, 0.023946702480316162, 0.023664182052016258, 0.022065214812755585, 0.023220740258693695, 0.027724888175725937, 0.02539488673210144, 0.021765397861599922, 0.029982466250658035, 0.030783891677856445, 0.024032384157180786, 0.020287424325942993, 0.026205185800790787, 0.024178262799978256, 0.026704546064138412, 0.025086402893066406, 0.028227444738149643, 0.021860698238015175, 0.026413477957248688, 0.027277976274490356, 0.029750365763902664, 0.025330916047096252, 0.021253973245620728, 0.028937537223100662, 0.023742085322737694, 0.02866481989622116, 0.02231091447174549, 0.02801206335425377, 0.023139938712120056, 0.027215346693992615, 0.027286414057016373, 0.02847224660217762, 0.03272726386785507, 0.022790389135479927, 0.030454441905021667, 0.02298707515001297, 0.02860920876264572, 0.021919921040534973, 0.03378261625766754, 0.024323657155036926, 0.023568671196699142, 0.03279111534357071, 0.020626740530133247, 0.027344416826963425, 0.021448422223329544, 0.023014582693576813, 0.025830402970314026, 0.025510087609291077, 0.02648499608039856, 0.023442832753062248, 0.029545892030000687, 0.023398060351610184, 0.023191556334495544, 0.024214863777160645, 0.02794308215379715, 0.02838582918047905, 0.023978950455784798, 0.023104438558220863, 0.02149130217730999, 0.024982530623674393, 0.02191762626171112, 0.02384573221206665, 0.023012211546301842, 0.02206430397927761, 0.024713173508644104, 0.025314655154943466, 0.025507956743240356, 0.029135052114725113, 0.022812440991401672, 0.023799411952495575, 0.023069847375154495, 0.027090735733509064, 0.02291719615459442, 0.024513795971870422, 0.028944645076990128, 0.024496713653206825, 0.020576927810907364, 0.026829060167074203, 0.022013653069734573, 0.02176971361041069, 0.021016808226704597, 0.024017062038183212, 0.02721620351076126, 0.029514458030462265, 0.022923214361071587, 0.02512499690055847, 0.023782797157764435, 0.02461024932563305, 0.024681858718395233, 0.02670067921280861, 0.027030616998672485, 0.0253501757979393, 0.02392609603703022, 0.023760486394166946, 0.023464880883693695, 0.024575235322117805, 0.027376525104045868, 0.0277399979531765, 0.025539055466651917, 0.02736668288707733, 0.027012359350919724, 0.018861843273043633, 0.029755592346191406, 0.03120572865009308, 0.02371821179986, 0.029140818864107132, 0.02143116295337677, 0.021545784547924995, 0.02440454065799713, 0.02585029974579811, 0.023871636018157005, 0.022623512893915176, 0.02982068806886673, 0.02251751534640789, 0.02397318184375763, 0.031031906604766846, 0.027393219992518425, 0.02688334882259369, 0.025663450360298157, 0.02614019066095352, 0.021427076309919357, 0.02504223957657814, 0.02365810051560402, 0.023284688591957092, 0.02734154835343361, 0.02517169900238514, 0.022770199924707413, 0.023590490221977234, 0.029110653325915337, 0.033893831074237823, 0.02220134437084198, 0.028260238468647003, 0.02471625804901123, 0.024798545986413956, 0.02276293933391571, 0.025295745581388474, 0.02538188174366951, 0.02736382745206356, 0.023574577644467354, 0.023572731763124466, 0.02867668867111206, 0.02842104621231556, 0.02346213161945343, 0.02754650078713894, 0.031247040256857872, 0.028528355062007904, 0.0239794310182333, 0.023549910634756088, 0.031602565199136734, 0.026644576340913773, 0.029881730675697327, 0.025032509118318558, 0.022455932572484016, 0.024817265570163727, 0.022364379838109016, 0.021505530923604965, 0.02182537503540516, 0.02396058663725853, 0.02443312294781208, 0.018866444006562233, 0.021384483203291893, 0.022986428812146187, 0.025184955447912216, 0.028034893795847893, 0.024218261241912842, 0.02428518235683441, 0.02860024943947792, 0.026659447699785233, 0.02687385305762291, 0.02567869797348976, 0.026746371760964394, 0.02457302436232567, 0.034409090876579285, 0.030713573098182678, 0.022531770169734955, 0.02726762741804123, 0.02498987503349781, 0.03032725676894188, 0.02494942955672741, 0.02214120887219906, 0.022078655660152435, 0.02246079407632351, 0.02534719929099083, 0.03245200961828232, 0.028120361268520355, 0.028015609830617905, 0.022287609055638313, 0.024633292108774185, 0.022364478558301926, 0.0269620418548584, 0.025195205584168434, 0.022300878539681435, 0.027750544250011444, 0.03415067866444588, 0.029260460287332535, 0.023456012830138206, 0.023494254797697067, 0.02422541379928589, 0.02287115901708603, 0.022668233141303062, 0.024635106325149536, 0.024300942197442055, 0.028744926676154137, 0.02199154905974865, 0.027855806052684784, 0.026879489421844482, 0.025576487183570862, 0.02275506779551506, 0.023829037323594093, 0.026807930320501328, 0.023382026702165604, 0.028836160898208618, 0.028798846527934074, 0.023147927597165108, 0.02426653727889061], 'L_si': [0.00754925049841404, 0.009535517543554306, 0.006623316556215286, 0.008535051718354225, 0.006028593517839909, 0.011601683683693409, 0.010194292291998863, 0.011369188316166401, 0.007043649908155203, 0.008304540067911148, 0.007685736753046513, 0.012545007281005383, 0.008296835236251354, 0.010682820342481136, 0.007489269133657217, 0.005748487543314695, 0.006338040344417095, 0.006322986911982298, 0.009715903550386429, 0.0076388102024793625, 0.00742885610088706, 0.007990384474396706, 0.006696315482258797, 0.005248258821666241, 0.006257052067667246, 0.007311316207051277, 0.007738455198705196, 0.0066368612460792065, 0.008946241810917854, 0.00658064428716898, 0.011397884227335453, 0.009208286181092262, 0.010556655004620552, 0.007899533957242966, 0.010205665603280067, 0.009071242064237595, 0.007392795290797949, 0.007545113563537598, 0.006591788027435541, 0.00734386220574379, 0.009584746323525906, 0.008227924816310406, 0.006101721432060003, 0.011578254401683807, 0.012024064548313618, 0.0070658414624631405, 0.005850804038345814, 0.009130834601819515, 0.007408259902149439, 0.008699403144419193, 0.009035318158566952, 0.010117036290466785, 0.0068893940187990665, 0.009944390505552292, 0.010632817633450031, 0.011065184138715267, 0.008874460123479366, 0.006224741227924824, 0.009388032369315624, 0.007520237937569618, 0.010819538496434689, 0.007217947393655777, 0.008561174385249615, 0.007155054248869419, 0.008286762051284313, 0.009142749011516571, 0.010933779180049896, 0.014425002038478851, 0.0068914517760276794, 0.010473707690834999, 0.006685425527393818, 0.011147953569889069, 0.005681241862475872, 0.012043045833706856, 0.007347221486270428, 0.007422950118780136, 0.010557123459875584, 0.005634712520986795, 0.008796482346951962, 0.0057526398450136185, 0.006934562232345343, 0.008766590617597103, 0.009586506523191929, 0.0087195485830307, 0.0068621207028627396, 0.011403018608689308, 0.007362023927271366, 0.007425732910633087, 0.007346571888774633, 0.010899369604885578, 0.010684994049370289, 0.0071034361608326435, 0.0068762837909162045, 0.005789546761661768, 0.008397616446018219, 0.006262264680117369, 0.006544646807014942, 0.006410473957657814, 0.006721653509885073, 0.008857368491590023, 0.009130763821303844, 0.007388680707663298, 0.010593895800411701, 0.006389193702489138, 0.006855282001197338, 0.006710292771458626, 0.009410306811332703, 0.007002726662904024, 0.007799216546118259, 0.010010811500251293, 0.007158513646572828, 0.0054448507726192474, 0.008581729605793953, 0.0064907437190413475, 0.005912394262850285, 0.005401310045272112, 0.006907283328473568, 0.010087576694786549, 0.011053353548049927, 0.007034102454781532, 0.00755747826769948, 0.007595683913677931, 0.007667312864214182, 0.007549901492893696, 0.009079200215637684, 0.009162850677967072, 0.0073830923065543175, 0.0074428110383450985, 0.00702414195984602, 0.008044707588851452, 0.008114488795399666, 0.01031150110065937, 0.01027226634323597, 0.00846466887742281, 0.009861930273473263, 0.009298639371991158, 0.0049095056019723415, 0.009572148323059082, 0.012256600894033909, 0.0074925911612808704, 0.010997340083122253, 0.006217478774487972, 0.005689632147550583, 0.00795263797044754, 0.008820809423923492, 0.006888673175126314, 0.00696582393720746, 0.012050914578139782, 0.006627148482948542, 0.007389158476144075, 0.011246233247220516, 0.008467987179756165, 0.010205749422311783, 0.008033188059926033, 0.009568626992404461, 0.00581335136666894, 0.007518285419791937, 0.00687065813690424, 0.008407182060182095, 0.010328507982194424, 0.007030612323433161, 0.0059112198650836945, 0.006891543976962566, 0.01105569675564766, 0.014555662870407104, 0.006612460128962994, 0.01001280639320612, 0.007897973991930485, 0.007681936491280794, 0.006390444003045559, 0.00829037744551897, 0.008748543448746204, 0.009396428242325783, 0.007593499030917883, 0.006955672986805439, 0.009271346963942051, 0.010811394080519676, 0.006836321670562029, 0.009825412184000015, 0.012385668233036995, 0.009581397287547588, 0.008359253406524658, 0.007635236252099276, 0.011088494211435318, 0.009296545758843422, 0.010326515883207321, 0.00867606420069933, 0.006633515004068613, 0.007658276241272688, 0.006903645116835833, 0.005970829166471958, 0.006621113978326321, 0.006572396494448185, 0.007124052848666906, 0.0047530787996947765, 0.005774178076535463, 0.006980308797210455, 0.00800818856805563, 0.008548382669687271, 0.00810803472995758, 0.007554271724075079, 0.009090818464756012, 0.009572858922183514, 0.010174233466386795, 0.008795587345957756, 0.010144663974642754, 0.008033025078475475, 0.012838898226618767, 0.0110272616147995, 0.0061928159557282925, 0.009137175977230072, 0.00828591175377369, 0.010616962797939777, 0.009065618738532066, 0.0062111858278512955, 0.006895759142935276, 0.006700708065181971, 0.007759772706776857, 0.012144400738179684, 0.009879255667328835, 0.010367532260715961, 0.006747886072844267, 0.007611204404383898, 0.006194741930812597, 0.010126304812729359, 0.00737330736592412, 0.006381663028150797, 0.009835188277065754, 0.014507783576846123, 0.010464497841894627, 0.007363239768892527, 0.0073757478967309, 0.006915557663887739, 0.006730342749506235, 0.006883210968226194, 0.007643322926014662, 0.007633353117853403, 0.010250147432088852, 0.0059125847183167934, 0.009456130675971508, 0.008435026742517948, 0.006568532437086105, 0.006398976314812899, 0.007970524951815605, 0.009265419095754623, 0.007017691619694233, 0.010792357847094536, 0.010841572657227516, 0.007628789637237787, 0.010591736994683743], 'L_grad': [0.01623135805130005, 0.01643054001033306, 0.016068723052740097, 0.01889825612306595, 0.015766100957989693, 0.01912691257894039, 0.01604558527469635, 0.01818026788532734, 0.015915635973215103, 0.017815040424466133, 0.015339165925979614, 0.01971663348376751, 0.017029989510774612, 0.018384985625743866, 0.015957562252879143, 0.015051981434226036, 0.01636495068669319, 0.016246631741523743, 0.018244249746203423, 0.017015814781188965, 0.01808798313140869, 0.01748017966747284, 0.01564428210258484, 0.01579263247549534, 0.015580365434288979, 0.01675606518983841, 0.017085522413253784, 0.015494868159294128, 0.017057297751307487, 0.015920545905828476, 0.018961990252137184, 0.017030587419867516, 0.016837725415825844, 0.01766199618577957, 0.017263857647776604, 0.016540486365556717, 0.016553906723856926, 0.01611906848847866, 0.015473427250981331, 0.015876878052949905, 0.018140142783522606, 0.01716696284711361, 0.01566367596387863, 0.018404211848974228, 0.018759828060865402, 0.01696654222905636, 0.014436619356274605, 0.017074350267648697, 0.016770003363490105, 0.018005143851041794, 0.01605108380317688, 0.018110407516360283, 0.014971304684877396, 0.016469087451696396, 0.01664515770971775, 0.01868518255650997, 0.01645645685493946, 0.01502923108637333, 0.019549503922462463, 0.016221847385168076, 0.017845282331109047, 0.015092967078089714, 0.01945088803768158, 0.01598488539457321, 0.018928583711385727, 0.0181436650454998, 0.017538467422127724, 0.01830226182937622, 0.015898937359452248, 0.01998073421418667, 0.016301650553941727, 0.017461255192756653, 0.016238680109381676, 0.021739570423960686, 0.016976434737443924, 0.016145721077919006, 0.0222339928150177, 0.01499202847480774, 0.01854793354868889, 0.015695782378315926, 0.016080019995570183, 0.017063813284039497, 0.015923580154776573, 0.01776544749736786, 0.01658071205019951, 0.01814287342131138, 0.016036037355661392, 0.015765823423862457, 0.016868291422724724, 0.017043713480234146, 0.017700836062431335, 0.01687551476061344, 0.01622815430164337, 0.01570175588130951, 0.016584914177656174, 0.015655361115932465, 0.017301084473729134, 0.016601737588644028, 0.015342650935053825, 0.015855805948376656, 0.016183890402317047, 0.01811927556991577, 0.018541157245635986, 0.016423247754573822, 0.01694413088262081, 0.01635955460369587, 0.01768042892217636, 0.015914469957351685, 0.016714580357074738, 0.01893383450806141, 0.01733819954097271, 0.015132077969610691, 0.01824733056128025, 0.0155229102820158, 0.01585732027888298, 0.015615498647093773, 0.01710977964103222, 0.017128625884652138, 0.018461104482412338, 0.015889111906290054, 0.01756751909852028, 0.016187112778425217, 0.016942936927080154, 0.017131958156824112, 0.01762147806584835, 0.017867766320705414, 0.01796708256006241, 0.016483284533023834, 0.016736343502998352, 0.015420174226164818, 0.01646074652671814, 0.017065024003386497, 0.01746773160994053, 0.01707438752055168, 0.017504753544926643, 0.017713719978928566, 0.013952338136732578, 0.020183444023132324, 0.018949126824736595, 0.016225621104240417, 0.01814347878098488, 0.015213684178888798, 0.015856152400374413, 0.01645190268754959, 0.01702949032187462, 0.01698296330869198, 0.015657689422369003, 0.017769772559404373, 0.015890367329120636, 0.01658402383327484, 0.019785672426223755, 0.01892523281276226, 0.016677599400281906, 0.017630262300372124, 0.016571562737226486, 0.015613725408911705, 0.017523953691124916, 0.016787443310022354, 0.014877507463097572, 0.01701303943991661, 0.018141087144613266, 0.016858980059623718, 0.016698945313692093, 0.018054956570267677, 0.01933816820383072, 0.015588885173201561, 0.01824743114411831, 0.01681828498840332, 0.01711660996079445, 0.016372494399547577, 0.017005369067192078, 0.01663333922624588, 0.017967399209737778, 0.015981078147888184, 0.016617057844996452, 0.019405340775847435, 0.017609652131795883, 0.01662581041455269, 0.017721088603138924, 0.018861372023820877, 0.01894695684313774, 0.015620177611708641, 0.0159146748483181, 0.020514070987701416, 0.01734803058207035, 0.019555214792490005, 0.016356443986296654, 0.01582241803407669, 0.01715898886322975, 0.015460735186934471, 0.015534702688455582, 0.015204261057078838, 0.01738819107413292, 0.017309069633483887, 0.014113365672528744, 0.015610305592417717, 0.016006119549274445, 0.017176765948534012, 0.01948651112616062, 0.01611022651195526, 0.016730910167098045, 0.01950943097472191, 0.017086587846279144, 0.016699619591236115, 0.016883110627532005, 0.01660170778632164, 0.01653999835252762, 0.021570194512605667, 0.01968631148338318, 0.016338953748345375, 0.018130451440811157, 0.01670396327972412, 0.019710294902324677, 0.015883810818195343, 0.015930023044347763, 0.015182895585894585, 0.015760086476802826, 0.01758742704987526, 0.02030760981142521, 0.01824110560119152, 0.017648078501224518, 0.015539723448455334, 0.017022088170051575, 0.01616973616182804, 0.016835737973451614, 0.0178218986839056, 0.015919215977191925, 0.017915356904268265, 0.019642895087599754, 0.018795963376760483, 0.016092773526906967, 0.016118507832288742, 0.017309855669736862, 0.01614081673324108, 0.01578502170741558, 0.016991782933473587, 0.01666758954524994, 0.018494779244065285, 0.01607896387577057, 0.0183996744453907, 0.01844446174800396, 0.019007954746484756, 0.01635609194636345, 0.015858512371778488, 0.017542511224746704, 0.016364336013793945, 0.018043803051114082, 0.017957273870706558, 0.015519137494266033, 0.013674801215529442]}
Setting up Multi Scale Gradient loss...
Done
Setting up Multi Scale Gradient loss...
Done
Setting up Multi Scale Gradient loss...
Done
Setting up Multi Scale Gradient loss...
Done
Setting up Multi Scale Gradient loss...
Done
Setting up Multi Scale Gradient loss...
Done
Setting up Multi Scale Gradient loss...
Done
Setting up Multi Scale Gradient loss...
Done
Setting up Multi Scale Gradient loss...
Setting up Multi Scale Gradient loss...
Done
Done
Setting up Multi Scale Gradient loss...
Done
Setting up Multi Scale Gradient loss...
Done
Setting up Multi Scale Gradient loss...
Done
Setting up Multi Scale Gradient loss...
Done
Setting up Multi Scale Gradient loss...
Done
Setting up Multi Scale Gradient loss...
Done
all losses in batch in validation:  {'loss': [0.022797949612140656, 0.02556621842086315, 0.02215781807899475, 0.025904303416609764, 0.020651327446103096, 0.029515165835618973, 0.02505997195839882, 0.028773672878742218, 0.0224042609333992, 0.023689216002821922, 0.022359050810337067, 0.028688836842775345, 0.024691691622138023, 0.0262601375579834, 0.022017179057002068, 0.020620811730623245, 0.02199237234890461, 0.02133120223879814, 0.026894235983490944, 0.02312488481402397, 0.02464958280324936, 0.024725589901208878, 0.02113577350974083, 0.02098776400089264, 0.020433152094483376, 0.023052960634231567, 0.024516645818948746, 0.021716788411140442, 0.02540111355483532, 0.0205233134329319, 0.028819451108574867, 0.025454333052039146, 0.02541287988424301, 0.024590272456407547, 0.02662571519613266, 0.024820571765303612, 0.022657424211502075, 0.02243494987487793, 0.021411512047052383, 0.02243846096098423, 0.022672761231660843, 0.024326201528310776, 0.021459925919771194, 0.029506368562579155, 0.030334006994962692, 0.023607924580574036, 0.019952530041337013, 0.026145901530981064, 0.023890869691967964, 0.025700338184833527, 0.02459181845188141, 0.026838980615139008, 0.021077370271086693, 0.024702832102775574, 0.026283707469701767, 0.02930860035121441, 0.024864066392183304, 0.02073189802467823, 0.02738136798143387, 0.02195223607122898, 0.027165796607732773, 0.02139963209629059, 0.027171200141310692, 0.02404937520623207, 0.024804426357150078, 0.02724948711693287, 0.02751917950809002, 0.03188934177160263, 0.023395327851176262, 0.027719367295503616, 0.02310868911445141, 0.027431834489107132, 0.02125365100800991, 0.030353007838129997, 0.022542297840118408, 0.022677119821310043, 0.031020112335681915, 0.01992565393447876, 0.025461550801992416, 0.021305054426193237, 0.02289450913667679, 0.02482849732041359, 0.026336487382650375, 0.025564946234226227, 0.022784631699323654, 0.028453802689909935, 0.022308774292469025, 0.023265033960342407, 0.02291044406592846, 0.027975384145975113, 0.02732124924659729, 0.023330900818109512, 0.022757072001695633, 0.020937057211995125, 0.024830788373947144, 0.020930558443069458, 0.02189687266945839, 0.022541189566254616, 0.021769389510154724, 0.02358454093337059, 0.02577916905283928, 0.025307077914476395, 0.02808929793536663, 0.02214561402797699, 0.023565292358398438, 0.021788200363516808, 0.027818024158477783, 0.022287078201770782, 0.02323967218399048, 0.02604766935110092, 0.024746879935264587, 0.019764898344874382, 0.027318719774484634, 0.020223800092935562, 0.021444179117679596, 0.020786939188838005, 0.0234263576567173, 0.027369067072868347, 0.02578021213412285, 0.02186107449233532, 0.022009246051311493, 0.02409585565328598, 0.02461109682917595, 0.023861754685640335, 0.02611646056175232, 0.024695519357919693, 0.0236966535449028, 0.02317909337580204, 0.02295476384460926, 0.022954363375902176, 0.02372746914625168, 0.02683326229453087, 0.027407467365264893, 0.025889568030834198, 0.024982081726193428, 0.027228467166423798, 0.018214421346783638, 0.029235675930976868, 0.02744428440928459, 0.02376033551990986, 0.02793986350297928, 0.02058490924537182, 0.0211236160248518, 0.0237917210906744, 0.02390649914741516, 0.02371613122522831, 0.020919129252433777, 0.030062146484851837, 0.021737398579716682, 0.023125510662794113, 0.027531322091817856, 0.025804875418543816, 0.025966838002204895, 0.023657506331801414, 0.024709556251764297, 0.021291375160217285, 0.024638071656227112, 0.023249074816703796, 0.02251702919602394, 0.0260884091258049, 0.02505180984735489, 0.022649593651294708, 0.022601991891860962, 0.029165666550397873, 0.03250322490930557, 0.021580757573246956, 0.027326110750436783, 0.02401364967226982, 0.023805608972907066, 0.021673746407032013, 0.02456510439515114, 0.025366954505443573, 0.02721216343343258, 0.02289930172264576, 0.02355477586388588, 0.027903228998184204, 0.02707938849925995, 0.022034473717212677, 0.024943038821220398, 0.030324213206768036, 0.02864895388484001, 0.02330508455634117, 0.02306457981467247, 0.03239656612277031, 0.02697163075208664, 0.02895284816622734, 0.024969499558210373, 0.021702351048588753, 0.025000426918268204, 0.022562410682439804, 0.02085225097835064, 0.021755363792181015, 0.023378783836960793, 0.024419961497187614, 0.01858922280371189, 0.021184951066970825, 0.021952830255031586, 0.024726564064621925, 0.027263198047876358, 0.02397889271378517, 0.02363046631217003, 0.027697011828422546, 0.026648811995983124, 0.02648530714213848, 0.026227250695228577, 0.026313845068216324, 0.022993598133325577, 0.03183310478925705, 0.029335670173168182, 0.02116345800459385, 0.02731294557452202, 0.02570268139243126, 0.02502027526497841, 0.024213701486587524, 0.021708611398935318, 0.02121080458164215, 0.022029435262084007, 0.024742770940065384, 0.029761912301182747, 0.023764286190271378, 0.02731310948729515, 0.021708697080612183, 0.02492356114089489, 0.021301060914993286, 0.026363909244537354, 0.025337612256407738, 0.023704642429947853, 0.027206074446439743, 0.032939568161964417, 0.03016400896012783, 0.023051636293530464, 0.02303651161491871, 0.022835958749055862, 0.022239305078983307, 0.022061742842197418, 0.02272678352892399, 0.02444099821150303, 0.028629615902900696, 0.021316319704055786, 0.025746917352080345, 0.026666127145290375, 0.025862039998173714, 0.02182178571820259, 0.02471788227558136, 0.026066385209560394, 0.022780409082770348, 0.028430413454771042, 0.02804219350218773, 0.022505950182676315, 0.02391604334115982], 'L_si': [0.007098780013620853, 0.009378794580698013, 0.006374152842909098, 0.007760925684124231, 0.005503998603671789, 0.01105817873030901, 0.009677019901573658, 0.010995160788297653, 0.006877915468066931, 0.007040739059448242, 0.00748711172491312, 0.010383875109255314, 0.007974792271852493, 0.00887104868888855, 0.006705304607748985, 0.005696828011423349, 0.006058885250240564, 0.005817424040287733, 0.00926261581480503, 0.007142676040530205, 0.0070570288226008415, 0.007646216079592705, 0.006101713050156832, 0.005262711085379124, 0.005652181804180145, 0.006847661919891834, 0.00774015998467803, 0.006575301755219698, 0.008817708119750023, 0.005554825533181429, 0.010910509154200554, 0.008761541917920113, 0.009591872803866863, 0.0074029769748449326, 0.009402232244610786, 0.00869336724281311, 0.0068280696868896484, 0.006882509216666222, 0.006227429956197739, 0.006989726331084967, 0.007097099907696247, 0.007759044878184795, 0.00594739057123661, 0.011450786143541336, 0.011878627352416515, 0.007073736749589443, 0.005720242857933044, 0.009207898750901222, 0.007417215500026941, 0.008187293075025082, 0.008890223689377308, 0.009564743377268314, 0.00661192461848259, 0.008811365813016891, 0.010151633061468601, 0.01089874841272831, 0.008662731386721134, 0.005846202839165926, 0.008696910925209522, 0.006593866273760796, 0.0101842125877738, 0.006718068849295378, 0.008179409429430962, 0.007761493790894747, 0.007060718256980181, 0.009454580023884773, 0.010450722649693489, 0.014129887335002422, 0.007188288029283285, 0.009188627824187279, 0.0067529198713600636, 0.010528136976063251, 0.005384518299251795, 0.009917132556438446, 0.006469528656452894, 0.007098046131432056, 0.009751708246767521, 0.005281632766127586, 0.007926886901259422, 0.005714185535907745, 0.0069673629477620125, 0.008146616630256176, 0.010058975778520107, 0.008244131691753864, 0.006651603151112795, 0.01095544919371605, 0.00690052006393671, 0.007434803061187267, 0.006692590191960335, 0.010892565362155437, 0.010056773200631142, 0.006618788931518793, 0.00688633369281888, 0.0055216397158801556, 0.008528861217200756, 0.005693344399333, 0.005909953266382217, 0.0062612141482532024, 0.006538660265505314, 0.00840840395539999, 0.009219301864504814, 0.007088001351803541, 0.010226011276245117, 0.005976698826998472, 0.006734813563525677, 0.0062491437420248985, 0.009598138742148876, 0.006563676055520773, 0.007298565935343504, 0.008659325540065765, 0.0073922546580433846, 0.005025722086429596, 0.008648565970361233, 0.0055482531897723675, 0.0058049713261425495, 0.005391750019043684, 0.006498671602457762, 0.01020047813653946, 0.008630707859992981, 0.006564705166965723, 0.005858753342181444, 0.007752510719001293, 0.007556741125881672, 0.007294866722077131, 0.00872647762298584, 0.007663675583899021, 0.006679510697722435, 0.007226100191473961, 0.006669279187917709, 0.007973304949700832, 0.007809790316969156, 0.00992782786488533, 0.010135340504348278, 0.008814607746899128, 0.0081349927932024, 0.00934271328151226, 0.004613141994923353, 0.0091584213078022, 0.010479711927473545, 0.00764679117128253, 0.010443546809256077, 0.005724180024117231, 0.005393001716583967, 0.007730438839644194, 0.007685930468142033, 0.007010685745626688, 0.005930638872087002, 0.012097470462322235, 0.00632420415058732, 0.0071760849095880985, 0.0092904819175601, 0.007491750176995993, 0.009932718239724636, 0.0071960799396038055, 0.008662913925945759, 0.005864820908755064, 0.007207953371107578, 0.0066811516880989075, 0.007986731827259064, 0.009849808178842068, 0.006886410526931286, 0.005762387998402119, 0.0063958545215427876, 0.011119191534817219, 0.013311496004462242, 0.006406980101019144, 0.009670884348452091, 0.0077918777242302895, 0.007137017790228128, 0.0059774755500257015, 0.008180015720427036, 0.008655101992189884, 0.009399551898241043, 0.007495237980037928, 0.007013566326349974, 0.008843954652547836, 0.010145886801183224, 0.006145488005131483, 0.008783506229519844, 0.010996283032000065, 0.00965243112295866, 0.008134358562529087, 0.007493310142308474, 0.011624588631093502, 0.009402737952768803, 0.009761075489223003, 0.008660797961056232, 0.006350198294967413, 0.0074991448782384396, 0.006994479335844517, 0.005616320762783289, 0.006670170463621616, 0.006251124199479818, 0.007248181849718094, 0.00462596258148551, 0.005699553526937962, 0.006510342005640268, 0.007886949926614761, 0.008023019880056381, 0.008155368268489838, 0.007401871960610151, 0.008807134814560413, 0.009643813595175743, 0.010112142190337181, 0.009154516272246838, 0.010112270712852478, 0.007310091983526945, 0.011637127958238125, 0.01015807781368494, 0.005610667634755373, 0.008782573975622654, 0.008598056621849537, 0.0074518295004963875, 0.008661553263664246, 0.006164394784718752, 0.006615829654037952, 0.006619944702833891, 0.00769707839936018, 0.010845338925719261, 0.007623546756803989, 0.009852009825408459, 0.006505296565592289, 0.007802364882081747, 0.0058035822585225105, 0.009851661510765553, 0.007266456261277199, 0.00724351080134511, 0.009614414535462856, 0.013937292620539665, 0.011093061417341232, 0.00696716271340847, 0.007327637169510126, 0.006369049195200205, 0.006397790275514126, 0.006719478406012058, 0.006953323259949684, 0.00778375007212162, 0.010019726119935513, 0.005643485113978386, 0.00862010195851326, 0.008375685662031174, 0.006481202784925699, 0.005950313527137041, 0.008505427278578281, 0.008923114277422428, 0.006726143881678581, 0.010669121518731117, 0.010571382008492947, 0.00742794806137681, 0.010335564613342285], 'L_grad': [0.015699168667197227, 0.016187423840165138, 0.01578366570174694, 0.01814337819814682, 0.015147329308092594, 0.018456988036632538, 0.015382951125502586, 0.017778512090444565, 0.015526344999670982, 0.01664847694337368, 0.014871940016746521, 0.018304962664842606, 0.01671689935028553, 0.01738908886909485, 0.015311874449253082, 0.014923984184861183, 0.015933487564325333, 0.015513777732849121, 0.017631620168685913, 0.015982208773493767, 0.017592554911971092, 0.017079373821616173, 0.015034060925245285, 0.01572505384683609, 0.01478097029030323, 0.01620529778301716, 0.01677648536860943, 0.015141487121582031, 0.016583405435085297, 0.014968487434089184, 0.017908941954374313, 0.016692791134119034, 0.015821006149053574, 0.017187295481562614, 0.017223482951521873, 0.0161272045224905, 0.015829354524612427, 0.015552439726889133, 0.015184082090854645, 0.015448734164237976, 0.015575660392642021, 0.016567155718803406, 0.015512535348534584, 0.01805558241903782, 0.01845538057386875, 0.016534186899662018, 0.014232287183403969, 0.01693800278007984, 0.01647365465760231, 0.01751304417848587, 0.015701595693826675, 0.017274238169193268, 0.014465445652604103, 0.015891466289758682, 0.01613207347691059, 0.0184098519384861, 0.016201334074139595, 0.014885695651173592, 0.01868445798754692, 0.015358369797468185, 0.016981584951281548, 0.014681562781333923, 0.01899179071187973, 0.01628788188099861, 0.017743708565831184, 0.017794907093048096, 0.01706845685839653, 0.017759453505277634, 0.01620703935623169, 0.018530739471316338, 0.016355769708752632, 0.016903696581721306, 0.015869133174419403, 0.02043587528169155, 0.016072768718004227, 0.015579072758555412, 0.02126840315759182, 0.014644022099673748, 0.017534663900732994, 0.015590868890285492, 0.01592714712023735, 0.016681881621479988, 0.016277510672807693, 0.017320815473794937, 0.016133029013872147, 0.017498353496193886, 0.01540825329720974, 0.015830229967832565, 0.016217853873968124, 0.01708281971514225, 0.01726447604596615, 0.016712112352252007, 0.01587073877453804, 0.015415417030453682, 0.016301928088068962, 0.015237214975059032, 0.015986919403076172, 0.016279974952340126, 0.015230730175971985, 0.0151761369779706, 0.016559867188334465, 0.018219076097011566, 0.017863286659121513, 0.01616891473531723, 0.016830477863550186, 0.015539056621491909, 0.018219884485006332, 0.015723401680588722, 0.015941105782985687, 0.017388343811035156, 0.017354626208543777, 0.014739176258444786, 0.018670154735445976, 0.014675546437501907, 0.015639208257198334, 0.015395188704133034, 0.01692768558859825, 0.017168588936328888, 0.017149504274129868, 0.015296369791030884, 0.016150493174791336, 0.016343344002962112, 0.017054356634616852, 0.016566887497901917, 0.01738998293876648, 0.017031844705343246, 0.017017142847180367, 0.01595299318432808, 0.01628548465669155, 0.014981058426201344, 0.01591767929494381, 0.01690543442964554, 0.01727212779223919, 0.017074961215257645, 0.016847088932991028, 0.017885753884911537, 0.013601278886198997, 0.020077254623174667, 0.01696457341313362, 0.01611354388296604, 0.017496317625045776, 0.0148607287555933, 0.015730613842606544, 0.01606128178536892, 0.016220569610595703, 0.01670544594526291, 0.01498849131166935, 0.017964676022529602, 0.01541319489479065, 0.015949426218867302, 0.01824084110558033, 0.018313124775886536, 0.016034120693802834, 0.01646142639219761, 0.016046643257141113, 0.015426554717123508, 0.01743011735379696, 0.01656792312860489, 0.014530298300087452, 0.01623860001564026, 0.018165400251746178, 0.016887206584215164, 0.01620613783597946, 0.01804647594690323, 0.01919173076748848, 0.015173777937889099, 0.017655227333307266, 0.016221772879362106, 0.016668591648340225, 0.015696270391345024, 0.016385089606046677, 0.016711851581931114, 0.017812611535191536, 0.015404063276946545, 0.01654120907187462, 0.019059274345636368, 0.01693350076675415, 0.015888985246419907, 0.016159532591700554, 0.019327929243445396, 0.018996521830558777, 0.015170726925134659, 0.01557126920670271, 0.020771978422999382, 0.017568891867995262, 0.019191771745681763, 0.016308702528476715, 0.015352152287960052, 0.017501281574368477, 0.015567930415272713, 0.015235929749906063, 0.015085194259881973, 0.017127659171819687, 0.01717177964746952, 0.013963260687887669, 0.015485397540032864, 0.01544248778373003, 0.016839614138007164, 0.019240178167819977, 0.015823524445295334, 0.01622859388589859, 0.018889877945184708, 0.01700499840080738, 0.0163731649518013, 0.017072733491659164, 0.016201574355363846, 0.015683505684137344, 0.0201959777623415, 0.019177593290805817, 0.015552789904177189, 0.01853037253022194, 0.017104625701904297, 0.017568446695804596, 0.015552148222923279, 0.015544216148555279, 0.014594975858926773, 0.015409490093588829, 0.01704569160938263, 0.018916573375463486, 0.016140740364789963, 0.017461098730564117, 0.015203401446342468, 0.017121195793151855, 0.015497477725148201, 0.016512248665094376, 0.01807115599513054, 0.01646113209426403, 0.017591658979654312, 0.01900227554142475, 0.019070947542786598, 0.016084473580121994, 0.01570887491106987, 0.016466910019516945, 0.015841515734791756, 0.015342265367507935, 0.015773460268974304, 0.01665724813938141, 0.01860988885164261, 0.0156728345900774, 0.017126815393567085, 0.0182904414832592, 0.019380837678909302, 0.015871472656726837, 0.016212454065680504, 0.01714327000081539, 0.016054265201091766, 0.017761291936039925, 0.017470810562372208, 0.015078002586960793, 0.013580478727817535]}
New Learning Rate: 0.000050
Setting up Multi Scale Gradient loss...
Done
Setting up Multi Scale Gradient loss...
Done
Setting up Multi Scale Gradient loss...
Done
Setting up Multi Scale Gradient loss...
Done
Setting up Multi Scale Gradient loss...
Done
Setting up Multi Scale Gradient loss...
Done
Setting up Multi Scale Gradient loss...
Done
Setting up Multi Scale Gradient loss...
Done
Setting up Multi Scale Gradient loss...
Done
Setting up Multi Scale Gradient loss...
Done
Setting up Multi Scale Gradient loss...
Done
Setting up Multi Scale Gradient loss...
Done
Setting up Multi Scale Gradient loss...
Done
Setting up Multi Scale Gradient loss...
Done
Setting up Multi Scale Gradient loss...
Done
Setting up Multi Scale Gradient loss...
Done
all losses in batch in validation:  {'loss': [0.02328287437558174, 0.02588040754199028, 0.022330602630972862, 0.026779435575008392, 0.021455347537994385, 0.029542386531829834, 0.025356430560350418, 0.028857216238975525, 0.023251567035913467, 0.025794483721256256, 0.022646775469183922, 0.03113410249352455, 0.025136329233646393, 0.02743854746222496, 0.02311578392982483, 0.020936857908964157, 0.022988583892583847, 0.022339750081300735, 0.027238933369517326, 0.023190906271338463, 0.026216603815555573, 0.025796905159950256, 0.02246914431452751, 0.02127261459827423, 0.021691903471946716, 0.023779278621077538, 0.024066297337412834, 0.022310946136713028, 0.025545060634613037, 0.02271800860762596, 0.028772829100489616, 0.026305673643946648, 0.026589127257466316, 0.026555469259619713, 0.028194574639201164, 0.02496776357293129, 0.02407711371779442, 0.023841064423322678, 0.021944571286439896, 0.022890189662575722, 0.0249350443482399, 0.025516320019960403, 0.022541522979736328, 0.02901254966855049, 0.029834166169166565, 0.023691866546869278, 0.020985987037420273, 0.025819581001996994, 0.024305541068315506, 0.02641165256500244, 0.024930937215685844, 0.027207085862755775, 0.021345028653740883, 0.026190150529146194, 0.026450514793395996, 0.02931598201394081, 0.025322776287794113, 0.020942766219377518, 0.028026040643453598, 0.022778093814849854, 0.02737051248550415, 0.022474495694041252, 0.027756880968809128, 0.022591330111026764, 0.02671453170478344, 0.025846034288406372, 0.028484199196100235, 0.031049951910972595, 0.022766919806599617, 0.027490580454468727, 0.023760154843330383, 0.02786892279982567, 0.02201274409890175, 0.03431491181254387, 0.025181036442518234, 0.023647455498576164, 0.03298131376504898, 0.02097838744521141, 0.026803303509950638, 0.02184038795530796, 0.023069055750966072, 0.026010863482952118, 0.024871107190847397, 0.026118041947484016, 0.023665225133299828, 0.02816089242696762, 0.022950269281864166, 0.023454438894987106, 0.025067199021577835, 0.027520714327692986, 0.027975497767329216, 0.025145145133137703, 0.023582682013511658, 0.021588876843452454, 0.024134449660778046, 0.021735185757279396, 0.023457923904061317, 0.023419363424181938, 0.022432871162891388, 0.023632287979125977, 0.026140425354242325, 0.026467595249414444, 0.029027137905359268, 0.023542124778032303, 0.023920923471450806, 0.022103363648056984, 0.027764610946178436, 0.023594388738274574, 0.02335273288190365, 0.026933180168271065, 0.02462095394730568, 0.020686369389295578, 0.02834458276629448, 0.02112625725567341, 0.02282034046947956, 0.020699232816696167, 0.02467496320605278, 0.026899486780166626, 0.028199046850204468, 0.022918904200196266, 0.02455417811870575, 0.024104295298457146, 0.024672245606780052, 0.024141116067767143, 0.028065800666809082, 0.027445746585726738, 0.02415616251528263, 0.023698383942246437, 0.023392362520098686, 0.022387180477380753, 0.023908747360110283, 0.027776621282100677, 0.02834869921207428, 0.025403834879398346, 0.026485774666070938, 0.027511440217494965, 0.01829197257757187, 0.030365897342562675, 0.02842818945646286, 0.02324562333524227, 0.027977444231510162, 0.02155568078160286, 0.022969383746385574, 0.023595016449689865, 0.0256000068038702, 0.024348746985197067, 0.022925233468413353, 0.03108559548854828, 0.022360943257808685, 0.0234857015311718, 0.030198846012353897, 0.027802549302577972, 0.026203399524092674, 0.024406103417277336, 0.026922358199954033, 0.021423056721687317, 0.025011394172906876, 0.023749854415655136, 0.023414194583892822, 0.02624562568962574, 0.025971699506044388, 0.023422304540872574, 0.023183025419712067, 0.02952173538506031, 0.034406550228595734, 0.022102365270256996, 0.02731425315141678, 0.02344013750553131, 0.0250258669257164, 0.021895773708820343, 0.02476930245757103, 0.025832056999206543, 0.027044449001550674, 0.023703740909695625, 0.023941518738865852, 0.027380824089050293, 0.027669064700603485, 0.023328647017478943, 0.025243807584047318, 0.032879892736673355, 0.029254775494337082, 0.023355111479759216, 0.022940820083022118, 0.033423133194446564, 0.026855794712901115, 0.03053877502679825, 0.025750698521733284, 0.022111333906650543, 0.02642940729856491, 0.02191919833421707, 0.021616283804178238, 0.02215396612882614, 0.024435069411993027, 0.02435700222849846, 0.01947239600121975, 0.021656930446624756, 0.023394495248794556, 0.024620456621050835, 0.029316691681742668, 0.023511584848165512, 0.023472271859645844, 0.02838798239827156, 0.02681625448167324, 0.026428982615470886, 0.025146793574094772, 0.025844328105449677, 0.023699890822172165, 0.0325593575835228, 0.03167349100112915, 0.02252473309636116, 0.028590239584445953, 0.025430135428905487, 0.027500882744789124, 0.024879414588212967, 0.022457223385572433, 0.021352577954530716, 0.022302206605672836, 0.025882069021463394, 0.03270856291055679, 0.02484835311770439, 0.02764817886054516, 0.02296847477555275, 0.024836041033267975, 0.02180914394557476, 0.02629479393362999, 0.026861391961574554, 0.022344594821333885, 0.02788986638188362, 0.03296593949198723, 0.027894277125597, 0.02416001819074154, 0.022575093433260918, 0.024260971695184708, 0.022963879629969597, 0.021619673818349838, 0.02333933860063553, 0.02356499433517456, 0.031073901802301407, 0.02217446267604828, 0.02701444923877716, 0.02772994339466095, 0.02780980058014393, 0.022385424003005028, 0.022929344326257706, 0.026351699605584145, 0.023408977314829826, 0.029124584048986435, 0.027919236570596695, 0.022900564596056938, 0.025457877665758133], 'L_si': [0.0073278723284602165, 0.009410369209945202, 0.006463764701038599, 0.00823577493429184, 0.005827574525028467, 0.010958111844956875, 0.009615526534616947, 0.010849845595657825, 0.0069765569642186165, 0.00798765942454338, 0.007516872603446245, 0.011827966198325157, 0.008147403597831726, 0.009653046727180481, 0.007261552382260561, 0.005845793057233095, 0.006464792415499687, 0.006156161427497864, 0.009341111406683922, 0.006887311115860939, 0.007852901704609394, 0.008083292283117771, 0.006706484127789736, 0.005378675647079945, 0.006158348638564348, 0.007000792305916548, 0.007383908610790968, 0.006732207257300615, 0.008746728301048279, 0.006679604761302471, 0.01048300787806511, 0.009094581007957458, 0.010317306965589523, 0.008531531319022179, 0.010361703112721443, 0.008802920579910278, 0.0075873760506510735, 0.007596675306558609, 0.00652295583859086, 0.007136096712201834, 0.00809283647686243, 0.008384170942008495, 0.006467473227530718, 0.011148587800562382, 0.011439493857324123, 0.00687614269554615, 0.006021041423082352, 0.00896074716001749, 0.007576979696750641, 0.008522595278918743, 0.008940408006310463, 0.009554628282785416, 0.0065998113714158535, 0.009589563123881817, 0.010303120128810406, 0.010645265690982342, 0.008756409399211407, 0.0061043850146234035, 0.008895925246179104, 0.007042272947728634, 0.0101333511993289, 0.007032123859971762, 0.00853943731635809, 0.006927975453436375, 0.007862119004130363, 0.008471297100186348, 0.010846494697034359, 0.013191554695367813, 0.006812462117522955, 0.009024603292346, 0.006884639151394367, 0.01046027336269617, 0.005526048131287098, 0.012122073210775852, 0.007570007815957069, 0.007475805934518576, 0.010761892423033714, 0.005725593771785498, 0.008514710702002048, 0.0058297328650951385, 0.006884399335831404, 0.008798518218100071, 0.009288657456636429, 0.008566724136471748, 0.00680035213008523, 0.01059994287788868, 0.0070161777548491955, 0.007274947129189968, 0.0076682125218212605, 0.01063411496579647, 0.010355260223150253, 0.007467664312571287, 0.007000497542321682, 0.005673615727573633, 0.007879875600337982, 0.006034174468368292, 0.0063906945288181305, 0.006513604428619146, 0.006866496987640858, 0.008389736525714397, 0.009408446960151196, 0.007976534776389599, 0.010380962863564491, 0.006605160888284445, 0.006903315894305706, 0.006236300338059664, 0.009548843838274479, 0.007078689057379961, 0.0072893439792096615, 0.00890926830470562, 0.00709307799115777, 0.005426712334156036, 0.009006387554109097, 0.0060319555923342705, 0.0064447070471942425, 0.00510298740118742, 0.007185652852058411, 0.009820851497352123, 0.010002895258367062, 0.006901157554239035, 0.007051324937492609, 0.007677581161260605, 0.007607622072100639, 0.007201120723038912, 0.009709143079817295, 0.009216049686074257, 0.006964708212763071, 0.007444878574460745, 0.006876446772366762, 0.007583715487271547, 0.007850030437111855, 0.010124621912837029, 0.010430321097373962, 0.008423984982073307, 0.009178499691188335, 0.009312321431934834, 0.004561987705528736, 0.009760774672031403, 0.010692180134356022, 0.007219785824418068, 0.010182840749621391, 0.0062047624960541725, 0.006410292349755764, 0.007532261312007904, 0.00855758972465992, 0.006958917714655399, 0.006992707494646311, 0.012668624520301819, 0.006531630642712116, 0.007193717639893293, 0.010783247649669647, 0.008698780089616776, 0.009728355333209038, 0.007345038000494242, 0.009852170944213867, 0.005777901504188776, 0.0075535704381763935, 0.00681579764932394, 0.008481067605316639, 0.009717339649796486, 0.0074291168712079525, 0.006243298761546612, 0.00666192639619112, 0.011087475344538689, 0.014642151072621346, 0.006452676374465227, 0.009634499438107014, 0.007338601164519787, 0.007668094709515572, 0.006021551322191954, 0.008023431524634361, 0.008749221451580524, 0.009249221533536911, 0.007590865716338158, 0.007006368134170771, 0.008483504876494408, 0.010097095742821693, 0.006732653360813856, 0.008818305097520351, 0.01281399093568325, 0.009665142744779587, 0.008054028265178204, 0.007145936135202646, 0.01205485500395298, 0.009200507774949074, 0.010756317526102066, 0.008936988189816475, 0.0063888817094266415, 0.008420414291322231, 0.006608865223824978, 0.006008122581988573, 0.00675323186442256, 0.006419142708182335, 0.0071515245363116264, 0.004973533097654581, 0.005932717118412256, 0.0070456089451909065, 0.0077410172671079636, 0.008887596428394318, 0.0077215018682181835, 0.007151160854846239, 0.009322075173258781, 0.00956621952354908, 0.00991722010076046, 0.00844359677284956, 0.009808678179979324, 0.00759120425209403, 0.011743688955903053, 0.011527341790497303, 0.006113044917583466, 0.009323887526988983, 0.008347970433533192, 0.008857648819684982, 0.008842668496072292, 0.0064452108927071095, 0.0064987363293766975, 0.006588413845747709, 0.008115635253489017, 0.012431545183062553, 0.008187908679246902, 0.009964847937226295, 0.006917682010680437, 0.00768019026145339, 0.0059378729201853275, 0.00959813129156828, 0.008218198083341122, 0.00635276036337018, 0.009927156381309032, 0.013514223508536816, 0.00971400085836649, 0.007422081660479307, 0.006817210465669632, 0.007048787549138069, 0.006804905831813812, 0.006327801384031773, 0.007106083445250988, 0.007236565463244915, 0.011313109658658504, 0.005900215823203325, 0.009092350490391254, 0.008622498251497746, 0.007374376058578491, 0.006047689821571112, 0.007485703099519014, 0.0091207604855299, 0.006930680945515633, 0.011114109307527542, 0.010234389454126358, 0.007550694514065981, 0.011459060944616795], 'L_grad': [0.01595500111579895, 0.016470037400722504, 0.01586683839559555, 0.018543660640716553, 0.015627773478627205, 0.018584273755550385, 0.015740904957056046, 0.018007369711995125, 0.016275011003017426, 0.017806824296712875, 0.015129903331398964, 0.019306136295199394, 0.016988925635814667, 0.01778550073504448, 0.015854232013225555, 0.015091064386069775, 0.01652379147708416, 0.01618358865380287, 0.017897821962833405, 0.016303595155477524, 0.018363701179623604, 0.01771361194550991, 0.015762660652399063, 0.01589393988251686, 0.015533555299043655, 0.016778485849499702, 0.01668238826096058, 0.015578738413751125, 0.01679833233356476, 0.016038402915000916, 0.018289821222424507, 0.01721109263598919, 0.016271820291876793, 0.018023937940597534, 0.01783287152647972, 0.01616484299302101, 0.01648973673582077, 0.01624438911676407, 0.015421614982187748, 0.0157540924847126, 0.016842208802700043, 0.017132148146629333, 0.016074050217866898, 0.017863962799310684, 0.018394671380519867, 0.016815723851323128, 0.014964945614337921, 0.016858834773302078, 0.016728561371564865, 0.017889058217406273, 0.01599052920937538, 0.01765245757997036, 0.014745217747986317, 0.016600588336586952, 0.016147393733263016, 0.018670715391635895, 0.016566365957260132, 0.014838380739092827, 0.01913011632859707, 0.015735819935798645, 0.017237160354852676, 0.015442371368408203, 0.019217444583773613, 0.015663355588912964, 0.018852412700653076, 0.017374737188220024, 0.0176377035677433, 0.017858397215604782, 0.015954457223415375, 0.018465977162122726, 0.01687551476061344, 0.017408650368452072, 0.016486696898937225, 0.02219283953309059, 0.017611028626561165, 0.0161716490983963, 0.022219419479370117, 0.015252793207764626, 0.018288591876626015, 0.016010655090212822, 0.01618465594947338, 0.017212344333529472, 0.015582449734210968, 0.017551317811012268, 0.016864873468875885, 0.01756094954907894, 0.015934091061353683, 0.016179492697119713, 0.017398986965417862, 0.016886599361896515, 0.017620237544178963, 0.01767748035490513, 0.0165821835398674, 0.015915261581540108, 0.016254574060440063, 0.015701010823249817, 0.017067229375243187, 0.016905758529901505, 0.015566373243927956, 0.015242552384734154, 0.016731977462768555, 0.01849106140434742, 0.018646175041794777, 0.01693696342408657, 0.017017606645822525, 0.015867063775658607, 0.018215766176581383, 0.0165157001465559, 0.0160633884370327, 0.018023911863565445, 0.017527876421809196, 0.015259657986462116, 0.019338196143507957, 0.015094301663339138, 0.01637563295662403, 0.015596246346831322, 0.01748931035399437, 0.017078634351491928, 0.01819615252315998, 0.016017746180295944, 0.017502853646874428, 0.01642671413719654, 0.017064623534679413, 0.01693999581038952, 0.01835665851831436, 0.01822969689965248, 0.017191454768180847, 0.016253504902124405, 0.01651591621339321, 0.014803465455770493, 0.01605871692299843, 0.01765199936926365, 0.017918378114700317, 0.016979850828647614, 0.017307275906205177, 0.018199117854237556, 0.013729984872043133, 0.020605122670531273, 0.017736008390784264, 0.016025837510824203, 0.01779460348188877, 0.015350917354226112, 0.016559090465307236, 0.01606275513768196, 0.01704241707921028, 0.017389830201864243, 0.01593252643942833, 0.01841697096824646, 0.015829313546419144, 0.016291983425617218, 0.01941559836268425, 0.019103769212961197, 0.016475044190883636, 0.01706106588244438, 0.017070187255740166, 0.015645155683159828, 0.01745782420039177, 0.01693405769765377, 0.014933127909898758, 0.016528286039829254, 0.018542582169175148, 0.017179004848003387, 0.01652109995484352, 0.01843426004052162, 0.01976439729332924, 0.015649689361453056, 0.01767975278198719, 0.01610153540968895, 0.01735777221620083, 0.015874221920967102, 0.01674587093293667, 0.017082834616303444, 0.017795227468013763, 0.016112875193357468, 0.01693515107035637, 0.018897319212555885, 0.01757196895778179, 0.0165959931910038, 0.01642550155520439, 0.020065901800990105, 0.019589632749557495, 0.015301084145903587, 0.01579488441348076, 0.021368280053138733, 0.01765528693795204, 0.019782457500696182, 0.01681371033191681, 0.015722451731562614, 0.018008992075920105, 0.015310332179069519, 0.015608161687850952, 0.015400734730064869, 0.018015926703810692, 0.017205476760864258, 0.014498863369226456, 0.015724213793873787, 0.016348887234926224, 0.01687943935394287, 0.02042909525334835, 0.01579008251428604, 0.01632111147046089, 0.01906590722501278, 0.01725003495812416, 0.016511762514710426, 0.016703195869922638, 0.016035649925470352, 0.016108686104416847, 0.020815670490264893, 0.020146148279309273, 0.016411688178777695, 0.01926635205745697, 0.01708216406404972, 0.01864323392510414, 0.0160367451608181, 0.01601201295852661, 0.014853840693831444, 0.01571379229426384, 0.01776643469929695, 0.02027701959013939, 0.01666044443845749, 0.017683330923318863, 0.0160507932305336, 0.017155850306153297, 0.01587127149105072, 0.016696663573384285, 0.018643192946910858, 0.015991834923624992, 0.017962709069252014, 0.019451715052127838, 0.018180275335907936, 0.016737936064600945, 0.015757882967591286, 0.01721218414604664, 0.016158973798155785, 0.015291871502995491, 0.016233256086707115, 0.01632842980325222, 0.019760793074965477, 0.01627424731850624, 0.01792209967970848, 0.01910744421184063, 0.020435424521565437, 0.01633773371577263, 0.015443641692399979, 0.017230939120054245, 0.016478296369314194, 0.018010474741458893, 0.017684847116470337, 0.015349870547652245, 0.013998817652463913]}
Setting up Multi Scale Gradient loss...
Done
Setting up Multi Scale Gradient loss...
Done
Setting up Multi Scale Gradient loss...
Done
Setting up Multi Scale Gradient loss...
Done
Setting up Multi Scale Gradient loss...
Done
Setting up Multi Scale Gradient loss...
Done
Setting up Multi Scale Gradient loss...
Done
Setting up Multi Scale Gradient loss...
Done
Setting up Multi Scale Gradient loss...
Done
Setting up Multi Scale Gradient loss...
Done
Setting up Multi Scale Gradient loss...
Done
Setting up Multi Scale Gradient loss...
Done
Setting up Multi Scale Gradient loss...
Done
Setting up Multi Scale Gradient loss...
Done
Setting up Multi Scale Gradient loss...
Done
Setting up Multi Scale Gradient loss...
Done
all losses in batch in validation:  {'loss': [0.024564560502767563, 0.026197373867034912, 0.023736760020256042, 0.027324799448251724, 0.021701274439692497, 0.030719976872205734, 0.026494652032852173, 0.03026154451072216, 0.023655205965042114, 0.02690868452191353, 0.023769520223140717, 0.03337755799293518, 0.026224741712212563, 0.029114697128534317, 0.024641335010528564, 0.02202029526233673, 0.02391641028225422, 0.02343739941716194, 0.028630077838897705, 0.024136710911989212, 0.026374898850917816, 0.025996839627623558, 0.02367267571389675, 0.020969629287719727, 0.022281253710389137, 0.024950429797172546, 0.024858787655830383, 0.02301425114274025, 0.026412447914481163, 0.02462974563241005, 0.030230028554797173, 0.02769506350159645, 0.02768891677260399, 0.027660243213176727, 0.02935873158276081, 0.025255057960748672, 0.02638753317296505, 0.025880424305796623, 0.022639062255620956, 0.023890644311904907, 0.027384864166378975, 0.02719275653362274, 0.023497499525547028, 0.030226347967982292, 0.030969155952334404, 0.023925280198454857, 0.021815793588757515, 0.026982028037309647, 0.024393053725361824, 0.028211958706378937, 0.026107395067811012, 0.02756354957818985, 0.022324813529849052, 0.027912158519029617, 0.028509078547358513, 0.029742872342467308, 0.025883721187710762, 0.022446241229772568, 0.029091402888298035, 0.02341623045504093, 0.029016301035881042, 0.02331131137907505, 0.0273948535323143, 0.023767510429024696, 0.028170142322778702, 0.02829042449593544, 0.02990351803600788, 0.03289832919836044, 0.0242869034409523, 0.030819041654467583, 0.02375061810016632, 0.028584808111190796, 0.021937528625130653, 0.03613182529807091, 0.026806743815541267, 0.02434784173965454, 0.034390583634376526, 0.021719034761190414, 0.0291612446308136, 0.02207712084054947, 0.023761868476867676, 0.027541764080524445, 0.026827538385987282, 0.027107972651720047, 0.023452967405319214, 0.028784632682800293, 0.02387864515185356, 0.023828111588954926, 0.02579314075410366, 0.029466522857546806, 0.02977646514773369, 0.025167230516672134, 0.024076109752058983, 0.02183959260582924, 0.025027241557836533, 0.022448286414146423, 0.023648476228117943, 0.024003881961107254, 0.023501962423324585, 0.02524961717426777, 0.026656396687030792, 0.026953663676977158, 0.029864855110645294, 0.023939313367009163, 0.024738678708672523, 0.02245238795876503, 0.028605889528989792, 0.02498151920735836, 0.0239658635109663, 0.028312332928180695, 0.02608492597937584, 0.02132658287882805, 0.028668005019426346, 0.02212819829583168, 0.023691367357969284, 0.021062832325696945, 0.02516666054725647, 0.027825258672237396, 0.029901795089244843, 0.02361970953643322, 0.02539621852338314, 0.02502642199397087, 0.02526164799928665, 0.024375833570957184, 0.029354099184274673, 0.031095750629901886, 0.024587133899331093, 0.02451355755329132, 0.025025803595781326, 0.02409725822508335, 0.024569738656282425, 0.028836147859692574, 0.028754908591508865, 0.027179550379514694, 0.0283878892660141, 0.028072919696569443, 0.0181236881762743, 0.03071393445134163, 0.03013843670487404, 0.02455766312777996, 0.029023122042417526, 0.022707859054207802, 0.02231510728597641, 0.024170823395252228, 0.02683364786207676, 0.024792946875095367, 0.024469347670674324, 0.032710153609514236, 0.023079564794898033, 0.024452466517686844, 0.0330519899725914, 0.028998035937547684, 0.02733505144715309, 0.026240883395075798, 0.028661515563726425, 0.02191350981593132, 0.025521397590637207, 0.024098701775074005, 0.02465203031897545, 0.027067653834819794, 0.025616107508540154, 0.023834228515625, 0.02363644540309906, 0.029687345027923584, 0.03576617315411568, 0.02320007234811783, 0.028573311865329742, 0.024868424981832504, 0.025976870208978653, 0.022913211956620216, 0.025989221408963203, 0.02650608867406845, 0.028471972793340683, 0.023371940478682518, 0.024013899266719818, 0.030751213431358337, 0.02895277738571167, 0.024254534393548965, 0.026257812976837158, 0.034127626568078995, 0.029210837557911873, 0.023991256952285767, 0.023234667256474495, 0.03353185951709747, 0.027621110901236534, 0.0325033999979496, 0.02684904634952545, 0.022767502814531326, 0.027641119435429573, 0.022117089480161667, 0.022597795352339745, 0.023426461964845657, 0.0238808561116457, 0.02507416158914566, 0.01989000476896763, 0.022637678310275078, 0.024674519896507263, 0.025370897725224495, 0.029707718640565872, 0.02437867596745491, 0.02423989772796631, 0.029882989823818207, 0.027876626700162888, 0.027443986386060715, 0.02689175307750702, 0.027034230530261993, 0.025665059685707092, 0.036974579095840454, 0.0321330726146698, 0.02320929989218712, 0.028683781623840332, 0.025378312915563583, 0.02931387349963188, 0.02592647634446621, 0.023249100893735886, 0.02155604213476181, 0.02274428680539131, 0.029029851779341698, 0.03395724296569824, 0.0275619737803936, 0.0285972710698843, 0.023491185158491135, 0.02516758069396019, 0.022918695583939552, 0.027066491544246674, 0.026685768738389015, 0.024411583319306374, 0.02833453193306923, 0.035479411482810974, 0.029666753485798836, 0.02421066164970398, 0.023022256791591644, 0.02442222088575363, 0.023808985948562622, 0.022038590162992477, 0.023976491764187813, 0.02542954497039318, 0.03106711246073246, 0.022476142272353172, 0.028707094490528107, 0.02811853028833866, 0.02668818272650242, 0.023015931248664856, 0.02506299316883087, 0.026484809815883636, 0.02397468499839306, 0.03007616475224495, 0.029281338676810265, 0.024029280990362167, 0.025931984186172485], 'L_si': [0.008038927800953388, 0.00972763728350401, 0.007191281300038099, 0.008510801009833813, 0.005986787844449282, 0.011584474705159664, 0.010240993462502956, 0.011663192883133888, 0.007347563281655312, 0.008611209690570831, 0.008149126544594765, 0.013107764534652233, 0.008820610120892525, 0.010610023513436317, 0.008156229741871357, 0.006426271982491016, 0.006947958841919899, 0.006746458355337381, 0.010157763957977295, 0.007318639662116766, 0.007959146052598953, 0.008258389309048653, 0.007402857765555382, 0.005278970580548048, 0.006450002547353506, 0.00770694250240922, 0.007708100602030754, 0.00718874204903841, 0.009283829480409622, 0.0077264076098799706, 0.011373184621334076, 0.009873476810753345, 0.010977444238960743, 0.00903620570898056, 0.011339005082845688, 0.009099453687667847, 0.008961351588368416, 0.008750973269343376, 0.0069775027222931385, 0.0077549186535179615, 0.009330971166491508, 0.009442721493542194, 0.00706156250089407, 0.01180502399802208, 0.01210705004632473, 0.007065176963806152, 0.006483695935457945, 0.009541251696646214, 0.0077703227289021015, 0.009496503509581089, 0.009625712409615517, 0.009830438531935215, 0.0072430032305419445, 0.01072506234049797, 0.011510023847222328, 0.010988535359501839, 0.009048046544194221, 0.00686531700193882, 0.009560459293425083, 0.0073656197637319565, 0.011024474166333675, 0.007590541150420904, 0.008393633179366589, 0.007430544123053551, 0.008568872697651386, 0.009729261510074139, 0.011693621054291725, 0.014239955693483353, 0.007593691814690828, 0.01077684760093689, 0.0068916515447199345, 0.01084856130182743, 0.00551244243979454, 0.01310029812157154, 0.008497487753629684, 0.007920301519334316, 0.011403107084333897, 0.006165193393826485, 0.009665491990745068, 0.005997047759592533, 0.007340587675571442, 0.00973811186850071, 0.010286828503012657, 0.009210475720465183, 0.006800470408052206, 0.011024230159819126, 0.0075644319877028465, 0.00751559529453516, 0.008122222498059273, 0.011783571913838387, 0.011424737982451916, 0.007483594585210085, 0.007356675341725349, 0.00587801868095994, 0.008383253589272499, 0.006373914424329996, 0.00660319859161973, 0.006830303929746151, 0.007407535798847675, 0.009370280429720879, 0.009858041070401669, 0.008211441338062286, 0.010726340115070343, 0.006838050205260515, 0.0073188371025025845, 0.006515750661492348, 0.010081102140247822, 0.007911963388323784, 0.007584587205201387, 0.00954288337379694, 0.007835243828594685, 0.005774293094873428, 0.00925859808921814, 0.006561925169080496, 0.006924995221197605, 0.005340311676263809, 0.007500429172068834, 0.010296490043401718, 0.01101017091423273, 0.0073195286095142365, 0.0074081080965697765, 0.008286840282380581, 0.007904707454144955, 0.007329311687499285, 0.010567947290837765, 0.011248905211687088, 0.007053032983094454, 0.007926203310489655, 0.00780485151335597, 0.00853089988231659, 0.00824258103966713, 0.010929277166724205, 0.01080729253590107, 0.009366524405777454, 0.010168434120714664, 0.009742447175085545, 0.0045715756714344025, 0.009942523203790188, 0.011598131619393826, 0.0077526927925646305, 0.010858245193958282, 0.006863253656774759, 0.005982797592878342, 0.007905972190201283, 0.009322362020611763, 0.007199220824986696, 0.007781242951750755, 0.013631819747388363, 0.006932404357939959, 0.007709798403084278, 0.012513846158981323, 0.009349615313112736, 0.010311446152627468, 0.008253568783402443, 0.010995927266776562, 0.006071572192013264, 0.007842998951673508, 0.007030963897705078, 0.00923057273030281, 0.01027927827090025, 0.007224390283226967, 0.006632697768509388, 0.006962909363210201, 0.011103566735982895, 0.015523930080235004, 0.007139743305742741, 0.010179281234741211, 0.007980399765074253, 0.008213979192078114, 0.006468934938311577, 0.008757313713431358, 0.009221910499036312, 0.009970095939934254, 0.007456070277839899, 0.007109205238521099, 0.010477322153747082, 0.010867100208997726, 0.007308634929358959, 0.009342958219349384, 0.013713044114410877, 0.009781097993254662, 0.00848679430782795, 0.007360721006989479, 0.012015236541628838, 0.009691447019577026, 0.011742662638425827, 0.009616277180612087, 0.006723801605403423, 0.00917038694024086, 0.006747561506927013, 0.006531761959195137, 0.007457797881215811, 0.006401583086699247, 0.0075318822637200356, 0.00516546843573451, 0.006517508998513222, 0.00796328391879797, 0.008142421022057533, 0.009243357926607132, 0.008267100900411606, 0.0075750104151666164, 0.00995663646608591, 0.010229051113128662, 0.010525059886276722, 0.009240199811756611, 0.010499794036149979, 0.008675268851220608, 0.014289473183453083, 0.011881181038916111, 0.006522855721414089, 0.009484553709626198, 0.00837125163525343, 0.009782315231859684, 0.00953403115272522, 0.0068856822326779366, 0.006590141914784908, 0.006796139758080244, 0.009933803230524063, 0.013065577484667301, 0.009524513967335224, 0.010500738397240639, 0.0072881318628787994, 0.007858862169086933, 0.00658200541511178, 0.010157921351492405, 0.008064454421401024, 0.007425364572554827, 0.010287986136972904, 0.014938104897737503, 0.010528048500418663, 0.007472443860024214, 0.007101121358573437, 0.007061862386763096, 0.007344349287450314, 0.0065902722999453545, 0.007497909013181925, 0.008149253204464912, 0.01137167401611805, 0.006057575810700655, 0.009964563883841038, 0.008892489597201347, 0.006912007927894592, 0.006414304953068495, 0.008500226773321629, 0.009288114495575428, 0.007316008675843477, 0.01152139250189066, 0.010895965620875359, 0.008260439150035381, 0.011717299930751324], 'L_grad': [0.01652563363313675, 0.016469735652208328, 0.016545478254556656, 0.018813997507095337, 0.015714487060904503, 0.019135501235723495, 0.016253657639026642, 0.018598351627588272, 0.016307642683386803, 0.018297474831342697, 0.015620393678545952, 0.020269794389605522, 0.017404131591320038, 0.018504673615098, 0.016485104337334633, 0.01559402421116829, 0.01696845144033432, 0.016690941527485847, 0.01847231388092041, 0.01681807078421116, 0.018415752798318863, 0.017738450318574905, 0.01626981794834137, 0.01569065824151039, 0.015831250697374344, 0.017243487760424614, 0.01715068705379963, 0.015825508162379265, 0.01712861843407154, 0.016903337091207504, 0.018856843933463097, 0.01782158762216568, 0.01671147346496582, 0.018624037504196167, 0.018019726499915123, 0.016155604273080826, 0.017426181584596634, 0.017129451036453247, 0.015661559998989105, 0.016135726124048233, 0.018053892999887466, 0.017750034108757973, 0.016435937955975533, 0.018421323969960213, 0.018862105906009674, 0.016860103234648705, 0.015332097187638283, 0.01744077540934086, 0.01662273146212101, 0.018715454265475273, 0.016481682658195496, 0.01773311197757721, 0.01508180983364582, 0.017187096178531647, 0.016999054700136185, 0.01875433698296547, 0.01683567464351654, 0.015580925159156322, 0.019530944526195526, 0.016050610691308975, 0.017991825938224792, 0.01572076976299286, 0.019001221284270287, 0.016336966305971146, 0.01960127055644989, 0.018561162054538727, 0.018209896981716156, 0.01865837164223194, 0.01669321209192276, 0.020042194053530693, 0.016858967021107674, 0.017736246809363365, 0.016425086185336113, 0.023031527176499367, 0.018309256061911583, 0.01642753928899765, 0.022987477481365204, 0.01555384136736393, 0.019495753571391106, 0.01608007214963436, 0.016421280801296234, 0.017803652212023735, 0.016540709882974625, 0.01789749786257744, 0.01665249653160572, 0.01776040345430374, 0.01631421409547329, 0.01631251722574234, 0.017670918256044388, 0.01768295094370842, 0.018351728096604347, 0.017683636397123337, 0.016719434410333633, 0.015961574390530586, 0.016643987968564034, 0.016074372455477715, 0.0170452781021595, 0.017173578962683678, 0.016094425693154335, 0.01587933674454689, 0.0167983565479517, 0.01874222233891487, 0.01913851499557495, 0.017101263627409935, 0.01741984114050865, 0.015936637297272682, 0.018524788320064545, 0.017069555819034576, 0.0163812767714262, 0.01876944862306118, 0.01824968308210373, 0.01555228978395462, 0.019409406930208206, 0.015566272661089897, 0.016766373068094254, 0.015722520649433136, 0.017666231840848923, 0.017528768628835678, 0.018891625106334686, 0.016300180926918983, 0.017988109961152077, 0.016739582642912865, 0.017356939613819122, 0.017046522349119186, 0.018786152824759483, 0.019846845418214798, 0.017534101381897926, 0.016587354242801666, 0.01722095161676407, 0.015566358342766762, 0.016327157616615295, 0.01790687069296837, 0.017947616055607796, 0.017813026905059814, 0.01821945607662201, 0.018330471590161324, 0.013552112504839897, 0.020771410316228867, 0.01854030415415764, 0.016804970800876617, 0.018164876848459244, 0.01584460586309433, 0.016332309693098068, 0.01626485213637352, 0.017511285841464996, 0.01759372651576996, 0.01668810471892357, 0.019078334793448448, 0.016147160902619362, 0.01674266904592514, 0.020538141950964928, 0.019648419693112373, 0.017023606225848198, 0.017987314611673355, 0.01766558736562729, 0.015841936692595482, 0.0176783986389637, 0.017067737877368927, 0.015421456657350063, 0.01678837649524212, 0.018391717225313187, 0.017201531678438187, 0.016673536971211433, 0.01858377829194069, 0.020242244005203247, 0.016060329973697662, 0.01839403063058853, 0.016888026148080826, 0.017762891948223114, 0.01644427701830864, 0.017231907695531845, 0.017284177243709564, 0.018501877784729004, 0.015915870666503906, 0.016904694959521294, 0.02027389034628868, 0.018085677176713943, 0.01694589853286743, 0.01691485568881035, 0.020414581522345543, 0.01942973956465721, 0.015504462644457817, 0.015873946249485016, 0.021516621112823486, 0.017929663881659508, 0.020760737359523773, 0.01723276823759079, 0.01604370027780533, 0.018470732495188713, 0.015369528904557228, 0.016066033393144608, 0.01596866361796856, 0.017479272559285164, 0.0175422802567482, 0.01472453586757183, 0.016120169311761856, 0.01671123504638672, 0.01722847670316696, 0.02046436071395874, 0.016111575067043304, 0.016664886847138405, 0.01992635428905487, 0.017647575587034225, 0.016918927431106567, 0.017651552334427834, 0.016534436494112015, 0.01698979176580906, 0.022685106843709946, 0.020251892507076263, 0.016686445102095604, 0.019199227914214134, 0.01700706221163273, 0.019531559199094772, 0.01639244519174099, 0.016363417729735374, 0.014965900219976902, 0.01594814658164978, 0.019096048548817635, 0.020891666412353516, 0.01803746074438095, 0.01809653267264366, 0.016203053295612335, 0.017308717593550682, 0.01633669063448906, 0.016908569261431694, 0.01862131431698799, 0.016986219212412834, 0.0180465467274189, 0.020541304722428322, 0.019138704985380173, 0.01673821732401848, 0.015921134501695633, 0.01736035943031311, 0.016464637592434883, 0.015448318794369698, 0.016478583216667175, 0.01728029176592827, 0.01969543844461441, 0.016418566927313805, 0.018742529675364494, 0.019226040691137314, 0.019776174798607826, 0.016601625829935074, 0.01656276546418667, 0.017196696251630783, 0.01665867678821087, 0.018554773181676865, 0.018385373055934906, 0.01576884090900421, 0.014214685186743736]}
Saving checkpoint: runs/train/0314_mkl/checkpoints/checkpoint-epoch032-loss-0.0058.pth.tar ...
Setting up Multi Scale Gradient loss...
Done
Setting up Multi Scale Gradient loss...
Done
Setting up Multi Scale Gradient loss...
Done
Setting up Multi Scale Gradient loss...
Done
Setting up Multi Scale Gradient loss...
Done
Setting up Multi Scale Gradient loss...
Done
Setting up Multi Scale Gradient loss...
Done
Setting up Multi Scale Gradient loss...
Done
Setting up Multi Scale Gradient loss...
Done
Setting up Multi Scale Gradient loss...
Done
Setting up Multi Scale Gradient loss...
Done
Setting up Multi Scale Gradient loss...
Done
Setting up Multi Scale Gradient loss...
Done
Setting up Multi Scale Gradient loss...
Done
Setting up Multi Scale Gradient loss...
Done
Setting up Multi Scale Gradient loss...
Done
all losses in batch in validation:  {'loss': [0.024006834253668785, 0.02549256943166256, 0.022835876792669296, 0.027941670268774033, 0.020983044058084488, 0.031286004930734634, 0.025316869840025902, 0.02918793261051178, 0.02286236360669136, 0.02308734320104122, 0.02340911701321602, 0.029522806406021118, 0.024704869836568832, 0.02683320641517639, 0.022506864741444588, 0.020785348489880562, 0.023504648357629776, 0.022301625460386276, 0.02841074950993061, 0.023646023124456406, 0.025442777201533318, 0.02504480630159378, 0.0213715061545372, 0.02069397084414959, 0.02135782316327095, 0.02369621768593788, 0.02423372119665146, 0.022279173135757446, 0.02609327994287014, 0.021784845739603043, 0.02969711273908615, 0.026304922997951508, 0.02657383680343628, 0.024991869926452637, 0.026135962456464767, 0.024637490510940552, 0.024149905890226364, 0.023642120882868767, 0.021656781435012817, 0.023219812661409378, 0.02439967915415764, 0.02613016963005066, 0.022525331005454063, 0.029283080250024796, 0.030928494408726692, 0.023419920355081558, 0.01988881826400757, 0.02583807334303856, 0.024284280836582184, 0.02652813494205475, 0.02479851432144642, 0.026859819889068604, 0.021398253738880157, 0.025203052908182144, 0.026779359206557274, 0.02903406322002411, 0.024902500212192535, 0.020518269389867783, 0.029171720147132874, 0.02162148244678974, 0.029103565961122513, 0.022142847999930382, 0.026792025193572044, 0.022820156067609787, 0.02672049030661583, 0.02567189186811447, 0.028695479035377502, 0.032490961253643036, 0.02347644418478012, 0.027347123250365257, 0.023560550063848495, 0.02823280170559883, 0.021320905536413193, 0.02921629697084427, 0.02287585660815239, 0.023564178496599197, 0.03218623995780945, 0.02044820412993431, 0.026976212859153748, 0.02125978097319603, 0.022877050563693047, 0.02631242759525776, 0.025180969387292862, 0.026496954262256622, 0.023324213922023773, 0.02897002547979355, 0.022734325379133224, 0.02332334965467453, 0.022634975612163544, 0.028447940945625305, 0.02896137535572052, 0.023740049451589584, 0.02258996292948723, 0.021458275616168976, 0.024943707510828972, 0.021590154618024826, 0.022954443469643593, 0.02245897799730301, 0.022251177579164505, 0.023546811193227768, 0.024804238229990005, 0.024844884872436523, 0.027810703963041306, 0.02246982604265213, 0.02324763499200344, 0.022542880848050117, 0.027277104556560516, 0.022348487749695778, 0.02279980108141899, 0.02636769972741604, 0.02410201169550419, 0.019880931824445724, 0.02760012075304985, 0.02045436203479767, 0.02141270413994789, 0.02071298472583294, 0.02427082322537899, 0.027489177882671356, 0.027283264324069023, 0.022487707436084747, 0.022807974368333817, 0.02443094179034233, 0.023881670087575912, 0.023887580260634422, 0.026535935699939728, 0.02453533560037613, 0.02352246642112732, 0.024487018585205078, 0.024151461198925972, 0.022966187447309494, 0.02437429502606392, 0.027370048686861992, 0.027692943811416626, 0.025171510875225067, 0.025059763342142105, 0.027767783030867577, 0.018394090235233307, 0.029919320717453957, 0.028427280485630035, 0.023349951952695847, 0.028598586097359657, 0.020903289318084717, 0.021193988621234894, 0.02362925186753273, 0.023293402045965195, 0.023852525278925896, 0.02148350141942501, 0.030514970421791077, 0.022592643275856972, 0.024482425302267075, 0.027238892391324043, 0.02567160129547119, 0.027419980615377426, 0.024066263809800148, 0.02540319599211216, 0.02145850658416748, 0.02353450283408165, 0.023182079195976257, 0.02337123639881611, 0.026626048609614372, 0.02454504184424877, 0.022089272737503052, 0.02289406582713127, 0.029266376048326492, 0.033195093274116516, 0.02223205752670765, 0.027906134724617004, 0.024180017411708832, 0.024267032742500305, 0.02202361263334751, 0.02548580802977085, 0.02576112374663353, 0.028055015951395035, 0.023189524188637733, 0.023984424769878387, 0.026031065732240677, 0.028102297335863113, 0.022265342995524406, 0.02581515908241272, 0.031137365847826004, 0.028891660273075104, 0.023752085864543915, 0.02336888201534748, 0.03264647349715233, 0.02691698633134365, 0.030113469809293747, 0.025694360956549644, 0.022488955408334732, 0.026075664907693863, 0.022526303306221962, 0.02068370394408703, 0.022002186626195908, 0.023510359227657318, 0.02480928786098957, 0.01914057321846485, 0.021110225468873978, 0.022949717938899994, 0.025515712797641754, 0.02782677486538887, 0.023927902802824974, 0.023790456354618073, 0.02730780467391014, 0.026716534048318863, 0.026573553681373596, 0.02551903948187828, 0.026314932852983475, 0.023584604263305664, 0.03364747390151024, 0.029402513056993484, 0.02181604877114296, 0.02805190347135067, 0.025603312999010086, 0.026551075279712677, 0.02430279180407524, 0.02271188423037529, 0.021402891725301743, 0.022284798324108124, 0.02431008778512478, 0.03160892799496651, 0.024846404790878296, 0.027509141713380814, 0.022234199568629265, 0.024688199162483215, 0.02196693792939186, 0.026991549879312515, 0.02531469240784645, 0.021783731877803802, 0.027889598160982132, 0.0341525673866272, 0.02891395054757595, 0.023284051567316055, 0.022716892883181572, 0.024267178028821945, 0.022662494331598282, 0.02193150669336319, 0.02396007440984249, 0.024256495758891106, 0.028990892693400383, 0.021567627787590027, 0.02699538879096508, 0.02809303253889084, 0.02527560107409954, 0.021855266764760017, 0.02350698411464691, 0.02611740119755268, 0.022683080285787582, 0.029412593692541122, 0.02888190746307373, 0.023332107812166214, 0.024367721751332283], 'L_si': [0.007609134539961815, 0.009247252717614174, 0.00664119515568018, 0.008802928030490875, 0.005593554116785526, 0.012045766226947308, 0.009683752432465553, 0.01109238900244236, 0.006820152048021555, 0.006574692670255899, 0.007946574129164219, 0.01073202770203352, 0.007923956960439682, 0.009246977046132088, 0.006925813388079405, 0.005678718909621239, 0.006681750528514385, 0.006136653013527393, 0.010007074102759361, 0.00714865792542696, 0.007425053045153618, 0.007821954786777496, 0.006137344520539045, 0.0051044016145169735, 0.005967813543975353, 0.007098390255123377, 0.007485105190426111, 0.006666684057563543, 0.00902547501027584, 0.00614633783698082, 0.011192210018634796, 0.009093462489545345, 0.010091663338243961, 0.007541630417108536, 0.00915469042956829, 0.008719229139387608, 0.007589656859636307, 0.0074922628700733185, 0.006327521055936813, 0.0073090787045657635, 0.007817886769771576, 0.008657091297209263, 0.006444878876209259, 0.011432900093495846, 0.011970339342951775, 0.00689171627163887, 0.005488741211593151, 0.0090540312230587, 0.007556038908660412, 0.0086158262565732, 0.008907521143555641, 0.009529493749141693, 0.006658188067376614, 0.009015961550176144, 0.010369615629315376, 0.010730206035077572, 0.008608270436525345, 0.005756412632763386, 0.009510128758847713, 0.006328230258077383, 0.011164912022650242, 0.007008388172835112, 0.007974384352564812, 0.007033134810626507, 0.007900803349912167, 0.008581400848925114, 0.010995328426361084, 0.014207487925887108, 0.007031576242297888, 0.009151080623269081, 0.0068508172407746315, 0.01078899297863245, 0.005366065539419651, 0.009077503345906734, 0.006484067998826504, 0.007387583144009113, 0.010137958452105522, 0.005533672869205475, 0.00858554057776928, 0.005643489770591259, 0.006795065477490425, 0.00890503078699112, 0.009399880655109882, 0.008559242822229862, 0.0067488872446119785, 0.011250763200223446, 0.007063143886625767, 0.007366646081209183, 0.006389590911567211, 0.011169851757586002, 0.0108861168846488, 0.006831030361354351, 0.006490310188382864, 0.005620993208140135, 0.008525626733899117, 0.0059133609756827354, 0.00625893147662282, 0.006058571394532919, 0.006765712518244982, 0.008323599584400654, 0.008573467843234539, 0.007010120898485184, 0.009796557947993279, 0.006044346839189529, 0.00656941719353199, 0.0064861164428293705, 0.009140283800661564, 0.006374324206262827, 0.007077318616211414, 0.008748283609747887, 0.006861555855721235, 0.005024281330406666, 0.008793910034000874, 0.005635692737996578, 0.0057754297740757465, 0.005312164779752493, 0.006841834168881178, 0.0102860601618886, 0.009448785334825516, 0.006730242166668177, 0.006220043636858463, 0.008043217472732067, 0.007245314307510853, 0.0071852789260447025, 0.008766714483499527, 0.007502220571041107, 0.006588520482182503, 0.00778071116656065, 0.0072507611475884914, 0.007816346362233162, 0.008073796518146992, 0.01022295467555523, 0.010062855668365955, 0.008406785316765308, 0.008209644816815853, 0.00931047834455967, 0.004665167536586523, 0.009371297433972359, 0.010914468206465244, 0.007223869673907757, 0.010687654837965965, 0.005825875326991081, 0.005398592445999384, 0.007651508320122957, 0.007235153578221798, 0.006852695718407631, 0.006176987662911415, 0.01212697010487318, 0.006661942694336176, 0.007685665972530842, 0.009036602452397346, 0.007401247508823872, 0.010457604192197323, 0.0072760009206831455, 0.009105956181883812, 0.005846181884407997, 0.006726583931595087, 0.00658795889467001, 0.008399413898587227, 0.009966067969799042, 0.006664989050477743, 0.005675329826772213, 0.006497484631836414, 0.01103812176734209, 0.013860232196748257, 0.006503436714410782, 0.009998710826039314, 0.007723076269030571, 0.0073135653510689735, 0.006063846405595541, 0.008460240438580513, 0.008775254711508751, 0.009844020009040833, 0.007353492081165314, 0.00714962650090456, 0.007912849076092243, 0.010479047894477844, 0.006264506373554468, 0.009144236333668232, 0.011562895961105824, 0.009599504061043262, 0.008347708731889725, 0.007559664081782103, 0.011518709361553192, 0.009349532425403595, 0.010238755494356155, 0.008992768824100494, 0.00658061308786273, 0.007922674529254436, 0.0070207086391747, 0.005610227584838867, 0.006635946221649647, 0.006279992870986462, 0.007413594052195549, 0.0047640386037528515, 0.005656337831169367, 0.006906673312187195, 0.008202340453863144, 0.008211440406739712, 0.007901273667812347, 0.007281234487891197, 0.00855450239032507, 0.009530666284263134, 0.010058688931167126, 0.008729454129934311, 0.010092172771692276, 0.007547445595264435, 0.012516754679381847, 0.010079682804644108, 0.0058609722182154655, 0.008943295106291771, 0.0085770133882761, 0.008265453390777111, 0.008589356206357479, 0.006529409438371658, 0.006544158328324556, 0.006545439828187227, 0.007315066177397966, 0.011744032613933086, 0.008089338429272175, 0.010036597959697247, 0.0065880585461854935, 0.0076665207743644714, 0.006051976233720779, 0.010096036829054356, 0.007167323492467403, 0.006192194763571024, 0.009982510469853878, 0.014360862784087658, 0.010376226156949997, 0.007039024028927088, 0.007006820756942034, 0.006953153759241104, 0.006692143157124519, 0.006487271748483181, 0.007433743681758642, 0.007573317736387253, 0.00996902771294117, 0.005689649842679501, 0.00900685228407383, 0.008833513595163822, 0.006276577245444059, 0.005934884771704674, 0.007756446488201618, 0.008999813348054886, 0.00661181565374136, 0.01118061039596796, 0.010869260877370834, 0.0076951272785663605, 0.010555706918239594], 'L_grad': [0.01639769971370697, 0.016245316714048386, 0.01619468256831169, 0.019138742238283157, 0.015389489941298962, 0.019240237772464752, 0.01563311740756035, 0.01809554360806942, 0.016042212024331093, 0.01651265099644661, 0.015462541952729225, 0.018790779635310173, 0.01678091287612915, 0.017586229369044304, 0.015581050887703896, 0.015106629580259323, 0.016822896897792816, 0.016164973378181458, 0.01840367540717125, 0.01649736426770687, 0.0180177241563797, 0.017222851514816284, 0.015234162099659443, 0.015589568763971329, 0.015390008687973022, 0.016597827896475792, 0.016748616471886635, 0.015612488612532616, 0.0170678049325943, 0.015638507902622223, 0.018504902720451355, 0.017211459577083588, 0.016482174396514893, 0.0174502395093441, 0.016981272026896477, 0.01591826044023037, 0.016560249030590057, 0.01614985801279545, 0.015329260379076004, 0.015910733491182327, 0.016581792384386063, 0.01747307926416397, 0.016080452129244804, 0.017850181087851524, 0.018958155065774918, 0.016528204083442688, 0.014400077052414417, 0.01678404211997986, 0.016728240996599197, 0.017912309616804123, 0.015890993177890778, 0.01733032613992691, 0.01474006474018097, 0.016187090426683426, 0.016409743577241898, 0.018303856253623962, 0.01629422977566719, 0.014761857688426971, 0.019661590456962585, 0.015293252654373646, 0.017938653007149696, 0.015134459361433983, 0.018817640841007233, 0.015787022188305855, 0.018819686025381088, 0.017090491950511932, 0.01770015060901642, 0.018283475190401077, 0.016444867476820946, 0.018196042627096176, 0.01670973375439644, 0.017443809658288956, 0.015954839065670967, 0.02013879455626011, 0.01639178954064846, 0.01617659442126751, 0.022048283368349075, 0.014914531260728836, 0.018390672281384468, 0.015616290271282196, 0.01608198508620262, 0.01740739680826664, 0.015781087800860405, 0.017937710508704185, 0.016575327143073082, 0.017719261348247528, 0.015671182423830032, 0.015956703573465347, 0.016245383769273758, 0.017278090119361877, 0.018075259402394295, 0.016909020021557808, 0.016099652275443077, 0.015837281942367554, 0.016418080776929855, 0.015676794573664665, 0.01669551245868206, 0.016400406137108803, 0.01548546552658081, 0.01522321067750454, 0.01623077131807804, 0.01783476397395134, 0.018014146015048027, 0.0164254792034626, 0.01667821779847145, 0.016056764870882034, 0.018136821687221527, 0.01597416400909424, 0.01572248339653015, 0.017619416117668152, 0.017240455374121666, 0.014856649562716484, 0.01880621165037155, 0.014818670228123665, 0.015637274831533432, 0.015400819480419159, 0.017428988590836525, 0.017203116789460182, 0.017834478989243507, 0.015757465735077858, 0.016587931662797928, 0.01638772524893284, 0.016636356711387634, 0.016702301800251007, 0.0177692212164402, 0.017033115029335022, 0.016933945938944817, 0.016706308349967003, 0.016900699585676193, 0.015149842016398907, 0.016300497576594353, 0.017147094011306763, 0.017630089074373245, 0.016764726489782333, 0.016850119456648827, 0.018457304686307907, 0.013728922232985497, 0.020548023283481598, 0.017512813210487366, 0.016126081347465515, 0.017910931259393692, 0.015077413991093636, 0.015795396640896797, 0.01597774401307106, 0.01605824939906597, 0.016999829560518265, 0.015306513756513596, 0.01838799938559532, 0.015930701047182083, 0.016796760261058807, 0.018202289938926697, 0.018270354717969894, 0.01696237549185753, 0.01679026335477829, 0.016297239810228348, 0.015612324699759483, 0.01680791936814785, 0.016594119369983673, 0.014971822500228882, 0.01665998063981533, 0.01788005232810974, 0.016413941979408264, 0.016396580263972282, 0.018228255212306976, 0.019334860146045685, 0.015728620812296867, 0.01790742389857769, 0.01645694114267826, 0.016953466460108757, 0.015959765762090683, 0.017025567591190338, 0.01698586903512478, 0.018210995942354202, 0.01583603210747242, 0.016834799200296402, 0.01811821572482586, 0.01762324944138527, 0.016000837087631226, 0.016670923680067062, 0.019574470818042755, 0.019292155280709267, 0.01540437713265419, 0.01580921746790409, 0.021127764135599136, 0.017567453905940056, 0.01987471431493759, 0.01670159213244915, 0.015908341854810715, 0.018152989447116852, 0.015505594201385975, 0.015073476359248161, 0.015366239473223686, 0.017230365425348282, 0.01739569380879402, 0.014376534149050713, 0.015453887172043324, 0.0160430446267128, 0.01731337234377861, 0.019615333527326584, 0.016026629135012627, 0.016509221866726875, 0.018753301352262497, 0.017185868695378304, 0.016514863818883896, 0.01678958535194397, 0.0162227600812912, 0.01603715866804123, 0.021130720153450966, 0.01932283118367195, 0.01595507748425007, 0.0191086083650589, 0.017026299610733986, 0.01828562095761299, 0.015713434666395187, 0.01618247479200363, 0.014858732931315899, 0.015739358961582184, 0.0169950220733881, 0.019864896312355995, 0.016757065430283546, 0.017472542822360992, 0.01564614102244377, 0.017021678388118744, 0.01591496169567108, 0.016895513981580734, 0.018147367984056473, 0.015591537579894066, 0.01790708862245083, 0.019791703671216965, 0.018537724390625954, 0.016245028004050255, 0.015710072591900826, 0.01731402426958084, 0.015970351174473763, 0.015444235876202583, 0.01652633026242256, 0.016683178022503853, 0.019021864980459213, 0.01587797701358795, 0.01798853650689125, 0.01925951987504959, 0.018999023362994194, 0.015920381993055344, 0.01575053669512272, 0.017117587849497795, 0.016071263700723648, 0.018231984227895737, 0.018012646585702896, 0.015636980533599854, 0.01381201483309269]}
Setting up Multi Scale Gradient loss...
Done
Setting up Multi Scale Gradient loss...
Done
Setting up Multi Scale Gradient loss...
Done
Setting up Multi Scale Gradient loss...
Done
Setting up Multi Scale Gradient loss...
Done
Setting up Multi Scale Gradient loss...
Done
Setting up Multi Scale Gradient loss...
Done
Setting up Multi Scale Gradient loss...
Done
Setting up Multi Scale Gradient loss...
Done
Setting up Multi Scale Gradient loss...
Done
Setting up Multi Scale Gradient loss...
Done
Setting up Multi Scale Gradient loss...
Done
Setting up Multi Scale Gradient loss...
Done
Setting up Multi Scale Gradient loss...
Done
Setting up Multi Scale Gradient loss...
Done
Setting up Multi Scale Gradient loss...
Done
all losses in batch in validation:  {'loss': [0.023155435919761658, 0.025690622627735138, 0.02264253795146942, 0.027186399325728416, 0.021004611626267433, 0.030071977525949478, 0.025158248841762543, 0.029176076874136925, 0.02274952456355095, 0.02580099366605282, 0.02285565622150898, 0.029201611876487732, 0.024617597460746765, 0.025780130177736282, 0.02271992713212967, 0.02079879306256771, 0.022662943229079247, 0.02210180088877678, 0.027301795780658722, 0.023055847734212875, 0.02568630874156952, 0.02520204521715641, 0.02183733507990837, 0.020791448652744293, 0.020890705287456512, 0.0233171284198761, 0.024206021800637245, 0.022160403430461884, 0.02546459436416626, 0.021757932379841805, 0.02864118479192257, 0.026017658412456512, 0.025751955807209015, 0.02538139373064041, 0.026596756651997566, 0.024688899517059326, 0.02358931675553322, 0.023204531520605087, 0.021897166967391968, 0.022841133177280426, 0.022473672404885292, 0.025038274005055428, 0.02217179164290428, 0.029318347573280334, 0.029885537922382355, 0.023591013625264168, 0.020050600171089172, 0.027401909232139587, 0.024271251633763313, 0.02628660947084427, 0.024638760834932327, 0.02692386880517006, 0.021429669111967087, 0.024751894176006317, 0.02611464262008667, 0.029268188402056694, 0.025008559226989746, 0.020564505830407143, 0.02832495979964733, 0.022103451192378998, 0.027398841455578804, 0.022069741040468216, 0.026890676468610764, 0.02266414649784565, 0.025230150669813156, 0.02794189751148224, 0.028193816542625427, 0.0320376455783844, 0.02290225960314274, 0.027918396517634392, 0.023057259619235992, 0.02790723368525505, 0.021638432517647743, 0.03268959000706673, 0.024023260921239853, 0.023142512887716293, 0.03203359246253967, 0.020413154736161232, 0.026238232851028442, 0.021387701854109764, 0.022874146699905396, 0.025783266872167587, 0.025821387767791748, 0.02535872906446457, 0.02325764298439026, 0.0287434421479702, 0.0230595450848341, 0.023511318489909172, 0.023644860833883286, 0.027924591675400734, 0.027915306389331818, 0.023658255115151405, 0.02264387533068657, 0.020947661250829697, 0.024927282705903053, 0.021304629743099213, 0.02261844091117382, 0.022848106920719147, 0.0224444642663002, 0.023179206997156143, 0.02551725134253502, 0.0253131240606308, 0.02789575234055519, 0.02225187048316002, 0.023575253784656525, 0.02202143892645836, 0.027400804683566093, 0.022814225405454636, 0.02285534143447876, 0.025980429723858833, 0.026464933529496193, 0.01981082186102867, 0.02690461277961731, 0.020947212353348732, 0.022043049335479736, 0.020961957052350044, 0.023890655487775803, 0.027405157685279846, 0.025386404246091843, 0.02190192975103855, 0.022068526595830917, 0.024581700563430786, 0.024284493178129196, 0.02402443066239357, 0.02695610374212265, 0.026582494378089905, 0.02314089611172676, 0.023373261094093323, 0.02320835180580616, 0.022433340549468994, 0.023662716150283813, 0.027087178081274033, 0.028057409450411797, 0.025917865335941315, 0.024349946528673172, 0.02684526890516281, 0.01799294725060463, 0.030492259189486504, 0.027107160538434982, 0.023301206529140472, 0.028078395873308182, 0.02085232362151146, 0.02133462205529213, 0.023706737905740738, 0.023902203887701035, 0.02349793165922165, 0.021501144394278526, 0.030580222606658936, 0.021573787555098534, 0.023335983976721764, 0.02940242737531662, 0.026183871552348137, 0.02616230770945549, 0.02416536957025528, 0.025232862681150436, 0.02158929780125618, 0.02443571388721466, 0.02332902140915394, 0.023250196129083633, 0.026489244773983955, 0.025077085942029953, 0.022786540910601616, 0.022533366456627846, 0.028842180967330933, 0.03292345255613327, 0.022149404510855675, 0.027204841375350952, 0.023987090215086937, 0.024185895919799805, 0.022106517106294632, 0.024966631084680557, 0.025258122012019157, 0.02708449587225914, 0.02329418435692787, 0.02388147823512554, 0.02843742072582245, 0.02724180556833744, 0.022386500611901283, 0.025043295696377754, 0.03135865181684494, 0.028447041288018227, 0.02333778142929077, 0.023242393508553505, 0.03296729549765587, 0.026919981464743614, 0.029278844594955444, 0.025159860029816628, 0.02211730182170868, 0.02522694319486618, 0.022333359345793724, 0.021254247054457664, 0.021831771358847618, 0.02366308495402336, 0.024443121626973152, 0.018967613577842712, 0.02148859016597271, 0.022701460868120193, 0.02473699115216732, 0.027855999767780304, 0.02393432706594467, 0.023346783593297005, 0.027794474735856056, 0.02667732909321785, 0.026536056771874428, 0.024954717606306076, 0.02602391317486763, 0.023323597386479378, 0.03426584228873253, 0.03007948212325573, 0.02188970521092415, 0.027094412595033646, 0.025729043409228325, 0.024375399574637413, 0.024014294147491455, 0.0218330230563879, 0.021257849410176277, 0.022232266142964363, 0.027099501341581345, 0.031159555539488792, 0.023417837917804718, 0.02784815803170204, 0.02221338078379631, 0.024031642824411392, 0.02168392390012741, 0.02660730853676796, 0.025647297501564026, 0.02397913858294487, 0.027767352759838104, 0.034003544598817825, 0.02958703227341175, 0.023409951478242874, 0.022660288959741592, 0.02356800064444542, 0.02250620163977146, 0.021613800898194313, 0.02329360693693161, 0.023837830871343613, 0.02929660677909851, 0.021721430122852325, 0.02596311829984188, 0.027257896959781647, 0.02562795765697956, 0.022536803036928177, 0.02396894432604313, 0.025761649012565613, 0.02293694205582142, 0.028952080756425858, 0.02790903113782406, 0.02293461188673973, 0.02433912456035614], 'L_si': [0.00730650220066309, 0.009385072626173496, 0.006616010330617428, 0.008412564173340797, 0.005697023589164019, 0.011249817907810211, 0.009576719254255295, 0.011099744588136673, 0.006966450251638889, 0.00831674411892891, 0.007676119916141033, 0.010694646276533604, 0.007915240712463856, 0.00867687538266182, 0.007077883463352919, 0.005772144999355078, 0.00636650575324893, 0.006155825220048428, 0.009430565871298313, 0.006960403174161911, 0.0075533511117100716, 0.00793491117656231, 0.0064345458522439, 0.0052417367696762085, 0.005833968985825777, 0.006953578907996416, 0.007635499816387892, 0.006737859454005957, 0.008813132531940937, 0.006277520675212145, 0.010734066367149353, 0.008923063986003399, 0.009827682748436928, 0.007770630996674299, 0.009415499866008759, 0.008755076676607132, 0.007370293606072664, 0.007275974843651056, 0.006530290935188532, 0.007216096390038729, 0.0069869514554739, 0.008192729204893112, 0.0064220791682600975, 0.011397244408726692, 0.011584457010030746, 0.007093245629221201, 0.005766888614743948, 0.009845343418419361, 0.007658896967768669, 0.008524968288838863, 0.00884185265749693, 0.009576582349836826, 0.006795681081712246, 0.0088468873873353, 0.010180762968957424, 0.010792309418320656, 0.008745028637349606, 0.0058828783221542835, 0.009169714525341988, 0.006590917706489563, 0.010238172486424446, 0.007066946476697922, 0.008123468607664108, 0.006979987025260925, 0.007158094551414251, 0.009804649278521538, 0.010757841169834137, 0.013856173492968082, 0.00699653523042798, 0.0093032605946064, 0.0067462134175002575, 0.010663946159183979, 0.005510387942194939, 0.011335543356835842, 0.007126279175281525, 0.007274010218679905, 0.010235919617116451, 0.005543433595448732, 0.008267541415989399, 0.005713903810828924, 0.006960549391806126, 0.008684958331286907, 0.009741097688674927, 0.008252096362411976, 0.006838475354015827, 0.010955684818327427, 0.007191088050603867, 0.007528091315180063, 0.006959578953683376, 0.01082293689250946, 0.01042803656309843, 0.0068409922532737255, 0.006807667203247547, 0.0055186268873512745, 0.008384965360164642, 0.0058657038025557995, 0.006262913346290588, 0.006357693113386631, 0.006848810240626335, 0.008276580832898617, 0.009142498485744, 0.007303874474018812, 0.010094122029840946, 0.006067807320505381, 0.0067673963494598866, 0.006361108273267746, 0.00944073498249054, 0.006850043311715126, 0.007166738621890545, 0.008613578975200653, 0.008194053545594215, 0.00507629057392478, 0.008546295575797558, 0.005880603566765785, 0.006098784506320953, 0.005357462912797928, 0.006768147461116314, 0.010086800903081894, 0.008322950452566147, 0.006625170353800058, 0.005898122675716877, 0.008022203110158443, 0.007485290989279747, 0.007388771511614323, 0.009268580004572868, 0.008802906610071659, 0.006392916664481163, 0.0073240976780653, 0.006952251773327589, 0.007864395156502724, 0.007755739614367485, 0.010076371021568775, 0.010517623275518417, 0.008890582248568535, 0.007784213405102491, 0.009301778860390186, 0.004525986034423113, 0.009768759831786156, 0.010234319604933262, 0.007433719001710415, 0.01037160400301218, 0.005881543271243572, 0.005538631230592728, 0.007700790651142597, 0.007622695527970791, 0.006863372400403023, 0.006228113546967506, 0.01244383119046688, 0.006244699936360121, 0.007278228644281626, 0.01043202355504036, 0.007799970451742411, 0.00984205212444067, 0.007394210901111364, 0.009005412459373474, 0.005978739354759455, 0.007227339781820774, 0.0066813998855650425, 0.008400180377066135, 0.010010350495576859, 0.006979383062571287, 0.006019869819283485, 0.006429395172744989, 0.010732078924775124, 0.013500861823558807, 0.006721457000821829, 0.009636635892093182, 0.007696287240833044, 0.007387455552816391, 0.006100949831306934, 0.008324560709297657, 0.008665189146995544, 0.00939900241792202, 0.007560857571661472, 0.0071737077087163925, 0.009259485639631748, 0.010053062811493874, 0.0063755325973033905, 0.00872810184955597, 0.01163165457546711, 0.009610921144485474, 0.008159266784787178, 0.007444640155881643, 0.011921009980142117, 0.009354479610919952, 0.010044991038739681, 0.008750224485993385, 0.00655701570212841, 0.007895094342529774, 0.006909636780619621, 0.005807127803564072, 0.00672261044383049, 0.006336880847811699, 0.007190620061010122, 0.004710303619503975, 0.005883708596229553, 0.006887416355311871, 0.007890647277235985, 0.008392252959311008, 0.008046266622841358, 0.007250251714140177, 0.008937176316976547, 0.009630407206714153, 0.010038617998361588, 0.008551131002604961, 0.009889282286167145, 0.007366618141531944, 0.012821587733924389, 0.010475484654307365, 0.0059320516884326935, 0.008833001367747784, 0.008649703115224838, 0.007255151402205229, 0.008654347620904446, 0.006196508649736643, 0.006484685465693474, 0.006701766513288021, 0.009116239845752716, 0.011687831953167915, 0.007478195708245039, 0.010092165321111679, 0.006704128347337246, 0.0074544632807374, 0.006063118577003479, 0.009828549809753895, 0.007589022163301706, 0.007389366161078215, 0.009973068721592426, 0.014154688455164433, 0.010640332475304604, 0.007122640497982502, 0.007039048243314028, 0.006663710344582796, 0.006613345816731453, 0.006483931094408035, 0.007135527674108744, 0.007533189374953508, 0.010323937050998211, 0.00581121863797307, 0.008736828342080116, 0.008725075982511044, 0.0066139898262917995, 0.006234021857380867, 0.008039882406592369, 0.00887093786150217, 0.0067583415657281876, 0.01088442001491785, 0.010230254381895065, 0.007647358346730471, 0.010664128698408604], 'L_grad': [0.015848934650421143, 0.016305549070239067, 0.016026528552174568, 0.01877383515238762, 0.015307588502764702, 0.018822159618139267, 0.015581529587507248, 0.018076332286000252, 0.015783073380589485, 0.01748424954712391, 0.015179536305367947, 0.018506966531276703, 0.016702355816960335, 0.017103254795074463, 0.015642043203115463, 0.015026647597551346, 0.01629643701016903, 0.015945974737405777, 0.017871230840682983, 0.016095444560050964, 0.018132958561182022, 0.0172671340405941, 0.015402790158987045, 0.01554971095174551, 0.015056736767292023, 0.01636354997754097, 0.016570521518588066, 0.01542254351079464, 0.016651462763547897, 0.015480412170290947, 0.017907118424773216, 0.01709459349513054, 0.015924273058772087, 0.017610762268304825, 0.017181256785988808, 0.015933822840452194, 0.01621902361512184, 0.01592855714261532, 0.015366876497864723, 0.015625037252902985, 0.015486720949411392, 0.016845544800162315, 0.01574971154332161, 0.017921103164553642, 0.01830108091235161, 0.016497768461704254, 0.014283711090683937, 0.0175565667450428, 0.016612354665994644, 0.01776164211332798, 0.015796907246112823, 0.017347285524010658, 0.014633987098932266, 0.01590500771999359, 0.01593387871980667, 0.018475878983736038, 0.016263529658317566, 0.014681627973914146, 0.019155245274305344, 0.01551253255456686, 0.017160668969154358, 0.015002794563770294, 0.018767207860946655, 0.015684159472584724, 0.018072055652737617, 0.0181372482329607, 0.01743597537279129, 0.01818147301673889, 0.015905724838376045, 0.018615135923027992, 0.016311045736074448, 0.017243286594748497, 0.016128044575452805, 0.02135404758155346, 0.016896981745958328, 0.015868503600358963, 0.021797673776745796, 0.014869720675051212, 0.01797069050371647, 0.015673797577619553, 0.015913598239421844, 0.017098307609558105, 0.01608029007911682, 0.01710663177073002, 0.016419168561697006, 0.017787756398320198, 0.015868457034230232, 0.015983227640390396, 0.016685282811522484, 0.017101654782891273, 0.01748727075755596, 0.016817262396216393, 0.015836207196116447, 0.015429033897817135, 0.01654231734573841, 0.0154389264062047, 0.016355527564883232, 0.01649041287600994, 0.015595654025673866, 0.014902627095580101, 0.016374751925468445, 0.0180092491209507, 0.01780162937939167, 0.016184063628315926, 0.016807857900857925, 0.015660330653190613, 0.017960069701075554, 0.01596418209373951, 0.01568860188126564, 0.01736685074865818, 0.018270879983901978, 0.014734530821442604, 0.018358318135142326, 0.015066608786582947, 0.015944264829158783, 0.015604494139552116, 0.017122508957982063, 0.017318356782197952, 0.017063453793525696, 0.01527675986289978, 0.016170402988791466, 0.016559498384594917, 0.01679920218884945, 0.016635660082101822, 0.017687523737549782, 0.01777958869934082, 0.016747979447245598, 0.016049163416028023, 0.016256099566817284, 0.01456894539296627, 0.01590697653591633, 0.017010806128382683, 0.01753978617489338, 0.01702728308737278, 0.016565732657909393, 0.0175434909760952, 0.013466961681842804, 0.020723499357700348, 0.016872841864824295, 0.015867486596107483, 0.017706792801618576, 0.014970781281590462, 0.015795990824699402, 0.016005948185920715, 0.01627950929105282, 0.016634559258818626, 0.01527303084731102, 0.018136391416192055, 0.015329087153077126, 0.016057755798101425, 0.01897040382027626, 0.018383901566267014, 0.016320254653692245, 0.016771158203482628, 0.016227450221776962, 0.015610558912158012, 0.01720837503671646, 0.016647621989250183, 0.014850015752017498, 0.016478894278407097, 0.01809770241379738, 0.01676667109131813, 0.016103971749544144, 0.01811010204255581, 0.019422590732574463, 0.015427947044372559, 0.017568206414580345, 0.016290802508592606, 0.016798440366983414, 0.016005566343665123, 0.016642071306705475, 0.016592932865023613, 0.01768549345433712, 0.015733325853943825, 0.01670777052640915, 0.019177934154868126, 0.017188742756843567, 0.016010968014597893, 0.016315193846821785, 0.01972699537873268, 0.018836120143532753, 0.015178514644503593, 0.015797752887010574, 0.021046284586191177, 0.017565501853823662, 0.019233854487538338, 0.016409635543823242, 0.015560286119580269, 0.01733184978365898, 0.015423722565174103, 0.015447119250893593, 0.015109160915017128, 0.017326204106211662, 0.017252501100301743, 0.014257309958338737, 0.015604881569743156, 0.01581404358148575, 0.016846343874931335, 0.01946374773979187, 0.01588805951178074, 0.016096532344818115, 0.01885729841887951, 0.017046920955181122, 0.01649743877351284, 0.01640358567237854, 0.016134630888700485, 0.015956979244947433, 0.021444253623485565, 0.019603997468948364, 0.015957653522491455, 0.018261410295963287, 0.017079340294003487, 0.017120247706770897, 0.015359945595264435, 0.015636514872312546, 0.014773163944482803, 0.015530499629676342, 0.01798326149582863, 0.019471723586320877, 0.01593964174389839, 0.017755992710590363, 0.015509253367781639, 0.016577180474996567, 0.015620806254446507, 0.01677875965833664, 0.018058275803923607, 0.016589771956205368, 0.017794284969568253, 0.019848855212330818, 0.018946699798107147, 0.016287311911582947, 0.015621241182088852, 0.01690429076552391, 0.01589285582304001, 0.015129869803786278, 0.016158079728484154, 0.01630464196205139, 0.018972670659422874, 0.015910211950540543, 0.017226289957761765, 0.01853282004594803, 0.019013967365026474, 0.01630278117954731, 0.01592906191945076, 0.016890712082386017, 0.01617860049009323, 0.018067659810185432, 0.017678776755928993, 0.015287253074347973, 0.013674994930624962]}
Setting up Multi Scale Gradient loss...
Done
Setting up Multi Scale Gradient loss...
Done
Setting up Multi Scale Gradient loss...
Done
Setting up Multi Scale Gradient loss...
Done
Setting up Multi Scale Gradient loss...
Done
Setting up Multi Scale Gradient loss...
Done
Setting up Multi Scale Gradient loss...
Done
Setting up Multi Scale Gradient loss...
Done
Setting up Multi Scale Gradient loss...
Done
Setting up Multi Scale Gradient loss...
Done
Setting up Multi Scale Gradient loss...
Done
Setting up Multi Scale Gradient loss...
Done
Setting up Multi Scale Gradient loss...
Done
Setting up Multi Scale Gradient loss...
Done
Setting up Multi Scale Gradient loss...
Done
Setting up Multi Scale Gradient loss...
Done
all losses in batch in validation:  {'loss': [0.024258850142359734, 0.02602885290980339, 0.023549232631921768, 0.02764960378408432, 0.02149890549480915, 0.030505269765853882, 0.026240311563014984, 0.03010958805680275, 0.023351360112428665, 0.023726163432002068, 0.02310950681567192, 0.030714472755789757, 0.02545073628425598, 0.027305494993925095, 0.023992493748664856, 0.02140938490629196, 0.023722220212221146, 0.023140132427215576, 0.028314337134361267, 0.023489369079470634, 0.026570571586489677, 0.02618616819381714, 0.023671366274356842, 0.021450141444802284, 0.02201184257864952, 0.02409851737320423, 0.024324661120772362, 0.02237207069993019, 0.025410166010260582, 0.02393452636897564, 0.029378127306699753, 0.027607902884483337, 0.027214067056775093, 0.026701267808675766, 0.028226345777511597, 0.025956474244594574, 0.026093637570738792, 0.02545107714831829, 0.02294139750301838, 0.023392897099256516, 0.025180481374263763, 0.026312315836548805, 0.023321889340877533, 0.03060557320713997, 0.030435601249337196, 0.023662332445383072, 0.02062191069126129, 0.025887558236718178, 0.02454272471368313, 0.028234636411070824, 0.02573012188076973, 0.027534708380699158, 0.022290395572781563, 0.025607608258724213, 0.027801403775811195, 0.029999233782291412, 0.025958919897675514, 0.022570094093680382, 0.0286235548555851, 0.023194845765829086, 0.028455525636672974, 0.02303517423570156, 0.02738739363849163, 0.023363597691059113, 0.026470163837075233, 0.025973975658416748, 0.029150240123271942, 0.032989710569381714, 0.023121165111660957, 0.026989825069904327, 0.0237275380641222, 0.028584951534867287, 0.022053822875022888, 0.03116486594080925, 0.023739606142044067, 0.024330899119377136, 0.03183130919933319, 0.021434390917420387, 0.027206815779209137, 0.022376934066414833, 0.022790877148509026, 0.02740629017353058, 0.025477634742856026, 0.02688511461019516, 0.023700568825006485, 0.029314406216144562, 0.024192964658141136, 0.02375033311545849, 0.025216348469257355, 0.028936617076396942, 0.02938823215663433, 0.025124570354819298, 0.02355668880045414, 0.021715812385082245, 0.025229789316654205, 0.022275524213910103, 0.023634247481822968, 0.02355712652206421, 0.022948674857616425, 0.02443714626133442, 0.025875184684991837, 0.026922574266791344, 0.028250718489289284, 0.023757392540574074, 0.025327108800411224, 0.022310450673103333, 0.027383413165807724, 0.023676548153162003, 0.023114468902349472, 0.02724812552332878, 0.02466249093413353, 0.021633317694067955, 0.028712861239910126, 0.022316480055451393, 0.023335810750722885, 0.021119028329849243, 0.024838311597704887, 0.027972258627414703, 0.027760669589042664, 0.022788144648075104, 0.024229973554611206, 0.02521178498864174, 0.024700462818145752, 0.023947300389409065, 0.028646185994148254, 0.026915928348898888, 0.024648496881127357, 0.024302512407302856, 0.024105219170451164, 0.02355368249118328, 0.024083102121949196, 0.028777696192264557, 0.028781713917851448, 0.02625114843249321, 0.026674307882785797, 0.027061110362410545, 0.018280018121004105, 0.03089875355362892, 0.028938572853803635, 0.0233069509267807, 0.028408624231815338, 0.022609256207942963, 0.022325042635202408, 0.023947112262248993, 0.0261678583920002, 0.02401411160826683, 0.02371951751410961, 0.0318698026239872, 0.0224369578063488, 0.02376621775329113, 0.027829347178339958, 0.02827351912856102, 0.026986032724380493, 0.024580324068665504, 0.027307778596878052, 0.021564632654190063, 0.02546796202659607, 0.02322210744023323, 0.024510882794857025, 0.027064919471740723, 0.025734754279255867, 0.023811116814613342, 0.02361256815493107, 0.02982327900826931, 0.03522419556975365, 0.022590190172195435, 0.027879763394594193, 0.023298751562833786, 0.02500222623348236, 0.023194555193185806, 0.02519468031823635, 0.025845160707831383, 0.027223382145166397, 0.023527011275291443, 0.023680370301008224, 0.026563391089439392, 0.02876121550798416, 0.023661859333515167, 0.026042353361845016, 0.034782782196998596, 0.029080314561724663, 0.023783057928085327, 0.02336788922548294, 0.03198176622390747, 0.026714246720075607, 0.03134418651461601, 0.026161646470427513, 0.02267029881477356, 0.027407672256231308, 0.02210652455687523, 0.022744353860616684, 0.022999562323093414, 0.024312471970915794, 0.024473348632454872, 0.019473111256957054, 0.022340452298521996, 0.024153200909495354, 0.02459716983139515, 0.02977917715907097, 0.024074092507362366, 0.02401374652981758, 0.028519243001937866, 0.02776906080543995, 0.02757616713643074, 0.024612996727228165, 0.026238925755023956, 0.0243544764816761, 0.03334592655301094, 0.031454045325517654, 0.023191409185528755, 0.028886402025818825, 0.025755371898412704, 0.026725012809038162, 0.025457803159952164, 0.02318112552165985, 0.02130413055419922, 0.022682365030050278, 0.025520389899611473, 0.031853772699832916, 0.02518656477332115, 0.02872789464890957, 0.022875044494867325, 0.02497032657265663, 0.021906331181526184, 0.027144845575094223, 0.026425808668136597, 0.02173720858991146, 0.02802225388586521, 0.035180456936359406, 0.02847178280353546, 0.024467462673783302, 0.022651787847280502, 0.023961205035448074, 0.024120185524225235, 0.022076647728681564, 0.02340155839920044, 0.02441355213522911, 0.030863221734762192, 0.022263234481215477, 0.025799736380577087, 0.027727756649255753, 0.027328411117196083, 0.022814877331256866, 0.02328430488705635, 0.02663336507976055, 0.02358439192175865, 0.029415182769298553, 0.02919137477874756, 0.023509567603468895, 0.025293894112110138], 'L_si': [0.007930977270007133, 0.009476285427808762, 0.007055181544274092, 0.008589536882936954, 0.005905095022171736, 0.011498459614813328, 0.010064169764518738, 0.011496458202600479, 0.0070936656557023525, 0.006875281687825918, 0.00779427494853735, 0.011579575017094612, 0.008423671126365662, 0.009501832537353039, 0.007821044884622097, 0.006092802621424198, 0.006789563689380884, 0.006638830527663231, 0.009795580990612507, 0.007037678733468056, 0.00798879750072956, 0.008270488120615482, 0.007350597996264696, 0.005445205140858889, 0.006366881541907787, 0.007351721171289682, 0.007515748497098684, 0.006677801720798016, 0.00865655392408371, 0.00744670070707798, 0.010844962671399117, 0.009630896151065826, 0.010577496141195297, 0.008439810946583748, 0.010401883162558079, 0.009172121994197369, 0.008724795654416084, 0.008541680872440338, 0.007011907175183296, 0.0074393972754478455, 0.008265928365290165, 0.00895320437848568, 0.006896989420056343, 0.011926460079848766, 0.011739818379282951, 0.0069242119789123535, 0.0058352164924144745, 0.00909220241010189, 0.007652305532246828, 0.00943666510283947, 0.009431225247681141, 0.009818478487432003, 0.007124893832951784, 0.00920641329139471, 0.011037265881896019, 0.011033258400857449, 0.009082289412617683, 0.006905863527208567, 0.00923389196395874, 0.007091119419783354, 0.010681229643523693, 0.007486798334866762, 0.00829298235476017, 0.007290475536137819, 0.007714992854744196, 0.008673354052007198, 0.01116469968110323, 0.01426792610436678, 0.007075825240463018, 0.00876402948051691, 0.006827672943472862, 0.010902728885412216, 0.005611327476799488, 0.010048593394458294, 0.006930881179869175, 0.007846948690712452, 0.009968889877200127, 0.006048310082405806, 0.008714412339031696, 0.006134638097137213, 0.0067584761418402195, 0.009529314935207367, 0.009617600589990616, 0.008945244364440441, 0.006875758990645409, 0.01126430556178093, 0.007791978772729635, 0.007463308051228523, 0.007716451771557331, 0.01140716765075922, 0.011118358001112938, 0.007463270798325539, 0.0070307906717062, 0.005716399755328894, 0.008524863980710506, 0.006294694263488054, 0.006584914401173592, 0.006575274281203747, 0.007065807469189167, 0.008876876905560493, 0.00926919374614954, 0.008063096553087234, 0.009944150224328041, 0.006771101150661707, 0.007590980269014835, 0.006452514789998531, 0.00932889711111784, 0.007102221250534058, 0.007226824294775724, 0.009120314382016659, 0.007126454263925552, 0.005862020421773195, 0.009093690663576126, 0.006666218861937523, 0.0067359828390181065, 0.005485410802066326, 0.007268121466040611, 0.010329757817089558, 0.009708061814308167, 0.006853409111499786, 0.0068865674547851086, 0.00838969275355339, 0.007638914510607719, 0.007083503995090723, 0.00995999202132225, 0.00891396775841713, 0.007035836111754179, 0.007737475447356701, 0.007368750404566526, 0.00813821516931057, 0.007922254502773285, 0.010839550755918026, 0.010688954964280128, 0.00885880459100008, 0.009057319723069668, 0.009018776938319206, 0.0045806788839399815, 0.009718905203044415, 0.010847480036318302, 0.00717000849545002, 0.01049888040870428, 0.006703627295792103, 0.0059179821982979774, 0.007743326015770435, 0.008722673170268536, 0.0068258075043559074, 0.007355179637670517, 0.012790783308446407, 0.006615321151912212, 0.007315054070204496, 0.009446179494261742, 0.008868619799613953, 0.010133329778909683, 0.007502037566155195, 0.010070196352899075, 0.0059062461368739605, 0.007642103359103203, 0.006614253390580416, 0.009098931215703487, 0.010123678483068943, 0.007202345412224531, 0.0065164947882294655, 0.006919530685991049, 0.011081790551543236, 0.015088653191924095, 0.006806472782045603, 0.0098104951903224, 0.007270694710314274, 0.007744814269244671, 0.006695437245070934, 0.008396068587899208, 0.008794665336608887, 0.009363697841763496, 0.007310747168958187, 0.006919119507074356, 0.00809962023049593, 0.01077632512897253, 0.00703886104747653, 0.009188618510961533, 0.013617855496704578, 0.009606704115867615, 0.008325958624482155, 0.007396712899208069, 0.01111142709851265, 0.009205634705722332, 0.010902198031544685, 0.009207280352711678, 0.006757487077265978, 0.008770373649895191, 0.006711380556225777, 0.0066211530938744545, 0.007173052988946438, 0.00654408847913146, 0.007182257249951363, 0.0049514793790876865, 0.00634797615930438, 0.007688441779464483, 0.007772109936922789, 0.009186656214296818, 0.007987058721482754, 0.007407906465232372, 0.009179464541375637, 0.010071810334920883, 0.01058741845190525, 0.008228731341660023, 0.009972531348466873, 0.007878988981246948, 0.012259735725820065, 0.0113266846165061, 0.006474114488810301, 0.009358784183859825, 0.008435306139290333, 0.008362678810954094, 0.009281250648200512, 0.006750132888555527, 0.0064561450853943825, 0.006844501011073589, 0.00798698328435421, 0.012010959908366203, 0.008331086486577988, 0.010609976947307587, 0.006928667891770601, 0.00774382846429944, 0.006134492345154285, 0.010031146928668022, 0.007677939720451832, 0.006156811956316233, 0.010025644674897194, 0.014639032073318958, 0.010033125057816505, 0.0075978427194058895, 0.00692807836458087, 0.006748625542968512, 0.007401286158710718, 0.00650031166151166, 0.007120721973478794, 0.0077549428679049015, 0.011099455878138542, 0.006019811611622572, 0.008408617228269577, 0.008678573183715343, 0.007157348096370697, 0.006342221517115831, 0.0076695759780704975, 0.009144362062215805, 0.007134601008147001, 0.011132930405437946, 0.010805572383105755, 0.007838433608412743, 0.011105367913842201], 'L_grad': [0.0163278728723526, 0.01655256748199463, 0.01649405062198639, 0.01906006783246994, 0.015593810006976128, 0.01900680921971798, 0.016176141798496246, 0.01861312985420227, 0.016257693991065025, 0.016850881278514862, 0.015315231867134571, 0.019134897738695145, 0.01702706515789032, 0.01780366338789463, 0.016171447932720184, 0.015316581353545189, 0.01693265698850155, 0.016501301899552345, 0.018518755212426186, 0.01645169034600258, 0.018581774085760117, 0.01791568100452423, 0.016320768743753433, 0.016004936769604683, 0.015644961968064308, 0.016746796667575836, 0.01680891215801239, 0.0156942680478096, 0.016753612086176872, 0.01648782566189766, 0.018533164635300636, 0.01797700673341751, 0.016636570915579796, 0.018261456862092018, 0.017824461683630943, 0.01678435318171978, 0.017368841916322708, 0.016909396275877953, 0.015929490327835083, 0.01595349982380867, 0.016914552077651024, 0.017359111458063126, 0.01642489992082119, 0.018679114058613777, 0.018695782870054245, 0.01673812046647072, 0.014786694198846817, 0.016795355826616287, 0.016890419647097588, 0.018797971308231354, 0.016298897564411163, 0.01771623082458973, 0.015165502205491066, 0.016401194036006927, 0.016764137893915176, 0.01896597631275654, 0.01687663048505783, 0.015664231032133102, 0.019389662891626358, 0.016103725880384445, 0.017774296924471855, 0.015548376366496086, 0.01909441128373146, 0.01607312262058258, 0.018755171447992325, 0.017300620675086975, 0.017985541373491287, 0.01872178539633751, 0.01604533940553665, 0.01822579652070999, 0.016899865120649338, 0.01768222264945507, 0.016442496329545975, 0.02111627161502838, 0.016808725893497467, 0.01648394949734211, 0.021862421184778214, 0.015386081300675869, 0.018492402508854866, 0.016242295503616333, 0.016032401472330093, 0.01787697523832321, 0.01586003415286541, 0.017939871177077293, 0.016824809834361076, 0.018050100654363632, 0.016400985419750214, 0.016287025064229965, 0.0174998976290226, 0.017529448494315147, 0.018269874155521393, 0.01766129955649376, 0.01652589812874794, 0.015999412164092064, 0.016704924404621124, 0.015980830416083336, 0.017049333080649376, 0.016981851309537888, 0.015882866457104683, 0.015560269355773926, 0.016605990007519722, 0.01885947771370411, 0.018306568264961243, 0.016986291855573654, 0.017736129462718964, 0.015857934951782227, 0.01805451512336731, 0.016574326902627945, 0.01588764414191246, 0.018127812072634697, 0.017536036670207977, 0.015771297737956047, 0.019619170576334, 0.01565026119351387, 0.016599828377366066, 0.015633616596460342, 0.017570190131664276, 0.01764249987900257, 0.018052607774734497, 0.015934735536575317, 0.01734340563416481, 0.01682209223508835, 0.017061548307538033, 0.01686379685997963, 0.018686193972826004, 0.018001960590481758, 0.01761266030371189, 0.01656503602862358, 0.01673646830022335, 0.015415467321872711, 0.01616084761917591, 0.017938144505023956, 0.01809275895357132, 0.017392342910170555, 0.017616987228393555, 0.01804233342409134, 0.013699338771402836, 0.021179847419261932, 0.018091091886162758, 0.01613694243133068, 0.017909744754433632, 0.015905629843473434, 0.016407059505581856, 0.016203787177801132, 0.017445186153054237, 0.017188305035233498, 0.016364337876439095, 0.019079018384218216, 0.015821635723114014, 0.016451163217425346, 0.018383167684078217, 0.019404899328947067, 0.01685270294547081, 0.017078286036849022, 0.017237581312656403, 0.015658386051654816, 0.017825858667492867, 0.016607854515314102, 0.015411950647830963, 0.016941241919994354, 0.01853240840137005, 0.017294621095061302, 0.016693037003278732, 0.018741488456726074, 0.02013554237782955, 0.01578371785581112, 0.01806926727294922, 0.016028057783842087, 0.017257411032915115, 0.016499117016792297, 0.016798611730337143, 0.017050495371222496, 0.0178596843034029, 0.01621626317501068, 0.01676125079393387, 0.018463771790266037, 0.017984889447689056, 0.01662299782037735, 0.016853734850883484, 0.021164927631616592, 0.019473610445857048, 0.015457100234925747, 0.015971176326274872, 0.020870337262749672, 0.0175086110830307, 0.020441988483071327, 0.016954366117715836, 0.01591281220316887, 0.018637297675013542, 0.015395144000649452, 0.016123199835419655, 0.01582651026546955, 0.017768383026123047, 0.01729109138250351, 0.014521632343530655, 0.015992475673556328, 0.016464758664369583, 0.016825059428811073, 0.020592520013451576, 0.016087032854557037, 0.016605839133262634, 0.019339779391884804, 0.017697250470519066, 0.01698874868452549, 0.016384266316890717, 0.016266394406557083, 0.016475487500429153, 0.02108619175851345, 0.02012736164033413, 0.016717294231057167, 0.019527617841959, 0.017320066690444946, 0.01836233399808407, 0.016176551580429077, 0.016430992633104324, 0.014847984537482262, 0.015837864950299263, 0.017533406615257263, 0.019842814654111862, 0.016855478286743164, 0.018117917701601982, 0.01594637706875801, 0.01722649857401848, 0.015771839767694473, 0.0171136986464262, 0.01874786987900734, 0.015580397099256516, 0.017996609210968018, 0.020541423931717873, 0.018438657745718956, 0.016869619488716125, 0.015723709017038345, 0.017212579026818275, 0.016718899831175804, 0.015576336532831192, 0.01628083735704422, 0.016658609732985497, 0.01976376585662365, 0.016243422403931618, 0.01739111915230751, 0.019049182534217834, 0.020171063020825386, 0.016472656279802322, 0.01561472937464714, 0.017489003017544746, 0.016449790447950363, 0.018282253295183182, 0.01838580146431923, 0.015671133995056152, 0.014188527129590511]}
Setting up Multi Scale Gradient loss...
Done
Setting up Multi Scale Gradient loss...
Done
Setting up Multi Scale Gradient loss...
Done
Setting up Multi Scale Gradient loss...
Done
Setting up Multi Scale Gradient loss...
Done
Setting up Multi Scale Gradient loss...
Done
Setting up Multi Scale Gradient loss...
Done
Setting up Multi Scale Gradient loss...
Done
Setting up Multi Scale Gradient loss...
Done
Setting up Multi Scale Gradient loss...
Done
Setting up Multi Scale Gradient loss...
Done
Setting up Multi Scale Gradient loss...
Done
Setting up Multi Scale Gradient loss...
Done
Setting up Multi Scale Gradient loss...
Done
Setting up Multi Scale Gradient loss...
Done
Setting up Multi Scale Gradient loss...
Done
all losses in batch in validation:  {'loss': [0.024554790928959846, 0.02609618380665779, 0.02496398612856865, 0.028374459594488144, 0.02188672125339508, 0.031007936224341393, 0.02618657797574997, 0.0300503671169281, 0.023234812542796135, 0.024386052042245865, 0.02359515056014061, 0.03234976530075073, 0.026095878332853317, 0.028997935354709625, 0.024785194545984268, 0.021830588579177856, 0.024308383464813232, 0.023727502673864365, 0.028934985399246216, 0.023639898747205734, 0.02660185471177101, 0.026626039296388626, 0.024119757115840912, 0.021329790353775024, 0.022685334086418152, 0.025014881044626236, 0.02419346198439598, 0.02287941984832287, 0.025915876030921936, 0.02467869594693184, 0.030090685933828354, 0.028366442769765854, 0.028505340218544006, 0.027018658816814423, 0.02952987514436245, 0.025418788194656372, 0.02672022208571434, 0.026066962629556656, 0.023090800270438194, 0.023807283490896225, 0.027197368443012238, 0.026714704930782318, 0.023736800998449326, 0.030382398515939713, 0.031142497435212135, 0.02353806048631668, 0.021505340933799744, 0.025748644024133682, 0.024399040266871452, 0.028625238686800003, 0.02599767968058586, 0.02752825990319252, 0.022310832515358925, 0.02682676911354065, 0.028226645663380623, 0.029722221195697784, 0.025532487779855728, 0.02279077097773552, 0.029098719358444214, 0.024241525679826736, 0.028837312012910843, 0.023189177736639977, 0.027205273509025574, 0.02354787103831768, 0.028050847351551056, 0.02605912834405899, 0.029570091515779495, 0.032687410712242126, 0.023938052356243134, 0.02820662409067154, 0.023194657638669014, 0.0280928798019886, 0.02164585143327713, 0.03367578983306885, 0.0248639527708292, 0.024552538990974426, 0.032793499529361725, 0.02178812399506569, 0.028686802834272385, 0.02233443781733513, 0.023388734087347984, 0.02750147506594658, 0.025224387645721436, 0.028101954609155655, 0.02322530560195446, 0.028932156041264534, 0.024071242660284042, 0.023598020896315575, 0.026219980791211128, 0.02906033769249916, 0.02974768728017807, 0.025083299726247787, 0.023886917158961296, 0.022069521248340607, 0.025075681507587433, 0.02285224013030529, 0.023638742044568062, 0.023891491815447807, 0.02341507002711296, 0.02468511462211609, 0.02569953165948391, 0.02677510306239128, 0.028305960819125175, 0.02403067983686924, 0.02488948032259941, 0.022309977561235428, 0.027565881609916687, 0.02455722913146019, 0.023336978629231453, 0.02842162922024727, 0.025283653289079666, 0.021823657676577568, 0.027962446212768555, 0.022534096613526344, 0.023173173889517784, 0.02109481580555439, 0.025518907234072685, 0.02772718295454979, 0.029667016118764877, 0.023732749745249748, 0.02492205798625946, 0.025235656648874283, 0.024406597018241882, 0.024201562628149986, 0.02966887876391411, 0.028159212321043015, 0.024862516671419144, 0.02504289150238037, 0.024464139714837074, 0.023664221167564392, 0.024195225909352303, 0.028298214077949524, 0.028186891227960587, 0.026196490973234177, 0.028135713189840317, 0.02800453081727028, 0.018563944846391678, 0.03179512172937393, 0.030347593128681183, 0.023555276915431023, 0.028345352038741112, 0.02311849594116211, 0.021729815751314163, 0.023701801896095276, 0.026670577004551888, 0.02449531853199005, 0.024254700168967247, 0.03180597350001335, 0.02321557328104973, 0.024396799504756927, 0.02945481427013874, 0.02924356237053871, 0.02745797112584114, 0.02525358460843563, 0.028774652630090714, 0.022053349763154984, 0.02589305490255356, 0.023600656539201736, 0.0245046466588974, 0.02726820483803749, 0.025396130979061127, 0.023674866184592247, 0.023417729884386063, 0.029590997844934464, 0.035462893545627594, 0.023351147770881653, 0.02810148149728775, 0.024397321045398712, 0.025393221527338028, 0.023218801245093346, 0.02540729194879532, 0.02575714886188507, 0.027595173567533493, 0.023363962769508362, 0.024026209488511086, 0.02754633128643036, 0.028593165799975395, 0.024066785350441933, 0.02635585516691208, 0.03398743271827698, 0.02865975722670555, 0.02371096983551979, 0.023404505103826523, 0.03346487134695053, 0.027101783081889153, 0.03166463226079941, 0.02646978572010994, 0.02298528328537941, 0.027349203824996948, 0.022069770842790604, 0.022657956928014755, 0.023567400872707367, 0.023606175556778908, 0.025078684091567993, 0.0203917995095253, 0.022351039573550224, 0.024867717176675797, 0.02519834041595459, 0.029330845922231674, 0.02421708032488823, 0.02449912764132023, 0.028939716517925262, 0.02805250696837902, 0.027541492134332657, 0.024987971410155296, 0.026376143097877502, 0.025216083973646164, 0.03378043696284294, 0.031255654990673065, 0.022920100018382072, 0.028676480054855347, 0.02579576149582863, 0.029574252665042877, 0.025470290333032608, 0.02387889102101326, 0.021812932565808296, 0.02265648916363716, 0.026165282353758812, 0.0328570157289505, 0.027314679697155952, 0.028617478907108307, 0.02328946813941002, 0.02459901198744774, 0.022712497040629387, 0.027052605524659157, 0.026505332440137863, 0.022295203059911728, 0.02851780131459236, 0.035299405455589294, 0.028791286051273346, 0.02438465692102909, 0.022916749119758606, 0.024489331990480423, 0.024536030367016792, 0.02211354486644268, 0.024060890078544617, 0.024926219135522842, 0.029900729656219482, 0.02279428392648697, 0.02721284329891205, 0.027841107919812202, 0.026214424520730972, 0.02304084412753582, 0.02321765571832657, 0.02654765546321869, 0.023928379639983177, 0.029710678383708, 0.029390141367912292, 0.024184664711356163, 0.025208624079823494], 'L_si': [0.007986411452293396, 0.009535168297588825, 0.007631117012351751, 0.008707497268915176, 0.006091565825045109, 0.011699022725224495, 0.010039989836513996, 0.011506362818181515, 0.0069890376180410385, 0.007175639737397432, 0.00794758927077055, 0.012374121695756912, 0.008629580028355122, 0.01024706568568945, 0.008089405484497547, 0.006223483011126518, 0.006952140014618635, 0.006879243068397045, 0.010129895992577076, 0.0069925677962601185, 0.00800278875976801, 0.008416850119829178, 0.007516198791563511, 0.005452199839055538, 0.006460896693170071, 0.007527193985879421, 0.0074720014818012714, 0.006941745523363352, 0.00881145615130663, 0.007753019221127033, 0.011073420755565166, 0.010089248418807983, 0.011111367493867874, 0.008645198307931423, 0.011612249538302422, 0.00897977501153946, 0.008905488066375256, 0.00869018491357565, 0.007092354819178581, 0.007662425749003887, 0.008995040319859982, 0.009133788757026196, 0.007099533919245005, 0.011915070004761219, 0.011947741732001305, 0.006986445747315884, 0.006176396273076534, 0.008975600823760033, 0.007563394028693438, 0.009644374251365662, 0.009500749409198761, 0.00972120650112629, 0.0071504744701087475, 0.009883544407784939, 0.011009873822331429, 0.010976324789226055, 0.00894088950008154, 0.006971978582441807, 0.009354573674499989, 0.007497618440538645, 0.010771922767162323, 0.00755560165271163, 0.008392884396016598, 0.007360147312283516, 0.00829669926315546, 0.008659848012030125, 0.011419863440096378, 0.014057139866054058, 0.007428343407809734, 0.009310608729720116, 0.006729345303028822, 0.01063716970384121, 0.005552344955503941, 0.011427300982177258, 0.007398670073598623, 0.008013620972633362, 0.010519652627408504, 0.006165180820971727, 0.009410738945007324, 0.006173395551741123, 0.0069984556175768375, 0.009562156163156033, 0.009436756372451782, 0.009455307386815548, 0.006705244537442923, 0.01107223890721798, 0.00776609918102622, 0.007453616708517075, 0.008000118657946587, 0.011553470976650715, 0.01116960309445858, 0.007433992810547352, 0.007227219175547361, 0.005904671270400286, 0.008535708300769329, 0.006425214931368828, 0.006562931463122368, 0.006737974938005209, 0.007421829737722874, 0.008875705301761627, 0.00924663059413433, 0.00815238244831562, 0.009979812428355217, 0.006853986997157335, 0.007394748739898205, 0.006418271921575069, 0.009547736495733261, 0.007539474405348301, 0.007203767541795969, 0.009518617764115334, 0.007424163166433573, 0.005855071824043989, 0.008841401897370815, 0.0067834737710654736, 0.006704174447804689, 0.00554828392341733, 0.0075724744237959385, 0.010305086150765419, 0.010739542543888092, 0.0071905311197042465, 0.007231337018311024, 0.008375304751098156, 0.007623450830578804, 0.007191842887550592, 0.010514247231185436, 0.009447609074413776, 0.007106011267751455, 0.008028402924537659, 0.0074932873249053955, 0.00824715569615364, 0.007901659235358238, 0.010643966495990753, 0.01044136006385088, 0.008868168108165264, 0.009954172186553478, 0.009441343136131763, 0.0046840328723192215, 0.010278480127453804, 0.01135246828198433, 0.007253152783960104, 0.010455707088112831, 0.00696655223146081, 0.005663988180458546, 0.007662080228328705, 0.008980773389339447, 0.0070681506767869, 0.007553817238658667, 0.012991613708436489, 0.006875623483210802, 0.007519838400185108, 0.01000407338142395, 0.009516998194158077, 0.010211898945271969, 0.007737224921584129, 0.011019540950655937, 0.006067004986107349, 0.007954134605824947, 0.006728772539645433, 0.009102694690227509, 0.010110140778124332, 0.0071827624924480915, 0.006559891626238823, 0.006849753204733133, 0.011077337898314, 0.01567329280078411, 0.007081001065671444, 0.009857232682406902, 0.007618483621627092, 0.00788162462413311, 0.00664413021877408, 0.008419264107942581, 0.008796329610049725, 0.009593015536665916, 0.007378884591162205, 0.0070826951414346695, 0.008381909690797329, 0.010724158957600594, 0.007216049358248711, 0.00925405602902174, 0.013900669291615486, 0.00950438342988491, 0.008310066536068916, 0.0074579450301826, 0.011935574002563953, 0.00936332531273365, 0.011207067407667637, 0.009397630579769611, 0.006664172280579805, 0.008968866430222988, 0.006708910223096609, 0.006591801531612873, 0.0074280803091824055, 0.006341148167848587, 0.007388182450085878, 0.005246644839644432, 0.006422586739063263, 0.00798405148088932, 0.008022389374673367, 0.00900352280586958, 0.008046184666454792, 0.007584786042571068, 0.009471437893807888, 0.010168448090553284, 0.010547514073550701, 0.008420510217547417, 0.01012741681188345, 0.008313960395753384, 0.012382421642541885, 0.011265700682997704, 0.006525018718093634, 0.009440053254365921, 0.008571363985538483, 0.009573864750564098, 0.009103299118578434, 0.0070475316606462, 0.006608744617551565, 0.006756552029401064, 0.008168403059244156, 0.012359604239463806, 0.009229252114892006, 0.010567765682935715, 0.007154995575547218, 0.0075747547671198845, 0.006402334198355675, 0.009990209713578224, 0.008082617074251175, 0.006319166161119938, 0.010298429988324642, 0.014718560501933098, 0.010195799171924591, 0.007642487064003944, 0.0070928107015788555, 0.00688001187518239, 0.00756292836740613, 0.006474202964454889, 0.007286491803824902, 0.007824733853340149, 0.010937714949250221, 0.006151511799544096, 0.008948558010160923, 0.008658874779939651, 0.006957613863050938, 0.006460682954639196, 0.00761569244787097, 0.00910999532788992, 0.007238928694278002, 0.011422095820307732, 0.010858305729925632, 0.008238371461629868, 0.011183714494109154], 'L_grad': [0.01656837947666645, 0.01656101457774639, 0.01733286865055561, 0.019666962325572968, 0.015795156359672546, 0.019308913499116898, 0.016146589070558548, 0.01854400336742401, 0.016245774924755096, 0.01721041277050972, 0.015647562220692635, 0.01997564174234867, 0.01746629737317562, 0.0187508687376976, 0.016695788130164146, 0.015607105568051338, 0.01735624298453331, 0.016848260536789894, 0.018805088475346565, 0.016647331416606903, 0.018599066883325577, 0.018209189176559448, 0.016603559255599976, 0.01587759144604206, 0.016224436461925507, 0.01748768612742424, 0.016721460968255997, 0.015937674790620804, 0.017104418948292732, 0.01692567765712738, 0.019017264246940613, 0.01827719435095787, 0.017393972724676132, 0.018373459577560425, 0.017917625606060028, 0.016439013183116913, 0.01781473308801651, 0.017376776784658432, 0.015998445451259613, 0.016144856810569763, 0.01820232719182968, 0.017580917105078697, 0.016637267544865608, 0.018467329442501068, 0.01919475570321083, 0.016551615670323372, 0.01532894466072321, 0.01677304320037365, 0.016835646703839302, 0.01898086443543434, 0.0164969302713871, 0.01780705340206623, 0.01516035757958889, 0.016943223774433136, 0.017216771841049194, 0.018745895475149155, 0.016591597348451614, 0.015818793326616287, 0.0197441466152668, 0.01674390770494938, 0.01806538924574852, 0.01563357561826706, 0.0188123881816864, 0.016187723726034164, 0.01975414901971817, 0.01739927940070629, 0.01815022900700569, 0.018630269914865494, 0.016509709879755974, 0.018896015360951424, 0.016465311869978905, 0.017455710098147392, 0.016093507409095764, 0.022248487919569016, 0.01746528223156929, 0.016538918018341064, 0.022273845970630646, 0.015622943639755249, 0.01927606388926506, 0.01616104319691658, 0.016390278935432434, 0.017939317971467972, 0.015787631273269653, 0.018646646291017532, 0.01652006059885025, 0.017859917134046555, 0.016305143013596535, 0.0161444041877985, 0.01821986213326454, 0.01750686578452587, 0.01857808418571949, 0.01764930598437786, 0.016659697517752647, 0.01616485044360161, 0.01653997227549553, 0.016427025198936462, 0.017075810581445694, 0.01715351641178131, 0.015993239358067513, 0.01580940932035446, 0.01645290106534958, 0.01862272061407566, 0.01832614839076996, 0.017176693305373192, 0.01749473251402378, 0.015891704708337784, 0.018018145114183426, 0.017017755657434464, 0.01613321155309677, 0.018903011456131935, 0.01785949058830738, 0.01596858538687229, 0.019121043384075165, 0.015750622376799583, 0.016468999907374382, 0.015546532347798347, 0.017946433275938034, 0.01742209680378437, 0.018927473574876785, 0.0165422186255455, 0.01769072189927101, 0.016860350966453552, 0.01678314618766308, 0.01700972020626068, 0.019154630601406097, 0.018711604177951813, 0.0177565049380064, 0.017014488577842712, 0.01697085238993168, 0.015417065471410751, 0.016293566673994064, 0.01765424758195877, 0.01774553209543228, 0.017328321933746338, 0.018181540071964264, 0.01856318674981594, 0.013879911974072456, 0.021516643464565277, 0.018995124846696854, 0.01630212366580963, 0.01788964495062828, 0.016151944175362587, 0.016065826639533043, 0.01603972166776657, 0.01768980361521244, 0.017427168786525726, 0.016700882464647293, 0.018814358860254288, 0.016339950263500214, 0.016876962035894394, 0.01945074088871479, 0.01972656510770321, 0.017246073111891747, 0.0175163596868515, 0.017755111679434776, 0.01598634570837021, 0.017938921228051186, 0.01687188446521759, 0.015401951968669891, 0.017158064991235733, 0.018213368952274323, 0.017114974558353424, 0.016567977145314217, 0.01851365901529789, 0.019789598882198334, 0.016270145773887634, 0.018244249746203423, 0.016778837889432907, 0.017511596903204918, 0.016574671491980553, 0.016988027840852737, 0.01696081832051277, 0.018002158030867577, 0.015985077247023582, 0.016943514347076416, 0.019164422526955605, 0.0178690068423748, 0.016850735992193222, 0.017101800069212914, 0.02008676528930664, 0.01915537379682064, 0.015400904230773449, 0.015946559607982635, 0.021529298275709152, 0.017738457769155502, 0.020457563921809196, 0.017072154209017754, 0.01632111147046089, 0.018380338326096535, 0.015360860154032707, 0.016066156327724457, 0.01613932102918625, 0.01726502738893032, 0.017690502107143402, 0.015145155601203442, 0.01592845283448696, 0.016883665695786476, 0.017175951972603798, 0.02032732218503952, 0.016170896589756012, 0.01691434159874916, 0.0194682776927948, 0.017884058877825737, 0.01699397712945938, 0.01656746119260788, 0.01624872535467148, 0.016902122646570206, 0.021398015320301056, 0.01998995617032051, 0.01639508083462715, 0.019236426800489426, 0.017224397510290146, 0.020000388845801353, 0.0163669902831316, 0.016831358894705772, 0.015204187482595444, 0.015899937599897385, 0.017996879294514656, 0.020497413352131844, 0.018085427582263947, 0.018049713224172592, 0.0161344725638628, 0.01702425628900528, 0.016310162842273712, 0.017062395811080933, 0.018422715365886688, 0.015976035967469215, 0.018219370394945145, 0.020580843091011047, 0.018595486879348755, 0.016742169857025146, 0.015823937952518463, 0.01760932058095932, 0.01697310246527195, 0.01563934236764908, 0.01677439920604229, 0.017101485282182693, 0.01896301470696926, 0.016642771661281586, 0.0182642862200737, 0.01918223313987255, 0.01925680972635746, 0.016580160707235336, 0.015601962804794312, 0.017437659204006195, 0.016689451411366463, 0.01828858256340027, 0.018531836569309235, 0.015946293249726295, 0.01402490958571434]}
Setting up Multi Scale Gradient loss...
Done
Setting up Multi Scale Gradient loss...
Done
Setting up Multi Scale Gradient loss...
Done
Setting up Multi Scale Gradient loss...
Done
Setting up Multi Scale Gradient loss...
Done
Setting up Multi Scale Gradient loss...
Done
Setting up Multi Scale Gradient loss...
Done
Setting up Multi Scale Gradient loss...
Done
Setting up Multi Scale Gradient loss...
Setting up Multi Scale Gradient loss...
Done
Done
Setting up Multi Scale Gradient loss...
Done
Setting up Multi Scale Gradient loss...
Done
Setting up Multi Scale Gradient loss...
Done
Setting up Multi Scale Gradient loss...
Done
Setting up Multi Scale Gradient loss...
Done
Setting up Multi Scale Gradient loss...
Done
all losses in batch in validation:  {'loss': [0.023594215512275696, 0.025164876133203506, 0.022786740213632584, 0.027479728683829308, 0.02094472199678421, 0.030017275363206863, 0.025445634499192238, 0.028720490634441376, 0.02266770415008068, 0.02374410629272461, 0.02306666411459446, 0.029651731252670288, 0.024734996259212494, 0.026475034654140472, 0.023099657148122787, 0.021315651014447212, 0.023560917004942894, 0.022334668785333633, 0.027647629380226135, 0.02319135144352913, 0.02591841295361519, 0.025424204766750336, 0.02300374209880829, 0.021252742037177086, 0.021642401814460754, 0.023707961663603783, 0.02400624006986618, 0.02277497947216034, 0.02530745044350624, 0.02282203547656536, 0.028949588537216187, 0.02652905322611332, 0.027071615681052208, 0.024746708571910858, 0.027106646448373795, 0.025202404707670212, 0.024767227470874786, 0.024234889075160027, 0.02221575751900673, 0.023009490221738815, 0.024263834580779076, 0.02567896619439125, 0.022480223327875137, 0.02918621152639389, 0.029956268146634102, 0.02310708537697792, 0.020516568794846535, 0.025466760620474815, 0.02371176891028881, 0.027059949934482574, 0.02479749545454979, 0.0271347314119339, 0.02151493728160858, 0.02457481622695923, 0.0269085094332695, 0.02885095775127411, 0.02487560175359249, 0.021506542339920998, 0.028513014316558838, 0.022781964391469955, 0.028131816536188126, 0.022143416106700897, 0.027006737887859344, 0.022687120363116264, 0.026414724066853523, 0.02587263286113739, 0.028405319899320602, 0.03171965852379799, 0.023227106779813766, 0.026071256026625633, 0.022852543741464615, 0.027530789375305176, 0.021154779940843582, 0.030604049563407898, 0.02363894321024418, 0.02365485392510891, 0.0312763974070549, 0.020763659849762917, 0.026599988341331482, 0.02138032391667366, 0.0230838805437088, 0.026661595329642296, 0.02508074790239334, 0.025965750217437744, 0.022848740220069885, 0.028374020010232925, 0.023310761898756027, 0.022774215787649155, 0.024260342121124268, 0.02779771015048027, 0.02851509116590023, 0.024632658809423447, 0.022939521819353104, 0.021705690771341324, 0.0243539996445179, 0.02168506756424904, 0.022907698526978493, 0.022982247173786163, 0.022548910230398178, 0.023750102147459984, 0.0247853584587574, 0.025460459291934967, 0.02760913223028183, 0.022467749193310738, 0.023898359388113022, 0.0220765583217144, 0.02642926201224327, 0.0234847292304039, 0.02277946099638939, 0.02657102234661579, 0.02468043565750122, 0.020263822749257088, 0.027400657534599304, 0.021344562992453575, 0.022472526878118515, 0.020604070276021957, 0.024388084188103676, 0.026792850345373154, 0.027185708284378052, 0.022166643291711807, 0.02303660660982132, 0.024111829698085785, 0.024099843576550484, 0.02370457537472248, 0.027350448071956635, 0.025779277086257935, 0.023810504004359245, 0.023938680067658424, 0.023694150149822235, 0.022969553247094154, 0.024204876273870468, 0.027084995061159134, 0.027273938059806824, 0.02499653398990631, 0.025518648326396942, 0.026741469278931618, 0.018224801868200302, 0.030244026333093643, 0.02813834697008133, 0.023164773359894753, 0.02772737853229046, 0.021462861448526382, 0.021612195298075676, 0.02329258807003498, 0.02445739135146141, 0.023845607414841652, 0.022457409650087357, 0.030516475439071655, 0.022571606561541557, 0.023737698793411255, 0.027896210551261902, 0.026597142219543457, 0.02624012902379036, 0.024250982329249382, 0.026157010346651077, 0.021670999005436897, 0.024883344769477844, 0.023373905569314957, 0.023409482091665268, 0.026640314608812332, 0.024649564176797867, 0.02285703271627426, 0.02283049374818802, 0.02868789993226528, 0.033197447657585144, 0.02233201637864113, 0.027514558285474777, 0.023468252271413803, 0.024457572028040886, 0.02239345759153366, 0.024894945323467255, 0.025391921401023865, 0.026932310312986374, 0.022808650508522987, 0.023420343175530434, 0.02610332891345024, 0.027443522587418556, 0.02283368818461895, 0.02557123638689518, 0.03165116906166077, 0.028018519282341003, 0.023361962288618088, 0.022860001772642136, 0.03173987939953804, 0.026828302070498466, 0.029946010559797287, 0.02599228546023369, 0.022241506725549698, 0.025703253224492073, 0.02180526964366436, 0.021568283438682556, 0.02223709225654602, 0.02298060804605484, 0.024518130347132683, 0.01980702392756939, 0.02135554701089859, 0.02366320788860321, 0.024792229756712914, 0.02841867506504059, 0.023487946018576622, 0.023684125393629074, 0.027518128976225853, 0.02634192258119583, 0.026683516800403595, 0.02474173903465271, 0.025739120319485664, 0.023451223969459534, 0.03278748318552971, 0.02993377298116684, 0.02241140976548195, 0.027248680591583252, 0.025121338665485382, 0.026014763861894608, 0.02453337237238884, 0.023059222847223282, 0.02108187973499298, 0.022518347948789597, 0.02507113851606846, 0.03193855285644531, 0.024851160123944283, 0.02737204171717167, 0.022640936076641083, 0.024470806121826172, 0.022214069962501526, 0.026341330260038376, 0.025401156395673752, 0.02167956531047821, 0.027667999267578125, 0.033344514667987823, 0.027894392609596252, 0.023505017161369324, 0.022550033405423164, 0.02374669909477234, 0.02310233935713768, 0.021968264132738113, 0.023336753249168396, 0.023786421865224838, 0.028428077697753906, 0.022333094850182533, 0.025977104902267456, 0.027241822332143784, 0.025251232087612152, 0.022160720080137253, 0.023076970130205154, 0.02615169808268547, 0.023037999868392944, 0.02956269308924675, 0.028150808066129684, 0.0230384673923254, 0.02459592930972576], 'L_si': [0.007513540796935558, 0.00903701689094305, 0.006639834027737379, 0.008613856509327888, 0.005711201578378677, 0.011243813671171665, 0.009710047394037247, 0.010847965255379677, 0.006802333053201437, 0.006891231052577496, 0.007802747189998627, 0.011211970821022987, 0.008024916052818298, 0.008928605355322361, 0.007317031733691692, 0.0060241688042879105, 0.006724400445818901, 0.006231649313122034, 0.00952253956347704, 0.006900087930262089, 0.00771921593695879, 0.007922707125544548, 0.00701301172375679, 0.005401196423918009, 0.006179004907608032, 0.007122927810996771, 0.007434497587382793, 0.0068941423669457436, 0.008654006756842136, 0.006847323849797249, 0.010702947154641151, 0.009145136922597885, 0.010576248168945312, 0.007858330383896828, 0.009886646643280983, 0.00882709864526987, 0.0079770153388381, 0.007831040769815445, 0.006727409549057484, 0.007307540159672499, 0.007714150007814169, 0.008575252257287502, 0.006495769135653973, 0.011156071908771992, 0.011516785249114037, 0.006802127230912447, 0.005844053812325001, 0.008910883218050003, 0.007312292233109474, 0.008917253464460373, 0.008964761160314083, 0.009625792503356934, 0.006769340019673109, 0.008629362098872662, 0.010562642477452755, 0.010503876022994518, 0.00869007408618927, 0.006444199476391077, 0.009240181185305119, 0.006995337083935738, 0.010503078810870647, 0.007120074238628149, 0.00822429172694683, 0.007006605621427298, 0.007685776799917221, 0.008591518737375736, 0.010764007456600666, 0.013558798469603062, 0.007081625051796436, 0.00828850083053112, 0.006598100531846285, 0.01038982905447483, 0.005325100384652615, 0.009931101463735104, 0.006874500308185816, 0.007505115587264299, 0.009929265826940536, 0.005722950678318739, 0.008555459789931774, 0.005722803063690662, 0.006944670341908932, 0.009244382381439209, 0.009366463869810104, 0.008497824892401695, 0.00659585278481245, 0.010856603272259235, 0.007307450287044048, 0.007162979803979397, 0.007231817580759525, 0.01083048339933157, 0.01057852990925312, 0.007327564526349306, 0.006840258836746216, 0.005816648248583078, 0.008075264282524586, 0.006027445197105408, 0.006366412620991468, 0.006399155594408512, 0.006952468305826187, 0.008548447862267494, 0.009012601338326931, 0.007429192773997784, 0.009764120914041996, 0.006189857143908739, 0.006948226131498814, 0.0063733006827533245, 0.009233486838638783, 0.007071781437844038, 0.0070386347360908985, 0.008724318817257881, 0.007112481631338596, 0.005278097931295633, 0.008743158541619778, 0.006207771599292755, 0.00635850615799427, 0.005196807440370321, 0.006980838254094124, 0.009739103727042675, 0.009260480292141438, 0.006634508725255728, 0.006365517619997263, 0.007870632223784924, 0.007426762953400612, 0.007151478435844183, 0.009390347637236118, 0.008255240507423878, 0.006713231559842825, 0.007600532379001379, 0.0071091726422309875, 0.007928517647087574, 0.007968268357217312, 0.010024740360677242, 0.010150166228413582, 0.008337346836924553, 0.008307494223117828, 0.009099213406443596, 0.0046470435336232185, 0.00962575152516365, 0.010399587452411652, 0.007215025369077921, 0.010170379653573036, 0.00618698401376605, 0.005670153070241213, 0.007528435904532671, 0.007953600026667118, 0.006849324330687523, 0.006795129738748074, 0.012495090253651142, 0.006672737654298544, 0.007339009083807468, 0.009399600327014923, 0.00811369251459837, 0.009717277251183987, 0.007353592198342085, 0.009580593556165695, 0.005949253682047129, 0.007456989027559757, 0.006715104915201664, 0.008478199131786823, 0.00994624849408865, 0.006759926211088896, 0.006057225167751312, 0.006648054346442223, 0.010632103309035301, 0.01400957815349102, 0.0066778878681361675, 0.009686847217381, 0.007327449973672628, 0.0075590708293020725, 0.006280551664531231, 0.00820088293403387, 0.008716539479792118, 0.009290522895753384, 0.007182851433753967, 0.006907476112246513, 0.00787739921361208, 0.010059632360935211, 0.0066466866992414, 0.008965367451310158, 0.012492560781538486, 0.009347264654934406, 0.008198236115276814, 0.007211255840957165, 0.011148672550916672, 0.009248236194252968, 0.010527963750064373, 0.009151361882686615, 0.006561607588082552, 0.008211487904191017, 0.006613468751311302, 0.006072330288589001, 0.006816075183451176, 0.006129760295152664, 0.0072082155384123325, 0.005103778094053268, 0.005907583516091108, 0.007455375045537949, 0.007887816056609154, 0.00875598844140768, 0.007777202874422073, 0.007301300298422575, 0.008709436282515526, 0.009445970878005028, 0.0101151242852211, 0.008353646844625473, 0.009776944294571877, 0.007429436780512333, 0.011877945624291897, 0.010795858688652515, 0.006208615843206644, 0.008810804225504398, 0.008236221969127655, 0.00793401524424553, 0.008746451698243618, 0.006747075356543064, 0.006401427090167999, 0.006710668094456196, 0.0077038053423166275, 0.012113850563764572, 0.00805029645562172, 0.009911257773637772, 0.006892350036650896, 0.0075791808776557446, 0.006228625308722258, 0.009639379568397999, 0.007495588157325983, 0.006137018091976643, 0.009889215230941772, 0.013635928742587566, 0.009747549891471863, 0.007162311114370823, 0.006905494723469019, 0.006709664594382048, 0.006958536803722382, 0.006525385193526745, 0.007133505307137966, 0.007411527913063765, 0.010383267886936665, 0.006045748945325613, 0.008553105406463146, 0.008634866215288639, 0.0065505048260092735, 0.0060765091329813, 0.007577195297926664, 0.008897433988749981, 0.006810587830841541, 0.011452232487499714, 0.010297120548784733, 0.0076106539927423, 0.010825112462043762], 'L_grad': [0.016080673784017563, 0.01612785831093788, 0.016146905720233917, 0.01886587217450142, 0.015233520418405533, 0.018773460760712624, 0.01573558710515499, 0.0178725253790617, 0.015865370631217957, 0.01685287617146969, 0.015263916924595833, 0.0184397604316473, 0.016710080206394196, 0.017546430230140686, 0.01578262634575367, 0.015291482210159302, 0.016836516559123993, 0.016103019937872887, 0.01812509074807167, 0.016291262581944466, 0.018199196085333824, 0.017501497641205788, 0.0159907303750515, 0.015851546078920364, 0.015463396906852722, 0.016585033386945724, 0.01657174341380596, 0.01588083617389202, 0.01665344461798668, 0.015974711626768112, 0.018246641382575035, 0.017383916303515434, 0.016495367512106895, 0.01688837818801403, 0.01721999980509281, 0.016375306993722916, 0.01679021120071411, 0.01640384830534458, 0.01548834890127182, 0.01570194959640503, 0.01654968410730362, 0.017103713005781174, 0.01598445512354374, 0.018030138686299324, 0.018439482897520065, 0.01630495861172676, 0.014672514982521534, 0.016555877402424812, 0.016399476677179337, 0.0181426964700222, 0.01583273522555828, 0.017508938908576965, 0.014745596796274185, 0.015945453196763992, 0.01634586602449417, 0.018347080796957016, 0.01618552766740322, 0.015062343329191208, 0.019272832199931145, 0.015786627307534218, 0.017628738656640053, 0.015023341402411461, 0.018782446160912514, 0.01568051427602768, 0.018728947266936302, 0.01728111505508423, 0.01764131337404251, 0.018160860985517502, 0.016145480796694756, 0.017782755196094513, 0.016254443675279617, 0.017140960320830345, 0.015829678624868393, 0.02067294716835022, 0.01676444336771965, 0.016149738803505898, 0.021347131580114365, 0.01504070870578289, 0.018044529482722282, 0.015657521784305573, 0.016139209270477295, 0.017417212948203087, 0.015714284032583237, 0.01746792532503605, 0.01625288836658001, 0.017517417669296265, 0.016003310680389404, 0.015611236914992332, 0.017028525471687317, 0.016967227682471275, 0.01793656125664711, 0.017305094748735428, 0.016099262982606888, 0.015889042988419533, 0.016278736293315887, 0.01565762236714363, 0.016541285440325737, 0.016583092510700226, 0.015596441924571991, 0.01520165428519249, 0.015772758051753044, 0.01803126558661461, 0.01784501224756241, 0.016277892515063286, 0.016950134187936783, 0.01570325717329979, 0.017195774242281914, 0.016412947326898575, 0.015740826725959778, 0.01784670352935791, 0.0175679549574852, 0.014985724352300167, 0.018657498061656952, 0.01513679139316082, 0.016114020720124245, 0.015407262369990349, 0.017407245934009552, 0.017053747549653053, 0.01792522892355919, 0.015532134100794792, 0.016671089455485344, 0.016241198405623436, 0.016673080623149872, 0.01655309647321701, 0.01796009950339794, 0.01752403751015663, 0.017097271978855133, 0.016338147222995758, 0.016584977507591248, 0.01504103560000658, 0.01623660698533058, 0.017060255631804466, 0.017123771831393242, 0.016659187152981758, 0.017211154103279114, 0.017642255872488022, 0.013577757403254509, 0.020618274807929993, 0.017738759517669678, 0.01594974845647812, 0.017556998878717422, 0.015275876969099045, 0.01594204269349575, 0.015764152631163597, 0.016503792256116867, 0.01699628308415413, 0.01566227898001671, 0.018021386116743088, 0.015898868441581726, 0.016398688778281212, 0.01849661022424698, 0.018483448773622513, 0.016522850841283798, 0.01689738966524601, 0.016576416790485382, 0.015721745789051056, 0.01742635667324066, 0.016658799722790718, 0.01493128202855587, 0.016694065183401108, 0.017889637500047684, 0.01679980754852295, 0.016182439401745796, 0.01805579662322998, 0.019187871366739273, 0.015654128044843674, 0.017827710136771202, 0.016140801832079887, 0.0168985016644001, 0.016112904995679855, 0.01669406145811081, 0.01667538285255432, 0.017641786485910416, 0.01562579907476902, 0.01651286706328392, 0.018225928768515587, 0.017383890226483345, 0.016187001019716263, 0.016605868935585022, 0.019158607348799706, 0.018671255558729172, 0.015163726173341274, 0.015648745000362396, 0.02059120684862137, 0.0175800658762455, 0.01941804774105549, 0.016840923577547073, 0.015679899603128433, 0.017491765320301056, 0.015191800892353058, 0.015495953150093555, 0.015421017073094845, 0.016850847750902176, 0.017309915274381638, 0.014703245833516121, 0.015447963029146194, 0.016207832843065262, 0.01690441370010376, 0.019662685692310333, 0.01571074314415455, 0.016382824629545212, 0.018808692693710327, 0.016895951703190804, 0.016568392515182495, 0.016388092190027237, 0.015962176024913788, 0.016021786257624626, 0.020909536629915237, 0.0191379152238369, 0.016202794387936592, 0.018437877297401428, 0.016885116696357727, 0.01808074861764908, 0.015786919742822647, 0.016312146559357643, 0.014680452644824982, 0.015807680785655975, 0.01736733317375183, 0.01982470229268074, 0.016800863668322563, 0.017460783943533897, 0.015748586505651474, 0.01689162477850914, 0.01598544418811798, 0.01670195162296295, 0.017905568704009056, 0.015542547218501568, 0.017778784036636353, 0.01970858685672283, 0.01814684271812439, 0.016342706978321075, 0.015644539147615433, 0.017037034034729004, 0.0161438025534153, 0.015442878007888794, 0.016203248873353004, 0.016374893486499786, 0.018044810742139816, 0.016287345439195633, 0.017423998564481735, 0.01860695704817772, 0.018700726330280304, 0.016084210947155952, 0.015499774366617203, 0.017254263162612915, 0.016227412968873978, 0.01811046153306961, 0.017853686586022377, 0.015427813865244389, 0.013770816847682]}
Setting up Multi Scale Gradient loss...
Done
Setting up Multi Scale Gradient loss...
Done
Setting up Multi Scale Gradient loss...
Done
Setting up Multi Scale Gradient loss...
Done
Setting up Multi Scale Gradient loss...
Done
Setting up Multi Scale Gradient loss...
Done
Setting up Multi Scale Gradient loss...
Done
Setting up Multi Scale Gradient loss...
Done
Setting up Multi Scale Gradient loss...
Done
Setting up Multi Scale Gradient loss...
Setting up Multi Scale Gradient loss...
Done
Done
Setting up Multi Scale Gradient loss...
Done
Setting up Multi Scale Gradient loss...
Done
Setting up Multi Scale Gradient loss...
Done
Setting up Multi Scale Gradient loss...
Done
Setting up Multi Scale Gradient loss...
Done
all losses in batch in validation:  {'loss': [0.02438018098473549, 0.02593744546175003, 0.025533350184559822, 0.028584344312548637, 0.02175433561205864, 0.03158263489603996, 0.02610141783952713, 0.02978304587304592, 0.023652341216802597, 0.023904399946331978, 0.023739323019981384, 0.03204856440424919, 0.025771919637918472, 0.026622558012604713, 0.024154480546712875, 0.021597303450107574, 0.02439716085791588, 0.023494454100728035, 0.02941078320145607, 0.02412751317024231, 0.02716529555618763, 0.026312410831451416, 0.02395664155483246, 0.021306660026311874, 0.022425716742873192, 0.02402762696146965, 0.024303369224071503, 0.023179909214377403, 0.025890491902828217, 0.024802956730127335, 0.029758721590042114, 0.027523906901478767, 0.028236232697963715, 0.02615991234779358, 0.02933218702673912, 0.02537544257938862, 0.026809290051460266, 0.025378933176398277, 0.022579925134778023, 0.02386736124753952, 0.024972692131996155, 0.02740166150033474, 0.02415337599813938, 0.030003728345036507, 0.030223555862903595, 0.023486927151679993, 0.020844660699367523, 0.02625173330307007, 0.0250227153301239, 0.02863791026175022, 0.02552776224911213, 0.027571536600589752, 0.02219817042350769, 0.02489878609776497, 0.027616936713457108, 0.029420923441648483, 0.025587260723114014, 0.022815290838479996, 0.029775723814964294, 0.023722458630800247, 0.029064632952213287, 0.022561736404895782, 0.027392972260713577, 0.023144196718931198, 0.027812104672193527, 0.026036445051431656, 0.028938855975866318, 0.0322701632976532, 0.024028010666370392, 0.026826348155736923, 0.02306179329752922, 0.027781136333942413, 0.021673984825611115, 0.03216651454567909, 0.024333406239748, 0.02412622794508934, 0.03294811397790909, 0.021309122443199158, 0.027805373072624207, 0.022071069106459618, 0.023256246000528336, 0.02741382271051407, 0.025452274829149246, 0.027590995654463768, 0.023236308246850967, 0.02882089838385582, 0.023603206500411034, 0.02320529893040657, 0.025596171617507935, 0.028789890930056572, 0.029705174267292023, 0.025078583508729935, 0.023653551936149597, 0.021807394921779633, 0.024599120020866394, 0.02223164215683937, 0.024147722870111465, 0.02354099601507187, 0.023295942693948746, 0.024276094511151314, 0.026099223643541336, 0.02694120444357395, 0.0281937625259161, 0.023356515914201736, 0.02490978129208088, 0.022812485694885254, 0.028091467916965485, 0.024335820227861404, 0.023038938641548157, 0.027196161448955536, 0.02580646611750126, 0.021331237629055977, 0.028189240023493767, 0.022392377257347107, 0.02305503562092781, 0.02054905891418457, 0.025216422975063324, 0.027338489890098572, 0.027070488780736923, 0.022958576679229736, 0.02403552457690239, 0.024819761514663696, 0.024205941706895828, 0.024030493572354317, 0.02894265204668045, 0.026632938534021378, 0.02455977164208889, 0.02494361251592636, 0.024877525866031647, 0.023609843105077744, 0.024035505950450897, 0.028077486902475357, 0.028926394879817963, 0.02621098980307579, 0.025940490886569023, 0.027462901547551155, 0.018310073763132095, 0.03159217908978462, 0.02842668816447258, 0.02334580197930336, 0.027925239875912666, 0.022541601210832596, 0.02201368473470211, 0.023680374026298523, 0.025952693074941635, 0.0242222361266613, 0.023776773363351822, 0.03206424415111542, 0.023020237684249878, 0.024804189801216125, 0.02879055216908455, 0.028915859758853912, 0.02729032188653946, 0.024579189717769623, 0.027741998434066772, 0.022163227200508118, 0.026101507246494293, 0.023486938327550888, 0.02418544702231884, 0.027327684685587883, 0.02544080652296543, 0.023549145087599754, 0.023471299558877945, 0.02953580766916275, 0.03540584444999695, 0.023283589631319046, 0.028126047924160957, 0.024301109835505486, 0.025088850408792496, 0.022903554141521454, 0.025803666561841965, 0.0256631001830101, 0.028095562011003494, 0.02363405004143715, 0.02391563542187214, 0.02661115489900112, 0.028233833611011505, 0.023646792396903038, 0.02702646702528, 0.03427465260028839, 0.028644809499382973, 0.023654194548726082, 0.023332783952355385, 0.03367306664586067, 0.027774885296821594, 0.031107749789953232, 0.026331111788749695, 0.02302231639623642, 0.02739427424967289, 0.022156938910484314, 0.021993698552250862, 0.023356933146715164, 0.023599009960889816, 0.025456387549638748, 0.01991117373108864, 0.022097289562225342, 0.024977969005703926, 0.02543654851615429, 0.029777156189084053, 0.023819098249077797, 0.0239971075206995, 0.02872270531952381, 0.027887053787708282, 0.02691793255507946, 0.025037143379449844, 0.025941794738173485, 0.02447163127362728, 0.033667560666799545, 0.03160540387034416, 0.02289569564163685, 0.028058256953954697, 0.02590881660580635, 0.02646626904606819, 0.02505919709801674, 0.02407306805253029, 0.02160106971859932, 0.023375187069177628, 0.02518576569855213, 0.03404739126563072, 0.025328997522592545, 0.028480829671025276, 0.02319107949733734, 0.02474873512983322, 0.022733259946107864, 0.026830367743968964, 0.026131633669137955, 0.02212798409163952, 0.02850678563117981, 0.03443457558751106, 0.0288662388920784, 0.024026431143283844, 0.022478856146335602, 0.024964893236756325, 0.0243284422904253, 0.022058827802538872, 0.024903345853090286, 0.024852534756064415, 0.030801761895418167, 0.022550523281097412, 0.026804868131875992, 0.028466645628213882, 0.026439733803272247, 0.0226620864123106, 0.02313566952943802, 0.02634739875793457, 0.02359023317694664, 0.03093738481402397, 0.028876230120658875, 0.023947283625602722, 0.025004703551530838], 'L_si': [0.007940276525914669, 0.009430081583559513, 0.008058682084083557, 0.008967813104391098, 0.005988363176584244, 0.01206312794238329, 0.010030892677605152, 0.011380283161997795, 0.007217537611722946, 0.006882833316922188, 0.008158799260854721, 0.012370559386909008, 0.008373643271625042, 0.008766522631049156, 0.0078119938261806965, 0.006136675830930471, 0.007014892529696226, 0.006732729729264975, 0.010404687374830246, 0.007185251452028751, 0.008447414264082909, 0.00836800504475832, 0.0074109407141804695, 0.005376046057790518, 0.006563098635524511, 0.007297076750546694, 0.007493052165955305, 0.006982336286455393, 0.008908592164516449, 0.007838635705411434, 0.010955491103231907, 0.009662913158535957, 0.011233455501496792, 0.00848020613193512, 0.01116178184747696, 0.00894930399954319, 0.009049084968864918, 0.008422615006566048, 0.006787118036299944, 0.007660564500838518, 0.008052305318415165, 0.009522436186671257, 0.00741351954638958, 0.01160486601293087, 0.011657520197331905, 0.006832541897892952, 0.005923794116824865, 0.009248330257833004, 0.007933243177831173, 0.00956001877784729, 0.009245723485946655, 0.009860939346253872, 0.007062825839966536, 0.008763452060520649, 0.010920417495071888, 0.010831584222614765, 0.008974808268249035, 0.006938171572983265, 0.009738476015627384, 0.0072464002296328545, 0.011130193248391151, 0.007289068773388863, 0.008370560593903065, 0.007199432700872421, 0.008313599973917007, 0.00864448118954897, 0.011113791726529598, 0.013919771648943424, 0.007444937247782946, 0.008443928323686123, 0.006664731539785862, 0.01055435836315155, 0.0054075634106993675, 0.010699558071792126, 0.00706874206662178, 0.007750817574560642, 0.010540734976530075, 0.005985591094940901, 0.009079727344214916, 0.005990246776491404, 0.00695810467004776, 0.009541506879031658, 0.009669511578977108, 0.009198522195219994, 0.006733034737408161, 0.011078882031142712, 0.007436257321387529, 0.007290428504347801, 0.007806373760104179, 0.011408915743231773, 0.011231128126382828, 0.0073589845560491085, 0.007014155387878418, 0.005771907977759838, 0.008268725126981735, 0.006205601152032614, 0.006829848978668451, 0.006551066413521767, 0.0072613125666975975, 0.008791630156338215, 0.009571313858032227, 0.00812620110809803, 0.009931648150086403, 0.0065820589661598206, 0.007338313385844231, 0.00660113338381052, 0.00992207694798708, 0.007419693283736706, 0.007068020291626453, 0.00899027194827795, 0.007519820239394903, 0.005734291393309832, 0.008932532742619514, 0.006704868748784065, 0.006606735289096832, 0.005147469229996204, 0.007349221967160702, 0.010054705664515495, 0.009043049067258835, 0.007003660313785076, 0.006771528162062168, 0.00815480388700962, 0.007466538343578577, 0.007126885000616312, 0.01022302731871605, 0.00863670464605093, 0.006897399201989174, 0.008005360141396523, 0.0076806386932730675, 0.008138812147080898, 0.00788293406367302, 0.010443258099257946, 0.01089088711887598, 0.008836806751787663, 0.00844004936516285, 0.009278932586312294, 0.004604737740010023, 0.010219686664640903, 0.010677866637706757, 0.00719737634062767, 0.010337306186556816, 0.006678103003650904, 0.005767520517110825, 0.007614805828779936, 0.008696264587342739, 0.0068703508004546165, 0.007313110865652561, 0.013215737417340279, 0.006903591100126505, 0.007856915704905987, 0.009802828542888165, 0.009159739129245281, 0.010391243733465672, 0.007462924811989069, 0.010366099886596203, 0.006105954758822918, 0.007948038168251514, 0.006714895833283663, 0.008987043984234333, 0.01024329848587513, 0.007045632693916559, 0.006388437002897263, 0.00682955514639616, 0.010947798378765583, 0.015408497303724289, 0.007075174245983362, 0.009970365092158318, 0.007627521175891161, 0.00784673634916544, 0.006486073136329651, 0.008655526675283909, 0.0088696563616395, 0.00989384576678276, 0.00738708209246397, 0.007104730699211359, 0.008170509710907936, 0.010518938302993774, 0.006979765836149454, 0.009714213199913502, 0.013992663472890854, 0.009486431255936623, 0.008266426622867584, 0.00740734301507473, 0.011880342848598957, 0.009544789791107178, 0.01107081025838852, 0.009331393986940384, 0.006837218068540096, 0.009019030258059502, 0.006701227743178606, 0.006288509350270033, 0.007221074774861336, 0.006258657667785883, 0.007748531177639961, 0.005126234609633684, 0.006193274632096291, 0.007971720770001411, 0.00816168449819088, 0.009085433557629585, 0.007861735299229622, 0.007313574198633432, 0.009137971326708794, 0.01009435672312975, 0.010304547846317291, 0.008411888964474201, 0.009925799444317818, 0.007879016920924187, 0.012487460859119892, 0.011638622730970383, 0.006355922669172287, 0.00900223944336176, 0.008544288575649261, 0.008189968764781952, 0.008999730460345745, 0.0072081200778484344, 0.006514993961900473, 0.007052209693938494, 0.007789166644215584, 0.01342745777219534, 0.008331001736223698, 0.010469039902091026, 0.006993042305111885, 0.007760378532111645, 0.00642603263258934, 0.00994334276765585, 0.007909820415079594, 0.006306440103799105, 0.010245313867926598, 0.014312117360532284, 0.010214215144515038, 0.007362074684351683, 0.006812885869294405, 0.007300658617168665, 0.007413806393742561, 0.006415991112589836, 0.007785969879478216, 0.007841642946004868, 0.01146862655878067, 0.006073854863643646, 0.00886795949190855, 0.008991454727947712, 0.006885426118969917, 0.006260383874177933, 0.007626935373991728, 0.009011714719235897, 0.007077662739902735, 0.012236438691616058, 0.010762378573417664, 0.008052601478993893, 0.011120302602648735], 'L_grad': [0.016439905390143394, 0.016507364809513092, 0.017474668100476265, 0.01961653120815754, 0.015765972435474396, 0.019519507884979248, 0.016070524230599403, 0.018402762711048126, 0.01643480360507965, 0.01702156662940979, 0.015580523759126663, 0.019678005948662758, 0.017398277297616005, 0.017856035381555557, 0.016342487186193466, 0.015460627153515816, 0.017382267862558365, 0.016761723905801773, 0.019006095826625824, 0.016942260786890984, 0.01871788129210472, 0.01794440671801567, 0.016545701771974564, 0.01593061350286007, 0.015862617641687393, 0.016730550676584244, 0.01681031659245491, 0.016197573393583298, 0.016981899738311768, 0.016964321956038475, 0.018803231418132782, 0.01786099374294281, 0.017002778127789497, 0.01767970621585846, 0.01817040517926216, 0.01642613857984543, 0.017760204151272774, 0.01695631816983223, 0.015792807564139366, 0.01620679721236229, 0.016920387744903564, 0.017879225313663483, 0.0167398564517498, 0.018398862332105637, 0.018566034734249115, 0.01665438525378704, 0.014920867048203945, 0.01700340211391449, 0.017089471220970154, 0.01907789148390293, 0.016282038763165474, 0.017710596323013306, 0.015135344117879868, 0.016135333105921745, 0.016696518287062645, 0.018589338287711143, 0.016612451523542404, 0.015877118334174156, 0.020037248730659485, 0.016476057469844818, 0.017934439703822136, 0.01527266763150692, 0.019022412598133087, 0.015944764018058777, 0.01949850469827652, 0.017391962930560112, 0.017825065180659294, 0.01835039258003235, 0.016583073884248734, 0.018382418900728226, 0.016397060826420784, 0.017226777970790863, 0.016266420483589172, 0.021466955542564392, 0.01726466417312622, 0.016375411301851273, 0.022407379001379013, 0.01532353088259697, 0.018725644797086716, 0.0160808227956295, 0.016298141330480576, 0.017872316762804985, 0.015782762318849564, 0.018392473459243774, 0.01650327444076538, 0.017742017284035683, 0.01616694964468479, 0.01591487042605877, 0.017789797857403755, 0.0173809751868248, 0.018474046140909195, 0.01771959848701954, 0.01663939654827118, 0.01603548601269722, 0.01633039489388466, 0.01602604053914547, 0.0173178743571043, 0.016989929601550102, 0.016034629195928574, 0.015484464354813099, 0.01652790978550911, 0.01881500333547592, 0.018262114375829697, 0.016774456948041916, 0.01757146790623665, 0.01621135137975216, 0.01816939190030098, 0.016916126012802124, 0.015970919281244278, 0.01820588856935501, 0.01828664541244507, 0.015596946701407433, 0.019256707280874252, 0.01568750850856304, 0.01644830033183098, 0.01540159061551094, 0.017867201939225197, 0.017283784225583076, 0.01802743971347809, 0.015954915434122086, 0.017263995483517647, 0.016664957627654076, 0.01673940382897854, 0.016903609037399292, 0.0187196247279644, 0.017996232956647873, 0.017662372440099716, 0.01693825237452984, 0.017196886241436005, 0.01547103002667427, 0.016152571886777878, 0.017634227871894836, 0.018035506829619408, 0.017374183982610703, 0.017500441521406174, 0.01818396896123886, 0.013705335557460785, 0.021372493356466293, 0.017748821526765823, 0.01614842563867569, 0.01758793368935585, 0.01586349867284298, 0.016246164217591286, 0.0160655677318573, 0.01725642941892147, 0.01735188625752926, 0.016463661566376686, 0.01884850673377514, 0.01611664704978466, 0.016947273164987564, 0.01898772455751896, 0.019756121560931206, 0.016899079084396362, 0.01711626537144184, 0.017375897616147995, 0.016057273373007774, 0.018153470009565353, 0.016772042959928513, 0.015198403038084507, 0.017084386199712753, 0.01839517429471016, 0.017160708084702492, 0.01664174348115921, 0.018588010221719742, 0.01999734528362751, 0.01620841585099697, 0.01815568283200264, 0.016673589125275612, 0.01724211312830448, 0.016417481005191803, 0.01714814081788063, 0.016793442890048027, 0.018201716244220734, 0.016246967017650604, 0.016810905188322067, 0.018440645188093185, 0.01771489530801773, 0.01666702702641487, 0.01731225475668907, 0.020281990990042686, 0.01915837824344635, 0.015387767925858498, 0.015925440937280655, 0.02179272286593914, 0.018230095505714417, 0.020036939531564713, 0.01699971780180931, 0.016185099259018898, 0.018375243991613388, 0.015455711632966995, 0.015705188736319542, 0.01613585837185383, 0.01734035275876522, 0.017707856371998787, 0.014784939587116241, 0.01590401493012905, 0.017006248235702515, 0.01727486401796341, 0.020691722631454468, 0.015957362949848175, 0.016683533787727356, 0.019584733992815018, 0.017792697995901108, 0.01661338470876217, 0.016625255346298218, 0.016015995293855667, 0.016592614352703094, 0.02118009887635708, 0.01996678113937378, 0.01653977297246456, 0.019056016579270363, 0.01736452803015709, 0.01827630028128624, 0.01605946570634842, 0.016864947974681854, 0.01508607529103756, 0.01632297784090042, 0.017396599054336548, 0.020619932562112808, 0.01699799671769142, 0.01801178976893425, 0.016198037192225456, 0.016988355666399002, 0.016307227313518524, 0.01688702590763569, 0.018221814185380936, 0.0158215444535017, 0.018261471763253212, 0.020122457295656204, 0.018652023747563362, 0.016664355993270874, 0.015665970742702484, 0.017664235085248947, 0.01691463589668274, 0.015642836689949036, 0.017117375507950783, 0.017010891810059547, 0.019333135336637497, 0.016476668417453766, 0.017936909571290016, 0.019475189968943596, 0.01955430768430233, 0.016401702538132668, 0.015508733689785004, 0.0173356831073761, 0.016512570902705193, 0.018700946122407913, 0.01811385154724121, 0.015894681215286255, 0.013884400948882103]}
Setting up Multi Scale Gradient loss...
Done
Setting up Multi Scale Gradient loss...
Done
Setting up Multi Scale Gradient loss...
Done
Setting up Multi Scale Gradient loss...
Done
Setting up Multi Scale Gradient loss...
Done
Setting up Multi Scale Gradient loss...
Done
Setting up Multi Scale Gradient loss...
Done
Setting up Multi Scale Gradient loss...
Done
Setting up Multi Scale Gradient loss...
Done
Setting up Multi Scale Gradient loss...
Setting up Multi Scale Gradient loss...
Done
Done
Setting up Multi Scale Gradient loss...
Done
Setting up Multi Scale Gradient loss...
Done
Setting up Multi Scale Gradient loss...
Done
Setting up Multi Scale Gradient loss...
Done
Setting up Multi Scale Gradient loss...
Done
all losses in batch in validation:  {'loss': [0.023792756721377373, 0.02613157406449318, 0.023774223402142525, 0.028018657118082047, 0.02185632474720478, 0.030732613056898117, 0.026030778884887695, 0.030080389231443405, 0.02338024228811264, 0.023955514654517174, 0.02356286719441414, 0.03208854794502258, 0.025493981316685677, 0.02797350473701954, 0.02435479313135147, 0.021994395181536674, 0.023927904665470123, 0.02323068119585514, 0.028512459248304367, 0.023826677352190018, 0.026117242872714996, 0.026408670470118523, 0.023606864735484123, 0.02156660705804825, 0.022288814187049866, 0.02433978207409382, 0.024037890136241913, 0.02317986451089382, 0.025629378855228424, 0.024222951382398605, 0.02975752204656601, 0.027501976117491722, 0.027156047523021698, 0.026760179549455643, 0.028660278767347336, 0.02515428513288498, 0.025637369602918625, 0.02489432692527771, 0.022176923230290413, 0.023987067863345146, 0.026345225051045418, 0.025908874347805977, 0.02375006303191185, 0.0308581180870533, 0.030389465391635895, 0.023843098431825638, 0.021404225379228592, 0.02568170428276062, 0.024394875392317772, 0.028143666684627533, 0.026037927716970444, 0.02728087455034256, 0.021656237542629242, 0.02611624076962471, 0.027201171964406967, 0.03003588505089283, 0.02546442300081253, 0.022751228883862495, 0.02906319871544838, 0.02387799695134163, 0.028725171461701393, 0.023043068125844002, 0.027080725878477097, 0.023152047768235207, 0.02724131941795349, 0.025674942880868912, 0.02879391238093376, 0.03274200111627579, 0.024083301424980164, 0.02740488201379776, 0.023840995505452156, 0.028677433729171753, 0.02198057994246483, 0.03145597130060196, 0.024090979248285294, 0.023736827075481415, 0.03161582350730896, 0.02173670008778572, 0.02777639962732792, 0.0223599411547184, 0.023255430161952972, 0.02725020796060562, 0.025177937000989914, 0.02709701843559742, 0.02388671413064003, 0.028602998703718185, 0.024078158661723137, 0.023781929165124893, 0.025621488690376282, 0.02861245721578598, 0.028976954519748688, 0.02461579442024231, 0.0236978717148304, 0.021505970507860184, 0.025153741240501404, 0.02279083803296089, 0.02376730553805828, 0.023621637374162674, 0.022915422916412354, 0.024373602122068405, 0.02577047049999237, 0.026516485959291458, 0.02815377525985241, 0.023577995598316193, 0.025130892172455788, 0.02218535915017128, 0.027376234531402588, 0.024750040844082832, 0.023280665278434753, 0.028066352009773254, 0.024798888713121414, 0.021731840446591377, 0.02768402174115181, 0.0222834050655365, 0.023168690502643585, 0.02111545205116272, 0.025458041578531265, 0.02758941799402237, 0.02924123778939247, 0.02307097800076008, 0.025113675743341446, 0.025047127157449722, 0.024979345500469208, 0.02421635389328003, 0.028581595048308372, 0.02635919488966465, 0.024548564106225967, 0.024417830631136894, 0.02365662343800068, 0.024348052218556404, 0.023854151368141174, 0.02832518331706524, 0.028706999495625496, 0.026399651542305946, 0.02735287696123123, 0.027640394866466522, 0.01830129325389862, 0.03089822828769684, 0.029674764722585678, 0.02373814582824707, 0.02795390971004963, 0.022867269814014435, 0.02266300842165947, 0.023895731195807457, 0.025982942432165146, 0.02397562749683857, 0.02383420243859291, 0.032170724123716354, 0.022803153842687607, 0.02409278228878975, 0.028235187754034996, 0.028685789555311203, 0.02679591439664364, 0.024563029408454895, 0.02773878537118435, 0.021963361650705338, 0.025773728266358376, 0.023634321987628937, 0.023956604301929474, 0.02691834233701229, 0.025727255269885063, 0.023831376805901527, 0.023266170173883438, 0.029210109263658524, 0.03496802598237991, 0.022977953776717186, 0.027218516916036606, 0.023507459089159966, 0.025465961545705795, 0.02318047732114792, 0.02538367547094822, 0.026129037141799927, 0.027417054399847984, 0.02349710837006569, 0.02438458986580372, 0.025362703949213028, 0.028404325246810913, 0.02414828911423683, 0.026304367929697037, 0.033734314143657684, 0.02869250997900963, 0.02347956970334053, 0.023164477199316025, 0.03276611119508743, 0.027535032480955124, 0.031434331089258194, 0.026080746203660965, 0.022374514490365982, 0.026522403582930565, 0.02213101275265217, 0.02254875749349594, 0.02280930057168007, 0.02431921288371086, 0.02450508251786232, 0.0201905257999897, 0.022223463281989098, 0.02415958046913147, 0.024702128022909164, 0.029071521013975143, 0.02396722510457039, 0.023819711059331894, 0.028441566973924637, 0.02771994099020958, 0.0268266499042511, 0.024807970970869064, 0.026279855519533157, 0.02457653358578682, 0.03293115645647049, 0.03058045171201229, 0.02276908978819847, 0.028438899666070938, 0.026159819215536118, 0.02835938334465027, 0.025239747017621994, 0.023132560774683952, 0.021880831569433212, 0.022613609209656715, 0.02497316524386406, 0.031747005879879, 0.026441168040037155, 0.028694042935967445, 0.023368719965219498, 0.025092877447605133, 0.02266625687479973, 0.026915520429611206, 0.026232266798615456, 0.021689724177122116, 0.028926819562911987, 0.03510312736034393, 0.028177237138152122, 0.02493467554450035, 0.022602617740631104, 0.024183204397559166, 0.023625005036592484, 0.02175307087600231, 0.02341442182660103, 0.02487241104245186, 0.03042517602443695, 0.022709105163812637, 0.02669193223118782, 0.02810511738061905, 0.027222851291298866, 0.02276994287967682, 0.02334260754287243, 0.02617775648832321, 0.023935038596391678, 0.02923511154949665, 0.02866102010011673, 0.023825522512197495, 0.025109943002462387], 'L_si': [0.0076250373385846615, 0.009460738860070705, 0.006911231204867363, 0.008687026798725128, 0.006002242211252451, 0.011563102714717388, 0.009872621856629848, 0.011404809542000294, 0.007056385278701782, 0.006815796718001366, 0.008003714494407177, 0.012191396206617355, 0.008213281631469727, 0.009654372930526733, 0.007787865586578846, 0.006112551316618919, 0.006649982184171677, 0.006482816766947508, 0.009857740253210068, 0.007000037468969822, 0.007582312915474176, 0.008433209732174873, 0.007106343749910593, 0.005529123358428478, 0.006389453541487455, 0.007329112384468317, 0.007387426681816578, 0.006929133087396622, 0.008726486004889011, 0.007385586854070425, 0.010898406617343426, 0.009318018332123756, 0.010530076920986176, 0.008533443324267864, 0.010663269087672234, 0.008995449170470238, 0.008136087097227573, 0.00808257982134819, 0.006577512715011835, 0.007727606222033501, 0.008531035855412483, 0.008646268397569656, 0.007085173390805721, 0.012004909105598927, 0.011629641987383366, 0.007023390382528305, 0.006021071691066027, 0.008849562145769596, 0.007602918893098831, 0.009332920424640179, 0.009421266615390778, 0.009644617326557636, 0.006779083050787449, 0.009288222528994083, 0.010579045861959457, 0.011004820466041565, 0.00882518570870161, 0.006880549713969231, 0.009385812096297741, 0.007233518175780773, 0.010762134566903114, 0.007435178384184837, 0.008318537846207619, 0.00702770845964551, 0.007980425842106342, 0.008543984033167362, 0.010890410281717777, 0.013915516436100006, 0.007371644955128431, 0.009002401493489742, 0.006888399366289377, 0.010911892168223858, 0.005562905687838793, 0.010177587158977985, 0.006818871013820171, 0.007441795896738768, 0.009951243177056313, 0.006053650286048651, 0.008923754096031189, 0.006005171220749617, 0.006870522629469633, 0.009293745271861553, 0.009362581185996532, 0.0090361088514328, 0.0069416360929608345, 0.010848321951925755, 0.0076070199720561504, 0.007486969232559204, 0.0077154263854026794, 0.011036157608032227, 0.010663299821317196, 0.007082492578774691, 0.006952377967536449, 0.005535986740142107, 0.008470490574836731, 0.006357775069773197, 0.006537198554724455, 0.006524691358208656, 0.006996422074735165, 0.008830601349473, 0.009184730239212513, 0.007998642511665821, 0.009871171787381172, 0.006595548242330551, 0.007363394368439913, 0.0063727786764502525, 0.009316789917647839, 0.00754521181806922, 0.007232296746224165, 0.009282611310482025, 0.007038127165287733, 0.0058459811843931675, 0.008647755719721317, 0.006534880492836237, 0.00652131624519825, 0.0054473415948450565, 0.007327944505959749, 0.010186132043600082, 0.010302207432687283, 0.006915357429534197, 0.007228008471429348, 0.008050808683037758, 0.007868803106248379, 0.007194045465439558, 0.009925466030836105, 0.008312223479151726, 0.0068497247993946075, 0.007637822534888983, 0.007064036559313536, 0.00848216749727726, 0.007821747101843357, 0.0103981364518404, 0.010600550100207329, 0.008930100128054619, 0.009261257946491241, 0.009405448101460934, 0.004572615958750248, 0.00988440215587616, 0.011159178800880909, 0.0073006609454751015, 0.010240616276860237, 0.006679371930658817, 0.006056513171643019, 0.00771948741748929, 0.008430087007582188, 0.00675346190109849, 0.007229282055050135, 0.013282218016684055, 0.006705102510750294, 0.007508434355258942, 0.009480765089392662, 0.009133282117545605, 0.009956799447536469, 0.007445780094712973, 0.010256124660372734, 0.00596687663346529, 0.0077700684778392315, 0.006627491209656, 0.008663642220199108, 0.009996309876441956, 0.007257539313286543, 0.006493473891168833, 0.006778414826840162, 0.010654018260538578, 0.014887195080518723, 0.00683858385309577, 0.009524103254079819, 0.007290909066796303, 0.00786688830703497, 0.006588414777070284, 0.008409980684518814, 0.008854973129928112, 0.009564349427819252, 0.007346178404986858, 0.007204428780823946, 0.007499053608626127, 0.010385141707956791, 0.007127005141228437, 0.009146634489297867, 0.013386971317231655, 0.009477387182414532, 0.008283806033432484, 0.00732110720127821, 0.011551953852176666, 0.009440950118005276, 0.011187074705958366, 0.009074162691831589, 0.006499111652374268, 0.008433045819401741, 0.006709175184369087, 0.006352088414132595, 0.006916760932654142, 0.00646330276504159, 0.0072276052087545395, 0.005108059383928776, 0.006152017507702112, 0.007407395634800196, 0.007806300185620785, 0.008738856762647629, 0.007933197543025017, 0.007245877757668495, 0.009185095317661762, 0.009904568083584309, 0.010173209942877293, 0.008339550346136093, 0.009997001849114895, 0.00773747731000185, 0.012007450684905052, 0.010876120999455452, 0.0062565612606704235, 0.00937584787607193, 0.008762888610363007, 0.009071257896721363, 0.009004312567412853, 0.006604890804737806, 0.0065438211895525455, 0.0067239911295473576, 0.007563294842839241, 0.01188734918832779, 0.008825263939797878, 0.010515796020627022, 0.00701521011069417, 0.007876199670135975, 0.006313550751656294, 0.009862462989985943, 0.007783988025039434, 0.006048254668712616, 0.010562899522483349, 0.014457552693784237, 0.009869815781712532, 0.007696275599300861, 0.006889003328979015, 0.006866315379738808, 0.006972928065806627, 0.006368726026266813, 0.007108291145414114, 0.007827142253518105, 0.010854215361177921, 0.006096095312386751, 0.008829329162836075, 0.008798954077064991, 0.007243841886520386, 0.006285578943789005, 0.007588470354676247, 0.009089800529181957, 0.0071776448749005795, 0.01096465066075325, 0.010468638502061367, 0.007820739410817623, 0.011199911125004292], 'L_grad': [0.016167718917131424, 0.01667083613574505, 0.016862992197275162, 0.01933163031935692, 0.015854083001613617, 0.019169511273503304, 0.016158156096935272, 0.018675578758120537, 0.016323857009410858, 0.017139717936515808, 0.015559151768684387, 0.019897151738405228, 0.01728069968521595, 0.018319131806492805, 0.0165669284760952, 0.015881843864917755, 0.017277922481298447, 0.016747863963246346, 0.0186547189950943, 0.01682664081454277, 0.018534930422902107, 0.01797546073794365, 0.016500521451234818, 0.016037482768297195, 0.015899360179901123, 0.01701067015528679, 0.01665046438574791, 0.0162507314234972, 0.016902891919016838, 0.016837364062666893, 0.01885911636054516, 0.018183957785367966, 0.016625970602035522, 0.018226737156510353, 0.017997009679675102, 0.01615883596241474, 0.017501283437013626, 0.01681174710392952, 0.015599410980939865, 0.016259461641311646, 0.017814189195632935, 0.01726260595023632, 0.016664888709783554, 0.018853209912776947, 0.018759824335575104, 0.016819708049297333, 0.015383154153823853, 0.01683214120566845, 0.01679195649921894, 0.01881074532866478, 0.016616661101579666, 0.01763625629246235, 0.014877155423164368, 0.0168280191719532, 0.01662212610244751, 0.019031064584851265, 0.016639236360788345, 0.015870679169893265, 0.019677385687828064, 0.01664447784423828, 0.01796303689479828, 0.015607889741659164, 0.018762188032269478, 0.016124339774250984, 0.019260892644524574, 0.017130957916378975, 0.01790350303053856, 0.01882648468017578, 0.016711656004190445, 0.018402479588985443, 0.016952596604824066, 0.01776554062962532, 0.016417674720287323, 0.02127838507294655, 0.017272107303142548, 0.01629503071308136, 0.021664582192897797, 0.015683049336075783, 0.01885264553129673, 0.016354769468307495, 0.016384907066822052, 0.017956461757421494, 0.015815354883670807, 0.01806090958416462, 0.01694507896900177, 0.017754677683115005, 0.0164711382240057, 0.01629495993256569, 0.017906062304973602, 0.017576299607753754, 0.018313653767108917, 0.017533302307128906, 0.016745494678616524, 0.015969984233379364, 0.016683250665664673, 0.01643306389451027, 0.01723010651767254, 0.017096946015954018, 0.015919001772999763, 0.015543000772595406, 0.016585741192102432, 0.018517842516303062, 0.018282603472471237, 0.01698244735598564, 0.017767498269677162, 0.015812581405043602, 0.018059445545077324, 0.017204828560352325, 0.0160483680665493, 0.01878374069929123, 0.017760761082172394, 0.015885859727859497, 0.019036266952753067, 0.01574852503836155, 0.016647374257445335, 0.01566811092197895, 0.018130097538232803, 0.017403285950422287, 0.018939031288027763, 0.01615562103688717, 0.017885666340589523, 0.016996318474411964, 0.017110541462898254, 0.017022307962179184, 0.018656129017472267, 0.018046971410512924, 0.01769883930683136, 0.016780007630586624, 0.016592586413025856, 0.015865884721279144, 0.016032403334975243, 0.017927046865224838, 0.018106449395418167, 0.017469551414251328, 0.01809161901473999, 0.018234945833683014, 0.013728677295148373, 0.02101382613182068, 0.018515584990382195, 0.016437485814094543, 0.017713293433189392, 0.016187898814678192, 0.016606494784355164, 0.016176244243979454, 0.017552854493260384, 0.017222166061401367, 0.016604920849204063, 0.018888507038354874, 0.016098052263259888, 0.016584347933530807, 0.018754422664642334, 0.019552508369088173, 0.01683911494910717, 0.017117248848080635, 0.017482660710811615, 0.015996484085917473, 0.018003659322857857, 0.017006831243634224, 0.01529296301305294, 0.016922032460570335, 0.018469715490937233, 0.017337903380393982, 0.01648775488138199, 0.01855609193444252, 0.02008083090186119, 0.01613936945796013, 0.017694413661956787, 0.016216550022363663, 0.01759907230734825, 0.016592063009738922, 0.016973694786429405, 0.01727406494319439, 0.017852704972028732, 0.016150929033756256, 0.01718016155064106, 0.017863649874925613, 0.018019184470176697, 0.017021283507347107, 0.01715773344039917, 0.020347341895103455, 0.019215121865272522, 0.015195764601230621, 0.01584337092936039, 0.021214157342910767, 0.018094083294272423, 0.020247256383299828, 0.017006583511829376, 0.015875402837991714, 0.018089357763528824, 0.015421837568283081, 0.01619666814804077, 0.01589253917336464, 0.01785591058433056, 0.01727747730910778, 0.01508246548473835, 0.016071446239948273, 0.01675218529999256, 0.016895826905965805, 0.020332664251327515, 0.016034027561545372, 0.0165738333016634, 0.0192564707249403, 0.017815371975302696, 0.01665344089269638, 0.01646842062473297, 0.016282854601740837, 0.016839057207107544, 0.020923707634210587, 0.01970433071255684, 0.01651252806186676, 0.019063051789999008, 0.01739693060517311, 0.01928812451660633, 0.016235433518886566, 0.01652766950428486, 0.015337010845541954, 0.015889618545770645, 0.01740987040102482, 0.01985965669155121, 0.01761590503156185, 0.018178246915340424, 0.016353510320186615, 0.017216678708791733, 0.016352705657482147, 0.01705305650830269, 0.018448278307914734, 0.0156414695084095, 0.018363919109106064, 0.02064557373523712, 0.01830742135643959, 0.017238400876522064, 0.015713613480329514, 0.01731688901782036, 0.016652077436447144, 0.015384345315396786, 0.016306130215525627, 0.017045268788933754, 0.019570959731936455, 0.016613010317087173, 0.017862603068351746, 0.019306164234876633, 0.01997900940477848, 0.016484364867210388, 0.015754137188196182, 0.01708795502781868, 0.01675739325582981, 0.0182704608887434, 0.018192382529377937, 0.016004782170057297, 0.013910031877458096]}
Setting up Multi Scale Gradient loss...
Done
Setting up Multi Scale Gradient loss...
Done
Setting up Multi Scale Gradient loss...
Done
Setting up Multi Scale Gradient loss...
Done
Setting up Multi Scale Gradient loss...
Done
Setting up Multi Scale Gradient loss...
Done
Setting up Multi Scale Gradient loss...
Done
Setting up Multi Scale Gradient loss...
Done
Setting up Multi Scale Gradient loss...
Done
Setting up Multi Scale Gradient loss...
Done
Setting up Multi Scale Gradient loss...
Done
Setting up Multi Scale Gradient loss...
Done
Setting up Multi Scale Gradient loss...
Done
Setting up Multi Scale Gradient loss...
Done
Setting up Multi Scale Gradient loss...
Done
Setting up Multi Scale Gradient loss...
Done
all losses in batch in validation:  {'loss': [0.024163857102394104, 0.02592960186302662, 0.0237518772482872, 0.028364617377519608, 0.021748024970293045, 0.032131172716617584, 0.02600104734301567, 0.029848191887140274, 0.023188628256320953, 0.02416631579399109, 0.02364882081747055, 0.03212901949882507, 0.02483355440199375, 0.02854291722178459, 0.022899340838193893, 0.02109253779053688, 0.024213433265686035, 0.0231191273778677, 0.029692675918340683, 0.024364421144127846, 0.02578253671526909, 0.026269540190696716, 0.022175796329975128, 0.02123914286494255, 0.022312959656119347, 0.0245725866407156, 0.02475009672343731, 0.022833632305264473, 0.02589273825287819, 0.02310405671596527, 0.03046424500644207, 0.027008026838302612, 0.027562465518712997, 0.02679380215704441, 0.02733539044857025, 0.02548302710056305, 0.02551955357193947, 0.024169182404875755, 0.02222522348165512, 0.023798946291208267, 0.02690081298351288, 0.02661498263478279, 0.023376408964395523, 0.030575990676879883, 0.03097260370850563, 0.02398202195763588, 0.02049625851213932, 0.026227660477161407, 0.02495478466153145, 0.027551250532269478, 0.024951543658971786, 0.027865100651979446, 0.021746238693594933, 0.026458578184247017, 0.02721926011145115, 0.030060362070798874, 0.02573245018720627, 0.02160576730966568, 0.02986130304634571, 0.023225732147693634, 0.029689636081457138, 0.022532308474183083, 0.027279768139123917, 0.02332424744963646, 0.028489353135228157, 0.025872282683849335, 0.02847786247730255, 0.03335541486740112, 0.023792361840605736, 0.028574645519256592, 0.023956753313541412, 0.02904811128973961, 0.021994855254888535, 0.031184814870357513, 0.023883000016212463, 0.02372789941728115, 0.032564859837293625, 0.021189887076616287, 0.028585240244865417, 0.02239912375807762, 0.023086650297045708, 0.026696037501096725, 0.02505297213792801, 0.02684073895215988, 0.02368871681392193, 0.028962917625904083, 0.02340470813214779, 0.024168701842427254, 0.024155540391802788, 0.02840200439095497, 0.02943294681608677, 0.024411113932728767, 0.02321646735072136, 0.021779686212539673, 0.025278504937887192, 0.021978197619318962, 0.02399768866598606, 0.023154299706220627, 0.02244318649172783, 0.024085376411676407, 0.025765299797058105, 0.025782540440559387, 0.028430026024580002, 0.022948037832975388, 0.024580249562859535, 0.023047391325235367, 0.027701634913682938, 0.023718886077404022, 0.023615866899490356, 0.02886001393198967, 0.02471300959587097, 0.021282590925693512, 0.028060894459486008, 0.02125377207994461, 0.022046653553843498, 0.02117329277098179, 0.024050310254096985, 0.028004013001918793, 0.029240943491458893, 0.02276476100087166, 0.024955907836556435, 0.02459516003727913, 0.02467682771384716, 0.024417521432042122, 0.027377206832170486, 0.0263916477560997, 0.024912361055612564, 0.025028876960277557, 0.024349641054868698, 0.023288525640964508, 0.02430993691086769, 0.02757083624601364, 0.028477810323238373, 0.025935303419828415, 0.027261316776275635, 0.027704933658242226, 0.018558591604232788, 0.031042620539665222, 0.030341172590851784, 0.023439425975084305, 0.028671175241470337, 0.02225598320364952, 0.021812327206134796, 0.02379363402724266, 0.024790193885564804, 0.02433851733803749, 0.022999081760644913, 0.03147575259208679, 0.02282138168811798, 0.024824464693665504, 0.029115358367562294, 0.027063896879553795, 0.02786567434668541, 0.0249515101313591, 0.026161694899201393, 0.022368336096405983, 0.024633506312966347, 0.02343745343387127, 0.023742254823446274, 0.027271559461951256, 0.025177564471960068, 0.02308281511068344, 0.023702383041381836, 0.029559969902038574, 0.03379039466381073, 0.022820226848125458, 0.028459329158067703, 0.024509552866220474, 0.02538541704416275, 0.02306918054819107, 0.026175903156399727, 0.025976374745368958, 0.028439806774258614, 0.023262131959199905, 0.024090763181447983, 0.02731071226298809, 0.02843790501356125, 0.02357865683734417, 0.027052894234657288, 0.03292776271700859, 0.029139112681150436, 0.023709159344434738, 0.02377559058368206, 0.03326040133833885, 0.026979651302099228, 0.03106008470058441, 0.025706101208925247, 0.022638067603111267, 0.026814032346010208, 0.022202473133802414, 0.02161688730120659, 0.022494390606880188, 0.023705564439296722, 0.02552909404039383, 0.01966025121510029, 0.02185274288058281, 0.023669090121984482, 0.025805972516536713, 0.029458431527018547, 0.02401941455900669, 0.024014433845877647, 0.02817891724407673, 0.027440376579761505, 0.02712196856737137, 0.025141660124063492, 0.026203956454992294, 0.024904169142246246, 0.034430794417858124, 0.03048948012292385, 0.022378720343112946, 0.02874595671892166, 0.02588329277932644, 0.029173262417316437, 0.024722203612327576, 0.023933332413434982, 0.021971868351101875, 0.02264571003615856, 0.024843063205480576, 0.033186301589012146, 0.027276858687400818, 0.028297096490859985, 0.022770587354898453, 0.025253694504499435, 0.022838085889816284, 0.027098776772618294, 0.026248633861541748, 0.021892359480261803, 0.028285719454288483, 0.035056475549936295, 0.029353918507695198, 0.023747742176055908, 0.022853417322039604, 0.025177273899316788, 0.023744240403175354, 0.022188829258084297, 0.02481929399073124, 0.02466527745127678, 0.030249889940023422, 0.02279452607035637, 0.027713336050510406, 0.02848631516098976, 0.026490097865462303, 0.02288474142551422, 0.023411646485328674, 0.02613849751651287, 0.02348623052239418, 0.02936231531202793, 0.029606323689222336, 0.023362163454294205, 0.024676907807588577], 'L_si': [0.00770860631018877, 0.009368443861603737, 0.007081435993313789, 0.009026638232171535, 0.00589238153770566, 0.012404361739754677, 0.009998717345297337, 0.01135166548192501, 0.006949853617697954, 0.006916099227964878, 0.008061678148806095, 0.012030570767819881, 0.007947124540805817, 0.010197008959949017, 0.007159058004617691, 0.005813654512166977, 0.007062713615596294, 0.006478034425526857, 0.010608315467834473, 0.0073818606324493885, 0.007468184921890497, 0.008189386688172817, 0.006489933002740145, 0.005353492219001055, 0.006417630705982447, 0.007529154885560274, 0.0075653246603906155, 0.006853669416159391, 0.008835776709020138, 0.006898756138980389, 0.011358970776200294, 0.00930506270378828, 0.010719960555434227, 0.008282730355858803, 0.0098166698589921, 0.00895013939589262, 0.008263304829597473, 0.007696143817156553, 0.006582807749509811, 0.007631834130734205, 0.008899484761059284, 0.008993084542453289, 0.006848673336207867, 0.011898637749254704, 0.011918316595256329, 0.007047634106129408, 0.005746579263359308, 0.009114314801990986, 0.007874734699726105, 0.009100483730435371, 0.008909923024475574, 0.009927771054208279, 0.006795416120439768, 0.009706931188702583, 0.01054445095360279, 0.011008106172084808, 0.008935662917792797, 0.006325091235339642, 0.009893031790852547, 0.007042197044938803, 0.011364432983100414, 0.0071660797111690044, 0.00814239215105772, 0.007276020012795925, 0.008715378120541573, 0.008550995960831642, 0.010868373326957226, 0.014434920623898506, 0.00729138171300292, 0.00969057809561491, 0.0070691462606191635, 0.011074292473495007, 0.0056204888969659805, 0.00982726737856865, 0.006780373398214579, 0.0073904297314584255, 0.010190769098699093, 0.005859675817191601, 0.009302468970417976, 0.006115994416177273, 0.006843996699899435, 0.00909362081438303, 0.009350591339170933, 0.008807242847979069, 0.0068926564417779446, 0.011127758771181107, 0.007357021793723106, 0.007719008717685938, 0.00721106119453907, 0.01107229944318533, 0.011072661727666855, 0.0071192276664078236, 0.006639673374593258, 0.005709165707230568, 0.008572128601372242, 0.006030208896845579, 0.006727343890815973, 0.006257463246583939, 0.006785087287425995, 0.008594687096774578, 0.009017166681587696, 0.007352202199399471, 0.009915278293192387, 0.0063408794812858105, 0.007206834387034178, 0.006695043761283159, 0.009208045899868011, 0.006988425739109516, 0.007241076789796352, 0.009611576795578003, 0.007018495351076126, 0.0056362515315413475, 0.00880104023963213, 0.006081613712012768, 0.006042333319783211, 0.005391912534832954, 0.006780391559004784, 0.01029918435961008, 0.010680040344595909, 0.00674836803227663, 0.007078849244862795, 0.00800319667905569, 0.007665602490305901, 0.0072399284690618515, 0.00903410091996193, 0.008303456008434296, 0.007129916921257973, 0.008070227690041065, 0.00740343052893877, 0.00788278691470623, 0.007988573051989079, 0.010311532765626907, 0.010263054631650448, 0.008631386794149876, 0.009452677331864834, 0.009329898282885551, 0.004757574759423733, 0.009842528961598873, 0.011582354083657265, 0.007161352317780256, 0.010710258036851883, 0.006417237222194672, 0.005683925934135914, 0.007615311536937952, 0.007877553813159466, 0.00693227956071496, 0.006956985220313072, 0.012623915448784828, 0.006850633304566145, 0.007837558165192604, 0.009915439411997795, 0.008124535903334618, 0.010674550198018551, 0.0075578875839710236, 0.00934898853302002, 0.006206752732396126, 0.0071641746908426285, 0.006651958450675011, 0.00853616464883089, 0.010174514725804329, 0.006803971249610186, 0.005998795852065086, 0.006840075366199017, 0.01104955654591322, 0.013847912661731243, 0.006848249584436417, 0.010098229162395, 0.00767499441280961, 0.00789542868733406, 0.0064450157806277275, 0.008724123239517212, 0.0088499141857028, 0.009985433891415596, 0.007204605732113123, 0.0071833692491054535, 0.008468180894851685, 0.01058233343064785, 0.006878781598061323, 0.009788580238819122, 0.012421201914548874, 0.009644417092204094, 0.008271001279354095, 0.0075995163060724735, 0.01151109766215086, 0.009424286894500256, 0.010579707100987434, 0.008898776955902576, 0.006587795913219452, 0.008271279744803905, 0.006801627576351166, 0.005990931764245033, 0.006725485902279615, 0.006384984590113163, 0.0076755983754992485, 0.00501731364056468, 0.0059537990018725395, 0.007309188134968281, 0.008303645066916943, 0.008827948942780495, 0.00795954093337059, 0.007294857874512672, 0.008724568411707878, 0.009778606705367565, 0.010309730656445026, 0.008390766568481922, 0.0100088557228446, 0.008164976723492146, 0.012762988917529583, 0.010554615408182144, 0.006065559573471546, 0.009243316017091274, 0.008540282025933266, 0.00966732855886221, 0.008566672913730145, 0.0071480050683021545, 0.006733984220772982, 0.006679410580545664, 0.007542593404650688, 0.01248909905552864, 0.009149017743766308, 0.010319653898477554, 0.00670954305678606, 0.007884903810918331, 0.006393303629010916, 0.010052621364593506, 0.007373351603746414, 0.006165271624922752, 0.010078798048198223, 0.014643318951129913, 0.010408228263258934, 0.0072084772400557995, 0.00699331471696496, 0.007358466740697622, 0.0071757277473807335, 0.006475482601672411, 0.007828526198863983, 0.007818947546184063, 0.010363015346229076, 0.006142742466181517, 0.009226235561072826, 0.008926655165851116, 0.006749988067895174, 0.006262629758566618, 0.007721292786300182, 0.008943399414420128, 0.0070030870847404, 0.011164853349328041, 0.011099390685558319, 0.00767235504463315, 0.010705853812396526], 'L_grad': [0.01645525172352791, 0.016561158001422882, 0.01667044125497341, 0.019337978214025497, 0.015855643898248672, 0.019726809114217758, 0.01600233092904091, 0.018496526405215263, 0.016238775104284286, 0.017250217497348785, 0.01558714173734188, 0.020098447799682617, 0.016886429861187935, 0.01834590919315815, 0.015740282833576202, 0.015278883278369904, 0.017150718718767166, 0.01664109341800213, 0.01908436045050621, 0.016982560977339745, 0.01831435225903988, 0.018080152571201324, 0.01568586379289627, 0.015885651111602783, 0.015895329415798187, 0.017043432220816612, 0.017184771597385406, 0.015979962423443794, 0.017056960612535477, 0.016205301508307457, 0.019105274230241776, 0.017702963203191757, 0.01684250496327877, 0.018511071801185608, 0.017518721520900726, 0.016532886773347855, 0.017256248742341995, 0.016473038122057915, 0.01564241573214531, 0.016167111694812775, 0.01800132915377617, 0.017621897161006927, 0.016527734696865082, 0.018677351996302605, 0.019054286181926727, 0.016934387385845184, 0.014749678783118725, 0.017113346606492996, 0.017080049961805344, 0.018450766801834106, 0.016041621565818787, 0.017937330529093742, 0.014950822107493877, 0.016751646995544434, 0.016674809157848358, 0.019052255898714066, 0.016796788200736046, 0.015280675143003464, 0.019968271255493164, 0.016183534637093544, 0.01832520216703415, 0.015366229228675365, 0.019137375056743622, 0.01604822650551796, 0.019773975014686584, 0.017321286723017693, 0.0176094900816679, 0.018920492380857468, 0.01650097966194153, 0.018884066492319107, 0.01688760705292225, 0.017973819747567177, 0.016374366357922554, 0.021357547491788864, 0.017102627083659172, 0.016337469220161438, 0.022374091669917107, 0.015330211259424686, 0.01928277127444744, 0.016283130273222923, 0.016242653131484985, 0.01760241761803627, 0.01570238173007965, 0.018033497035503387, 0.016796059906482697, 0.017835158854722977, 0.016047686338424683, 0.016449693590402603, 0.016944479197263718, 0.017329705879092216, 0.018360285088419914, 0.01729188673198223, 0.016576794907450676, 0.016070520505309105, 0.016706377267837524, 0.015947988256812096, 0.017270345240831375, 0.016896836459636688, 0.015658099204301834, 0.015490690246224403, 0.016748134046792984, 0.01843033730983734, 0.01851474866271019, 0.01660715788602829, 0.01737341471016407, 0.016352348029613495, 0.018493589013814926, 0.01673046126961708, 0.01637479104101658, 0.019248437136411667, 0.017694514244794846, 0.01564634032547474, 0.019259853288531303, 0.015172157436609268, 0.016004320234060287, 0.015781380236148834, 0.0172699186950922, 0.017704829573631287, 0.018560903146862984, 0.016016392037272453, 0.017877059057354927, 0.016591962426900864, 0.01701122522354126, 0.01717759296298027, 0.018343105912208557, 0.018088191747665405, 0.01778244413435459, 0.016958650201559067, 0.016946209594607353, 0.015405738726258278, 0.016321364790201187, 0.017259303480386734, 0.01821475476026535, 0.017303917557001114, 0.017808640375733376, 0.018375035375356674, 0.01380101777613163, 0.021200090646743774, 0.01875881850719452, 0.01627807319164276, 0.017960917204618454, 0.01583874598145485, 0.016128402203321457, 0.016178322955965996, 0.016912641003727913, 0.017406238242983818, 0.01604209654033184, 0.018851835280656815, 0.01597074791789055, 0.0169869065284729, 0.0191999189555645, 0.018939360976219177, 0.017191125079989433, 0.017393622547388077, 0.016812706366181374, 0.016161583364009857, 0.017469331622123718, 0.01678549498319626, 0.015206090174615383, 0.017097044736146927, 0.01837359368801117, 0.017084019258618355, 0.016862306743860245, 0.01851041242480278, 0.01994248293340206, 0.01597197726368904, 0.018361099064350128, 0.01683455891907215, 0.01748998835682869, 0.016624165698885918, 0.017451779916882515, 0.017126459628343582, 0.018454372882843018, 0.01605752669274807, 0.01690739393234253, 0.018842531368136406, 0.0178555715829134, 0.01669987477362156, 0.017264313995838165, 0.020506560802459717, 0.019494695588946342, 0.015438158065080643, 0.016176074743270874, 0.021749302744865417, 0.017555363476276398, 0.020480377599596977, 0.016807325184345245, 0.016050271689891815, 0.018542753532528877, 0.015400845557451248, 0.015625955536961555, 0.015768904238939285, 0.017320578917860985, 0.017853496596217155, 0.014642937108874321, 0.015898942947387695, 0.016359901055693626, 0.017502326518297195, 0.020630482584238052, 0.0160598736256361, 0.016719575971364975, 0.01945434883236885, 0.017661768943071365, 0.016812238842248917, 0.016750892624258995, 0.01619509980082512, 0.016739193350076675, 0.021667804569005966, 0.019934864714741707, 0.016313161700963974, 0.019502639770507812, 0.017343010753393173, 0.019505932927131653, 0.016155529767274857, 0.016785327345132828, 0.015237884595990181, 0.015966299921274185, 0.017300469800829887, 0.020697202533483505, 0.018127840012311935, 0.01797744259238243, 0.016061045229434967, 0.01736879162490368, 0.01644478179514408, 0.017046155408024788, 0.018875282257795334, 0.01572708785533905, 0.018206920474767685, 0.02041315659880638, 0.018945690244436264, 0.01653926447033882, 0.01586010307073593, 0.017818806692957878, 0.016568511724472046, 0.015713347122073174, 0.016990767791867256, 0.01684632897377014, 0.01988687366247177, 0.016651783138513565, 0.018487099558115005, 0.01955966092646122, 0.019740110263228416, 0.016622111201286316, 0.015690352767705917, 0.017195098102092743, 0.016483142971992493, 0.01819746196269989, 0.018506933003664017, 0.015689808875322342, 0.013971054926514626]}
Saving checkpoint: runs/train/0314_mkl/checkpoints/checkpoint-epoch040-loss-0.0055.pth.tar ...
Setting up Multi Scale Gradient loss...
Done
Setting up Multi Scale Gradient loss...
Done
Setting up Multi Scale Gradient loss...
Done
Setting up Multi Scale Gradient loss...
Done
Setting up Multi Scale Gradient loss...
Done
Setting up Multi Scale Gradient loss...
Done
Setting up Multi Scale Gradient loss...
Done
Setting up Multi Scale Gradient loss...
Done
Setting up Multi Scale Gradient loss...
Setting up Multi Scale Gradient loss...
Done
Done
Setting up Multi Scale Gradient loss...
Done
Setting up Multi Scale Gradient loss...
Done
Setting up Multi Scale Gradient loss...
Done
Setting up Multi Scale Gradient loss...
Done
Setting up Multi Scale Gradient loss...
Done
Setting up Multi Scale Gradient loss...
Done
all losses in batch in validation:  {'loss': [0.023335345089435577, 0.026199493557214737, 0.02291693538427353, 0.02828213945031166, 0.02176828496158123, 0.030869193375110626, 0.026264362037181854, 0.030161311849951744, 0.023305917158722878, 0.02501361072063446, 0.023305058479309082, 0.03426191210746765, 0.025539511814713478, 0.028107134625315666, 0.023814737796783447, 0.02104036696255207, 0.023632073774933815, 0.02317173220217228, 0.028541697189211845, 0.02411068044602871, 0.026391981169581413, 0.026373248547315598, 0.022680163383483887, 0.021459022536873817, 0.022047314792871475, 0.024322787299752235, 0.02462915889918804, 0.022592395544052124, 0.02548835054039955, 0.02366958186030388, 0.030128318816423416, 0.027032438665628433, 0.02725277468562126, 0.026727057993412018, 0.028178026899695396, 0.025738369673490524, 0.024885118007659912, 0.023994678631424904, 0.02192128263413906, 0.02348903939127922, 0.02635735645890236, 0.025654474273324013, 0.02310938574373722, 0.03078729286789894, 0.03074502944946289, 0.023987997323274612, 0.020692603662610054, 0.026606887578964233, 0.02481890469789505, 0.027384096756577492, 0.02542520873248577, 0.027685344219207764, 0.02163991518318653, 0.026244010776281357, 0.026811089366674423, 0.030042435973882675, 0.02576044388115406, 0.021743012592196465, 0.029145732522010803, 0.023652037605643272, 0.02821165695786476, 0.022913074120879173, 0.027417626231908798, 0.023203976452350616, 0.029749492183327675, 0.026723075658082962, 0.028651248663663864, 0.03306637704372406, 0.02376914769411087, 0.02770044095814228, 0.0234694667160511, 0.029012314975261688, 0.02208000048995018, 0.0319952666759491, 0.023898694664239883, 0.02343595400452614, 0.032692354172468185, 0.0209979135543108, 0.028424903750419617, 0.022178761661052704, 0.023096241056919098, 0.02636413648724556, 0.02483733743429184, 0.02671968936920166, 0.023746835067868233, 0.02915697731077671, 0.024118099361658096, 0.02350621297955513, 0.02539306879043579, 0.02797889895737171, 0.028788555413484573, 0.02460593730211258, 0.023811858147382736, 0.021538786590099335, 0.025479674339294434, 0.02237924374639988, 0.023378897458314896, 0.023516424000263214, 0.022630121558904648, 0.024027662351727486, 0.02592359483242035, 0.02640080451965332, 0.029184460639953613, 0.023243090137839317, 0.024729276075959206, 0.02262452244758606, 0.02781078964471817, 0.024058545008301735, 0.02365798130631447, 0.029521394520998, 0.025443091988563538, 0.021144362166523933, 0.0282839797437191, 0.02212315797805786, 0.022630197927355766, 0.02147260494530201, 0.024872317910194397, 0.02839832752943039, 0.029603619128465652, 0.023167630657553673, 0.02590198814868927, 0.024366065859794617, 0.02502134069800377, 0.024450799450278282, 0.027985839173197746, 0.026625540107488632, 0.024392694234848022, 0.02406049706041813, 0.02407052367925644, 0.023193858563899994, 0.023962119594216347, 0.028081543743610382, 0.029283467680215836, 0.025905873626470566, 0.027510028332471848, 0.027623001486063004, 0.018254879862070084, 0.03146260231733322, 0.031111571937799454, 0.023499557748436928, 0.028377333655953407, 0.022154798731207848, 0.022481784224510193, 0.024391675367951393, 0.025381464511156082, 0.024587929248809814, 0.023247478529810905, 0.03189956396818161, 0.02277011051774025, 0.024705365300178528, 0.029180679470300674, 0.028176546096801758, 0.02695475146174431, 0.024834631010890007, 0.026861295104026794, 0.022374069318175316, 0.025687504559755325, 0.023441098630428314, 0.02371206134557724, 0.027216318994760513, 0.02599252387881279, 0.023472746834158897, 0.023377329111099243, 0.029598377645015717, 0.03518291562795639, 0.022786743938922882, 0.027897393330931664, 0.024730054661631584, 0.025285108014941216, 0.02295185811817646, 0.02552468702197075, 0.025889430195093155, 0.028192579746246338, 0.02371913194656372, 0.023952549323439598, 0.02722061797976494, 0.02830589935183525, 0.023754402995109558, 0.026363398879766464, 0.03372955322265625, 0.029008805751800537, 0.023777980357408524, 0.02343633584678173, 0.033371150493621826, 0.026795409619808197, 0.031503092497587204, 0.025554465129971504, 0.0230008065700531, 0.026380496099591255, 0.022172190248966217, 0.022187141701579094, 0.02289590984582901, 0.0240921713411808, 0.024855267256498337, 0.019497377797961235, 0.022183891385793686, 0.023857539519667625, 0.02530578523874283, 0.03000057116150856, 0.024146374315023422, 0.02372983656823635, 0.02877645567059517, 0.027999110519886017, 0.027094844728708267, 0.0249720960855484, 0.026357397437095642, 0.024656610563397408, 0.0337224006652832, 0.03145836666226387, 0.022602394223213196, 0.02896992117166519, 0.026177627965807915, 0.029444966465234756, 0.025024689733982086, 0.02273828536272049, 0.021711550652980804, 0.023111477494239807, 0.02606395073235035, 0.03293702006340027, 0.027569666504859924, 0.028822772204875946, 0.023014318197965622, 0.024562183767557144, 0.02300632931292057, 0.027296127751469612, 0.026754241436719894, 0.022584158927202225, 0.028719153255224228, 0.03513668477535248, 0.029402295127511024, 0.024379931390285492, 0.02311006747186184, 0.024365831166505814, 0.023621810600161552, 0.02188895270228386, 0.02360333688557148, 0.024677464738488197, 0.03103894740343094, 0.02234976924955845, 0.027112727984786034, 0.02840523235499859, 0.027250781655311584, 0.022913523018360138, 0.02344406768679619, 0.026190463453531265, 0.02391824498772621, 0.029641568660736084, 0.02876986563205719, 0.023108109831809998, 0.025073260068893433], 'L_si': [0.007455009967088699, 0.009599265642464161, 0.006737508345395327, 0.008973727934062481, 0.006079441402107477, 0.011715300381183624, 0.010262415744364262, 0.01160227507352829, 0.00722460076212883, 0.007412362843751907, 0.007936649955809116, 0.01350355427712202, 0.008360857143998146, 0.009876986965537071, 0.0076020704582333565, 0.005935121793299913, 0.006631212309002876, 0.006584521848708391, 0.009861182421445847, 0.00724832946434617, 0.007881930097937584, 0.008313754573464394, 0.0069001903757452965, 0.005538901314139366, 0.006306936033070087, 0.007341412361711264, 0.007789650931954384, 0.007005293853580952, 0.008728823624551296, 0.007206208538264036, 0.011170709505677223, 0.009309250861406326, 0.010650680400431156, 0.008479670621454716, 0.010510547086596489, 0.009163443930447102, 0.007836579345166683, 0.007682485040277243, 0.006553056184202433, 0.007577146869152784, 0.008650047704577446, 0.008572736755013466, 0.006811936851590872, 0.01211103517562151, 0.012089144438505173, 0.007265555206686258, 0.006028384435921907, 0.009411421604454517, 0.007823514752089977, 0.009081633761525154, 0.009276991710066795, 0.00992710329592228, 0.006890380289405584, 0.009683527052402496, 0.010443673469126225, 0.011141167022287846, 0.009004034101963043, 0.006408517248928547, 0.009534641169011593, 0.007207443471997976, 0.010586155578494072, 0.007360249757766724, 0.008367639034986496, 0.007204716559499502, 0.009253418073058128, 0.008999684825539589, 0.010929104872047901, 0.014417273923754692, 0.007384395692497492, 0.009341472759842873, 0.006891512777656317, 0.01127020362764597, 0.005690387450158596, 0.010472681373357773, 0.0069791823625564575, 0.007410192396491766, 0.010306356474757195, 0.0058415778912603855, 0.009184318594634533, 0.006042654626071453, 0.007052280940115452, 0.009110701270401478, 0.009413751773536205, 0.008885536342859268, 0.007041081786155701, 0.011294754222035408, 0.007742524147033691, 0.007550747133791447, 0.00780404033139348, 0.010842591524124146, 0.010676304809749126, 0.007190709002315998, 0.007307663094252348, 0.005726679228246212, 0.008706594817340374, 0.006264764815568924, 0.006649228744208813, 0.006635627709329128, 0.007012070156633854, 0.008681565523147583, 0.009520717896521091, 0.007720126770436764, 0.01058975700289011, 0.006501978263258934, 0.007270474452525377, 0.006654889322817326, 0.009616545401513577, 0.0073711867444217205, 0.007472081575542688, 0.010043679736554623, 0.0074509913101792336, 0.005584572441875935, 0.008919012732803822, 0.006531694903969765, 0.00647716736420989, 0.005497457459568977, 0.007236740551888943, 0.010678030550479889, 0.01087165903300047, 0.007112104911357164, 0.007506429683417082, 0.007955041714012623, 0.007865888066589832, 0.007493250537663698, 0.00969204492866993, 0.008573126047849655, 0.006757724564522505, 0.007585518527776003, 0.00723453750833869, 0.008090641349554062, 0.007906181737780571, 0.01036208588629961, 0.011045006103813648, 0.008919649757444859, 0.009649287909269333, 0.009585070423781872, 0.004673945717513561, 0.010096760466694832, 0.011946102604269981, 0.007484984118491411, 0.010557768866419792, 0.006442769896239042, 0.006007890682667494, 0.008036786690354347, 0.008365082554519176, 0.007119368761777878, 0.00710473395884037, 0.012973957695066929, 0.006776951719075441, 0.00781812984496355, 0.00996129959821701, 0.00864321831613779, 0.010191035456955433, 0.0075531271286308765, 0.009792833589017391, 0.0062485989183187485, 0.007760236971080303, 0.006772692780941725, 0.008655405603349209, 0.010299836285412312, 0.007170429918915033, 0.006335156504064798, 0.006947800517082214, 0.011044303886592388, 0.015136539936065674, 0.006960851605981588, 0.009767375886440277, 0.00782470591366291, 0.00785699300467968, 0.006520560476928949, 0.008518033660948277, 0.008879208005964756, 0.009806409478187561, 0.00758304912596941, 0.007144810166209936, 0.008260536938905716, 0.010503959842026234, 0.007102965377271175, 0.009265619330108166, 0.013132976368069649, 0.009711557067930698, 0.008468665182590485, 0.007486054673790932, 0.011777317151427269, 0.0094600273296237, 0.010893954895436764, 0.008933505043387413, 0.00681524770334363, 0.008175196126103401, 0.006829263176769018, 0.006279835943132639, 0.007023046724498272, 0.006455273367464542, 0.007319255731999874, 0.004993949551135302, 0.006214913912117481, 0.007340835873037577, 0.00813252106308937, 0.009211480617523193, 0.008143567480146885, 0.007401125505566597, 0.009176217950880527, 0.010261601768434048, 0.010366505943238735, 0.008508830331265926, 0.010160742327570915, 0.007972760125994682, 0.012317018583416939, 0.011382528580725193, 0.006246544886380434, 0.009432508610188961, 0.008758217096328735, 0.009935292415320873, 0.009002749808132648, 0.00655025290325284, 0.006622927263379097, 0.007036049850285053, 0.008093908429145813, 0.012471746653318405, 0.009540601633489132, 0.010691064409911633, 0.007101943716406822, 0.007616319227963686, 0.006572800222784281, 0.010181935504078865, 0.007635465823113918, 0.006528176832944155, 0.0104517862200737, 0.014669770374894142, 0.010582303628325462, 0.007616148330271244, 0.007298751268535852, 0.006870799697935581, 0.007086609955877066, 0.006611193064600229, 0.0072141364216804504, 0.007848048582673073, 0.011233125813305378, 0.0061063929460942745, 0.00900258868932724, 0.008952820673584938, 0.007264033891260624, 0.006412183400243521, 0.007769147865474224, 0.009022936224937439, 0.007229345850646496, 0.011454286053776741, 0.010603679344058037, 0.007674406282603741, 0.011002295650541782], 'L_grad': [0.015880335122346878, 0.016600226983428, 0.01617942750453949, 0.019308410584926605, 0.01568884402513504, 0.019153892993927002, 0.016001947224140167, 0.018559036776423454, 0.016081316396594048, 0.017601247876882553, 0.015368407592177391, 0.020758356899023056, 0.017178654670715332, 0.018230147659778595, 0.016212668269872665, 0.01510524470359087, 0.01700086146593094, 0.016587210819125175, 0.018680514767766, 0.016862351447343826, 0.01851005107164383, 0.018059493973851204, 0.015779973939061165, 0.01592012122273445, 0.015740379691123962, 0.016981374472379684, 0.016839507967233658, 0.015587102621793747, 0.01675952598452568, 0.016463372856378555, 0.018957609310746193, 0.017723187804222107, 0.01660209335386753, 0.018247388303279877, 0.017667479813098907, 0.016574924811720848, 0.017048539593815804, 0.016312193125486374, 0.015368225984275341, 0.01591189205646515, 0.017707308754324913, 0.017081737518310547, 0.01629744842648506, 0.018676256760954857, 0.018655885010957718, 0.01672244258224964, 0.014664219692349434, 0.01719546690583229, 0.016995390877127647, 0.018302462995052338, 0.016148217022418976, 0.017758240923285484, 0.014749535359442234, 0.01656048372387886, 0.016367416828870773, 0.018901269882917404, 0.016756409779191017, 0.015334495343267918, 0.019611090421676636, 0.01644459366798401, 0.01762550137937069, 0.01555282436311245, 0.019049987196922302, 0.015999259427189827, 0.020496074110269547, 0.017723390832543373, 0.017722144722938538, 0.01864910125732422, 0.016384752467274666, 0.018358968198299408, 0.016577953472733498, 0.017742110416293144, 0.01638961397111416, 0.021522585302591324, 0.016919512301683426, 0.016025761142373085, 0.02238599769771099, 0.0151563361287117, 0.01924058422446251, 0.016136106103658676, 0.01604395918548107, 0.017253436148166656, 0.015423586592078209, 0.017834153026342392, 0.016705753281712532, 0.017862223088741302, 0.016375575214624405, 0.01595546491444111, 0.017589028924703598, 0.017136307433247566, 0.01811225153505802, 0.017415227368474007, 0.0165041945874691, 0.015812106430530548, 0.016773078590631485, 0.016114478930830956, 0.01672966778278351, 0.01688079535961151, 0.01561805047094822, 0.015346096828579903, 0.016402876004576683, 0.018680676817893982, 0.01859470270574093, 0.016741111874580383, 0.017458802089095116, 0.01596963219344616, 0.01819424517452717, 0.016687357798218727, 0.016185900196433067, 0.019477715715765953, 0.01799210160970688, 0.015559789724647999, 0.019364966079592705, 0.015591462142765522, 0.01615303009748459, 0.015975147485733032, 0.01763557642698288, 0.0177202969789505, 0.018731961026787758, 0.016055526211857796, 0.0183955579996109, 0.01641102507710457, 0.01715545356273651, 0.01695754937827587, 0.018293794244527817, 0.018052414059638977, 0.01763496920466423, 0.016474978998303413, 0.016835985705256462, 0.015103216283023357, 0.016055937856435776, 0.017719458788633347, 0.018238462507724762, 0.016986224800348282, 0.017860740423202515, 0.018037930130958557, 0.013580935075879097, 0.02136584371328354, 0.019165469333529472, 0.016014574095606804, 0.017819564789533615, 0.015712028369307518, 0.016473893076181412, 0.016354888677597046, 0.01701638102531433, 0.017468560487031937, 0.016142744570970535, 0.018925607204437256, 0.015993159264326096, 0.016887236386537552, 0.019219379872083664, 0.019533328711986542, 0.01676371693611145, 0.017281504347920418, 0.01706846058368683, 0.016125470399856567, 0.017927266657352448, 0.016668405383825302, 0.015056656673550606, 0.016916481778025627, 0.018822094425559044, 0.017137590795755386, 0.01642952859401703, 0.018554072827100754, 0.020046373829245567, 0.015825891867280006, 0.018130017444491386, 0.016905348747968674, 0.017428115010261536, 0.016431298106908798, 0.017006652429699898, 0.017010223120450974, 0.018386170268058777, 0.016136083751916885, 0.016807738691568375, 0.018960081040859222, 0.017801940441131592, 0.016651438549160957, 0.017097778618335724, 0.02059657871723175, 0.019297249615192413, 0.015309315174818039, 0.0159502811729908, 0.021593831479549408, 0.017335383221507072, 0.020609136670827866, 0.01662096008658409, 0.016185559332370758, 0.018205299973487854, 0.015342927537858486, 0.015907306224107742, 0.015872864052653313, 0.017636897042393684, 0.017536012455821037, 0.01450342871248722, 0.01596897840499878, 0.016516704112291336, 0.017173264175653458, 0.020789090543985367, 0.016002807766199112, 0.016328711062669754, 0.019600236788392067, 0.017737507820129395, 0.016728337854146957, 0.0164632648229599, 0.016196655109524727, 0.016683850437402725, 0.021405380219221115, 0.020075837150216103, 0.01635584980249405, 0.019537413492798805, 0.01741941086947918, 0.01950967311859131, 0.016021940857172012, 0.016188032925128937, 0.015088623389601707, 0.01607542671263218, 0.017970042303204536, 0.020465273410081863, 0.018029065802693367, 0.018131708726286888, 0.0159123744815588, 0.016945865005254745, 0.016433529555797577, 0.017114192247390747, 0.01911877654492855, 0.016055982559919357, 0.018267367035150528, 0.020466912537813187, 0.018819991499185562, 0.016763783991336823, 0.015811316668987274, 0.017495032399892807, 0.0165352001786232, 0.015277760103344917, 0.01638920046389103, 0.016829416155815125, 0.019805820658802986, 0.016243375837802887, 0.018110139295458794, 0.01945241168141365, 0.019986746832728386, 0.01650133915245533, 0.01567492075264454, 0.017167527228593826, 0.01668890006840229, 0.018187282606959343, 0.018166186287999153, 0.015433702617883682, 0.014070965349674225]}
Setting up Multi Scale Gradient loss...
Done
Setting up Multi Scale Gradient loss...
Done
Setting up Multi Scale Gradient loss...
Done
Setting up Multi Scale Gradient loss...
Done
Setting up Multi Scale Gradient loss...
Done
Setting up Multi Scale Gradient loss...
Done
Setting up Multi Scale Gradient loss...
Done
Setting up Multi Scale Gradient loss...
Done
Setting up Multi Scale Gradient loss...Setting up Multi Scale Gradient loss...

Done
Done
Setting up Multi Scale Gradient loss...
Done
Setting up Multi Scale Gradient loss...
Done
Setting up Multi Scale Gradient loss...
Done
Setting up Multi Scale Gradient loss...
Done
Setting up Multi Scale Gradient loss...
Done
Setting up Multi Scale Gradient loss...
Done
all losses in batch in validation:  {'loss': [0.022984664887189865, 0.026068653911352158, 0.022904615849256516, 0.027068451046943665, 0.02135658636689186, 0.030584104359149933, 0.025603123009204865, 0.02952658012509346, 0.023198995739221573, 0.02492356486618519, 0.02295810356736183, 0.031348440796136856, 0.02491288259625435, 0.025797545909881592, 0.02324053645133972, 0.02079421654343605, 0.0233842134475708, 0.022229133173823357, 0.027868054807186127, 0.02371588908135891, 0.02595481276512146, 0.02560586668550968, 0.022273045033216476, 0.020962731912732124, 0.021344300359487534, 0.023799149319529533, 0.02437763288617134, 0.02275349572300911, 0.025441966950893402, 0.02251187339425087, 0.03013763390481472, 0.026714270934462547, 0.0268230102956295, 0.025446418672800064, 0.028279416263103485, 0.025424862280488014, 0.02433793619275093, 0.023210961371660233, 0.021776221692562103, 0.023220907896757126, 0.02410304918885231, 0.024855226278305054, 0.02255232073366642, 0.030392508953809738, 0.030461907386779785, 0.023763662204146385, 0.020118150860071182, 0.026097213849425316, 0.024353723973035812, 0.0268236193805933, 0.02483028545975685, 0.027316100895404816, 0.021570943295955658, 0.024606773629784584, 0.026814043521881104, 0.029687955975532532, 0.02542947232723236, 0.02166670374572277, 0.028357822448015213, 0.02360743284225464, 0.027722202241420746, 0.022600488737225533, 0.026965469121932983, 0.023364514112472534, 0.027537062764167786, 0.026267074048519135, 0.027922607958316803, 0.0328160896897316, 0.022745264694094658, 0.026884716004133224, 0.02313045971095562, 0.028279855847358704, 0.0215840395539999, 0.03231772780418396, 0.023611508309841156, 0.022990575060248375, 0.03203779458999634, 0.020754538476467133, 0.026760997250676155, 0.021631751209497452, 0.022653857246041298, 0.02583802118897438, 0.02483641728758812, 0.02625933662056923, 0.023330658674240112, 0.029375992715358734, 0.023424513638019562, 0.023224372416734695, 0.02505522593855858, 0.0278712697327137, 0.027944762259721756, 0.024196695536375046, 0.02300857938826084, 0.021334253251552582, 0.02529028058052063, 0.02162919007241726, 0.02256609871983528, 0.022881517186760902, 0.022077158093452454, 0.023810014128684998, 0.025145351886749268, 0.025974437594413757, 0.028190456330776215, 0.022162094712257385, 0.02441009134054184, 0.021978598088026047, 0.02635727822780609, 0.023207180202007294, 0.02318008616566658, 0.027105391025543213, 0.024960391223430634, 0.0203472338616848, 0.02742014080286026, 0.022192448377609253, 0.022084107622504234, 0.021251432597637177, 0.023828547447919846, 0.02852252870798111, 0.026279732584953308, 0.022100895643234253, 0.023118561133742332, 0.024340830743312836, 0.024397000670433044, 0.0237572081387043, 0.027479439973831177, 0.02558552660048008, 0.02435365319252014, 0.023858115077018738, 0.023291796445846558, 0.022850733250379562, 0.02369179017841816, 0.02748376876115799, 0.028668466955423355, 0.025727298110723495, 0.025605082511901855, 0.026965297758579254, 0.01802096515893936, 0.030979150906205177, 0.02792731299996376, 0.023264236748218536, 0.027897069230675697, 0.0217549130320549, 0.02173270285129547, 0.02419712394475937, 0.02562122233211994, 0.023793084546923637, 0.02305024303495884, 0.03148101270198822, 0.02204558067023754, 0.023844679817557335, 0.02950522117316723, 0.02782556042075157, 0.026579653844237328, 0.024234887212514877, 0.027387147769331932, 0.021831603720784187, 0.025694452226161957, 0.023078523576259613, 0.023536983877420425, 0.026924163103103638, 0.025560468435287476, 0.023167818784713745, 0.02259128913283348, 0.0295577272772789, 0.03583814203739166, 0.02224092185497284, 0.027372168377041817, 0.02403666451573372, 0.024308357387781143, 0.022371463477611542, 0.02505943551659584, 0.025364305824041367, 0.02758743241429329, 0.023446742445230484, 0.02361631579697132, 0.02667894959449768, 0.027365151792764664, 0.02317766286432743, 0.026358824223279953, 0.033564068377017975, 0.028493812307715416, 0.023584451526403427, 0.023338980972766876, 0.033653587102890015, 0.02750786766409874, 0.03020944818854332, 0.025255847722291946, 0.022604672238230705, 0.025830447673797607, 0.022094808518886566, 0.021696478128433228, 0.02216586098074913, 0.023199450224637985, 0.024080324918031693, 0.018911920487880707, 0.021608736366033554, 0.02295657992362976, 0.02497369423508644, 0.029197854921221733, 0.024037137627601624, 0.023463254794478416, 0.028640251606702805, 0.02805754914879799, 0.027047840878367424, 0.024717099964618683, 0.02633184939622879, 0.024163447320461273, 0.033137619495391846, 0.03087705932557583, 0.02206675335764885, 0.027843140065670013, 0.026342563331127167, 0.025270748883485794, 0.02482502907514572, 0.022545546293258667, 0.02171137183904648, 0.022777767851948738, 0.024636493995785713, 0.03241777420043945, 0.02446710877120495, 0.02894742786884308, 0.022261805832386017, 0.0241704024374485, 0.022087879478931427, 0.026863541454076767, 0.02608528360724449, 0.022279594093561172, 0.028257422149181366, 0.035137299448251724, 0.028984759002923965, 0.02386276237666607, 0.02260168269276619, 0.02365480735898018, 0.023319154977798462, 0.021634258329868317, 0.023315131664276123, 0.024004211649298668, 0.029037274420261383, 0.02167721465229988, 0.026507500559091568, 0.027183067053556442, 0.025874853134155273, 0.022227492183446884, 0.02309185080230236, 0.026161497458815575, 0.023352067917585373, 0.029520828276872635, 0.028577642515301704, 0.023046182468533516, 0.024805590510368347], 'L_si': [0.007256985176354647, 0.009588855318725109, 0.006644328590482473, 0.00825254525989294, 0.00597730278968811, 0.011563529260456562, 0.009937338531017303, 0.011343258433043957, 0.007261636201292276, 0.00751676969230175, 0.007774656638503075, 0.012096666730940342, 0.00801305565983057, 0.00842304527759552, 0.007282780017703772, 0.005833480507135391, 0.006551842670887709, 0.006102822255343199, 0.009559129364788532, 0.00705732824280858, 0.007729306351393461, 0.008092043921351433, 0.0066534061916172504, 0.0054092020727694035, 0.0060179573483765125, 0.007131226360797882, 0.007764959707856178, 0.007015358656644821, 0.008770010434091091, 0.006597185507416725, 0.011283064261078835, 0.009164057672023773, 0.0104367109015584, 0.008001904934644699, 0.01083312463015318, 0.009103124961256981, 0.007522068917751312, 0.007259228732436895, 0.006503437180072069, 0.007490978576242924, 0.007545554544776678, 0.008118110708892345, 0.00658464664593339, 0.011891239322721958, 0.01200393307954073, 0.007190426345914602, 0.005898349918425083, 0.009315630421042442, 0.007726642303168774, 0.00875205360352993, 0.008965724147856236, 0.009891807101666927, 0.006874185521155596, 0.008609836921095848, 0.010343865491449833, 0.01110363844782114, 0.008984573185443878, 0.006382813211530447, 0.009189161472022533, 0.007252777926623821, 0.010367408394813538, 0.007254805415868759, 0.008305533789098263, 0.0072966450825333595, 0.008033473044633865, 0.008786228485405445, 0.010515188798308372, 0.01433006301522255, 0.006867737974971533, 0.008878316730260849, 0.0069626253098249435, 0.011036855168640614, 0.005568151827901602, 0.010929843410849571, 0.006856792606413364, 0.00720698619261384, 0.010382575914263725, 0.005755238234996796, 0.008419230580329895, 0.005897859111428261, 0.006997964810580015, 0.008803934790194035, 0.009399909526109695, 0.008611508645117283, 0.007014877162873745, 0.011488096788525581, 0.007397372275590897, 0.007437805645167828, 0.007802157662808895, 0.010754825547337532, 0.01019041333347559, 0.007060712203383446, 0.006981896702200174, 0.005680643022060394, 0.008617800660431385, 0.00594978965818882, 0.006300583481788635, 0.006392554845660925, 0.006739440374076366, 0.008509441278874874, 0.009329288266599178, 0.007713056169450283, 0.010234683752059937, 0.006111255846917629, 0.007182363886386156, 0.006406414322555065, 0.009348231367766857, 0.007088854908943176, 0.0072675468400120735, 0.009076099842786789, 0.007339951582252979, 0.005320763681083918, 0.008774004876613617, 0.006547130178660154, 0.006214626599103212, 0.005397781729698181, 0.006792848464101553, 0.01080300658941269, 0.008616473525762558, 0.006616377271711826, 0.0063499524258077145, 0.007937045767903328, 0.0077144680544734, 0.007281683385372162, 0.009595074690878391, 0.00801711156964302, 0.006820750422775745, 0.007449958939105272, 0.006878061685711145, 0.0079651465639472, 0.007820239290595055, 0.010083777830004692, 0.011134279891848564, 0.00887401681393385, 0.0082344189286232, 0.009424364194273949, 0.0046835727989673615, 0.010092971846461296, 0.01053803414106369, 0.007538988720625639, 0.010331479832530022, 0.0062694367952644825, 0.0057808575220406055, 0.007974035106599331, 0.008652066811919212, 0.006793844047933817, 0.007114017382264137, 0.01307164877653122, 0.0063942172564566135, 0.0073853749781847, 0.01020888052880764, 0.008735614828765392, 0.009899472817778587, 0.007458086125552654, 0.010253623127937317, 0.006018178071826696, 0.007938448339700699, 0.006743591744452715, 0.008535143919289112, 0.010214186273515224, 0.007119047921150923, 0.006239250767976046, 0.0066763246431946754, 0.011097715236246586, 0.01603919081389904, 0.00680101104080677, 0.00968882255256176, 0.007657602895051241, 0.007551634218543768, 0.006221534684300423, 0.00832310039550066, 0.00886958185583353, 0.009509515017271042, 0.007556301541626453, 0.007096938323229551, 0.008020111359655857, 0.010052132420241833, 0.006855357903987169, 0.00917664635926485, 0.013740332797169685, 0.009746486321091652, 0.008387007750570774, 0.007538192439824343, 0.012336541898548603, 0.009638835676014423, 0.010523218661546707, 0.008802046068012714, 0.00673705292865634, 0.008133521303534508, 0.006902069319039583, 0.0060494993813335896, 0.006660633720457554, 0.006106705870479345, 0.007007350213825703, 0.004730604588985443, 0.005967909004539251, 0.006981553044170141, 0.008084041997790337, 0.009128013625741005, 0.00807249266654253, 0.00738241383805871, 0.009207201190292835, 0.010382124222815037, 0.010374331846833229, 0.008488050661981106, 0.01012122631072998, 0.007606060244143009, 0.012037745676934719, 0.011437777429819107, 0.005984918680042028, 0.00921681523323059, 0.008906040340662003, 0.007556548807770014, 0.008995023556053638, 0.006449463777244091, 0.0066309841349720955, 0.0069059706293046474, 0.007375452201813459, 0.012322159484028816, 0.007935825735330582, 0.010780657641589642, 0.0068475836887955666, 0.00756587740033865, 0.006229687016457319, 0.009909567423164845, 0.007712012622505426, 0.006368893198668957, 0.010266739875078201, 0.014802555553615093, 0.010549330152571201, 0.00750462943688035, 0.007090397644788027, 0.006605503149330616, 0.006974884308874607, 0.00653971079736948, 0.007101815193891525, 0.00751006044447422, 0.01068945787847042, 0.005893757566809654, 0.008765588514506817, 0.008740757592022419, 0.0069349538534879684, 0.006253926083445549, 0.007689386140555143, 0.009091364219784737, 0.007151423953473568, 0.011530359275639057, 0.010495869442820549, 0.007654108107089996, 0.011172246187925339], 'L_grad': [0.015727680176496506, 0.016479797661304474, 0.016260286793112755, 0.01881590485572815, 0.01537928357720375, 0.019020574167370796, 0.01566578447818756, 0.018183322623372078, 0.015937360003590584, 0.017406795173883438, 0.015183445997536182, 0.01925177499651909, 0.016899827867746353, 0.017374500632286072, 0.015957755967974663, 0.01496073603630066, 0.016832370311021805, 0.01612631045281887, 0.01830892451107502, 0.016658561304211617, 0.01822550594806671, 0.01751382276415825, 0.015619639307260513, 0.015553530305624008, 0.015326343476772308, 0.01666792295873165, 0.016612673178315163, 0.01573813706636429, 0.016671957448124886, 0.015914687886834145, 0.018854569643735886, 0.017550213262438774, 0.016386300325393677, 0.017444513738155365, 0.01744629070162773, 0.016321737319231033, 0.01681586727499962, 0.01595173217356205, 0.015272784978151321, 0.015729930251836777, 0.016557494178414345, 0.016737116500735283, 0.015967674553394318, 0.018501270562410355, 0.01845797523856163, 0.016573235392570496, 0.014219800941646099, 0.016781583428382874, 0.016627080738544464, 0.01807156577706337, 0.01586456224322319, 0.017424294725060463, 0.01469675824046135, 0.015996936708688736, 0.016470178961753845, 0.018584318459033966, 0.016444899141788483, 0.015283890068531036, 0.019168661907315254, 0.016354653984308243, 0.017354793846607208, 0.015345683321356773, 0.018659936264157295, 0.01606786996126175, 0.01950358971953392, 0.017480846494436264, 0.01740741916000843, 0.01848602667450905, 0.015877526253461838, 0.018006399273872375, 0.016167834401130676, 0.017243001610040665, 0.01601588726043701, 0.02138788439333439, 0.016754714772105217, 0.015783589333295822, 0.021655216813087463, 0.014999300241470337, 0.01834176667034626, 0.01573389209806919, 0.015655891969799995, 0.01703408546745777, 0.015436507761478424, 0.01764782890677452, 0.016315782442688942, 0.017887895926833153, 0.016027141362428665, 0.015786567702889442, 0.017253069207072258, 0.017116444185376167, 0.01775434985756874, 0.0171359833329916, 0.016026683151721954, 0.015653610229492188, 0.01667248085141182, 0.01567940041422844, 0.016265515238046646, 0.01648896187543869, 0.015337718650698662, 0.015300571918487549, 0.015816062688827515, 0.01826138235628605, 0.017955772578716278, 0.01605083979666233, 0.01722772791981697, 0.015572182834148407, 0.01700904592871666, 0.016118325293064117, 0.01591254025697708, 0.018029291182756424, 0.01762044057250023, 0.015026470646262169, 0.018646135926246643, 0.01564531773328781, 0.01586948148906231, 0.015853650867938995, 0.017035698518157005, 0.01771952211856842, 0.01766325905919075, 0.015484517440199852, 0.01676860824227333, 0.016403784975409508, 0.01668253354728222, 0.016475524753332138, 0.01788436435163021, 0.01756841503083706, 0.01753290370106697, 0.016408156603574753, 0.0164137352257967, 0.014885585755109787, 0.015871550887823105, 0.017399990931153297, 0.01753418706357479, 0.01685328036546707, 0.017370663583278656, 0.017540933564305305, 0.013337393291294575, 0.02088617905974388, 0.01738927885890007, 0.01572524756193161, 0.017565589398145676, 0.015485476702451706, 0.015951845794916153, 0.016223087906837463, 0.01696915552020073, 0.016999240964651108, 0.015936225652694702, 0.018409363925457, 0.015651363879442215, 0.016459304839372635, 0.01929634064435959, 0.019089944660663605, 0.01668018102645874, 0.016776802018284798, 0.017133524641394615, 0.015813425183296204, 0.017756003886461258, 0.016334932297468185, 0.015001840889453888, 0.01670997589826584, 0.018441420048475266, 0.016928568482398987, 0.01591496355831623, 0.01846001297235489, 0.01979895308613777, 0.015439909882843494, 0.017683345824480057, 0.016379062086343765, 0.016756722703576088, 0.01614992879331112, 0.016736336052417755, 0.01649472303688526, 0.018077917397022247, 0.015890439972281456, 0.016519377008080482, 0.01865883730351925, 0.017313018441200256, 0.01632230542600155, 0.017182176932692528, 0.01982373744249344, 0.018747325986623764, 0.015197442844510078, 0.01580078899860382, 0.021317046135663986, 0.01786903105676174, 0.019686229526996613, 0.016453802585601807, 0.01586761884391308, 0.0176969263702631, 0.01519273966550827, 0.015646979212760925, 0.015505228191614151, 0.017092743888497353, 0.017072975635528564, 0.014181315898895264, 0.015640826895833015, 0.015975026413798332, 0.016889652237296104, 0.020069841295480728, 0.015964645892381668, 0.016080841422080994, 0.019433051347732544, 0.017675423994660378, 0.016673509031534195, 0.01622905023396015, 0.01621062308549881, 0.01655738800764084, 0.021099872887134552, 0.01943928189575672, 0.016081834211945534, 0.018626324832439423, 0.017436522990465164, 0.017714200541377068, 0.01583000458776951, 0.01609608344733715, 0.015080387704074383, 0.015871796756982803, 0.017261041328310966, 0.020095614716410637, 0.016531283035874367, 0.018166769295930862, 0.015414221212267876, 0.016604524105787277, 0.01585819199681282, 0.016953973099589348, 0.018373271450400352, 0.01591070182621479, 0.017990682274103165, 0.020334742963314056, 0.01843542978167534, 0.016358133405447006, 0.01551128551363945, 0.017049303278326988, 0.01634426973760128, 0.015094546601176262, 0.016213316470384598, 0.016494151204824448, 0.018347816541790962, 0.015783457085490227, 0.017741912975907326, 0.01844230853021145, 0.018939899280667305, 0.015973566100001335, 0.01540246419608593, 0.017070133239030838, 0.01620064303278923, 0.017990469932556152, 0.018081773072481155, 0.01539207436144352, 0.013633343391120434]}
Setting up Multi Scale Gradient loss...
Done
Setting up Multi Scale Gradient loss...
Done
Setting up Multi Scale Gradient loss...
Done
Setting up Multi Scale Gradient loss...
Done
Setting up Multi Scale Gradient loss...
Done
Setting up Multi Scale Gradient loss...
Done
Setting up Multi Scale Gradient loss...
Done
Setting up Multi Scale Gradient loss...
Done
Setting up Multi Scale Gradient loss...Setting up Multi Scale Gradient loss...
Setting up Multi Scale Gradient loss...

Setting up Multi Scale Gradient loss...
Setting up Multi Scale Gradient loss...
Setting up Multi Scale Gradient loss...
Setting up Multi Scale Gradient loss...DoneSetting up Multi Scale Gradient loss...
Done
Done

Done

Done
Done
Done
Done
all losses in batch in validation:  {'loss': [0.02382121980190277, 0.02591734752058983, 0.02417970448732376, 0.02786877751350403, 0.021763557568192482, 0.030567040666937828, 0.026130426675081253, 0.029899338260293007, 0.022812582552433014, 0.024382956326007843, 0.023052368313074112, 0.03178618103265762, 0.025350097566843033, 0.02580612152814865, 0.024340186268091202, 0.022160442546010017, 0.024457519873976707, 0.023050153627991676, 0.02865271270275116, 0.023468289524316788, 0.025995571166276932, 0.026374708861112595, 0.023714318871498108, 0.021762441843748093, 0.022069960832595825, 0.024057479575276375, 0.024059630930423737, 0.023058811202645302, 0.02515355870127678, 0.024250682443380356, 0.029851706698536873, 0.027722027152776718, 0.027936268597841263, 0.026028018444776535, 0.02917427197098732, 0.024959970265626907, 0.026450175791978836, 0.024684716016054153, 0.022782955318689346, 0.023751845583319664, 0.02485712431371212, 0.025969408452510834, 0.02343497984111309, 0.030883118510246277, 0.030562423169612885, 0.023607011884450912, 0.021565601229667664, 0.02577340602874756, 0.024371853098273277, 0.027802035212516785, 0.025062166154384613, 0.027670225128531456, 0.02216433361172676, 0.024263247847557068, 0.02737434208393097, 0.02974291890859604, 0.025456424802541733, 0.02319941483438015, 0.02857203781604767, 0.024342481046915054, 0.028342243283987045, 0.02302904799580574, 0.027168922126293182, 0.023252027109265327, 0.02722238376736641, 0.02558484673500061, 0.028802134096622467, 0.0324576199054718, 0.024009648710489273, 0.026245541870594025, 0.024047816172242165, 0.028445258736610413, 0.021762698888778687, 0.0328655019402504, 0.024810312315821648, 0.02390444278717041, 0.03171275928616524, 0.021853843703866005, 0.027505237609148026, 0.02208554744720459, 0.02359391748905182, 0.0271321851760149, 0.024919047951698303, 0.02774171158671379, 0.023592634126544, 0.028845835477113724, 0.023862535133957863, 0.023256877437233925, 0.026690158993005753, 0.02858518622815609, 0.028777889907360077, 0.024826491251587868, 0.023639976978302002, 0.022095847874879837, 0.024758655577898026, 0.022075891494750977, 0.023178867995738983, 0.02396593987941742, 0.02269643358886242, 0.024034662172198296, 0.025775186717510223, 0.026777636259794235, 0.028138745576143265, 0.02304566279053688, 0.02530217543244362, 0.021718023344874382, 0.0269918330013752, 0.024747030809521675, 0.023141393437981606, 0.02863093838095665, 0.02496538683772087, 0.021061452105641365, 0.028220899403095245, 0.0224829763174057, 0.023387491703033447, 0.020961452275514603, 0.025460923090577126, 0.02767084538936615, 0.025931699201464653, 0.023485392332077026, 0.024661079049110413, 0.025066867470741272, 0.0244064312428236, 0.024459296837449074, 0.02925931289792061, 0.027657486498355865, 0.024528097361326218, 0.02437671087682247, 0.02434391900897026, 0.023272067308425903, 0.02375711314380169, 0.02813085727393627, 0.02814844623208046, 0.02599119395017624, 0.025083936750888824, 0.027663253247737885, 0.01815095543861389, 0.030943486839532852, 0.02869969978928566, 0.02353556826710701, 0.027587175369262695, 0.022828740999102592, 0.02226012572646141, 0.023459745571017265, 0.026488475501537323, 0.024299945682287216, 0.025113800540566444, 0.03189130127429962, 0.022763468325138092, 0.024192621931433678, 0.029665347188711166, 0.029651187360286713, 0.02709955722093582, 0.0245748832821846, 0.028632812201976776, 0.021937424317002296, 0.02605694718658924, 0.023796137422323227, 0.024032775312662125, 0.02671780250966549, 0.025655042380094528, 0.024122238159179688, 0.0235489159822464, 0.029272345826029778, 0.035696275532245636, 0.02317711152136326, 0.02721736580133438, 0.024028673768043518, 0.024977367371320724, 0.022924022749066353, 0.024827226996421814, 0.025717847049236298, 0.027362845838069916, 0.023241549730300903, 0.02453606389462948, 0.026257716119289398, 0.028390347957611084, 0.023975620046257973, 0.02588959038257599, 0.03419027477502823, 0.0282103531062603, 0.02317902445793152, 0.02311350405216217, 0.033975183963775635, 0.0270448736846447, 0.030819034203886986, 0.02592560276389122, 0.022431442514061928, 0.02699512429535389, 0.022004028782248497, 0.022389445453882217, 0.023168135434389114, 0.02411990612745285, 0.024370573461055756, 0.02028481662273407, 0.022284425795078278, 0.024410121142864227, 0.0246572345495224, 0.02948812022805214, 0.023664211854338646, 0.023653341457247734, 0.02924240753054619, 0.02853238210082054, 0.026596147567033768, 0.0243644081056118, 0.025772908702492714, 0.02416301891207695, 0.033296503126621246, 0.031079992651939392, 0.02259337715804577, 0.028171759098768234, 0.02574457973241806, 0.0253768227994442, 0.024380870163440704, 0.02380169741809368, 0.02116408944129944, 0.022371862083673477, 0.024796687066555023, 0.03244578465819359, 0.025204455479979515, 0.02880082279443741, 0.023306753486394882, 0.024430781602859497, 0.022672977298498154, 0.02689424157142639, 0.02618805132806301, 0.022346261888742447, 0.02797742560505867, 0.03482042998075485, 0.028889652341604233, 0.02482929639518261, 0.02229522354900837, 0.024331655353307724, 0.024394597858190536, 0.021502066403627396, 0.02357732504606247, 0.025113634765148163, 0.029739616438746452, 0.02244827337563038, 0.02690458856523037, 0.02722039818763733, 0.026300402358174324, 0.022793341428041458, 0.02276291325688362, 0.026002999395132065, 0.02367057092487812, 0.028909269720315933, 0.02897815778851509, 0.023836208507418633, 0.024967152625322342], 'L_si': [0.007558884564787149, 0.00943025853484869, 0.006957296747714281, 0.008502700366079807, 0.005946854129433632, 0.011619241908192635, 0.010114512406289577, 0.011404674500226974, 0.0069073582999408245, 0.006927923299372196, 0.00778318103402853, 0.01206549908965826, 0.008032887242734432, 0.008218464441597462, 0.00773637043312192, 0.00617818022146821, 0.006776562426239252, 0.006323428358882666, 0.009898520074784756, 0.006788931787014008, 0.007598089519888163, 0.008266505785286427, 0.007117774337530136, 0.005535187665373087, 0.006251761689782143, 0.007178279105573893, 0.007363796699792147, 0.006912981625646353, 0.008559655398130417, 0.007317512296140194, 0.011056700721383095, 0.009606652893126011, 0.01079788338392973, 0.008059822954237461, 0.01112097967416048, 0.008782251738011837, 0.00855433288961649, 0.007889545522630215, 0.006785395555198193, 0.0076036653481423855, 0.00782025046646595, 0.008664649911224842, 0.006909925490617752, 0.01212253700941801, 0.011835120618343353, 0.007011734414845705, 0.006110915914177895, 0.008852324448525906, 0.007567642256617546, 0.009147945791482925, 0.009003587998449802, 0.009801479056477547, 0.006970238871872425, 0.00816034059971571, 0.010576385073363781, 0.011060240678489208, 0.008836514316499233, 0.00703185610473156, 0.009114022366702557, 0.007324735634028912, 0.01065291091799736, 0.007314212620258331, 0.008227194659411907, 0.007104508578777313, 0.0078956987708807, 0.008391234092414379, 0.011019601486623287, 0.014176306314766407, 0.007219849620014429, 0.007911236956715584, 0.006945624481886625, 0.010903269983828068, 0.00544336624443531, 0.01066962443292141, 0.007104177493602037, 0.007477522362023592, 0.009728208184242249, 0.006063157692551613, 0.008671539835631847, 0.006015656050294638, 0.007051269523799419, 0.009142803028225899, 0.00925552099943161, 0.00910309050232172, 0.006806445773690939, 0.011104542762041092, 0.00759876286610961, 0.007294083014130592, 0.008196699433028698, 0.011175377294421196, 0.010778525844216347, 0.007167918141931295, 0.006975324358791113, 0.005764481145888567, 0.008381316438317299, 0.005961604416370392, 0.006320381071418524, 0.006612035445868969, 0.006967082154005766, 0.008581196889281273, 0.009070501662790775, 0.007966437377035618, 0.009973817504942417, 0.006421652156859636, 0.00740191712975502, 0.006119202356785536, 0.009028702042996883, 0.007494185585528612, 0.007090626284480095, 0.009690754115581512, 0.00704778078943491, 0.00553186284378171, 0.008786458522081375, 0.00671740248799324, 0.006617031525820494, 0.005332225002348423, 0.007280705496668816, 0.01044009905308485, 0.008233940228819847, 0.007036389317363501, 0.006955202203243971, 0.008134410716593266, 0.00763480132445693, 0.0072314622811973095, 0.01010186318308115, 0.008785095997154713, 0.006765681318938732, 0.007615687791258097, 0.007238571997731924, 0.00802051741629839, 0.007683888077735901, 0.010481458157300949, 0.010400948114693165, 0.008836599066853523, 0.0077874972485005856, 0.009348913095891476, 0.004534202162176371, 0.009908881038427353, 0.010911793448030949, 0.007287350948899984, 0.010215970687568188, 0.006573162507265806, 0.005805578548461199, 0.007568059489130974, 0.00870011281222105, 0.006835837848484516, 0.007750267628580332, 0.012904118746519089, 0.006631241180002689, 0.007475963328033686, 0.009941641241312027, 0.009522384963929653, 0.010236944071948528, 0.007317503914237022, 0.010961825959384441, 0.005938404705375433, 0.007821571081876755, 0.006759609095752239, 0.008716701529920101, 0.009948695078492165, 0.007093797903507948, 0.00665516871958971, 0.006849960424005985, 0.010902764275670052, 0.015843456611037254, 0.006917064543813467, 0.009405788965523243, 0.007327454164624214, 0.007752727717161179, 0.0063675083220005035, 0.00808542687445879, 0.008789327926933765, 0.009379124268889427, 0.007224216591566801, 0.007296995725482702, 0.00774835329502821, 0.010478590615093708, 0.007038119714707136, 0.008979677222669125, 0.013627881184220314, 0.00921808835119009, 0.008087231777608395, 0.0073134019039571285, 0.012175748124718666, 0.00919421948492527, 0.010555429384112358, 0.009073219262063503, 0.006388041656464338, 0.008437136188149452, 0.006673428695648909, 0.006367633584886789, 0.007093972060829401, 0.006401044316589832, 0.007064278237521648, 0.005110710393637419, 0.006218289956450462, 0.007564924191683531, 0.0077978200279176235, 0.008872777223587036, 0.0077478401362895966, 0.007164880633354187, 0.009122771210968494, 0.0103655019775033, 0.010055663995444775, 0.00814733188599348, 0.009825704619288445, 0.007553040515631437, 0.012164419516921043, 0.011187062598764896, 0.0062278639525175095, 0.008901113644242287, 0.00859243143349886, 0.007453502155840397, 0.008625113405287266, 0.006837774068117142, 0.006326764822006226, 0.006568676792085171, 0.007453728932887316, 0.012140347622334957, 0.008113838732242584, 0.010768591426312923, 0.006976895499974489, 0.007609161548316479, 0.006283151917159557, 0.009937175549566746, 0.007623877376317978, 0.006232812535017729, 0.010104161687195301, 0.014742931351065636, 0.010265428572893143, 0.007750588934868574, 0.006813265383243561, 0.0067236581817269325, 0.007273123599588871, 0.00624077720567584, 0.007027153391391039, 0.0078075481578707695, 0.010567793622612953, 0.006000187713652849, 0.00873834453523159, 0.00835537537932396, 0.006858168635517359, 0.006334844511002302, 0.007422857917845249, 0.008881890214979649, 0.007146043237298727, 0.01104364451020956, 0.010711709037423134, 0.0078065176494419575, 0.010862646624445915], 'L_grad': [0.01626233570277691, 0.016487088054418564, 0.017222408205270767, 0.019366078078746796, 0.01581670343875885, 0.018947798758745193, 0.0160159133374691, 0.018494663760066032, 0.015905223786830902, 0.01745503395795822, 0.015269186347723007, 0.01972068101167679, 0.017317209392786026, 0.017587656155228615, 0.01660381630063057, 0.015982262790203094, 0.017680957913398743, 0.016726724803447723, 0.01875419169664383, 0.01667935773730278, 0.018397482112050056, 0.018108204007148743, 0.016596544533967972, 0.016227254644036293, 0.015818199142813683, 0.01687920093536377, 0.016695834696292877, 0.016145829111337662, 0.016593903303146362, 0.016933171078562737, 0.018795005977153778, 0.018115375190973282, 0.01713838428258896, 0.0179681945592165, 0.018053293228149414, 0.016177717596292496, 0.01789584383368492, 0.016795171424746513, 0.01599756069481373, 0.01614817976951599, 0.01703687384724617, 0.017304759472608566, 0.01652505435049534, 0.01876058056950569, 0.01872730255126953, 0.016595277935266495, 0.015454684384167194, 0.016921082511544228, 0.01680421084165573, 0.01865408942103386, 0.016058579087257385, 0.01786874607205391, 0.01519409567117691, 0.016102906316518784, 0.016797956079244614, 0.018682677298784256, 0.016619909554719925, 0.01616755872964859, 0.019458016380667686, 0.017017744481563568, 0.017689332365989685, 0.01571483537554741, 0.0189417265355587, 0.016147518530488014, 0.01932668499648571, 0.017193613573908806, 0.017782533541321754, 0.01828131452202797, 0.01678979955613613, 0.01833430491387844, 0.017102191224694252, 0.01754198968410492, 0.016319332644343376, 0.022195879369974136, 0.017706135287880898, 0.016426920890808105, 0.02198455110192299, 0.015790686011314392, 0.018833698704838753, 0.016069890931248665, 0.016542647033929825, 0.017989382147789, 0.015663526952266693, 0.018638620153069496, 0.016786187887191772, 0.017741292715072632, 0.016263771802186966, 0.015962794423103333, 0.01849345862865448, 0.017409808933734894, 0.01799936406314373, 0.017658572643995285, 0.016664652153849602, 0.016331367194652557, 0.016377339139580727, 0.016114287078380585, 0.016858486458659172, 0.017353905364871025, 0.015729350969195366, 0.015453465282917023, 0.016704684123396873, 0.018811199814081192, 0.018164927139878273, 0.01662401109933853, 0.0179002583026886, 0.015598820522427559, 0.01796313188970089, 0.01725284568965435, 0.01605076715350151, 0.018940184265375137, 0.017917605116963387, 0.015529589727520943, 0.01943444088101387, 0.01576557382941246, 0.016770459711551666, 0.015629228204488754, 0.01818021759390831, 0.017230747267603874, 0.017697758972644806, 0.01644900254905224, 0.017705876380205154, 0.01693245768547058, 0.016771629452705383, 0.017227834090590477, 0.019157450646162033, 0.018872389569878578, 0.01776241511106491, 0.016761023551225662, 0.01710534654557705, 0.015251550823450089, 0.01607322506606579, 0.017649399116635323, 0.01774749904870987, 0.017154594883322716, 0.01729643903672695, 0.018314341083168983, 0.013616753742098808, 0.0210346058011055, 0.017787907272577286, 0.016248216852545738, 0.017371203750371933, 0.0162555780261755, 0.0164545476436615, 0.01589168608188629, 0.017788361757993698, 0.017464108765125275, 0.0173635333776474, 0.018987180665135384, 0.016132228076457977, 0.01671665906906128, 0.01972370594739914, 0.020128803327679634, 0.016862614080309868, 0.01725737936794758, 0.01767098717391491, 0.015999019145965576, 0.018235376104712486, 0.017036527395248413, 0.015316074714064598, 0.016769107431173325, 0.018561244010925293, 0.017467068508267403, 0.01669895648956299, 0.018369581550359726, 0.019852817058563232, 0.016260046511888504, 0.017811575904488564, 0.016701219603419304, 0.017224639654159546, 0.01655651442706585, 0.01674179919064045, 0.016928518190979958, 0.01798372156918049, 0.016017332673072815, 0.01723906770348549, 0.018509363755583763, 0.01791175827383995, 0.01693749986588955, 0.01690991409122944, 0.020562391728162766, 0.018992265686392784, 0.01509179174900055, 0.015800101682543755, 0.02179943397641182, 0.01785065419971943, 0.020263604819774628, 0.01685238443315029, 0.016043400391936302, 0.018557988107204437, 0.015330599620938301, 0.016021812334656715, 0.016074163839221, 0.017718860879540443, 0.017306296154856682, 0.015174105763435364, 0.016066135838627815, 0.01684519648551941, 0.01685941405594349, 0.020615343004465103, 0.01591637171804905, 0.016488460823893547, 0.02011963538825512, 0.018166881054639816, 0.01654048264026642, 0.016217075288295746, 0.01594720408320427, 0.016609977930784225, 0.021132085472345352, 0.01989293098449707, 0.01636551320552826, 0.019270645454525948, 0.017152147367596626, 0.017923321574926376, 0.015755755826830864, 0.01696392334997654, 0.014837324619293213, 0.015803184360265732, 0.017342958599328995, 0.020305436104536057, 0.01709061674773693, 0.01803223043680191, 0.01632985845208168, 0.016821619123220444, 0.01638982631266117, 0.01695706695318222, 0.018564173951745033, 0.01611344888806343, 0.017873262986540794, 0.020077496767044067, 0.01862422376871109, 0.017078706994652748, 0.015481958165764809, 0.017607996240258217, 0.01712147332727909, 0.015261288732290268, 0.016550172120332718, 0.017306087538599968, 0.0191718228161335, 0.016448086127638817, 0.01816624402999878, 0.01886502280831337, 0.019442234188318253, 0.01645849645137787, 0.015340054407715797, 0.01712110824882984, 0.016524527221918106, 0.017865624278783798, 0.018266448751091957, 0.016029691323637962, 0.014104506932199001]}
Setting up Multi Scale Gradient loss...
Done
Setting up Multi Scale Gradient loss...
Done
Setting up Multi Scale Gradient loss...
Done
Setting up Multi Scale Gradient loss...
Done
Setting up Multi Scale Gradient loss...
Done
Setting up Multi Scale Gradient loss...
Done
Setting up Multi Scale Gradient loss...
Done
Setting up Multi Scale Gradient loss...
Done
Setting up Multi Scale Gradient loss...
Done
Setting up Multi Scale Gradient loss...
Done
Setting up Multi Scale Gradient loss...
Done
Setting up Multi Scale Gradient loss...
Done
Setting up Multi Scale Gradient loss...
Done
Setting up Multi Scale Gradient loss...
Done
Setting up Multi Scale Gradient loss...
Done
Setting up Multi Scale Gradient loss...
Done
all losses in batch in validation:  {'loss': [0.02446279115974903, 0.02587083727121353, 0.02446299046278, 0.028053250163793564, 0.022001512348651886, 0.031662896275520325, 0.026963714510202408, 0.030708622187376022, 0.023309528827667236, 0.025027597323060036, 0.023420654237270355, 0.03219655156135559, 0.025802068412303925, 0.025745093822479248, 0.02495141513645649, 0.0222481656819582, 0.0247374027967453, 0.023551061749458313, 0.029668055474758148, 0.024140069261193275, 0.027251042425632477, 0.0269152969121933, 0.024518482387065887, 0.021508952602744102, 0.02287718467414379, 0.02503778785467148, 0.02418227680027485, 0.023289158940315247, 0.02608843706548214, 0.025342602282762527, 0.03114284761250019, 0.028281614184379578, 0.02849339321255684, 0.02624969184398651, 0.0305648073554039, 0.025219105184078217, 0.027249466627836227, 0.026029227301478386, 0.023081529885530472, 0.023977940902113914, 0.025168538093566895, 0.026871956884860992, 0.023989010602235794, 0.03120948188006878, 0.030930429697036743, 0.023502707481384277, 0.022416619583964348, 0.026570599526166916, 0.025179751217365265, 0.029063604772090912, 0.025608137249946594, 0.02777107059955597, 0.022425301373004913, 0.025140665471553802, 0.02765510231256485, 0.030007172375917435, 0.02561240643262863, 0.023114163428544998, 0.029401499778032303, 0.024503134191036224, 0.029153354465961456, 0.0233747735619545, 0.026235686615109444, 0.023201975971460342, 0.027644965797662735, 0.026155468076467514, 0.029467958956956863, 0.0328051894903183, 0.024840889498591423, 0.027023302391171455, 0.023737182840704918, 0.028334621340036392, 0.021762577816843987, 0.033287353813648224, 0.025227859616279602, 0.024184536188840866, 0.03290534019470215, 0.0216290894895792, 0.028130877763032913, 0.022074386477470398, 0.023500079289078712, 0.02790546789765358, 0.02518567442893982, 0.02766239270567894, 0.02319752797484398, 0.029013708233833313, 0.024007434025406837, 0.02404959127306938, 0.027004752308130264, 0.029459577053785324, 0.030281098559498787, 0.025251928716897964, 0.024461911991238594, 0.02194248139858246, 0.024898681789636612, 0.02281166799366474, 0.023570498451590538, 0.024050092324614525, 0.02313830703496933, 0.02465681917965412, 0.026291493326425552, 0.026578785851597786, 0.02931194379925728, 0.02395627647638321, 0.025276703760027885, 0.022060576826334, 0.0282658189535141, 0.026268910616636276, 0.022846251726150513, 0.02857508882880211, 0.025710754096508026, 0.021438799798488617, 0.029415128752589226, 0.02254086174070835, 0.023701198399066925, 0.020742593333125114, 0.025430122390389442, 0.028048604726791382, 0.026760868728160858, 0.0234646275639534, 0.024764850735664368, 0.025245722383260727, 0.02416808530688286, 0.02490990050137043, 0.029284389689564705, 0.029045306146144867, 0.024593982845544815, 0.024701621383428574, 0.02570303902029991, 0.02391102910041809, 0.024113506078720093, 0.02877884730696678, 0.028885547071695328, 0.02642817050218582, 0.025492995977401733, 0.028546035289764404, 0.018180524930357933, 0.030673403292894363, 0.028798136860132217, 0.0236780047416687, 0.028225775808095932, 0.02361208200454712, 0.02265099436044693, 0.023687049746513367, 0.027765391394495964, 0.02508394792675972, 0.025460079312324524, 0.033144623041152954, 0.023107163608074188, 0.02492443472146988, 0.030591240152716637, 0.030276235193014145, 0.027346238493919373, 0.026005487889051437, 0.029461782425642014, 0.02217082306742668, 0.026530710980296135, 0.02371852658689022, 0.023947613313794136, 0.02711380459368229, 0.025169653818011284, 0.024150516837835312, 0.023551471531391144, 0.0298813134431839, 0.036439962685108185, 0.024144969880580902, 0.028972484171390533, 0.025380752980709076, 0.025572292506694794, 0.022990863770246506, 0.02545863762497902, 0.02590475231409073, 0.02872607484459877, 0.023578591644763947, 0.024122649803757668, 0.027327468618750572, 0.02904689311981201, 0.024936765432357788, 0.02618839591741562, 0.03590131923556328, 0.02945634163916111, 0.02360892854630947, 0.023225948214530945, 0.03392358124256134, 0.027271628379821777, 0.03144508972764015, 0.0265522301197052, 0.02282901667058468, 0.02769940346479416, 0.02208435907959938, 0.022925173863768578, 0.023770146071910858, 0.02394603192806244, 0.025747597217559814, 0.020790981128811836, 0.022307341918349266, 0.025175318121910095, 0.025554705411195755, 0.031393393874168396, 0.023712819442152977, 0.024111563339829445, 0.02978472225368023, 0.029300294816493988, 0.026861440390348434, 0.025154273957014084, 0.025987861678004265, 0.024422405287623405, 0.03492048755288124, 0.031699877232313156, 0.02319769747555256, 0.029484013095498085, 0.025730546563863754, 0.026002248749136925, 0.025760505348443985, 0.02419087663292885, 0.021303456276655197, 0.023000545799732208, 0.025830619037151337, 0.033714763820171356, 0.025133827701210976, 0.029572773724794388, 0.02373705804347992, 0.024744397029280663, 0.023451052606105804, 0.027276311069726944, 0.02635461464524269, 0.02273048274219036, 0.028335411101579666, 0.036271821707487106, 0.029548048973083496, 0.025111135095357895, 0.022750377655029297, 0.02564939670264721, 0.024446144700050354, 0.022110452875494957, 0.0238614771515131, 0.02551691234111786, 0.03064238652586937, 0.022885318845510483, 0.02797362580895424, 0.02848931774497032, 0.0262579508125782, 0.023157183080911636, 0.022895189002156258, 0.026491999626159668, 0.024175826460123062, 0.029937744140625, 0.029512345790863037, 0.02409306913614273, 0.024666061624884605], 'L_si': [0.007994573563337326, 0.009358303621411324, 0.0072048986330628395, 0.008741614408791065, 0.006199004594236612, 0.012205701321363449, 0.010618732310831547, 0.011823554523289204, 0.007157832849770784, 0.007374755572527647, 0.00800162460654974, 0.012420356273651123, 0.008469035848975182, 0.008341734297573566, 0.008231297135353088, 0.006401179824024439, 0.0071244677528738976, 0.006737315095961094, 0.010492396540939808, 0.007152521517127752, 0.008531435392796993, 0.008694424293935299, 0.007747748401015997, 0.0054677207954227924, 0.006785636767745018, 0.007748074363917112, 0.007563367951661348, 0.007067528553307056, 0.009024064987897873, 0.008208123035728931, 0.01166350208222866, 0.010023047216236591, 0.01134445983916521, 0.008351747877895832, 0.012089640833437443, 0.00887651089578867, 0.009223243221640587, 0.008762167766690254, 0.007106229662895203, 0.007860338315367699, 0.008129437454044819, 0.009231813251972198, 0.007388322148472071, 0.012292133644223213, 0.012112317606806755, 0.006926574744284153, 0.006709922105073929, 0.009350167587399483, 0.00802697241306305, 0.009848483838140965, 0.009358436800539494, 0.009874941781163216, 0.00713719567283988, 0.008741460740566254, 0.010905726812779903, 0.011133215390145779, 0.008827672339975834, 0.007201052270829678, 0.009601454250514507, 0.007503151893615723, 0.01109238900244236, 0.007591632194817066, 0.007821518927812576, 0.007138996385037899, 0.008153465576469898, 0.008681565523147583, 0.011495831422507763, 0.014298449270427227, 0.00784337893128395, 0.008599339053034782, 0.006882925983518362, 0.010964866727590561, 0.005398979876190424, 0.01124456338584423, 0.007586820982396603, 0.007763619534671307, 0.010453687980771065, 0.006168135907500982, 0.009138348512351513, 0.005981729365885258, 0.007099241483956575, 0.009674645960330963, 0.009451356716454029, 0.009176022373139858, 0.006735735107213259, 0.011236578226089478, 0.007667305413633585, 0.00771371740847826, 0.008646037429571152, 0.011598022654652596, 0.011503595858812332, 0.007333611138164997, 0.007561592850834131, 0.005793038289994001, 0.008348680101335049, 0.00642150454223156, 0.006680745631456375, 0.006793385371565819, 0.007305789273232222, 0.008954117074608803, 0.009545180015265942, 0.007957866415381432, 0.010563035495579243, 0.006868989206850529, 0.007444311399012804, 0.006366058252751827, 0.010015691630542278, 0.008391072042286396, 0.006928801536560059, 0.009702241979539394, 0.007453202735632658, 0.005822058767080307, 0.009486004710197449, 0.006831747945398092, 0.006954085547477007, 0.005119744222611189, 0.0074863131158053875, 0.010647980496287346, 0.008884777314960957, 0.007250596769154072, 0.0070605105720460415, 0.008304913528263569, 0.007438899017870426, 0.00754212774336338, 0.010326994583010674, 0.009838308207690716, 0.006836766842752695, 0.007865817286074162, 0.00811706855893135, 0.008374553173780441, 0.007905445992946625, 0.010882779024541378, 0.010865746065974236, 0.009166384115815163, 0.008159928023815155, 0.009730962105095387, 0.00457153283059597, 0.009658943861722946, 0.011022050864994526, 0.007437096443027258, 0.010508254170417786, 0.0070844534784555435, 0.006100754719227552, 0.007723722141236067, 0.009594900533556938, 0.00712444307282567, 0.008284095674753189, 0.013756786473095417, 0.006941261701285839, 0.007929409854114056, 0.010678736492991447, 0.010139058344066143, 0.010462308302521706, 0.008094677701592445, 0.011552583426237106, 0.006095237098634243, 0.00823613628745079, 0.006791119929403067, 0.008730866014957428, 0.01003638468682766, 0.006887273862957954, 0.006792188622057438, 0.006987392902374268, 0.011141516268253326, 0.01639997400343418, 0.0075776707381010056, 0.010272398591041565, 0.00814773514866829, 0.008154637180268764, 0.0066149854101240635, 0.008464657701551914, 0.008895610459148884, 0.010180597193539143, 0.0074806809425354, 0.00717998156324029, 0.008354371413588524, 0.010826322250068188, 0.007631746120750904, 0.00913823302835226, 0.014824400655925274, 0.009882112964987755, 0.008331948891282082, 0.007409465033560991, 0.012057787738740444, 0.009413383901119232, 0.01101804431527853, 0.009433355182409286, 0.0066798715852200985, 0.009017648175358772, 0.006764632649719715, 0.006673005875200033, 0.007414813153445721, 0.006323419976979494, 0.007776589598506689, 0.005480233579874039, 0.006323467940092087, 0.00804868433624506, 0.008289198391139507, 0.010016024112701416, 0.007806217297911644, 0.007461805362254381, 0.009503986686468124, 0.011042427271604538, 0.010199218057096004, 0.00853459257632494, 0.009813876822590828, 0.007777650374919176, 0.01297061052173376, 0.011604339815676212, 0.006484990939497948, 0.00966264121234417, 0.008585293777287006, 0.007983570918440819, 0.009311981499195099, 0.007191796321421862, 0.006436626426875591, 0.006985210347920656, 0.008113394491374493, 0.0129573168233037, 0.008237238973379135, 0.011228634044528008, 0.0073662688955664635, 0.00779356574639678, 0.006763636600226164, 0.010162272490561008, 0.007693743798881769, 0.006489730905741453, 0.010232293978333473, 0.015552487224340439, 0.010622333735227585, 0.007927908562123775, 0.0069474587216973305, 0.007529907394200563, 0.007464821916073561, 0.00652681291103363, 0.007367173675447702, 0.008213610388338566, 0.011220972053706646, 0.006279981695115566, 0.009303214959800243, 0.009111146442592144, 0.006848139222711325, 0.006440350320190191, 0.0074970000423491, 0.009063882753252983, 0.007314839866012335, 0.011645631864666939, 0.011012479662895203, 0.00815489236265421, 0.010659580118954182], 'L_grad': [0.016468217596411705, 0.016512533649802208, 0.017258090898394585, 0.019311636686325073, 0.01580250822007656, 0.019457194954156876, 0.016344983130693436, 0.018885068595409393, 0.01615169644355774, 0.0176528412848711, 0.01541902869939804, 0.019776197150349617, 0.017333032563328743, 0.017403360456228256, 0.0167201180011034, 0.015846986323595047, 0.017612934112548828, 0.016813747584819794, 0.019175658002495766, 0.016987547278404236, 0.018719607964158058, 0.018220871686935425, 0.016770733520388603, 0.016041232272982597, 0.016091547906398773, 0.01728971302509308, 0.016618909314274788, 0.016221629455685616, 0.017064372077584267, 0.01713448017835617, 0.01947934553027153, 0.01825856603682041, 0.017148934304714203, 0.017897944897413254, 0.018475165590643883, 0.01634259521961212, 0.01802622340619564, 0.01726705953478813, 0.01597530022263527, 0.016117602586746216, 0.0170390997081995, 0.017640143632888794, 0.01660068891942501, 0.018917348235845566, 0.018818112090229988, 0.0165761336684227, 0.01570669747889042, 0.017220431938767433, 0.017152778804302216, 0.019215120002627373, 0.016249699518084526, 0.017896128818392754, 0.015288105234503746, 0.01639920473098755, 0.016749374568462372, 0.01887395791709423, 0.016784735023975372, 0.015913110226392746, 0.01980004645884037, 0.0169999822974205, 0.018060965463519096, 0.015783142298460007, 0.018414167687296867, 0.01606297865509987, 0.019491499289870262, 0.01747390255331993, 0.017972128465771675, 0.018506741151213646, 0.016997510567307472, 0.018423963338136673, 0.01685425639152527, 0.01736975461244583, 0.01636359840631485, 0.022042792290449142, 0.017641037702560425, 0.016420915722846985, 0.022451654076576233, 0.015460954047739506, 0.018992530182003975, 0.016092658042907715, 0.016400838270783424, 0.018230821937322617, 0.015734318643808365, 0.018486369401216507, 0.016461793333292007, 0.017777130007743835, 0.01634012907743454, 0.016335872933268547, 0.018358714878559113, 0.01786155439913273, 0.018777502700686455, 0.017918316647410393, 0.01690031960606575, 0.01614944264292717, 0.01655000075697899, 0.016390163451433182, 0.016889752820134163, 0.017256706953048706, 0.01583251729607582, 0.01570270210504532, 0.016746312379837036, 0.018620919436216354, 0.01874890737235546, 0.017087286338210106, 0.01783239282667637, 0.015694517642259598, 0.018250128254294395, 0.017877839505672455, 0.015917450189590454, 0.01887284591794014, 0.01825755089521408, 0.015616740100085735, 0.019929124042391777, 0.01570911332964897, 0.016747113317251205, 0.015622848644852638, 0.017943808808922768, 0.017400624230504036, 0.017876092344522476, 0.016214031726121902, 0.01770433969795704, 0.016940809786319733, 0.016729187220335007, 0.01736777275800705, 0.01895739510655403, 0.019206997007131577, 0.017757216468453407, 0.016835805028676987, 0.01758597046136856, 0.015536476857960224, 0.016208060085773468, 0.01789606735110283, 0.018019801005721092, 0.01726178638637066, 0.01733306795358658, 0.018815072253346443, 0.013608992099761963, 0.021014459431171417, 0.017776086926460266, 0.016240907832980156, 0.017717521637678146, 0.016527628526091576, 0.01655023917555809, 0.015963327139616013, 0.018170490860939026, 0.017959505319595337, 0.017175983637571335, 0.01938783749938011, 0.016165900975465775, 0.01699502393603325, 0.01991250365972519, 0.020137175917625427, 0.016883930191397667, 0.017910810187458992, 0.017909198999404907, 0.016075586900115013, 0.018294574692845345, 0.016927406191825867, 0.015216747298836708, 0.01707741990685463, 0.01828237995505333, 0.01735832914710045, 0.016564078629016876, 0.018739797174930573, 0.020039990544319153, 0.016567299142479897, 0.01870008558034897, 0.017233017832040787, 0.017417656257748604, 0.01637587882578373, 0.01699398085474968, 0.01700914278626442, 0.018545476719737053, 0.016097910702228546, 0.016942668706178665, 0.01897309720516205, 0.01822056993842125, 0.01730501838028431, 0.017050161957740784, 0.02107691951096058, 0.019574228674173355, 0.01527697965502739, 0.01581648364663124, 0.02186579443514347, 0.017858244478702545, 0.020427044481039047, 0.017118874937295914, 0.016149144619703293, 0.018681755289435387, 0.01531972549855709, 0.016252167522907257, 0.016355333849787712, 0.017622612416744232, 0.017971007153391838, 0.015310747548937798, 0.01598387397825718, 0.01712663471698761, 0.017265506088733673, 0.02137737162411213, 0.015906602144241333, 0.01664975844323635, 0.020280735567212105, 0.01825786754488945, 0.016662221401929855, 0.01661968044936657, 0.016173984855413437, 0.016644755378365517, 0.021949876099824905, 0.02009553648531437, 0.01671270653605461, 0.019821371883153915, 0.017145253717899323, 0.018018677830696106, 0.016448523849248886, 0.016999080777168274, 0.014866828918457031, 0.01601533591747284, 0.01771722361445427, 0.02075744792819023, 0.01689658872783184, 0.01834413968026638, 0.01637079007923603, 0.016950830817222595, 0.016687415540218353, 0.01711403951048851, 0.01866087131202221, 0.01624075137078762, 0.018103117123246193, 0.020719334483146667, 0.01892571523785591, 0.017183227464556694, 0.015802918002009392, 0.018119489774107933, 0.016981322318315506, 0.015583639964461327, 0.016494303941726685, 0.017303302884101868, 0.01942141354084015, 0.016605336219072342, 0.01867040991783142, 0.019378170371055603, 0.01940981112420559, 0.016716832295060158, 0.015398189425468445, 0.017428116872906685, 0.01686098612844944, 0.01829211227595806, 0.018499866127967834, 0.015938177704811096, 0.014006481505930424]}
Setting up Multi Scale Gradient loss...
Done
Setting up Multi Scale Gradient loss...
Done
Setting up Multi Scale Gradient loss...
Done
Setting up Multi Scale Gradient loss...
Done
Setting up Multi Scale Gradient loss...
Done
Setting up Multi Scale Gradient loss...
Done
Setting up Multi Scale Gradient loss...
Done
Setting up Multi Scale Gradient loss...
Done
Setting up Multi Scale Gradient loss...
Done
Setting up Multi Scale Gradient loss...
Done
Setting up Multi Scale Gradient loss...
Done
Setting up Multi Scale Gradient loss...
Done
Setting up Multi Scale Gradient loss...
Done
Setting up Multi Scale Gradient loss...
Done
Setting up Multi Scale Gradient loss...
Done
Setting up Multi Scale Gradient loss...
Done
all losses in batch in validation:  {'loss': [0.02456624247133732, 0.02577088214457035, 0.025118069723248482, 0.02987746149301529, 0.02195621468126774, 0.03172612562775612, 0.026421384885907173, 0.03091168776154518, 0.02365994080901146, 0.02441851794719696, 0.02369365096092224, 0.03336817026138306, 0.026472102850675583, 0.028317119926214218, 0.025002822279930115, 0.022592434659600258, 0.025873294100165367, 0.023615721613168716, 0.03037610650062561, 0.025098051875829697, 0.026959901675581932, 0.02606547623872757, 0.024351593106985092, 0.021624457091093063, 0.022701971232891083, 0.02460285648703575, 0.024154406040906906, 0.024166274815797806, 0.02661050111055374, 0.024971628561615944, 0.03221059590578079, 0.028839122503995895, 0.02886331081390381, 0.02664943039417267, 0.02972809597849846, 0.02537236548960209, 0.027245059609413147, 0.026098519563674927, 0.023439446464180946, 0.02433111146092415, 0.02703380212187767, 0.027428902685642242, 0.02375764399766922, 0.030852947384119034, 0.031384747475385666, 0.023514384403824806, 0.02179032377898693, 0.026511669158935547, 0.02521686628460884, 0.029128413647413254, 0.02578910067677498, 0.028140075504779816, 0.022640807554125786, 0.026296045631170273, 0.028255900368094444, 0.02955416403710842, 0.025840796530246735, 0.022901076823472977, 0.03016568347811699, 0.02531452476978302, 0.02961895428597927, 0.023249689489603043, 0.027330461889505386, 0.024053523316979408, 0.029672864824533463, 0.02627810835838318, 0.029245827347040176, 0.03248527646064758, 0.02471054531633854, 0.029367022216320038, 0.02438262291252613, 0.02868427149951458, 0.02166685461997986, 0.032467618584632874, 0.024957051500678062, 0.024302154779434204, 0.033331770449876785, 0.02209329605102539, 0.029024798423051834, 0.022264480590820312, 0.023766083642840385, 0.028199857100844383, 0.025711718946695328, 0.02876390889286995, 0.023567236959934235, 0.030105333775281906, 0.024098891764879227, 0.024015866219997406, 0.026420582085847855, 0.029934510588645935, 0.030238080769777298, 0.02603670209646225, 0.023642651736736298, 0.022775612771511078, 0.024820476770401, 0.022989550605416298, 0.0238165445625782, 0.02414189837872982, 0.023099999874830246, 0.0251370370388031, 0.026465564966201782, 0.026570286601781845, 0.028510786592960358, 0.02357831411063671, 0.025496143847703934, 0.022700130939483643, 0.028422489762306213, 0.025487832725048065, 0.02302134782075882, 0.0289282388985157, 0.02587846666574478, 0.021894855424761772, 0.02988681197166443, 0.022176794707775116, 0.02322341501712799, 0.020826008170843124, 0.025974243879318237, 0.02794412523508072, 0.029232662171125412, 0.023140277713537216, 0.02522949129343033, 0.02564556710422039, 0.02500508539378643, 0.02496315725147724, 0.028851374983787537, 0.02805265411734581, 0.025842713192105293, 0.025683153420686722, 0.025560850277543068, 0.023501358926296234, 0.024845529347658157, 0.028492890298366547, 0.02895926497876644, 0.026853058487176895, 0.027916599065065384, 0.02931242808699608, 0.019159546121954918, 0.031109677627682686, 0.030363235622644424, 0.023931076750159264, 0.028405414894223213, 0.02350366674363613, 0.022378021851181984, 0.02386101707816124, 0.026987729594111443, 0.0250385794788599, 0.024761863052845, 0.03307019919157028, 0.023597117513418198, 0.02523483894765377, 0.02975476160645485, 0.029267538338899612, 0.02766982465982437, 0.02582441456615925, 0.028134644031524658, 0.02265016920864582, 0.026084722951054573, 0.02430756390094757, 0.02420201525092125, 0.027498234063386917, 0.025132814422249794, 0.023641517385840416, 0.02434147335588932, 0.030381809920072556, 0.036089908331632614, 0.023924944922327995, 0.028573589399456978, 0.02488301321864128, 0.02536517009139061, 0.023046739399433136, 0.025521844625473022, 0.026153409853577614, 0.02840666100382805, 0.02324650250375271, 0.02536814846098423, 0.027858935296535492, 0.028915423899888992, 0.023883281275629997, 0.027166279032826424, 0.03600936010479927, 0.029226750135421753, 0.023807931691408157, 0.02382080629467964, 0.03344946727156639, 0.028548095375299454, 0.03215035796165466, 0.026940392330288887, 0.023235715925693512, 0.027862638235092163, 0.02298271283507347, 0.02241974137723446, 0.023452412337064743, 0.02431713044643402, 0.02618841826915741, 0.020955657586455345, 0.022096827626228333, 0.025562724098563194, 0.025909870862960815, 0.03093446046113968, 0.024126889184117317, 0.02471073716878891, 0.030044907703995705, 0.028422968462109566, 0.0274251326918602, 0.02490648254752159, 0.02635265700519085, 0.02619166299700737, 0.03423737734556198, 0.031602174043655396, 0.022982165217399597, 0.030163925141096115, 0.025730613619089127, 0.028369326144456863, 0.024778597056865692, 0.025065839290618896, 0.022508682683110237, 0.02273242548108101, 0.025711238384246826, 0.03369689732789993, 0.02752569317817688, 0.028844600543379784, 0.023593679070472717, 0.02498728036880493, 0.02337300032377243, 0.027751289308071136, 0.026224976405501366, 0.02289842814207077, 0.028015095740556717, 0.03536970540881157, 0.029448524117469788, 0.024511732161045074, 0.02287163957953453, 0.02574956975877285, 0.025205126032233238, 0.022265475243330002, 0.025049613788723946, 0.026002448052167892, 0.03052091971039772, 0.023042209446430206, 0.030599188059568405, 0.02845691330730915, 0.026148654520511627, 0.022952213883399963, 0.023374013602733612, 0.02659369632601738, 0.02413361333310604, 0.02994867041707039, 0.030664972960948944, 0.024416783824563026, 0.024997340515255928], 'L_si': [0.007736074272543192, 0.009343637153506279, 0.007202378008514643, 0.009146436117589474, 0.005907237995415926, 0.012254544533789158, 0.010151524096727371, 0.011539176106452942, 0.007093331310898066, 0.006884689908474684, 0.008082830347120762, 0.012601897120475769, 0.008419026620686054, 0.009176707826554775, 0.007839416153728962, 0.0061157806776463985, 0.007351800333708525, 0.006587648298591375, 0.010620270855724812, 0.007499780040234327, 0.008046654984354973, 0.008012192323803902, 0.007032453548163176, 0.005436600651592016, 0.0062797786667943, 0.007261521182954311, 0.007426486350595951, 0.0072082644328475, 0.009053331799805164, 0.007364038378000259, 0.0120126623660326, 0.009850854985415936, 0.011115584522485733, 0.008326133713126183, 0.011115019209682941, 0.008945103734731674, 0.008623271249234676, 0.008288230746984482, 0.006814286112785339, 0.007728899363428354, 0.008430365473031998, 0.009186704643070698, 0.0068935370072722435, 0.011883438564836979, 0.012136399745941162, 0.0069350916892290115, 0.005992412567138672, 0.009208844974637032, 0.007806507404893637, 0.00952590350061655, 0.009227797389030457, 0.010040884837508202, 0.006945176515728235, 0.009024753235280514, 0.010872041806578636, 0.010884445160627365, 0.00889714527875185, 0.006731274072080851, 0.009817010723054409, 0.00745356734842062, 0.011123409494757652, 0.007311776280403137, 0.008269975893199444, 0.0073304674588143826, 0.00890266988426447, 0.008747809566557407, 0.011087082326412201, 0.014099661260843277, 0.007385440170764923, 0.00957508385181427, 0.007013607770204544, 0.01088903658092022, 0.005373574793338776, 0.010460133664309978, 0.007105890661478043, 0.007598707918077707, 0.010576748289167881, 0.006013210397213697, 0.009173596277832985, 0.005892888642847538, 0.007079420145601034, 0.009518226608633995, 0.009587242268025875, 0.009243112988770008, 0.0068089780397713184, 0.01153260376304388, 0.007596175651997328, 0.0074287112802267075, 0.007768673822283745, 0.011526494286954403, 0.011231106705963612, 0.007451309356838465, 0.006843588314950466, 0.005897204391658306, 0.008359343744814396, 0.0062362742610275745, 0.0065671163611114025, 0.006485872436314821, 0.007035780232399702, 0.008852056227624416, 0.009498718194663525, 0.007662306539714336, 0.010143212042748928, 0.006411697715520859, 0.00730560626834631, 0.00655469810590148, 0.00986266415566206, 0.007530043832957745, 0.006959849037230015, 0.009688068181276321, 0.007492207456380129, 0.0057080150581896305, 0.009415621869266033, 0.006344789173454046, 0.006349591538310051, 0.005193295888602734, 0.007272209040820599, 0.010518102906644344, 0.009765839204192162, 0.006738648284226656, 0.007032737135887146, 0.008247734978795052, 0.007664077449589968, 0.007351217791438103, 0.009743839502334595, 0.008724614046514034, 0.007097738329321146, 0.00806355569511652, 0.007789226248860359, 0.008001972921192646, 0.008099578320980072, 0.010448210872709751, 0.010908154770731926, 0.00904026161879301, 0.008886056952178478, 0.009869664907455444, 0.004831057973206043, 0.009864097461104393, 0.011489280499517918, 0.007398687768727541, 0.010512249544262886, 0.0065599423833191395, 0.005818538833409548, 0.007800815626978874, 0.00835159607231617, 0.0070264749228954315, 0.007339465897530317, 0.013349578715860844, 0.00698853237554431, 0.00799710862338543, 0.010140527039766312, 0.009105666540563107, 0.010424803011119366, 0.007725109811872244, 0.010356482118368149, 0.0061383736319839954, 0.007602971512824297, 0.006782938726246357, 0.008723567239940166, 0.010261052288115025, 0.0068884436041116714, 0.006233120337128639, 0.007014623377472162, 0.011210414581000805, 0.015915583819150925, 0.007123368326574564, 0.010083122178912163, 0.007734050042927265, 0.007748423609882593, 0.006317258812487125, 0.00840152520686388, 0.008903743699193, 0.009925071150064468, 0.007315551396459341, 0.00748231029137969, 0.008480063639581203, 0.01059211790561676, 0.006857913453131914, 0.009530162438750267, 0.01432656031101942, 0.00979225430637598, 0.00837333220988512, 0.007577856071293354, 0.011747611686587334, 0.009820809587836266, 0.01103907823562622, 0.009377282112836838, 0.00670869555324316, 0.00874305609613657, 0.006964568514376879, 0.006098465528339148, 0.007026766426861286, 0.006422311067581177, 0.007823233492672443, 0.005226327106356621, 0.006033622194081545, 0.007818324491381645, 0.008417847566306591, 0.00934231374412775, 0.00788191519677639, 0.007440722081810236, 0.00928678922355175, 0.010312505066394806, 0.010382457636296749, 0.008337602019309998, 0.009973486885428429, 0.008207130245864391, 0.01256584096699953, 0.011264560744166374, 0.006326799746602774, 0.009499401785433292, 0.008540653623640537, 0.00862956140190363, 0.008616972714662552, 0.0072529991157352924, 0.00683060847222805, 0.006789932027459145, 0.007805132307112217, 0.012869725935161114, 0.009024900384247303, 0.010614059865474701, 0.006989229004830122, 0.007814880460500717, 0.006409144029021263, 0.0101563585922122, 0.007619643583893776, 0.00646923016756773, 0.010034984908998013, 0.014715253375470638, 0.010521347634494305, 0.007419682573527098, 0.006953400559723377, 0.007286554202437401, 0.007408341858536005, 0.006422858219593763, 0.0077118962071835995, 0.008092229254543781, 0.011078022420406342, 0.006095269229263067, 0.010391469113528728, 0.008859921246767044, 0.006804948672652245, 0.006161042023450136, 0.007621393539011478, 0.009120439179241657, 0.007126485463231802, 0.011682761833071709, 0.011228838004171848, 0.00805741362273693, 0.010875988751649857], 'L_grad': [0.016830168664455414, 0.01642724499106407, 0.017915692180395126, 0.02073102444410324, 0.0160489771515131, 0.019471582025289536, 0.016269860789179802, 0.01937251165509224, 0.01656660996377468, 0.01753382757306099, 0.015610819682478905, 0.020766273140907288, 0.018053075298666954, 0.01914041116833687, 0.017163407057523727, 0.016476653516292572, 0.018521493300795555, 0.017028072848916054, 0.019755836576223373, 0.017598271369934082, 0.01891324669122696, 0.018053283914923668, 0.01731913909316063, 0.01618785597383976, 0.016422193497419357, 0.017341334372758865, 0.01672792062163353, 0.01695800945162773, 0.01755717024207115, 0.017607590183615685, 0.020197931677103043, 0.018988266587257385, 0.017747726291418076, 0.018323296681046486, 0.018613077700138092, 0.016427261754870415, 0.018621789291501045, 0.017810288816690445, 0.016625160351395607, 0.01660221256315708, 0.018603436648845673, 0.01824219897389412, 0.016864106059074402, 0.01896950788795948, 0.019248347729444504, 0.016579292714595795, 0.01579791121184826, 0.017302824184298515, 0.017410358414053917, 0.01960250921547413, 0.016561303287744522, 0.018099190667271614, 0.015695631504058838, 0.017271291464567184, 0.017383858561515808, 0.018669718876481056, 0.01694365218281746, 0.016169803217053413, 0.020348671823740005, 0.017860956490039825, 0.01849554479122162, 0.015937913209199905, 0.019060486927628517, 0.01672305539250374, 0.02077019400894642, 0.017530297860503197, 0.018158745020627975, 0.018385615199804306, 0.017325105145573616, 0.019791938364505768, 0.017369015142321587, 0.01779523491859436, 0.016293279826641083, 0.02200748398900032, 0.01785116083920002, 0.016703447327017784, 0.02275502309203148, 0.016080085188150406, 0.01985120214521885, 0.01637159287929535, 0.016686663031578064, 0.018681630492210388, 0.016124477609992027, 0.019520796835422516, 0.016758259385824203, 0.01857272908091545, 0.01650271564722061, 0.0165871549397707, 0.01865190826356411, 0.018408015370368958, 0.019006973132491112, 0.018585393205285072, 0.016799062490463257, 0.016878407448530197, 0.01646113395690918, 0.01675327681005001, 0.01724942773580551, 0.017656026408076286, 0.016064219176769257, 0.01628497987985611, 0.016966845840215683, 0.018907980993390083, 0.018367573618888855, 0.017166616395115852, 0.01819053664803505, 0.016145432367920876, 0.01855982467532158, 0.017957787960767746, 0.01606149785220623, 0.01924017071723938, 0.01838625967502594, 0.01618684083223343, 0.02047118917107582, 0.015832005068659782, 0.01687382347881794, 0.015632711350917816, 0.018702033907175064, 0.01742602325975895, 0.01946682296693325, 0.016401629894971848, 0.018196754157543182, 0.01739783212542534, 0.01734100840985775, 0.01761193946003914, 0.019107535481452942, 0.0193280391395092, 0.018744975328445435, 0.017619598656892776, 0.01777162402868271, 0.015499385073781013, 0.016745951026678085, 0.01804468035697937, 0.018051110208034515, 0.01781279593706131, 0.01903054118156433, 0.019442763179540634, 0.014328488148748875, 0.021245580166578293, 0.018873954191803932, 0.01653238944709301, 0.017893165349960327, 0.01694372482597828, 0.016559483483433723, 0.016060201451182365, 0.018636133521795273, 0.01801210455596447, 0.017422396689653397, 0.019720621407032013, 0.0166085846722126, 0.01723773032426834, 0.019614234566688538, 0.02016187086701393, 0.01724502258002758, 0.018099304288625717, 0.01777816191315651, 0.016511796042323112, 0.018481751903891563, 0.01752462610602379, 0.015478447079658508, 0.017237182706594467, 0.018244370818138123, 0.017408397048711777, 0.017326850444078445, 0.019171396270394325, 0.02017432451248169, 0.01680157706141472, 0.018490467220544815, 0.01714896224439144, 0.017616746947169304, 0.016729479655623436, 0.017120320349931717, 0.017249666154384613, 0.01848158985376358, 0.01593095064163208, 0.017885837703943253, 0.019378870725631714, 0.018323305994272232, 0.01702536828815937, 0.017636116594076157, 0.021682798862457275, 0.019434496760368347, 0.015434598550200462, 0.016242949292063713, 0.021701855584979057, 0.018727285787463188, 0.021111279726028442, 0.01756311021745205, 0.016527019441127777, 0.019119583070278168, 0.01601814478635788, 0.016321275383234024, 0.01642564684152603, 0.017894819378852844, 0.01836518570780754, 0.015729330480098724, 0.016063205897808075, 0.01774439960718155, 0.01749202236533165, 0.021592145785689354, 0.016244973987340927, 0.01727001555263996, 0.020758118480443954, 0.01811046339571476, 0.017042674124240875, 0.016568880528211594, 0.01637917011976242, 0.017984533682465553, 0.021671535447239876, 0.02033761516213417, 0.016655365005135536, 0.020664522424340248, 0.017189959064126015, 0.01973976567387581, 0.01616162434220314, 0.01781284064054489, 0.015678074210882187, 0.015942493453621864, 0.017906107008457184, 0.020827170461416245, 0.01850079372525215, 0.018230540677905083, 0.016604449599981308, 0.017172399908304214, 0.016963856294751167, 0.01759492978453636, 0.01860533282160759, 0.016429197043180466, 0.01798011176288128, 0.020654451102018356, 0.01892717555165291, 0.01709204912185669, 0.015918239951133728, 0.01846301555633545, 0.01779678463935852, 0.01584261655807495, 0.01733771711587906, 0.017910217866301537, 0.01944289728999138, 0.016946939751505852, 0.02020771987736225, 0.019596992060542107, 0.019343705847859383, 0.016791172325611115, 0.01575261913239956, 0.017473258078098297, 0.01700712740421295, 0.01826590858399868, 0.01943613588809967, 0.016359370201826096, 0.014121351763606071]}
Setting up Multi Scale Gradient loss...
Done
Setting up Multi Scale Gradient loss...
Done
Setting up Multi Scale Gradient loss...
Done
Setting up Multi Scale Gradient loss...
Done
Setting up Multi Scale Gradient loss...
Done
Setting up Multi Scale Gradient loss...
Done
Setting up Multi Scale Gradient loss...
Done
Setting up Multi Scale Gradient loss...
Done
Setting up Multi Scale Gradient loss...
Setting up Multi Scale Gradient loss...
Setting up Multi Scale Gradient loss...
Done
Done
Done
Setting up Multi Scale Gradient loss...
Done
Setting up Multi Scale Gradient loss...
Done
Setting up Multi Scale Gradient loss...
Done
Setting up Multi Scale Gradient loss...
Done
Setting up Multi Scale Gradient loss...
Done
all losses in batch in validation:  {'loss': [0.023904724046587944, 0.026033645495772362, 0.023111898452043533, 0.02769473008811474, 0.021880414336919785, 0.03062722459435463, 0.025928955525159836, 0.030177921056747437, 0.023213058710098267, 0.026416756212711334, 0.02310837246477604, 0.03178032115101814, 0.025169333443045616, 0.026444926857948303, 0.02412884309887886, 0.021556738764047623, 0.024197716265916824, 0.023084625601768494, 0.02892639860510826, 0.023754887282848358, 0.026161659508943558, 0.026170432567596436, 0.023529311642050743, 0.021442372351884842, 0.022050317376852036, 0.024541227146983147, 0.024314705282449722, 0.02284988947212696, 0.025917796418070793, 0.024789035320281982, 0.030668526887893677, 0.02754056081175804, 0.02760942280292511, 0.026360217481851578, 0.028743073344230652, 0.025060679763555527, 0.025745060294866562, 0.02495109662413597, 0.022182131186127663, 0.023734381422400475, 0.024934247136116028, 0.02578749880194664, 0.0234241783618927, 0.03094826638698578, 0.030843237414956093, 0.023780427873134613, 0.02132725901901722, 0.02724652923643589, 0.024615749716758728, 0.027612954378128052, 0.025422867387533188, 0.02732858806848526, 0.022071853280067444, 0.025635752826929092, 0.026992546394467354, 0.029984306544065475, 0.02565193362534046, 0.02243753895163536, 0.02875102311372757, 0.023784862831234932, 0.028455376625061035, 0.022906282916665077, 0.027135157957673073, 0.023659946396946907, 0.027903851121664047, 0.028142711147665977, 0.028699928894639015, 0.032797012478113174, 0.02401726320385933, 0.02794189192354679, 0.022916700690984726, 0.02845180220901966, 0.02177738957107067, 0.035131193697452545, 0.02601034566760063, 0.023511715233325958, 0.034127071499824524, 0.021173283457756042, 0.027678854763507843, 0.022368187084794044, 0.023067643865942955, 0.026649050414562225, 0.024892359972000122, 0.02753964066505432, 0.023305479437112808, 0.029257018119096756, 0.02419622242450714, 0.023519502952694893, 0.025847051292657852, 0.028508860617876053, 0.028996586799621582, 0.024632692337036133, 0.023738952353596687, 0.02152925170958042, 0.02559126913547516, 0.022173557430505753, 0.023313574492931366, 0.023684069514274597, 0.02250247821211815, 0.02430238574743271, 0.025733178481459618, 0.02637786604464054, 0.02933063730597496, 0.02345166727900505, 0.025199469178915024, 0.022499622777104378, 0.027853162959218025, 0.02527761086821556, 0.023427030071616173, 0.02780257910490036, 0.027001045644283295, 0.021228138357400894, 0.02789091318845749, 0.022578051313757896, 0.023056192323565483, 0.0215262770652771, 0.024749282747507095, 0.028116457164287567, 0.027586298063397408, 0.022778859362006187, 0.024218030273914337, 0.024509843438863754, 0.02480701357126236, 0.02439962513744831, 0.028514161705970764, 0.029331987723708153, 0.024452973157167435, 0.024459049105644226, 0.024758921936154366, 0.0233442522585392, 0.02355119399726391, 0.02793090045452118, 0.029035985469818115, 0.026129983365535736, 0.026455752551555634, 0.02834131568670273, 0.018036924302577972, 0.03082008846104145, 0.02839413471519947, 0.023334134370088577, 0.028208758682012558, 0.022803358733654022, 0.021937822923064232, 0.023806048557162285, 0.02656816504895687, 0.025042541325092316, 0.02411363273859024, 0.03206421062350273, 0.02230219542980194, 0.024535778909921646, 0.03178900480270386, 0.02899690344929695, 0.02681918442249298, 0.026410819962620735, 0.0279177725315094, 0.022412287071347237, 0.0258476585149765, 0.02349231392145157, 0.0234951451420784, 0.026840902864933014, 0.02552168071269989, 0.023812582716345787, 0.02347816899418831, 0.02971629612147808, 0.03538478538393974, 0.023449933156371117, 0.027921708300709724, 0.024863827973604202, 0.025358008220791817, 0.023109354078769684, 0.025479473173618317, 0.02570536360144615, 0.027832869440317154, 0.023493168875575066, 0.023970726877450943, 0.029349451884627342, 0.028406454250216484, 0.02407846972346306, 0.02580569125711918, 0.03500622510910034, 0.028650829568505287, 0.023488162085413933, 0.023480232805013657, 0.033595871180295944, 0.02672654017806053, 0.031097661703824997, 0.02582063153386116, 0.022611958906054497, 0.026740897446870804, 0.021866807714104652, 0.022600822150707245, 0.023087583482265472, 0.023937249556183815, 0.02495112083852291, 0.01976609230041504, 0.022211957722902298, 0.024476753547787666, 0.025304000824689865, 0.029847517609596252, 0.024105828255414963, 0.024081096053123474, 0.02958747372031212, 0.028107725083827972, 0.027118051424622536, 0.025116894394159317, 0.0262087844312191, 0.023967353627085686, 0.03639136999845505, 0.031201409175992012, 0.022612474858760834, 0.028814202174544334, 0.02586330845952034, 0.026404209434986115, 0.02502182126045227, 0.02374556101858616, 0.02120368182659149, 0.023003991693258286, 0.027222272008657455, 0.034553900361061096, 0.025172945111989975, 0.029121115803718567, 0.02326418086886406, 0.02444542571902275, 0.02325027622282505, 0.02728009968996048, 0.026044407859444618, 0.02367662638425827, 0.02795378305017948, 0.035742830485105515, 0.0300871841609478, 0.024568960070610046, 0.0230117030441761, 0.024579834192991257, 0.02397526055574417, 0.022031981498003006, 0.02343759313225746, 0.02483699843287468, 0.030224766582250595, 0.022390367463231087, 0.02799363061785698, 0.027941618114709854, 0.026376482099294662, 0.023308269679546356, 0.022568609565496445, 0.02576153352856636, 0.023714691400527954, 0.029233194887638092, 0.02915336936712265, 0.02334030717611313, 0.024749064818024635], 'L_si': [0.007708186283707619, 0.009646158665418625, 0.006790920160710812, 0.008583655580878258, 0.006175431422889233, 0.011645953170955181, 0.010118172504007816, 0.011648544110357761, 0.007197241764515638, 0.008298355154693127, 0.007937122136354446, 0.01207747496664524, 0.008163424208760262, 0.00891540665179491, 0.007839846424758434, 0.006192573346197605, 0.006982990074902773, 0.006654809694737196, 0.01011496502906084, 0.007166123948991299, 0.007794496603310108, 0.008455545641481876, 0.007314672227948904, 0.005565769039094448, 0.006357952486723661, 0.007518548984080553, 0.0076109496876597404, 0.006997556891292334, 0.008939696475863457, 0.007947085425257683, 0.011423693038523197, 0.009668607264757156, 0.010891140438616276, 0.008292114362120628, 0.010977091267704964, 0.008891106583178043, 0.008448954671621323, 0.008148923516273499, 0.006698360200971365, 0.0077012027613818645, 0.008116966113448143, 0.0086326589807868, 0.007065777201205492, 0.012246997095644474, 0.011959971860051155, 0.007178079802542925, 0.006365752313286066, 0.009613564237952232, 0.007858650758862495, 0.009217638522386551, 0.009305507875978947, 0.009813916869461536, 0.0071432869881391525, 0.009282591752707958, 0.01054077036678791, 0.011223447509109974, 0.009008562192320824, 0.0068479618057608604, 0.009267383255064487, 0.007407788187265396, 0.010691814124584198, 0.007404267322272062, 0.008317820727825165, 0.007459459826350212, 0.008274161256849766, 0.0096373800188303, 0.011101225391030312, 0.014322200790047646, 0.007559872232377529, 0.009347552433609962, 0.006695740856230259, 0.010999979451298714, 0.005619132425636053, 0.012539343908429146, 0.007999029941856861, 0.007523715496063232, 0.011109953746199608, 0.0059634847566485405, 0.008946729823946953, 0.006232236046344042, 0.0070525105111300945, 0.009236115962266922, 0.009393053129315376, 0.009086601436138153, 0.006906379479914904, 0.011388702318072319, 0.00782481487840414, 0.00756474956870079, 0.008089630864560604, 0.011170604266226292, 0.010847930796444416, 0.007299531251192093, 0.007326878607273102, 0.005727959331125021, 0.0087943309918046, 0.006261290051043034, 0.006586993113160133, 0.006747465580701828, 0.006938442122191191, 0.008723939768970013, 0.009336620569229126, 0.007880672812461853, 0.010462790727615356, 0.006669447757303715, 0.0075521692633628845, 0.006580011453479528, 0.009751057252287865, 0.007995061576366425, 0.007164934650063515, 0.009226822294294834, 0.00815733615309, 0.005756102968007326, 0.008828467689454556, 0.006869098637253046, 0.006678745616227388, 0.005613069515675306, 0.007274449337273836, 0.010510893538594246, 0.009508242830634117, 0.007014210801571608, 0.006894898135215044, 0.008126997388899326, 0.00788816623389721, 0.007421954069286585, 0.01011366955935955, 0.010141624137759209, 0.006929188966751099, 0.007804523687809706, 0.007617441937327385, 0.008275224827229977, 0.007692977786064148, 0.010595961473882198, 0.011112102307379246, 0.00904728751629591, 0.008927409537136555, 0.009631529450416565, 0.00456973584368825, 0.00995633378624916, 0.010768823325634003, 0.0074366554617881775, 0.010508675128221512, 0.0068361349403858185, 0.0058307223953306675, 0.007701513823121786, 0.009023839607834816, 0.007246383465826511, 0.0076102218590676785, 0.013303291983902454, 0.00666610524058342, 0.007775665260851383, 0.011493386700749397, 0.0093232998624444, 0.010166265070438385, 0.008188521489501, 0.010549441911280155, 0.006359521299600601, 0.008010790683329105, 0.006790413986891508, 0.008572161197662354, 0.010102014057338238, 0.007107448298484087, 0.006570754572749138, 0.006916011683642864, 0.01106877252459526, 0.015394788235425949, 0.007403915282338858, 0.009789591655135155, 0.007840711623430252, 0.007994275540113449, 0.006577235646545887, 0.00856079813092947, 0.00881311297416687, 0.009685158729553223, 0.007546663749963045, 0.007240292616188526, 0.0094557274132967, 0.010611938312649727, 0.00731270108371973, 0.009062185883522034, 0.014161007478833199, 0.009625507518649101, 0.008313095197081566, 0.007525784429162741, 0.012036613188683987, 0.00922408327460289, 0.01092855166643858, 0.009130367077887058, 0.0067196618765592575, 0.00854064617305994, 0.006713280454277992, 0.006609872914850712, 0.0071188462898135185, 0.006604816764593124, 0.007425200659781694, 0.005167680326849222, 0.0063070193864405155, 0.007864557206630707, 0.008145933039486408, 0.009249506518244743, 0.008139461278915405, 0.0075358375906944275, 0.009545781649649143, 0.01037746574729681, 0.010412460193037987, 0.00853284914046526, 0.010087075643241405, 0.007699257228523493, 0.013794690370559692, 0.011223969981074333, 0.006321857683360577, 0.009259376674890518, 0.00870929192751646, 0.008186022751033306, 0.009015358984470367, 0.00702345184981823, 0.006490601226687431, 0.006968773435801268, 0.008971602655947208, 0.013203928247094154, 0.008322233334183693, 0.010864559561014175, 0.007204610854387283, 0.007701259572058916, 0.006749236490577459, 0.010176919400691986, 0.007665807381272316, 0.006993157789111137, 0.01013672724366188, 0.015049689449369907, 0.010718826204538345, 0.007751750759780407, 0.00728247594088316, 0.007031135261058807, 0.0072822244837880135, 0.006554050371050835, 0.007137743756175041, 0.007976706139743328, 0.010900232009589672, 0.006083405110985041, 0.009277849458158016, 0.008858887478709221, 0.007072682026773691, 0.006633801851421595, 0.007435385603457689, 0.008940333500504494, 0.0072230068035423756, 0.011292688548564911, 0.010845056734979153, 0.007896467112004757, 0.010943319648504257], 'L_grad': [0.016196537762880325, 0.016387486830353737, 0.016320979222655296, 0.01911107450723648, 0.015704981982707977, 0.018981272354722023, 0.015810782089829445, 0.0185293760150671, 0.01601581647992134, 0.018118400126695633, 0.015171250328421593, 0.019702846184372902, 0.017005909234285355, 0.017529521137475967, 0.01628899574279785, 0.015364166349172592, 0.01721472665667534, 0.01642981544137001, 0.018811432644724846, 0.016588762402534485, 0.018367161974310875, 0.017714885994791985, 0.016214638948440552, 0.01587660238146782, 0.015692364424467087, 0.01702267862856388, 0.016703756526112556, 0.01585233211517334, 0.016978099942207336, 0.0168419498950243, 0.019244832918047905, 0.017871953547000885, 0.01671828143298626, 0.01806810311973095, 0.017765982076525688, 0.01616957224905491, 0.01729610562324524, 0.016802173107862473, 0.01548377051949501, 0.016033178195357323, 0.016817281022667885, 0.017154840752482414, 0.016358401626348495, 0.01870127022266388, 0.018883265554904938, 0.016602348536252975, 0.014961506240069866, 0.017632964998483658, 0.016757098957896233, 0.0183953158557415, 0.016117360442876816, 0.017514672130346298, 0.014928566291928291, 0.01635316200554371, 0.016451776027679443, 0.018760859966278076, 0.016643371433019638, 0.015589576214551926, 0.019483640789985657, 0.016377074643969536, 0.017763562500476837, 0.015502015128731728, 0.018817337229847908, 0.016200486570596695, 0.019629690796136856, 0.018505331128835678, 0.017598703503608704, 0.01847481168806553, 0.016457390040159225, 0.01859433948993683, 0.016220958903431892, 0.017451822757720947, 0.01615825667977333, 0.0225918497890234, 0.018011316657066345, 0.015987999737262726, 0.023017115890979767, 0.015209797769784927, 0.01873212493956089, 0.01613595150411129, 0.016015132889151573, 0.017412934452295303, 0.015499305911362171, 0.018453039228916168, 0.016399100422859192, 0.017868315801024437, 0.016371406614780426, 0.015954753383994102, 0.017757421359419823, 0.017338257282972336, 0.01814865507185459, 0.01733316108584404, 0.016412073746323586, 0.015801291912794113, 0.016796939074993134, 0.015912266448140144, 0.016726581379771233, 0.01693660393357277, 0.01556403562426567, 0.015578445047140121, 0.01639655791223049, 0.018497193232178688, 0.018867846578359604, 0.01678222045302391, 0.01764729991555214, 0.015919610857963562, 0.01810210570693016, 0.017282549291849136, 0.016262095421552658, 0.01857575587928295, 0.01884370855987072, 0.01547203492373228, 0.019062446430325508, 0.015708953142166138, 0.016377447172999382, 0.015913207083940506, 0.017474833875894547, 0.01760556362569332, 0.01807805523276329, 0.015764648094773293, 0.01732313260436058, 0.016382846981287003, 0.01691884733736515, 0.016977671533823013, 0.018400492146611214, 0.019190363585948944, 0.017523784190416336, 0.016654524952173233, 0.01714147999882698, 0.015069028362631798, 0.01585821621119976, 0.017334938049316406, 0.017923882231116295, 0.01708269491791725, 0.017528343945741653, 0.018709786236286163, 0.01346718892455101, 0.02086375467479229, 0.017625311389565468, 0.0158974789083004, 0.017700083553791046, 0.015967223793268204, 0.01610710099339485, 0.01610453426837921, 0.017544325441122055, 0.01779615879058838, 0.016503410413861275, 0.01876091957092285, 0.01563609018921852, 0.016760114580392838, 0.02029561996459961, 0.019673602655529976, 0.016652919352054596, 0.018222298473119736, 0.01736832968890667, 0.016052765771746635, 0.01783686876296997, 0.016701899468898773, 0.014922983944416046, 0.01673888973891735, 0.01841423287987709, 0.01724182814359665, 0.01656215824186802, 0.01864752359688282, 0.019989997148513794, 0.01604601740837097, 0.01813211664557457, 0.01702311635017395, 0.017363732680678368, 0.016532117500901222, 0.01691867597401142, 0.01689225062727928, 0.01814771071076393, 0.015946505591273308, 0.016730433329939842, 0.019893724471330643, 0.017794515937566757, 0.016765769571065903, 0.016743505373597145, 0.020845219492912292, 0.019025322049856186, 0.015175066888332367, 0.01595444791018963, 0.021559257060289383, 0.01750245690345764, 0.020169109106063843, 0.016690265387296677, 0.01589229702949524, 0.01820025034248829, 0.01515352725982666, 0.015990950167179108, 0.01596873626112938, 0.01733243279159069, 0.017525920644402504, 0.014598412439227104, 0.01590493880212307, 0.01661219634115696, 0.017158066853880882, 0.02059801109135151, 0.015966366976499557, 0.016545258462429047, 0.02004169300198555, 0.017730258405208588, 0.01670559123158455, 0.016584046185016632, 0.01612170785665512, 0.01626809686422348, 0.022596679627895355, 0.01997743919491768, 0.016290616244077682, 0.019554825499653816, 0.017154017463326454, 0.018218185752630234, 0.016006462275981903, 0.01672210916876793, 0.01471308059990406, 0.01603521779179573, 0.01825067028403282, 0.02134997397661209, 0.016850711777806282, 0.01825655624270439, 0.016059570014476776, 0.016744166612625122, 0.016501039266586304, 0.017103180289268494, 0.018378600478172302, 0.016683468595147133, 0.0178170558065176, 0.020693140104413033, 0.019368357956409454, 0.016817208379507065, 0.015729228034615517, 0.01754869893193245, 0.016693035140633583, 0.015477931126952171, 0.01629984937608242, 0.016860291361808777, 0.01932453364133835, 0.016306962817907333, 0.01871578022837639, 0.019082730636000633, 0.01930380053818226, 0.01667446829378605, 0.015133223496377468, 0.016821200028061867, 0.016491685062646866, 0.01794050633907318, 0.018308313563466072, 0.015443840995430946, 0.013805745169520378]}
Setting up Multi Scale Gradient loss...
Done
Setting up Multi Scale Gradient loss...
Done
Setting up Multi Scale Gradient loss...
Done
Setting up Multi Scale Gradient loss...
Done
Setting up Multi Scale Gradient loss...
Done
Setting up Multi Scale Gradient loss...
Done
Setting up Multi Scale Gradient loss...
Done
Setting up Multi Scale Gradient loss...
Done
Setting up Multi Scale Gradient loss...
Done
Setting up Multi Scale Gradient loss...
Done
Setting up Multi Scale Gradient loss...
Done
Setting up Multi Scale Gradient loss...
Done
Setting up Multi Scale Gradient loss...
Done
Setting up Multi Scale Gradient loss...
Done
Setting up Multi Scale Gradient loss...
Done
Setting up Multi Scale Gradient loss...
Done
all losses in batch in validation:  {'loss': [0.02595258504152298, 0.02603853866457939, 0.026964467018842697, 0.02936762198805809, 0.022076163440942764, 0.03178991377353668, 0.02695968747138977, 0.030348684638738632, 0.024073712527751923, 0.02683192305266857, 0.024699866771697998, 0.03353890776634216, 0.026732202619314194, 0.030758006498217583, 0.02479664236307144, 0.02315887250006199, 0.027582865208387375, 0.02407994121313095, 0.03181366249918938, 0.025443173944950104, 0.026002531871199608, 0.02702528052031994, 0.024781659245491028, 0.02313942089676857, 0.023495912551879883, 0.02523323893547058, 0.02444782853126526, 0.025238079950213432, 0.027123432606458664, 0.0250387005507946, 0.03141012787818909, 0.029860705137252808, 0.029306065291166306, 0.02786305546760559, 0.029194705188274384, 0.02600846253335476, 0.02828514203429222, 0.02672855742275715, 0.023737914860248566, 0.024408463388681412, 0.02776251919567585, 0.027825862169265747, 0.02434038370847702, 0.03132373094558716, 0.03163321316242218, 0.024157799780368805, 0.02291402593255043, 0.027203693985939026, 0.02586096152663231, 0.028889600187540054, 0.026314642280340195, 0.028244290500879288, 0.023137899115681648, 0.02759924903512001, 0.02809157222509384, 0.02993078902363777, 0.0264204740524292, 0.023157410323619843, 0.030463535338640213, 0.02547435089945793, 0.029842063784599304, 0.023614659905433655, 0.02793523110449314, 0.025092359632253647, 0.03001883439719677, 0.02835504151880741, 0.02940261922776699, 0.03271295502781868, 0.02579549327492714, 0.030554845929145813, 0.02515493892133236, 0.028897374868392944, 0.02233358845114708, 0.0359715074300766, 0.027327239513397217, 0.024701504036784172, 0.0347629114985466, 0.022138670086860657, 0.031123410910367966, 0.023251410573720932, 0.024174684658646584, 0.02875148318707943, 0.025826100260019302, 0.029371799901127815, 0.023891950026154518, 0.029539804905653, 0.024727916345000267, 0.024221163243055344, 0.02682066708803177, 0.029352566227316856, 0.030819762498140335, 0.02668282389640808, 0.024468787014484406, 0.023500964045524597, 0.02571595087647438, 0.022572308778762817, 0.02489694394171238, 0.025006523355841637, 0.023862333968281746, 0.02517477050423622, 0.026477277278900146, 0.02714131399989128, 0.029659148305654526, 0.024505052715539932, 0.02649395540356636, 0.023391563445329666, 0.02912667579948902, 0.025709491223096848, 0.023595914244651794, 0.0291852205991745, 0.02837418019771576, 0.022496970370411873, 0.03143419697880745, 0.02234213426709175, 0.023712487891316414, 0.021446874365210533, 0.026534907519817352, 0.028409525752067566, 0.030143791809678078, 0.02377399429678917, 0.026053495705127716, 0.025825291872024536, 0.02534441277384758, 0.025713413953781128, 0.030043449252843857, 0.030600126832723618, 0.0265231691300869, 0.026989953592419624, 0.0264611653983593, 0.02424895018339157, 0.02529558725655079, 0.02802806906402111, 0.029054589569568634, 0.026964053511619568, 0.02876153588294983, 0.029055539518594742, 0.019342102110385895, 0.03227020055055618, 0.03081270307302475, 0.024273477494716644, 0.028586648404598236, 0.023472275584936142, 0.022957127541303635, 0.02413845807313919, 0.02750156819820404, 0.025890929624438286, 0.024316709488630295, 0.03362858295440674, 0.024166522547602654, 0.026015207171440125, 0.03306080028414726, 0.02968985214829445, 0.027542226016521454, 0.026655182242393494, 0.028441498056054115, 0.023224864155054092, 0.026899414137005806, 0.025172464549541473, 0.024063296616077423, 0.026861870661377907, 0.026414819061756134, 0.02440168336033821, 0.02479221299290657, 0.030408160760998726, 0.035317569971084595, 0.024720696732401848, 0.028915559872984886, 0.025997288525104523, 0.026110870763659477, 0.02402196079492569, 0.0262056365609169, 0.02663220837712288, 0.029603656381368637, 0.023531781509518623, 0.025594454258680344, 0.0316186249256134, 0.029384784400463104, 0.024095213040709496, 0.02725949138402939, 0.03599481284618378, 0.030443446710705757, 0.024293478578329086, 0.023923194035887718, 0.03490462154150009, 0.03049536980688572, 0.0343308225274086, 0.028090935200452805, 0.02417004108428955, 0.029057448729872704, 0.0229378342628479, 0.022763706743717194, 0.023953823372721672, 0.024044007062911987, 0.02731773629784584, 0.022359473630785942, 0.022627463564276695, 0.02582106739282608, 0.02651551179587841, 0.031312864273786545, 0.024647455662488937, 0.025460131466388702, 0.03071576915681362, 0.028292104601860046, 0.027707183733582497, 0.025708869099617004, 0.02697135880589485, 0.026676282286643982, 0.036630257964134216, 0.030791502445936203, 0.02330278605222702, 0.03107808530330658, 0.026568427681922913, 0.029119588434696198, 0.02570781484246254, 0.026220031082630157, 0.022445470094680786, 0.023682832717895508, 0.029199806973338127, 0.03289826214313507, 0.02757180482149124, 0.029282845556735992, 0.024560611695051193, 0.025883451104164124, 0.023868899792432785, 0.027846956625580788, 0.027589093893766403, 0.02392788603901863, 0.028650520369410515, 0.035060033202171326, 0.030656712129712105, 0.025311749428510666, 0.023691516369581223, 0.026899147778749466, 0.026340819895267487, 0.022927675396203995, 0.025618068873882294, 0.025984125211834908, 0.031039545312523842, 0.023830804973840714, 0.029410842806100845, 0.030377255752682686, 0.027355574071407318, 0.023491447791457176, 0.0241524837911129, 0.02720615640282631, 0.02435959130525589, 0.028869256377220154, 0.031096767634153366, 0.02488712966442108, 0.025928454473614693], 'L_si': [0.008366926573216915, 0.009261940605938435, 0.008018378168344498, 0.009082972072064877, 0.006003610789775848, 0.012012481689453125, 0.010239257477223873, 0.011150361970067024, 0.007365624886006117, 0.008010797202587128, 0.008515614084899426, 0.01240656990557909, 0.00840264093130827, 0.010456101968884468, 0.0077628097496926785, 0.006304387003183365, 0.007957739755511284, 0.006763411685824394, 0.011160924099385738, 0.007608275860548019, 0.007438249420374632, 0.008394850417971611, 0.007267892826348543, 0.005984826944768429, 0.006750471889972687, 0.007544427178800106, 0.007579531520605087, 0.007619909942150116, 0.009260599501430988, 0.007517262361943722, 0.011446155607700348, 0.01026644092053175, 0.011347979307174683, 0.008685071021318436, 0.010606820695102215, 0.009223893284797668, 0.009027711115777493, 0.00855770893394947, 0.006985007785260677, 0.007662064861506224, 0.008837873116135597, 0.009304245002567768, 0.007145840208977461, 0.011975070461630821, 0.012175818905234337, 0.007164518348872662, 0.006434019189327955, 0.009359330870211124, 0.00807211734354496, 0.009366911835968494, 0.009439961053431034, 0.009980431757867336, 0.007127733901143074, 0.009944005869328976, 0.010781304910779, 0.010723216459155083, 0.008968784473836422, 0.006954722572118044, 0.009935872629284859, 0.007630805019289255, 0.011151897720992565, 0.0074135782197117805, 0.008366845548152924, 0.0077856979332864285, 0.009181229397654533, 0.009597128257155418, 0.011057304218411446, 0.014028648845851421, 0.007802383042871952, 0.010140683501958847, 0.007251070346683264, 0.010998571291565895, 0.005601207725703716, 0.01197463646531105, 0.00805699173361063, 0.0077780019491910934, 0.010893089696764946, 0.005997968837618828, 0.009931575506925583, 0.006333518773317337, 0.007271443959325552, 0.009644752368330956, 0.009477912448346615, 0.009516248479485512, 0.006890370976179838, 0.011240021325647831, 0.007768288254737854, 0.007584377191960812, 0.007946382276713848, 0.011240413412451744, 0.011413727886974812, 0.007843685336411, 0.0072058397345244884, 0.006175941787660122, 0.008679181337356567, 0.006034858990460634, 0.007024973165243864, 0.006821644026786089, 0.00720188207924366, 0.00895190890878439, 0.009226995520293713, 0.007671651430428028, 0.010547897778451443, 0.006796473171561956, 0.007750778459012508, 0.0068817404098808765, 0.009923333302140236, 0.007550116162747145, 0.007265326101332903, 0.009702091105282307, 0.008514389395713806, 0.005951588973402977, 0.010219905525445938, 0.006464890670031309, 0.0065270159393548965, 0.005430841818451881, 0.007437399588525295, 0.010566056706011295, 0.010285073891282082, 0.007140815258026123, 0.0072954799979925156, 0.008285126648843288, 0.007810649462044239, 0.007607807405292988, 0.00998226460069418, 0.010009306482970715, 0.007472974248230457, 0.008634112775325775, 0.008088073693215847, 0.00827372819185257, 0.008290495723485947, 0.010279254987835884, 0.01075439341366291, 0.009092492051422596, 0.00970644410699606, 0.009826455265283585, 0.004920091945677996, 0.010057748295366764, 0.01147375162690878, 0.007477134931832552, 0.010461158119142056, 0.006639381404966116, 0.006025731563568115, 0.007870122790336609, 0.008595115505158901, 0.007388985250145197, 0.0071924361400306225, 0.013454307802021503, 0.007200523745268583, 0.008272831328213215, 0.011714599095284939, 0.009054666385054588, 0.010386934503912926, 0.00797962211072445, 0.01044694148004055, 0.006374000571668148, 0.00785832665860653, 0.007114105392247438, 0.008678208105266094, 0.009861510246992111, 0.007117125205695629, 0.006521498318761587, 0.007284434046596289, 0.011258618906140327, 0.014920104295015335, 0.007420597597956657, 0.01002947986125946, 0.008196479640901089, 0.008089721202850342, 0.006782231852412224, 0.008770185522735119, 0.009033055044710636, 0.010299069806933403, 0.0074610114097595215, 0.007564592640846968, 0.010132158175110817, 0.01069375779479742, 0.00689156586304307, 0.00950833410024643, 0.013913390226662159, 0.010217653587460518, 0.008636233396828175, 0.007588179782032967, 0.012103108689188957, 0.010636050254106522, 0.011805633082985878, 0.009899900294840336, 0.007204439025372267, 0.009119300171732903, 0.006883463356643915, 0.006219322793185711, 0.007207890972495079, 0.0062727839685976505, 0.008160017430782318, 0.00576596288010478, 0.006200328003615141, 0.007930519059300423, 0.008641961961984634, 0.009520414285361767, 0.008131132461130619, 0.007843765430152416, 0.009430745616555214, 0.0102534843608737, 0.010494662448763847, 0.008659319020807743, 0.010108335874974728, 0.00869339145720005, 0.013453967869281769, 0.010639873333275318, 0.006374369841068983, 0.009950554929673672, 0.008836428634822369, 0.00913065392524004, 0.009065219201147556, 0.007812725380063057, 0.006845306139439344, 0.007230307906866074, 0.009412670508027077, 0.01193687692284584, 0.009004429914057255, 0.010582962073385715, 0.007299638353288174, 0.008214005269110203, 0.006644061766564846, 0.010104389861226082, 0.007943965494632721, 0.006865945644676685, 0.010295303538441658, 0.014334561303257942, 0.010863952338695526, 0.007580467965453863, 0.007271426729857922, 0.007874656468629837, 0.00783051922917366, 0.006721773650497198, 0.007945574820041656, 0.008052192628383636, 0.010990684852004051, 0.006513816304504871, 0.009696424938738346, 0.00961596891283989, 0.007170139811933041, 0.00642990879714489, 0.007884623482823372, 0.009267976507544518, 0.0071518681943416595, 0.01071749348193407, 0.011338171549141407, 0.008113720454275608, 0.011024495586752892], 'L_grad': [0.01758565753698349, 0.016776597127318382, 0.0189460888504982, 0.02028465084731579, 0.016072552651166916, 0.019777432084083557, 0.016720429062843323, 0.019198322668671608, 0.01670808717608452, 0.018821125850081444, 0.016184251755475998, 0.0211323369294405, 0.0183295626193285, 0.020301904529333115, 0.017033832147717476, 0.016854485496878624, 0.01962512545287609, 0.017316529527306557, 0.020652737468481064, 0.017834898084402084, 0.01856428198516369, 0.018630430102348328, 0.017513766884803772, 0.017154594883322716, 0.016745440661907196, 0.01768881268799305, 0.01686829701066017, 0.017618170008063316, 0.01786283403635025, 0.017521437257528305, 0.019963974133133888, 0.019594263285398483, 0.017958085983991623, 0.019177984446287155, 0.018587883561849594, 0.01678456924855709, 0.019257431849837303, 0.018170848488807678, 0.016752906143665314, 0.0167463980615139, 0.018924646079540253, 0.018521618098020554, 0.017194543033838272, 0.019348660483956337, 0.019457392394542694, 0.016993282362818718, 0.016480006277561188, 0.017844364047050476, 0.01778884418308735, 0.019522687420248985, 0.016874680295586586, 0.018263857811689377, 0.016010165214538574, 0.01765524223446846, 0.017310267314314842, 0.01920757256448269, 0.017451690509915352, 0.016202688217163086, 0.020527662709355354, 0.017843546345829964, 0.018690165132284164, 0.0162010807543993, 0.019568385556340218, 0.01730666123330593, 0.020837604999542236, 0.018757913261651993, 0.018345315009355545, 0.018684307113289833, 0.017993111163377762, 0.020414162427186966, 0.017903868108987808, 0.01789880357682705, 0.01673237979412079, 0.02399687096476555, 0.01927024871110916, 0.01692350208759308, 0.023869821801781654, 0.01614070124924183, 0.021191835403442383, 0.016917891800403595, 0.016903240233659744, 0.019106730818748474, 0.016348188742995262, 0.019855551421642303, 0.017001578584313393, 0.018299782648682594, 0.016959628090262413, 0.016636785119771957, 0.018874285742640495, 0.018112152814865112, 0.019406035542488098, 0.018839137628674507, 0.01726294681429863, 0.0173250213265419, 0.017036769539117813, 0.01653745025396347, 0.017871970310807228, 0.018184879794716835, 0.016660451889038086, 0.016222860664129257, 0.01725028268992901, 0.019469663500785828, 0.01911124959588051, 0.01770857907831669, 0.018743176013231277, 0.016509823501110077, 0.019203342497348785, 0.018159374594688416, 0.01633058860898018, 0.019483128562569618, 0.019859790802001953, 0.016545381397008896, 0.02121429145336151, 0.015877243131399155, 0.017185471951961517, 0.01601603254675865, 0.019097506999969482, 0.017843468114733696, 0.019858717918395996, 0.016633179038763046, 0.0187580157071352, 0.017540166154503822, 0.017533764243125916, 0.018105605617165565, 0.020061183720827103, 0.02059081941843033, 0.019050195813179016, 0.01835584081709385, 0.018373092636466026, 0.015975221991539, 0.017005091533064842, 0.017748814076185226, 0.018300196155905724, 0.017871560528874397, 0.019055090844631195, 0.019229084253311157, 0.014422010630369186, 0.022212453186511993, 0.019338950514793396, 0.01679634302854538, 0.018125491216778755, 0.01683289371430874, 0.01693139597773552, 0.016268335282802582, 0.018906453624367714, 0.018501944839954376, 0.017124272882938385, 0.02017427608370781, 0.016965998336672783, 0.017742374911904335, 0.02134620025753975, 0.02063518576323986, 0.017155291512608528, 0.018675560131669044, 0.017994556576013565, 0.01685086451470852, 0.019041087478399277, 0.018058359622955322, 0.015385089442133904, 0.017000360414385796, 0.01929769292473793, 0.017880184575915337, 0.017507778480648994, 0.0191495418548584, 0.02039746567606926, 0.01730009913444519, 0.018886080011725426, 0.01780080981552601, 0.018021149560809135, 0.017239728942513466, 0.017435450106859207, 0.017599154263734818, 0.019304586574435234, 0.016070770099759102, 0.01802986115217209, 0.021486464887857437, 0.01869102753698826, 0.017203647643327713, 0.01775115728378296, 0.022081423550844193, 0.02022579312324524, 0.015657244250178337, 0.01633501425385475, 0.022801514714956284, 0.019859319552779198, 0.02252519130706787, 0.018191035836935043, 0.016965601593255997, 0.0199381485581398, 0.016054371371865273, 0.016544383019208908, 0.016745932400226593, 0.017771223559975624, 0.019157718867063522, 0.016593510285019875, 0.016427135095000267, 0.017890548333525658, 0.017873549833893776, 0.021792449057102203, 0.016516324132680893, 0.01761636696755886, 0.021285023540258408, 0.018038621172308922, 0.01721252128481865, 0.017049551010131836, 0.0168630238622427, 0.01798289082944393, 0.023176291957497597, 0.02015163004398346, 0.01692841574549675, 0.021127531304955482, 0.01773199811577797, 0.019988935440778732, 0.016642596572637558, 0.0184073057025671, 0.015600164420902729, 0.016452524811029434, 0.01978713646531105, 0.02096138335764408, 0.01856737583875656, 0.018699882552027702, 0.017260972410440445, 0.017669446766376495, 0.017224838957190514, 0.017742566764354706, 0.019645128399133682, 0.01706194132566452, 0.018355216830968857, 0.020725473761558533, 0.01979275979101658, 0.017731280997395515, 0.016420088708400726, 0.01902449131011963, 0.018510300666093826, 0.01620590128004551, 0.017672494053840637, 0.01793193258345127, 0.02004886046051979, 0.017316989600658417, 0.019714416936039925, 0.020761286839842796, 0.020185433328151703, 0.017061538994312286, 0.016267860308289528, 0.01793817989528179, 0.01720772311091423, 0.018151763826608658, 0.019758595153689384, 0.016773410141468048, 0.014903958886861801]}
Setting up Multi Scale Gradient loss...
Done
Setting up Multi Scale Gradient loss...
Done
Setting up Multi Scale Gradient loss...
Done
Setting up Multi Scale Gradient loss...
Done
Setting up Multi Scale Gradient loss...
Done
Setting up Multi Scale Gradient loss...
Done
Setting up Multi Scale Gradient loss...
Done
Setting up Multi Scale Gradient loss...
Done
Setting up Multi Scale Gradient loss...
Setting up Multi Scale Gradient loss...
Done
Done
Setting up Multi Scale Gradient loss...
Done
Setting up Multi Scale Gradient loss...
Done
Setting up Multi Scale Gradient loss...
Done
Setting up Multi Scale Gradient loss...
Done
Setting up Multi Scale Gradient loss...
Done
Setting up Multi Scale Gradient loss...
Done
all losses in batch in validation:  {'loss': [0.02512604370713234, 0.025395121425390244, 0.0264528039842844, 0.029501821845769882, 0.022023554891347885, 0.03174280375242233, 0.02583392523229122, 0.03038928657770157, 0.02359948307275772, 0.02461286634206772, 0.023779097944498062, 0.034464914351701736, 0.026161840185523033, 0.02997380495071411, 0.024224301800131798, 0.022291531786322594, 0.0262167826294899, 0.024062925949692726, 0.030666332691907883, 0.025363977998495102, 0.02551722526550293, 0.026405103504657745, 0.023776203393936157, 0.02143118903040886, 0.02326277829706669, 0.025707118213176727, 0.024221982806921005, 0.02478082850575447, 0.027204666286706924, 0.024746261537075043, 0.03213637322187424, 0.02821485698223114, 0.028833352029323578, 0.027111027389764786, 0.027949858456850052, 0.024746425449848175, 0.026857556775212288, 0.025872457772493362, 0.022803105413913727, 0.02401379495859146, 0.028216008096933365, 0.02697955071926117, 0.023702800273895264, 0.030337130650877953, 0.033177148550748825, 0.02363397926092148, 0.021948566660284996, 0.02665724605321884, 0.025163887068629265, 0.028662651777267456, 0.025164030492305756, 0.02805832400918007, 0.02214004471898079, 0.026868801563978195, 0.030161995440721512, 0.029464490711688995, 0.0259108729660511, 0.022171417251229286, 0.030230820178985596, 0.02627042680978775, 0.030175812542438507, 0.023770418018102646, 0.02682552859187126, 0.023863719776272774, 0.03037586435675621, 0.026454061269760132, 0.028399407863616943, 0.03231878951191902, 0.025146659463644028, 0.029877111315727234, 0.02472766675055027, 0.02881700173020363, 0.02228488400578499, 0.032124534249305725, 0.024251800030469894, 0.023958075791597366, 0.033627722412347794, 0.02184879779815674, 0.030940856784582138, 0.022313537076115608, 0.023606345057487488, 0.028272319585084915, 0.025265678763389587, 0.030092256143689156, 0.023791451007127762, 0.029481615871191025, 0.02359447255730629, 0.02406063862144947, 0.02642989158630371, 0.028675734996795654, 0.03023293986916542, 0.0260147824883461, 0.023589439690113068, 0.02294149622321129, 0.024771083146333694, 0.023152638226747513, 0.024039268493652344, 0.023735065013170242, 0.022691110149025917, 0.025614457204937935, 0.02592530846595764, 0.026117747649550438, 0.028430556878447533, 0.024366101250052452, 0.025650594383478165, 0.02280847169458866, 0.027964752167463303, 0.02586263418197632, 0.024597525596618652, 0.03068198636174202, 0.025713613256812096, 0.02257714420557022, 0.029544781893491745, 0.022550297901034355, 0.022584818303585052, 0.02089139074087143, 0.025697115808725357, 0.027682799845933914, 0.030172016471624374, 0.02416914701461792, 0.02676473557949066, 0.02530398592352867, 0.024783173575997353, 0.025339720770716667, 0.028502942994236946, 0.026993995532393456, 0.02608974650502205, 0.02597978338599205, 0.025661645457148552, 0.023477695882320404, 0.024687491357326508, 0.027927011251449585, 0.027894608676433563, 0.02621331810951233, 0.028110221028327942, 0.030066892504692078, 0.018678933382034302, 0.03162030130624771, 0.03235778212547302, 0.023602943867444992, 0.028275029733777046, 0.023737642914056778, 0.0220840722322464, 0.023515984416007996, 0.026705672964453697, 0.02546888403594494, 0.024626966565847397, 0.03219165280461311, 0.02350831963121891, 0.025624340400099754, 0.029842901974916458, 0.028456177562475204, 0.02760641649365425, 0.026453007012605667, 0.02726317197084427, 0.022725092247128487, 0.02596251480281353, 0.024247992783784866, 0.023505914956331253, 0.02754024975001812, 0.025413766503334045, 0.02336445450782776, 0.02418430522084236, 0.02993285469710827, 0.033827342092990875, 0.024121906608343124, 0.02911609783768654, 0.025457724928855896, 0.026201777160167694, 0.023544777184724808, 0.025971809402108192, 0.026021217927336693, 0.028863389045000076, 0.023282811045646667, 0.025147471576929092, 0.02770617976784706, 0.028777070343494415, 0.024288181215524673, 0.02774847485125065, 0.03432462364435196, 0.02939261496067047, 0.023862726986408234, 0.02329745516180992, 0.03328082710504532, 0.02816290408372879, 0.033976200968027115, 0.026403479278087616, 0.023352157324552536, 0.02802424691617489, 0.022238707169890404, 0.021970953792333603, 0.023092880845069885, 0.024293949827551842, 0.026407985016703606, 0.021029656752943993, 0.021930696442723274, 0.024942882359027863, 0.025704016909003258, 0.029848895967006683, 0.024077199399471283, 0.024524765089154243, 0.02907894179224968, 0.027540210634469986, 0.02688642218708992, 0.025570474565029144, 0.026165921241044998, 0.026000583544373512, 0.03407550975680351, 0.030215254053473473, 0.022643376141786575, 0.031113576143980026, 0.02538985386490822, 0.03037484735250473, 0.02490350976586342, 0.02509281225502491, 0.02298785373568535, 0.022998157888650894, 0.025400551036000252, 0.03289645165205002, 0.028578665107488632, 0.028449296951293945, 0.02332809753715992, 0.02557099238038063, 0.02427462674677372, 0.027048975229263306, 0.026380304247140884, 0.022738445550203323, 0.027577441185712814, 0.03493810072541237, 0.029252588748931885, 0.024700824171304703, 0.022591259330511093, 0.026664014905691147, 0.0247466042637825, 0.02230999991297722, 0.026321563869714737, 0.026389777660369873, 0.030287567526102066, 0.02285865880548954, 0.030268019065260887, 0.029898518696427345, 0.026420526206493378, 0.022939028218388557, 0.02337256632745266, 0.02636604942381382, 0.02366543374955654, 0.028778940439224243, 0.030192945152521133, 0.02387996017932892, 0.02516057714819908], 'L_si': [0.007904862985014915, 0.009055252186954021, 0.007908342406153679, 0.008986123837530613, 0.005881122313439846, 0.012194286100566387, 0.00978868268430233, 0.011202028952538967, 0.0069327810779213905, 0.006856370717287064, 0.008041384629905224, 0.012743080034852028, 0.008066384121775627, 0.010100269690155983, 0.007374845910817385, 0.005894968751817942, 0.007395101711153984, 0.006652573589235544, 0.010628818534314632, 0.007618981879204512, 0.007258389610797167, 0.00817455817013979, 0.006668477784842253, 0.00528766168281436, 0.006477267947047949, 0.0076343463733792305, 0.007406798657029867, 0.007334314286708832, 0.009207806549966335, 0.007207829505205154, 0.011983214877545834, 0.009446359239518642, 0.010777047835290432, 0.00822231825441122, 0.009643231518566608, 0.008624712936580181, 0.008315496146678925, 0.008124171756207943, 0.006454354152083397, 0.007578887045383453, 0.009065867401659489, 0.00879571121186018, 0.0068302517756819725, 0.011638076975941658, 0.012870065867900848, 0.006927588488906622, 0.005861183628439903, 0.00920091848820448, 0.007731270045042038, 0.009243392385542393, 0.008901122026145458, 0.009834620170295238, 0.0066565098240971565, 0.009486989118158817, 0.011624476872384548, 0.010728977620601654, 0.008737900294363499, 0.006363269407302141, 0.009673509746789932, 0.007906629703938961, 0.011273552663624287, 0.007365149911493063, 0.007983542047441006, 0.007317932788282633, 0.009290200658142567, 0.008690020069479942, 0.01058649830520153, 0.014029513113200665, 0.007645683828741312, 0.010006151162087917, 0.0070993173867464066, 0.010856603272259235, 0.005568484775722027, 0.010076768696308136, 0.0067527806386351585, 0.007463800720870495, 0.010522487573325634, 0.005859024357050657, 0.009723740629851818, 0.0059191142208874226, 0.006839794106781483, 0.009368802420794964, 0.00923984870314598, 0.009730534628033638, 0.006876514293253422, 0.011240840889513493, 0.007315347902476788, 0.007476253435015678, 0.007516460493206978, 0.010993361473083496, 0.011125910095870495, 0.007313631009310484, 0.006638243328779936, 0.0057881074026227, 0.008305598050355911, 0.006211206782609224, 0.006545953452587128, 0.006265191361308098, 0.006745746824890375, 0.008824365213513374, 0.008850888349115849, 0.007266355212777853, 0.00997079536318779, 0.006679092068225145, 0.007262438535690308, 0.00653933035209775, 0.00941950548440218, 0.0075261215679347515, 0.007423541508615017, 0.010522718541324139, 0.007372863125056028, 0.005940113216638565, 0.009058215655386448, 0.0064116306602954865, 0.006016635335981846, 0.0052645085379481316, 0.006965578533709049, 0.010242744348943233, 0.010552993975579739, 0.006968184374272823, 0.007569597568362951, 0.008119547739624977, 0.0075997295789420605, 0.00737127847969532, 0.009322313591837883, 0.008215177804231644, 0.007157530169934034, 0.008082910440862179, 0.007750680670142174, 0.00781096750870347, 0.007902144454419613, 0.010187196545302868, 0.009996797889471054, 0.008808341808617115, 0.009342322126030922, 0.01018577627837658, 0.00462591415271163, 0.009764967486262321, 0.012371087446808815, 0.00717086810618639, 0.01035645417869091, 0.006584936752915382, 0.005618586670607328, 0.007495636586099863, 0.007985368371009827, 0.00716654397547245, 0.00707442220300436, 0.012655550613999367, 0.0068497429601848125, 0.008149636909365654, 0.009904895909130573, 0.008441301994025707, 0.010366522707045078, 0.00787606742233038, 0.0095814298838377, 0.006129646208137274, 0.007338205352425575, 0.0066468482837080956, 0.00827001128345728, 0.010128287598490715, 0.00687048165127635, 0.006050899624824524, 0.006841503549367189, 0.010937847197055817, 0.013863991014659405, 0.007106446195393801, 0.010307584889233112, 0.007935668341815472, 0.007972939871251583, 0.00647557619959116, 0.008568918332457542, 0.00863819383084774, 0.010179837234318256, 0.007228412665426731, 0.007379327900707722, 0.008355534635484219, 0.01041832473129034, 0.006868892349302769, 0.009751744568347931, 0.012907409109175205, 0.00959017127752304, 0.008269828744232655, 0.007404920179396868, 0.011589170433580875, 0.00954838190227747, 0.011423024348914623, 0.009009633213281631, 0.006652093958109617, 0.008551927283406258, 0.006666184868663549, 0.005880202166736126, 0.006825240794569254, 0.0063916463404893875, 0.007992584258317947, 0.005194665398448706, 0.005854226648807526, 0.00754885096102953, 0.008360093459486961, 0.008583090268075466, 0.0077616870403289795, 0.0072617544792592525, 0.00887562707066536, 0.009812143631279469, 0.010089690797030926, 0.008488147519528866, 0.009779470972716808, 0.008296510204672813, 0.012448517605662346, 0.010322518646717072, 0.006119289435446262, 0.009769259952008724, 0.008432664908468723, 0.009616191498935223, 0.008376732468605042, 0.0071595702320337296, 0.007044178433716297, 0.006886305753141642, 0.007668329402804375, 0.012192606925964355, 0.009337962605059147, 0.010276573710143566, 0.0067118373699486256, 0.008054028265178204, 0.006739547476172447, 0.009813173674046993, 0.0076033491641283035, 0.006395617034286261, 0.009754123166203499, 0.014408018440008163, 0.010338078252971172, 0.007371732033789158, 0.006739519536495209, 0.007636867929250002, 0.007096591871231794, 0.006416718475520611, 0.008261310867965221, 0.008301082998514175, 0.010411255992949009, 0.0059691485948860645, 0.010155357420444489, 0.00932055152952671, 0.00675080344080925, 0.006123211234807968, 0.007560013327747583, 0.008795175701379776, 0.0067529380321502686, 0.010982368141412735, 0.010905545204877853, 0.00770815834403038, 0.010652122087776661], 'L_grad': [0.017221180722117424, 0.016339868307113647, 0.018544461578130722, 0.020515698939561844, 0.016142433509230614, 0.01954851858317852, 0.01604524254798889, 0.019187256693840027, 0.016666702926158905, 0.017756495624780655, 0.015737714245915413, 0.02172183431684971, 0.018095456063747406, 0.01987353526055813, 0.0168494563549757, 0.01639656350016594, 0.018821680918335915, 0.01741035282611847, 0.020037515088915825, 0.017744995653629303, 0.01825883612036705, 0.01823054440319538, 0.017107725143432617, 0.016143526881933212, 0.016785509884357452, 0.01807277277112007, 0.01681518368422985, 0.01744651421904564, 0.017996858805418015, 0.01753843203186989, 0.020153159275650978, 0.018768496811389923, 0.01805630512535572, 0.01888871006667614, 0.018306627869606018, 0.01612171344459057, 0.018542060628533363, 0.017748285084962845, 0.01634875126183033, 0.016434907913208008, 0.0191501397639513, 0.018183838576078415, 0.016872547566890717, 0.018699053674936295, 0.020307082682847977, 0.01670639030635357, 0.016087383031845093, 0.017456326633691788, 0.017432617023587227, 0.01941925846040249, 0.016262909397482872, 0.018223702907562256, 0.015483535826206207, 0.017381813377141953, 0.01853751949965954, 0.01873551309108734, 0.017172973603010178, 0.015808148309588432, 0.020557310432195663, 0.018363796174526215, 0.018902258947491646, 0.016405267640948296, 0.01884198747575283, 0.016545787453651428, 0.021085664629936218, 0.01776404120028019, 0.017812909558415413, 0.018289275467395782, 0.017500976100564003, 0.019870959222316742, 0.017628349363803864, 0.017960399389266968, 0.016716400161385536, 0.02204776741564274, 0.01749902032315731, 0.016494274139404297, 0.023105233907699585, 0.015989772975444794, 0.021217115223407745, 0.016394423320889473, 0.01676655001938343, 0.018903518095612526, 0.016025830060243607, 0.020361721515655518, 0.016914937645196915, 0.018240774050354958, 0.016279125586152077, 0.016584385186433792, 0.018913431093096733, 0.017682373523712158, 0.01910702884197235, 0.01870115101337433, 0.016951195895671844, 0.017153389751911163, 0.016465485095977783, 0.016941431909799576, 0.017493315041065216, 0.017469873651862144, 0.01594536378979683, 0.01679009199142456, 0.01707441918551922, 0.018851391971111298, 0.018459761515259743, 0.017687009647488594, 0.018388155847787857, 0.0162691418081522, 0.018545247614383698, 0.01833651214838028, 0.01717398315668106, 0.020159266889095306, 0.01834074966609478, 0.016637030988931656, 0.02048656716942787, 0.01613866724073887, 0.01656818389892578, 0.015626881271600723, 0.018731538206338882, 0.017440054565668106, 0.01961902342736721, 0.017200961709022522, 0.019195137545466423, 0.017184438183903694, 0.017183443531394005, 0.017968442291021347, 0.019180629402399063, 0.018778817728161812, 0.018932215869426727, 0.017896872013807297, 0.017910964787006378, 0.01566672883927822, 0.01678534597158432, 0.01773981563746929, 0.01789781078696251, 0.01740497723221779, 0.01876789890229702, 0.0198811162263155, 0.014053018763661385, 0.02185533568263054, 0.019986696541309357, 0.016432076692581177, 0.017918575555086136, 0.017152706161141396, 0.016465485095977783, 0.01602034829556942, 0.01872030459344387, 0.01830234006047249, 0.017552543431520462, 0.019536102190613747, 0.01665857620537281, 0.0174747034907341, 0.01993800513446331, 0.020014874637126923, 0.017239894717931747, 0.018576938658952713, 0.01768174208700657, 0.016595445573329926, 0.018624309450387955, 0.017601143568754196, 0.015235904604196548, 0.017411962151527405, 0.018543284386396408, 0.017313554883003235, 0.01734280213713646, 0.018995007500052452, 0.019963352009654045, 0.01701546087861061, 0.018808512017130852, 0.01752205565571785, 0.018228836357593536, 0.017069200053811073, 0.01740289106965065, 0.017383024096488953, 0.018683552742004395, 0.01605439931154251, 0.017768144607543945, 0.019350644201040268, 0.01835874654352665, 0.01741928979754448, 0.017996730282902718, 0.02141721546649933, 0.01980244368314743, 0.015592897310853004, 0.01589253544807434, 0.021691657602787018, 0.018614523112773895, 0.022553175687789917, 0.017393846064805984, 0.01670006290078163, 0.01947231963276863, 0.015572521835565567, 0.016090750694274902, 0.01626764051616192, 0.017902303487062454, 0.018415400758385658, 0.015834990888834, 0.01607646979391575, 0.017394032329320908, 0.017343923449516296, 0.021265804767608643, 0.016315512359142303, 0.017263010144233704, 0.02020331472158432, 0.017728066071867943, 0.01679673045873642, 0.017082326114177704, 0.016386449337005615, 0.0177040733397007, 0.021626992151141167, 0.0198927354067564, 0.016524087637662888, 0.021344315260648727, 0.01695718802511692, 0.020758656784892082, 0.016526777297258377, 0.01793324202299118, 0.015943674370646477, 0.01611185260117054, 0.017732221633195877, 0.020703842863440514, 0.01924070343375206, 0.018172722309827805, 0.01661626063287258, 0.017516965046525, 0.017535079270601273, 0.017235800623893738, 0.01877695508301258, 0.016342828050255775, 0.017823318019509315, 0.020530082285404205, 0.018914509564638138, 0.01732909120619297, 0.015851739794015884, 0.019027147442102432, 0.01765001192688942, 0.015893280506134033, 0.01806025393307209, 0.018088694661855698, 0.01987631246447563, 0.016889510676264763, 0.0201126616448164, 0.020577967166900635, 0.019669722765684128, 0.01681581698358059, 0.015812553465366364, 0.017570873722434044, 0.016912495717406273, 0.017796572297811508, 0.01928739994764328, 0.016171801835298538, 0.014508454129099846]}
Saving checkpoint: runs/train/0314_mkl/checkpoints/checkpoint-epoch048-loss-0.0053.pth.tar ...
Setting up Multi Scale Gradient loss...
Done
Setting up Multi Scale Gradient loss...
Done
Setting up Multi Scale Gradient loss...
Done
Setting up Multi Scale Gradient loss...
Done
Setting up Multi Scale Gradient loss...
Done
Setting up Multi Scale Gradient loss...
Done
Setting up Multi Scale Gradient loss...
Done
Setting up Multi Scale Gradient loss...
Done
Setting up Multi Scale Gradient loss...
Done
Setting up Multi Scale Gradient loss...
Done
Setting up Multi Scale Gradient loss...
Done
Setting up Multi Scale Gradient loss...
Done
Setting up Multi Scale Gradient loss...
Done
Setting up Multi Scale Gradient loss...
Done
Setting up Multi Scale Gradient loss...
Done
Setting up Multi Scale Gradient loss...
Done
all losses in batch in validation:  {'loss': [0.024141211062669754, 0.025900602340698242, 0.0247715525329113, 0.02860674075782299, 0.021524548530578613, 0.030690399929881096, 0.025738315656781197, 0.03000708669424057, 0.024022169411182404, 0.0267538670450449, 0.02344796620309353, 0.031689345836639404, 0.02571144327521324, 0.02778211608529091, 0.02376062236726284, 0.022100571542978287, 0.024649694561958313, 0.023018741980195045, 0.02921287715435028, 0.02419319376349449, 0.025951089337468147, 0.026099376380443573, 0.023255228996276855, 0.02171693928539753, 0.02278093621134758, 0.024442600086331367, 0.024403423070907593, 0.02408783696591854, 0.025690047070384026, 0.023703619837760925, 0.031462181359529495, 0.027590714395046234, 0.028040647506713867, 0.026706736534833908, 0.028146283701062202, 0.02488568425178528, 0.025533422827720642, 0.024728726595640182, 0.02258114516735077, 0.02362983301281929, 0.026220841333270073, 0.025658365339040756, 0.023177271708846092, 0.030190955847501755, 0.03055613860487938, 0.02363693341612816, 0.02151280827820301, 0.026256825774908066, 0.024791181087493896, 0.02761111781001091, 0.025197677314281464, 0.027619272470474243, 0.022059442475438118, 0.02580851875245571, 0.027653999626636505, 0.0296277217566967, 0.025909626856446266, 0.021739330142736435, 0.029250245541334152, 0.024766383692622185, 0.028845185413956642, 0.022880885750055313, 0.027029432356357574, 0.02337922714650631, 0.02832099050283432, 0.027152838185429573, 0.027873599901795387, 0.03240915760397911, 0.02422383241355419, 0.029545875266194344, 0.024233590811491013, 0.02866249531507492, 0.02179541625082493, 0.03617376089096069, 0.027179520577192307, 0.023784298449754715, 0.034603383392095566, 0.021462829783558846, 0.028311222791671753, 0.02192513458430767, 0.02370995283126831, 0.027466699481010437, 0.02547227218747139, 0.02742878347635269, 0.023726962506771088, 0.029350504279136658, 0.02345944568514824, 0.023584770038723946, 0.02606167644262314, 0.02850618027150631, 0.029466021806001663, 0.026148129254579544, 0.023500625044107437, 0.022220445796847343, 0.024740099906921387, 0.02260047197341919, 0.02321203239262104, 0.023684490472078323, 0.022674327716231346, 0.024286191910505295, 0.026133626699447632, 0.026467127725481987, 0.0293451976031065, 0.02385038137435913, 0.02542031556367874, 0.022518305107951164, 0.02766958251595497, 0.025041665881872177, 0.023692306131124496, 0.028302473947405815, 0.02675088495016098, 0.021802620962262154, 0.028919897973537445, 0.02265019714832306, 0.022707637399435043, 0.02088114619255066, 0.025553692132234573, 0.02803894877433777, 0.027560222893953323, 0.023039545863866806, 0.025132134556770325, 0.024710163474082947, 0.02516786754131317, 0.02432010881602764, 0.027958078309893608, 0.0304037444293499, 0.025521356612443924, 0.024808302521705627, 0.0241332296282053, 0.023011041805148125, 0.02402324043214321, 0.027612775564193726, 0.028531204909086227, 0.026391655206680298, 0.027187682688236237, 0.028475649654865265, 0.01874556392431259, 0.030097290873527527, 0.029210958629846573, 0.023689568042755127, 0.027671385556459427, 0.022715624421834946, 0.02266036905348301, 0.023683059960603714, 0.02625858783721924, 0.02553251013159752, 0.02385060116648674, 0.03215264156460762, 0.02297161892056465, 0.024446023628115654, 0.03217219188809395, 0.028070632368326187, 0.02661081776022911, 0.02672637440264225, 0.027048302814364433, 0.02211236208677292, 0.026483792811632156, 0.023842651396989822, 0.02351151779294014, 0.027146633714437485, 0.02534857951104641, 0.023433275520801544, 0.023450464010238647, 0.029793746769428253, 0.03465689346194267, 0.023291166871786118, 0.02777995727956295, 0.025066517293453217, 0.025341792032122612, 0.023269085213541985, 0.025003600865602493, 0.025911297649145126, 0.02749834768474102, 0.023727821186184883, 0.02484411932528019, 0.02986285090446472, 0.027903512120246887, 0.02337145060300827, 0.02644971013069153, 0.03371777385473251, 0.028659291565418243, 0.023372266441583633, 0.023251673206686974, 0.032890643924474716, 0.02795884758234024, 0.031516704708337784, 0.02582642063498497, 0.022821173071861267, 0.026653222739696503, 0.02242630533874035, 0.02221032977104187, 0.02269008755683899, 0.024168100208044052, 0.025326505303382874, 0.020838994532823563, 0.022043438628315926, 0.024247098714113235, 0.024772264063358307, 0.03013661876320839, 0.023737020790576935, 0.02422650158405304, 0.029836246743798256, 0.02776246890425682, 0.026672378182411194, 0.025131095200777054, 0.026199838146567345, 0.025164492428302765, 0.037259165197610855, 0.03111620992422104, 0.022365950047969818, 0.029125113040208817, 0.02592175081372261, 0.02759479358792305, 0.024907052516937256, 0.023959588259458542, 0.021946746855974197, 0.02259894460439682, 0.027099836617708206, 0.03420071303844452, 0.025452453643083572, 0.028837671503424644, 0.023224208503961563, 0.0250608641654253, 0.023310862481594086, 0.02736523002386093, 0.025815371423959732, 0.02267579734325409, 0.028100507333874702, 0.0350211039185524, 0.028856836259365082, 0.024750731885433197, 0.02267179638147354, 0.024948477745056152, 0.02430092915892601, 0.022234244272112846, 0.024359535425901413, 0.02486993931233883, 0.029982753098011017, 0.02302270010113716, 0.028559710830450058, 0.028223633766174316, 0.0266997292637825, 0.02277226932346821, 0.023461345583200455, 0.026062533259391785, 0.02379198931157589, 0.029635300859808922, 0.02943652868270874, 0.023791437968611717, 0.025216415524482727], 'L_si': [0.007362003903836012, 0.009288102388381958, 0.00709329592064023, 0.008663451299071312, 0.005758353043347597, 0.011258341372013092, 0.009627420455217361, 0.010926296003162861, 0.0072542764246463776, 0.008009519428014755, 0.00766320526599884, 0.011539211496710777, 0.007879084907472134, 0.008876306004822254, 0.0071632396429777145, 0.005882087629288435, 0.006600040011107922, 0.006166351959109306, 0.00968205276876688, 0.006992480717599392, 0.007509464863687754, 0.008068636991083622, 0.006603733636438847, 0.005549441557377577, 0.006280720699578524, 0.007017158437520266, 0.007461377419531345, 0.007109473925083876, 0.008486030623316765, 0.006722495891153812, 0.011271261610090733, 0.009012851864099503, 0.010368559509515762, 0.00818675011396408, 0.009816855192184448, 0.008687633089721203, 0.00763131445273757, 0.00752894626930356, 0.006379355676472187, 0.007294671144336462, 0.008032431825995445, 0.008116770535707474, 0.006600333843380213, 0.011455565690994263, 0.01158190332353115, 0.006872618570923805, 0.005824732128530741, 0.00888079684227705, 0.007535948883742094, 0.008730459026992321, 0.00874593760818243, 0.009680506773293018, 0.006608035881072283, 0.008719990029931068, 0.010381498374044895, 0.010785822756588459, 0.008762851357460022, 0.006222238764166832, 0.009258030913770199, 0.007279923185706139, 0.010380277410149574, 0.007052562665194273, 0.008276822976768017, 0.006946206092834473, 0.00822486449033022, 0.008907981216907501, 0.01020251028239727, 0.01373432856053114, 0.007058966904878616, 0.009471822530031204, 0.006945500150322914, 0.010748511180281639, 0.00540052680298686, 0.012800377793610096, 0.008311246521770954, 0.007224214728921652, 0.01136417593806982, 0.005735660437494516, 0.00857981201261282, 0.005788417067378759, 0.006966632790863514, 0.00911318976432085, 0.009337346069514751, 0.008679303340613842, 0.0067993951961398125, 0.010975276120007038, 0.007139856927096844, 0.007158154621720314, 0.007615580223500729, 0.010502263903617859, 0.010434314608573914, 0.007512933574616909, 0.006797563284635544, 0.005623751785606146, 0.008176981471478939, 0.006091945804655552, 0.006302394438534975, 0.006324649788439274, 0.006620151922106743, 0.008280642330646515, 0.009154201485216618, 0.007718982640653849, 0.010263102129101753, 0.006462934892624617, 0.007204562891274691, 0.006429383996874094, 0.009331182576715946, 0.007277810014784336, 0.0072113024070858955, 0.009266288951039314, 0.007814441807568073, 0.005651948507875204, 0.008947108872234821, 0.006521283648908138, 0.006157016381621361, 0.005225987173616886, 0.007103013806045055, 0.010343395173549652, 0.008875771425664425, 0.006540945265442133, 0.006902361288666725, 0.0076311733573675156, 0.007778942119330168, 0.007053567562252283, 0.009326713159680367, 0.010267205536365509, 0.00701967254281044, 0.007393491920083761, 0.0069532268680632114, 0.007538216654211283, 0.007631732616573572, 0.00988850649446249, 0.010381891392171383, 0.008685550652444363, 0.008691222406923771, 0.009405520744621754, 0.004618203267455101, 0.009483166970312595, 0.010649199597537518, 0.007160442415624857, 0.009960099123418331, 0.006190758664160967, 0.006106880959123373, 0.007570755202323198, 0.008057127706706524, 0.007214630022644997, 0.006818649359047413, 0.012921973131597042, 0.006539183668792248, 0.007377748843282461, 0.011306838132441044, 0.008498785085976124, 0.00961694773286581, 0.00787314586341381, 0.009608393535017967, 0.005838220473378897, 0.007730261888355017, 0.006593219470232725, 0.008205759339034557, 0.009927713312208652, 0.007084019482135773, 0.006216547451913357, 0.0066649517975747585, 0.010714158415794373, 0.014349791221320629, 0.006760823540389538, 0.009419139474630356, 0.00755348103120923, 0.0076153171248734, 0.006345782894641161, 0.007998660206794739, 0.00864266138523817, 0.009211679920554161, 0.007404274772852659, 0.007218059152364731, 0.009317516349256039, 0.009813345968723297, 0.006548590026795864, 0.008978608064353466, 0.012889385223388672, 0.009397130459547043, 0.008036085404455662, 0.00725386431440711, 0.011469616554677486, 0.009370691142976284, 0.010703003965318203, 0.008653794415295124, 0.0066116927191615105, 0.008212864398956299, 0.006585715804249048, 0.005915685091167688, 0.006617812905460596, 0.006393761839717627, 0.007221498526632786, 0.005152127705514431, 0.005920154973864555, 0.007120776455849409, 0.007722076959908009, 0.008930983021855354, 0.007552307564765215, 0.0071672177873551846, 0.009326262399554253, 0.009886846877634525, 0.009914909489452839, 0.008199706673622131, 0.009639814496040344, 0.007658700924366713, 0.01391936931759119, 0.01098384615033865, 0.006015055347234011, 0.00915538053959608, 0.008525450713932514, 0.008268211036920547, 0.008568846620619297, 0.006593836937099695, 0.006563539616763592, 0.006672821473330259, 0.008369128219783306, 0.012753690592944622, 0.007879954762756824, 0.01040683127939701, 0.006748744286596775, 0.007689749822020531, 0.006376578006893396, 0.009782268665730953, 0.0074882605113089085, 0.0062374575063586235, 0.010017208755016327, 0.01414012722671032, 0.009965688921511173, 0.007507995702326298, 0.006749741733074188, 0.006812886334955692, 0.006885618437081575, 0.006364437285810709, 0.0072668129578232765, 0.007544476073235273, 0.010686133988201618, 0.006122024729847908, 0.009108931757509708, 0.008687837980687618, 0.007123568560928106, 0.006092738825827837, 0.00741990003734827, 0.0088220639154315, 0.0069168428890407085, 0.011140188202261925, 0.01034147571772337, 0.007496400270611048, 0.010984208434820175], 'L_grad': [0.016779206693172455, 0.016612499952316284, 0.017678257077932358, 0.01994328945875168, 0.015766195952892303, 0.019432058557868004, 0.016110895201563835, 0.019080791622400284, 0.016767892986536026, 0.018744347617030144, 0.01578476093709469, 0.020150136202573776, 0.017832357436418533, 0.01890580914914608, 0.016597382724285126, 0.016218483448028564, 0.018049655482172966, 0.01685239002108574, 0.019530825316905975, 0.017200713977217674, 0.01844162493944168, 0.018030740320682526, 0.016651494428515434, 0.016167497262358665, 0.016500215977430344, 0.01742544211447239, 0.016942046582698822, 0.016978362575173378, 0.01720401644706726, 0.016981124877929688, 0.020190920680761337, 0.01857786253094673, 0.017672087997198105, 0.018519986420869827, 0.018329428508877754, 0.0161980502307415, 0.017902107909321785, 0.01719978079199791, 0.016201790422201157, 0.01633516140282154, 0.018188409507274628, 0.017541594803333282, 0.016576938331127167, 0.018735390156507492, 0.01897423528134823, 0.016764314845204353, 0.015688076615333557, 0.01737602986395359, 0.017255231738090515, 0.018880657851696014, 0.01645173877477646, 0.01793876476585865, 0.015451406128704548, 0.017088528722524643, 0.017272500321269035, 0.018841898068785667, 0.017146775498986244, 0.015517091378569603, 0.019992215558886528, 0.017486460506916046, 0.018464908003807068, 0.015828322619199753, 0.018752608448266983, 0.016433021053671837, 0.020096125081181526, 0.018244856968522072, 0.017671089619398117, 0.018674828112125397, 0.017164865508675575, 0.02007405273616314, 0.0172880906611681, 0.01791398413479328, 0.01639488898217678, 0.023373384028673172, 0.018868273124098778, 0.016560083255171776, 0.02323920652270317, 0.015727169811725616, 0.019731411710381508, 0.016136717051267624, 0.01674332097172737, 0.01835351064801216, 0.016134927049279213, 0.018749479204416275, 0.0169275663793087, 0.018375229090452194, 0.01631958968937397, 0.01642661541700363, 0.018446095287799835, 0.01800391636788845, 0.01903170719742775, 0.01863519661128521, 0.016703061759471893, 0.01659669354557991, 0.016563117504119873, 0.016508527100086212, 0.016909638419747353, 0.017359841614961624, 0.016054175794124603, 0.01600554957985878, 0.01697942614555359, 0.018748145550489426, 0.019082095474004745, 0.017387446016073227, 0.018215753138065338, 0.016088921576738358, 0.01833839900791645, 0.017763854935765266, 0.016481004655361176, 0.0190361849963665, 0.01893644407391548, 0.016150671988725662, 0.0199727900326252, 0.016128912568092346, 0.016550621017813683, 0.015655159950256348, 0.018450679257512093, 0.017695553600788116, 0.018684452399611473, 0.01649860106408596, 0.0182297732681036, 0.01707899011671543, 0.017388924956321716, 0.017266541719436646, 0.01863136515021324, 0.02013653889298439, 0.018501684069633484, 0.01741481013596058, 0.017180003225803375, 0.01547282561659813, 0.016391508281230927, 0.01772427000105381, 0.01814931444823742, 0.01770610362291336, 0.01849646121263504, 0.019070129841566086, 0.014127359725534916, 0.020614124834537506, 0.01856175810098648, 0.016529126092791557, 0.01771128736436367, 0.016524866223335266, 0.01655348762869835, 0.016112305223941803, 0.01820145919919014, 0.018317880108952522, 0.017031952738761902, 0.019230667501688004, 0.01643243432044983, 0.017068274319171906, 0.02086535468697548, 0.019571848213672638, 0.016993869096040726, 0.01885322853922844, 0.017439909279346466, 0.016274141147732735, 0.018753530457615852, 0.01724943146109581, 0.015305759385228157, 0.017218921333551407, 0.018264560028910637, 0.017216727137565613, 0.0167855117470026, 0.01907958835363388, 0.02030710130929947, 0.016530344262719154, 0.018360817804932594, 0.017513036727905273, 0.0177264753729105, 0.01692330278456211, 0.017004940658807755, 0.01726863719522953, 0.01828666776418686, 0.016323545947670937, 0.01762606017291546, 0.02054533362388611, 0.01809016615152359, 0.01682285964488983, 0.017471101135015488, 0.02082838863134384, 0.0192621611058712, 0.015336180105805397, 0.015997808426618576, 0.021421026438474655, 0.01858815737068653, 0.020813699811697006, 0.01717262715101242, 0.016209479421377182, 0.018440358340740204, 0.015840590000152588, 0.01629464514553547, 0.01607227511703968, 0.017774337902665138, 0.018105005845427513, 0.015686867758631706, 0.01612328365445137, 0.01712632179260254, 0.017050186172127724, 0.021205635741353035, 0.016184713691473007, 0.017059283331036568, 0.020509984344244003, 0.01787562295794487, 0.01675746962428093, 0.016931388527154922, 0.016560023650527, 0.017505791038274765, 0.02333979494869709, 0.020132362842559814, 0.016350895166397095, 0.01996973156929016, 0.01739629916846752, 0.019326582551002502, 0.016338204964995384, 0.017365751788020134, 0.015383206307888031, 0.015926122665405273, 0.018730707466602325, 0.021447021514177322, 0.017572497949004173, 0.018430840224027634, 0.016475465148687363, 0.01737111434340477, 0.016934284940361977, 0.017582960426807404, 0.01832711137831211, 0.01643834076821804, 0.018083298578858376, 0.02088097855448723, 0.018891146406531334, 0.017242737114429474, 0.015922054648399353, 0.018135590478777885, 0.017415311187505722, 0.015869807451963425, 0.01709272339940071, 0.01732546277344227, 0.019296620041131973, 0.016900675371289253, 0.019450780004262924, 0.019535794854164124, 0.019576160237193108, 0.01667953096330166, 0.01604144647717476, 0.01724046841263771, 0.016875145956873894, 0.018495112657546997, 0.019095052033662796, 0.016295038163661957, 0.014232206158339977]}
Setting up Multi Scale Gradient loss...
Done
Setting up Multi Scale Gradient loss...
Done
Setting up Multi Scale Gradient loss...
Done
Setting up Multi Scale Gradient loss...
Done
Setting up Multi Scale Gradient loss...
Done
Setting up Multi Scale Gradient loss...
Done
Setting up Multi Scale Gradient loss...
Done
Setting up Multi Scale Gradient loss...
Done
Setting up Multi Scale Gradient loss...
Done
Setting up Multi Scale Gradient loss...
Done
Setting up Multi Scale Gradient loss...
Done
Setting up Multi Scale Gradient loss...
Done
Setting up Multi Scale Gradient loss...
Done
Setting up Multi Scale Gradient loss...
Done
Setting up Multi Scale Gradient loss...
Done
Setting up Multi Scale Gradient loss...
Done
all losses in batch in validation:  {'loss': [0.025951839983463287, 0.025943603366613388, 0.028690338134765625, 0.03230360150337219, 0.022893045097589493, 0.03162236511707306, 0.027244556695222855, 0.031931351870298386, 0.024323558434844017, 0.027629297226667404, 0.02446833997964859, 0.03365671634674072, 0.028107786551117897, 0.030335839837789536, 0.027120592072606087, 0.024388737976551056, 0.02784830331802368, 0.024870730936527252, 0.03210005536675453, 0.026120655238628387, 0.027166716754436493, 0.027752511203289032, 0.026855748146772385, 0.021979324519634247, 0.024919670075178146, 0.026366790756583214, 0.024469677358865738, 0.026114728301763535, 0.027424413710832596, 0.02808464504778385, 0.033362384885549545, 0.030526135116815567, 0.031067386269569397, 0.02743283286690712, 0.032230667769908905, 0.025037109851837158, 0.03043064847588539, 0.028654439374804497, 0.024797122925519943, 0.025523444637656212, 0.030562110245227814, 0.028723493218421936, 0.024833394214510918, 0.03168831020593643, 0.03151775896549225, 0.023432467132806778, 0.024494484066963196, 0.027493994683027267, 0.02697792649269104, 0.031895678490400314, 0.02680976502597332, 0.028640910983085632, 0.023998092859983444, 0.02796001359820366, 0.03146331384778023, 0.029796447604894638, 0.02627672627568245, 0.024630427360534668, 0.030755262821912766, 0.028620082885026932, 0.03038226254284382, 0.025428246706724167, 0.027229851111769676, 0.025194020941853523, 0.02932916209101677, 0.026886194944381714, 0.029846791177988052, 0.032584093511104584, 0.026763882488012314, 0.030919693410396576, 0.025303786620497704, 0.02922799438238144, 0.021818529814481735, 0.03556094318628311, 0.027391888201236725, 0.02561461180448532, 0.034047696739435196, 0.022988557815551758, 0.032365456223487854, 0.02293524518609047, 0.024554068222641945, 0.030820805579423904, 0.02619050443172455, 0.030944760888814926, 0.024201806634664536, 0.02980722300708294, 0.025120381265878677, 0.025249682366847992, 0.029919441789388657, 0.030950775370001793, 0.031882233917713165, 0.027250230312347412, 0.02528451569378376, 0.023798204958438873, 0.024685433134436607, 0.026117103174328804, 0.024769313633441925, 0.02550768107175827, 0.0245834831148386, 0.026788804680109024, 0.026838501915335655, 0.027240527793765068, 0.029288701713085175, 0.02539437636733055, 0.0271612536162138, 0.02261911705136299, 0.028523746877908707, 0.028612740337848663, 0.023948200047016144, 0.030527569353580475, 0.02716449648141861, 0.024712778627872467, 0.030319783836603165, 0.02390490472316742, 0.024951986968517303, 0.020816879346966743, 0.028436819091439247, 0.027669675648212433, 0.03029816597700119, 0.02581307850778103, 0.028178326785564423, 0.02717321552336216, 0.025404801592230797, 0.02639806643128395, 0.03041660413146019, 0.03257794678211212, 0.02822915092110634, 0.026911599561572075, 0.026776183396577835, 0.02514919638633728, 0.025287337601184845, 0.029162202030420303, 0.028634987771511078, 0.028113532811403275, 0.02912929095327854, 0.030065955594182014, 0.019022494554519653, 0.032149918377399445, 0.032298117876052856, 0.02436506561934948, 0.028342150151729584, 0.026380080729722977, 0.022895561531186104, 0.023797348141670227, 0.03057817369699478, 0.026402251794934273, 0.028658296912908554, 0.033385127782821655, 0.024409838020801544, 0.025451352819800377, 0.03265869989991188, 0.03171011060476303, 0.027454495429992676, 0.02810882031917572, 0.030229300260543823, 0.02335515432059765, 0.028966665267944336, 0.025305476039648056, 0.024665405973792076, 0.028750471770763397, 0.0252622552216053, 0.024414651095867157, 0.024658333510160446, 0.030309012159705162, 0.03602190315723419, 0.025795189663767815, 0.02974700555205345, 0.0259777270257473, 0.0268245916813612, 0.02517959102988243, 0.026331529021263123, 0.0270676352083683, 0.029252834618091583, 0.023326514288783073, 0.02728496491909027, 0.029319047927856445, 0.02979131042957306, 0.026706459000706673, 0.02799246460199356, 0.03615085035562515, 0.029764696955680847, 0.023784182965755463, 0.02352777123451233, 0.03464259207248688, 0.02922695130109787, 0.03430026024580002, 0.028066154569387436, 0.023836659267544746, 0.028475947678089142, 0.02304767444729805, 0.025257522240281105, 0.025087468326091766, 0.025001106783747673, 0.02714555338025093, 0.023170949891209602, 0.022756125777959824, 0.02723095938563347, 0.025710102170705795, 0.03194454684853554, 0.02465270832180977, 0.026321494951844215, 0.03099224343895912, 0.02917255461215973, 0.02741287276148796, 0.025533702224493027, 0.026675567030906677, 0.02779422514140606, 0.03570571541786194, 0.031942687928676605, 0.02367614209651947, 0.032368142157793045, 0.025991171598434448, 0.029946139082312584, 0.026777293533086777, 0.026258228346705437, 0.02373400144279003, 0.023209314793348312, 0.027589155361056328, 0.03410552442073822, 0.02941163443028927, 0.029977217316627502, 0.025688307359814644, 0.02516056038439274, 0.025361590087413788, 0.02827983722090721, 0.025843458250164986, 0.02415401302278042, 0.02811753936111927, 0.03692594915628433, 0.029412422329187393, 0.0267952810972929, 0.022826820611953735, 0.027105694636702538, 0.02742696925997734, 0.023043006658554077, 0.026580680161714554, 0.027913689613342285, 0.029991116374731064, 0.0240806695073843, 0.032512959092855453, 0.030202295631170273, 0.02646048553287983, 0.02370377629995346, 0.024140411987900734, 0.027118796482682228, 0.02515803650021553, 0.02972032129764557, 0.031955890357494354, 0.026641719043254852, 0.025693681091070175], 'L_si': [0.008330990560352802, 0.009264166466891766, 0.008832116611301899, 0.010107926093041897, 0.006357740610837936, 0.011944971047341824, 0.010384438559412956, 0.011765792034566402, 0.007177666295319796, 0.00818927027285099, 0.008267373777925968, 0.01251350250095129, 0.008935732766985893, 0.009857052005827427, 0.00879400409758091, 0.006727590225636959, 0.007846913300454617, 0.007061575539410114, 0.011053020134568214, 0.007780923508107662, 0.008133863098919392, 0.00875247921794653, 0.008115901611745358, 0.005564684979617596, 0.007166401483118534, 0.00794445350766182, 0.0075157093815505505, 0.00781338382512331, 0.009201549924910069, 0.008720675483345985, 0.012411885894834995, 0.010482042096555233, 0.012070360593497753, 0.00858142226934433, 0.012202439829707146, 0.00885686930269003, 0.009863209910690784, 0.00947168841958046, 0.007315104361623526, 0.00821751169860363, 0.010016027837991714, 0.009639840573072433, 0.007413814309984446, 0.012325642630457878, 0.01207778975367546, 0.006852279417216778, 0.006968974601477385, 0.009573179297149181, 0.008272184059023857, 0.010705559514462948, 0.0096671711653471, 0.010041185654699802, 0.007495850790292025, 0.009566664695739746, 0.012313449755311012, 0.010827972553670406, 0.008898650296032429, 0.007554632145911455, 0.00985636841505766, 0.008840125054121017, 0.011262862011790276, 0.008238159120082855, 0.00825071893632412, 0.007685717195272446, 0.008722187019884586, 0.008949932642281055, 0.011337419040501118, 0.014017208479344845, 0.008215409703552723, 0.00985834002494812, 0.007182045374065638, 0.011029246263206005, 0.005392696242779493, 0.011712785810232162, 0.008013655431568623, 0.008186445571482182, 0.010727916844189167, 0.006395068019628525, 0.010266332887113094, 0.006048073526471853, 0.00728188082575798, 0.010669696144759655, 0.009708361700177193, 0.010083964094519615, 0.006950687617063522, 0.011194147169589996, 0.007885555736720562, 0.007921908050775528, 0.00930668506771326, 0.011808609589934349, 0.011821143329143524, 0.00783806573599577, 0.007542212959378958, 0.006114226765930653, 0.008163852617144585, 0.007604503538459539, 0.0068294452503323555, 0.006958926562219858, 0.007562367245554924, 0.00945950299501419, 0.009488558396697044, 0.008001869544386864, 0.010281267575919628, 0.007134631276130676, 0.007916288450360298, 0.006499904673546553, 0.009877889417111874, 0.008755144663155079, 0.0073448726907372475, 0.010372031480073929, 0.007957504130899906, 0.00679811742156744, 0.009446992538869381, 0.0071413652040064335, 0.007080738432705402, 0.005129901226609945, 0.008197465911507607, 0.010198194533586502, 0.009920409880578518, 0.007801476400345564, 0.008285224437713623, 0.00879749096930027, 0.007791704032570124, 0.007900846190750599, 0.010394391603767872, 0.010787231847643852, 0.007978023029863834, 0.008377933874726295, 0.008238875307142735, 0.008599412627518177, 0.00814735982567072, 0.010795976966619492, 0.010477210395038128, 0.009545383043587208, 0.009408047422766685, 0.010241569951176643, 0.0047018034383654594, 0.010177602991461754, 0.01231719646602869, 0.00739503838121891, 0.010313569568097591, 0.007709942292422056, 0.006051392760127783, 0.007692025043070316, 0.009700380265712738, 0.007520704064518213, 0.008952791802585125, 0.01356301736086607, 0.007176936604082584, 0.008011775091290474, 0.011320183984935284, 0.010238965041935444, 0.010155471973121166, 0.008574329316616058, 0.011541764251887798, 0.006344231311231852, 0.008769720792770386, 0.007023403886705637, 0.00900229625403881, 0.010805449448525906, 0.006923672743141651, 0.006640668027102947, 0.007141794078052044, 0.010996412485837936, 0.015603100880980492, 0.0078004165552556515, 0.010464867576956749, 0.008087950758635998, 0.008268037810921669, 0.007195429410785437, 0.008673607371747494, 0.009216909296810627, 0.01022475678473711, 0.007256303448230028, 0.008183403871953487, 0.008846278302371502, 0.010864663869142532, 0.008035652339458466, 0.009769546799361706, 0.014370682649314404, 0.00992518849670887, 0.008305149152874947, 0.007312307134270668, 0.012125017121434212, 0.009933971799910069, 0.011839005164802074, 0.009776209481060505, 0.006802637595683336, 0.009025325067341328, 0.006825185380876064, 0.007329845800995827, 0.007708973251283169, 0.006690294947475195, 0.008034148253500462, 0.005938491318374872, 0.006384412758052349, 0.008709787391126156, 0.00822275597602129, 0.009715457446873188, 0.008002466522157192, 0.007891114801168442, 0.00985489971935749, 0.010629402473568916, 0.010214335285127163, 0.008523953147232533, 0.010017095133662224, 0.008930312469601631, 0.013080278411507607, 0.011440569534897804, 0.006539581343531609, 0.01051940768957138, 0.00856129452586174, 0.009309371933341026, 0.009368982166051865, 0.007493565324693918, 0.007313929498195648, 0.006971599999815226, 0.00854831375181675, 0.012846146710216999, 0.00968126393854618, 0.010950530879199505, 0.007785547059029341, 0.007723623421043158, 0.007161047775298357, 0.010183657519519329, 0.0073801130056381226, 0.006905337795615196, 0.01011374406516552, 0.015282525680959225, 0.010311243124306202, 0.008269593119621277, 0.00674711586907506, 0.007685441989451647, 0.008132421411573887, 0.006685017142444849, 0.008244593627750874, 0.008859465830028057, 0.010899273678660393, 0.006431457120925188, 0.011240633204579353, 0.009606774896383286, 0.007003596518188715, 0.006514368113130331, 0.007792348507791758, 0.009260563179850578, 0.007462694775313139, 0.01142203714698553, 0.011449120938777924, 0.008887686766684055, 0.011072473600506783], 'L_grad': [0.01762084849178791, 0.016679435968399048, 0.0198582224547863, 0.02219567447900772, 0.016535304486751556, 0.01967739313840866, 0.0168601181358099, 0.02016555890440941, 0.01714589260518551, 0.019440026953816414, 0.016200967133045197, 0.021143214777112007, 0.019172053784132004, 0.020478788763284683, 0.018326587975025177, 0.01766114868223667, 0.02000139094889164, 0.017809156328439713, 0.021047035232186317, 0.0183397326618433, 0.019032854586839676, 0.019000031054019928, 0.018739845603704453, 0.016414638608694077, 0.017753269523382187, 0.018422337248921394, 0.0169539675116539, 0.0183013454079628, 0.018222864717245102, 0.019363969564437866, 0.020950498059391975, 0.02004409395158291, 0.01899702474474907, 0.01885141059756279, 0.02002822607755661, 0.016180239617824554, 0.02056743949651718, 0.019182750955224037, 0.01748201809823513, 0.017305932939052582, 0.0205460824072361, 0.019083652645349503, 0.01741958037018776, 0.019362669438123703, 0.019439969211816788, 0.016580186784267426, 0.017525508999824524, 0.01792081631720066, 0.018705742433667183, 0.021190118044614792, 0.01714259386062622, 0.018599724397063255, 0.016502242535352707, 0.018393348902463913, 0.019149864092469215, 0.018968474119901657, 0.017378076910972595, 0.0170757956802845, 0.020898893475532532, 0.019779957830905914, 0.019119400531053543, 0.01719008758664131, 0.018979132175445557, 0.017508303746581078, 0.02060697413980961, 0.017936263233423233, 0.01850937306880951, 0.018566884100437164, 0.018548471853137016, 0.021061353385448456, 0.018121741712093353, 0.01819874905049801, 0.016425833106040955, 0.02384815737605095, 0.019378233700990677, 0.017428165301680565, 0.023319780826568604, 0.016593489795923233, 0.022099124267697334, 0.01688717119395733, 0.017272187396883965, 0.020151108503341675, 0.016482142731547356, 0.02086079679429531, 0.017251119017601013, 0.018613075837492943, 0.01723482646048069, 0.017327774316072464, 0.02061275765299797, 0.019142165780067444, 0.02006109058856964, 0.019412163645029068, 0.017742302268743515, 0.017683977261185646, 0.016521580517292023, 0.018512599170207977, 0.017939867451786995, 0.0185487549751997, 0.017021115869283676, 0.017329301685094833, 0.01734994351863861, 0.019238658249378204, 0.019007433205842972, 0.018259745091199875, 0.0192449651658535, 0.01611921191215515, 0.01864585652947426, 0.01985759474337101, 0.01660332642495632, 0.020155537873506546, 0.019206993281841278, 0.017914660274982452, 0.02087279222905636, 0.016763539984822273, 0.017871249467134476, 0.01568697765469551, 0.02023935317993164, 0.01747148111462593, 0.020377757027745247, 0.018011601641774178, 0.0198931023478508, 0.01837572455406189, 0.01761309802532196, 0.018497221171855927, 0.020022213459014893, 0.02179071307182312, 0.02025112695991993, 0.01853366568684578, 0.018537309020757675, 0.016549784690141678, 0.0171399787068367, 0.018366225063800812, 0.018157778307795525, 0.01856815069913864, 0.019721243530511856, 0.01982438564300537, 0.014320692047476768, 0.02197231724858284, 0.01998092234134674, 0.01697002723813057, 0.018028581514954567, 0.018670137971639633, 0.016844168305397034, 0.016105324029922485, 0.020877793431282043, 0.018881548196077347, 0.019705506041646004, 0.01982211135327816, 0.017232900485396385, 0.017439577728509903, 0.021338514983654022, 0.021471146494150162, 0.017299022525548935, 0.019534491002559662, 0.01868753507733345, 0.017010923475027084, 0.02019694447517395, 0.018282072618603706, 0.015663109719753265, 0.017945021390914917, 0.018338581547141075, 0.017773982137441635, 0.017516540363430977, 0.019312599673867226, 0.02041880041360855, 0.017994772642850876, 0.019282137975096703, 0.017889775335788727, 0.01855655387043953, 0.017984161153435707, 0.017657920718193054, 0.01785072684288025, 0.019028078764677048, 0.016070211306214333, 0.01910156011581421, 0.02047276869416237, 0.018926646560430527, 0.018670806661248207, 0.01822291687130928, 0.021780168637633324, 0.019839508458971977, 0.015479033812880516, 0.01621546410024166, 0.022517576813697815, 0.019292978569865227, 0.02246125414967537, 0.018289946019649506, 0.017034022137522697, 0.01945062354207039, 0.01622248813509941, 0.01792767643928528, 0.017378496006131172, 0.01831081137061119, 0.019111406058073044, 0.017232459038496017, 0.0163717120885849, 0.018521171063184738, 0.01748734526336193, 0.022229088470339775, 0.016650240868330002, 0.018430380150675774, 0.02113734371960163, 0.018543152138590813, 0.017198536545038223, 0.01700974814593792, 0.016658471897244453, 0.018863912671804428, 0.02262543886899948, 0.02050211653113365, 0.01713656075298786, 0.021848734468221664, 0.017429877072572708, 0.020636767148971558, 0.017408311367034912, 0.018764663487672806, 0.016420071944594383, 0.016237715259194374, 0.019040841609239578, 0.021259378641843796, 0.019730370491743088, 0.019026685506105423, 0.017902759835124016, 0.017436936497688293, 0.018200542777776718, 0.018096178770065308, 0.018463345244526863, 0.017248675227165222, 0.01800379529595375, 0.021643422544002533, 0.019101180136203766, 0.018525687977671623, 0.016079705208539963, 0.019420253112912178, 0.01929454691708088, 0.016357989981770515, 0.018336087465286255, 0.019054224714636803, 0.01909184269607067, 0.0176492128521204, 0.0212723258882761, 0.020595520734786987, 0.0194568894803524, 0.017189407721161842, 0.016348063945770264, 0.01785823330283165, 0.017695341259241104, 0.018298283219337463, 0.02050676755607128, 0.01775403320789337, 0.014621207490563393]}
Setting up Multi Scale Gradient loss...
Done
Setting up Multi Scale Gradient loss...
Done
Setting up Multi Scale Gradient loss...
Done
Setting up Multi Scale Gradient loss...
Done
Setting up Multi Scale Gradient loss...
Done
Setting up Multi Scale Gradient loss...
Done
Setting up Multi Scale Gradient loss...
Done
Setting up Multi Scale Gradient loss...
Done
Setting up Multi Scale Gradient loss...
Setting up Multi Scale Gradient loss...
Setting up Multi Scale Gradient loss...
Setting up Multi Scale Gradient loss...
Setting up Multi Scale Gradient loss...Setting up Multi Scale Gradient loss...

Setting up Multi Scale Gradient loss...DoneDoneSetting up Multi Scale Gradient loss...


Done
Done

DoneDone

Done
Done
all losses in batch in validation:  {'loss': [0.023743197321891785, 0.02588457614183426, 0.02280323952436447, 0.0277191661298275, 0.020929129794239998, 0.03065020777285099, 0.025261636823415756, 0.0287121944129467, 0.02382141724228859, 0.022926803678274155, 0.02384791523218155, 0.030425185337662697, 0.02436913549900055, 0.02649597078561783, 0.02257111296057701, 0.02058757096529007, 0.023559411987662315, 0.0229228213429451, 0.028217874467372894, 0.023746797814965248, 0.02586200088262558, 0.0259248036891222, 0.02173788845539093, 0.021545283496379852, 0.021937372162938118, 0.023724544793367386, 0.024313142523169518, 0.022545645013451576, 0.025744732469320297, 0.022662600502371788, 0.029556339606642723, 0.025770988315343857, 0.026626162230968475, 0.026061415672302246, 0.026153920218348503, 0.024919044226408005, 0.023735538125038147, 0.0236978717148304, 0.021656161174178123, 0.023251527920365334, 0.024631164968013763, 0.025668051093816757, 0.023057421669363976, 0.02959301322698593, 0.029742160812020302, 0.023840172216296196, 0.019768331199884415, 0.025340232998132706, 0.024567967280745506, 0.02692895568907261, 0.024608053267002106, 0.027068542316555977, 0.021480469033122063, 0.024357832968235016, 0.025929732248187065, 0.029749562963843346, 0.025330984964966774, 0.021371731534600258, 0.02937570959329605, 0.02268553525209427, 0.028479300439357758, 0.022089779376983643, 0.026734396815299988, 0.022765912115573883, 0.026698188856244087, 0.025856735184788704, 0.027373269200325012, 0.03214511647820473, 0.023131607100367546, 0.02749410644173622, 0.023777266964316368, 0.028182953596115112, 0.02181762456893921, 0.029966430738568306, 0.022900620475411415, 0.023443255573511124, 0.03190196305513382, 0.020666996017098427, 0.026593487709760666, 0.021757056936621666, 0.022824108600616455, 0.026474054902791977, 0.025055935606360435, 0.025602594017982483, 0.02357763797044754, 0.02842361479997635, 0.02297073043882847, 0.0229771938174963, 0.023465104401111603, 0.027239561080932617, 0.028467576950788498, 0.024870242923498154, 0.022722985595464706, 0.02134288288652897, 0.024891965091228485, 0.021494660526514053, 0.023348398506641388, 0.02283487655222416, 0.02233540266752243, 0.02396571636199951, 0.026063211262226105, 0.02552681788802147, 0.028075121343135834, 0.02281726896762848, 0.023972932249307632, 0.022918418049812317, 0.027835596352815628, 0.022555196657776833, 0.02291140705347061, 0.02693428471684456, 0.024393361061811447, 0.020957618951797485, 0.029298707842826843, 0.021507447585463524, 0.021921878680586815, 0.021488308906555176, 0.023929953575134277, 0.027335047721862793, 0.027492236346006393, 0.022423893213272095, 0.023843374103307724, 0.02383553609251976, 0.024875376373529434, 0.023599036037921906, 0.026960913091897964, 0.02424360252916813, 0.02355930581688881, 0.024095702916383743, 0.023646265268325806, 0.02276894450187683, 0.02375837229192257, 0.026819225400686264, 0.028506135568022728, 0.025580842047929764, 0.02622121572494507, 0.027365179732441902, 0.018429044634103775, 0.030328836292028427, 0.02827448397874832, 0.023431794717907906, 0.027596350759267807, 0.0209494661539793, 0.02217281423509121, 0.023595239967107773, 0.023614566773176193, 0.02420024201273918, 0.021623607724905014, 0.031484205275774, 0.02247701771557331, 0.02476680837571621, 0.02833566442131996, 0.02646760828793049, 0.026623127982020378, 0.023762991651892662, 0.02584400400519371, 0.021987970918416977, 0.02501538209617138, 0.022824669256806374, 0.02316911518573761, 0.026776816695928574, 0.025539634749293327, 0.023242298513650894, 0.02327585779130459, 0.028671929612755775, 0.032761767506599426, 0.022350719198584557, 0.02725880593061447, 0.023929068818688393, 0.025029156357049942, 0.0225843396037817, 0.025810886174440384, 0.025227967649698257, 0.02774924784898758, 0.023469578474760056, 0.023422136902809143, 0.025835517793893814, 0.027155915275216103, 0.0222783163189888, 0.025751017034053802, 0.032714784145355225, 0.029232893139123917, 0.02347276359796524, 0.023293357342481613, 0.03171772509813309, 0.02656221017241478, 0.030721556395292282, 0.025125697255134583, 0.022674839943647385, 0.026661083102226257, 0.021891245618462563, 0.020990975201129913, 0.02235867641866207, 0.023678362369537354, 0.025350229814648628, 0.01959913969039917, 0.02132851630449295, 0.022831114009022713, 0.025097692385315895, 0.028801413252949715, 0.02355506457388401, 0.023171845823526382, 0.027495931833982468, 0.026758870109915733, 0.026434781029820442, 0.024812979623675346, 0.025915764272212982, 0.023837100714445114, 0.033094070851802826, 0.030689580366015434, 0.022120419889688492, 0.028392430394887924, 0.025903522968292236, 0.027437344193458557, 0.02400824800133705, 0.023098111152648926, 0.021495342254638672, 0.022783996537327766, 0.024088401347398758, 0.03292224183678627, 0.024896802380681038, 0.027991849929094315, 0.02241148240864277, 0.025579089298844337, 0.02193111553788185, 0.02655014954507351, 0.026828240603208542, 0.021337637677788734, 0.028319578617811203, 0.033309824764728546, 0.028071194887161255, 0.0232277549803257, 0.022728685289621353, 0.02456837147474289, 0.022723767906427383, 0.02188556268811226, 0.024051938205957413, 0.023999392986297607, 0.029830994084477425, 0.022539565339684486, 0.026238497346639633, 0.028810817748308182, 0.027466705068945885, 0.022036733105778694, 0.02318265661597252, 0.02617310732603073, 0.022821946069598198, 0.030102035030722618, 0.02812417969107628, 0.023108918219804764, 0.024084802716970444], 'L_si': [0.007482810877263546, 0.009222361259162426, 0.006662708707153797, 0.008830275386571884, 0.005626215599477291, 0.011514937505126, 0.00947753805667162, 0.010630303993821144, 0.007260934449732304, 0.006431101821362972, 0.008082578890025616, 0.010853296145796776, 0.007724415045231581, 0.008905054070055485, 0.006944906432181597, 0.00561851542443037, 0.006731488276273012, 0.00639493390917778, 0.009782900102436543, 0.006885401904582977, 0.00766688073053956, 0.00817246362566948, 0.0064091794192790985, 0.005538043566048145, 0.006280344445258379, 0.007017489522695541, 0.007431881967931986, 0.006764668505638838, 0.008708469569683075, 0.0066929105669260025, 0.01069038175046444, 0.008688300848007202, 0.01010056957602501, 0.008110742084681988, 0.00911952368915081, 0.008680887520313263, 0.007361556403338909, 0.0074703809805214405, 0.006289646960794926, 0.007286300882697105, 0.007639962248504162, 0.008499755524098873, 0.006701514590531588, 0.011166480369865894, 0.011313462629914284, 0.006950490176677704, 0.00538709107786417, 0.008705255575478077, 0.007697613909840584, 0.008754657581448555, 0.008644051849842072, 0.009660748764872551, 0.006525807548314333, 0.0083176763728261, 0.00985945388674736, 0.010773444548249245, 0.008665984496474266, 0.006181619595736265, 0.00975211150944233, 0.00679593812674284, 0.010609637945890427, 0.0069068847224116325, 0.008003219030797482, 0.0069470396265387535, 0.00790392979979515, 0.008517347276210785, 0.01012253388762474, 0.01357364747673273, 0.0068681263364851475, 0.009120289236307144, 0.006995965261012316, 0.010664314031600952, 0.0055121490731835365, 0.009411539882421494, 0.006460862699896097, 0.007246510125696659, 0.00995583739131689, 0.005654748994857073, 0.008425918407738209, 0.005810468923300505, 0.0067315418273210526, 0.009109128266572952, 0.009398547932505608, 0.008367637172341347, 0.006892405450344086, 0.010808253660798073, 0.0070090945810079575, 0.007097461726516485, 0.00693875178694725, 0.010288395918905735, 0.010326293297111988, 0.007409990299493074, 0.006545878015458584, 0.005573005881160498, 0.008223782293498516, 0.0059100063517689705, 0.006602503824979067, 0.006195997353643179, 0.00667992327362299, 0.008461588062345982, 0.009227928705513477, 0.007242574822157621, 0.009749711491167545, 0.006337587721645832, 0.006899795960634947, 0.006733995396643877, 0.009468344040215015, 0.006485221907496452, 0.00700919097289443, 0.008848844096064568, 0.00700368732213974, 0.005546950735151768, 0.009390958584845066, 0.006193292792886496, 0.0059892707504332066, 0.005402267910540104, 0.006872682366520166, 0.010030548088252544, 0.009480515494942665, 0.006582541856914759, 0.006566991098225117, 0.0076070427894592285, 0.007751260418444872, 0.006956036668270826, 0.008773425593972206, 0.007318515330553055, 0.006552295759320259, 0.007573376875370741, 0.00694853812456131, 0.007543301675468683, 0.00779790198430419, 0.00957381259649992, 0.010269977152347565, 0.008447512052953243, 0.008740924298763275, 0.009234229102730751, 0.00472765788435936, 0.009601621888577938, 0.01044774241745472, 0.007164729759097099, 0.00995416659861803, 0.0057601057924330235, 0.006055138539522886, 0.007580123376101255, 0.007246806286275387, 0.006797597277909517, 0.006276829168200493, 0.012357458472251892, 0.006696624681353569, 0.007802964653819799, 0.009458987973630428, 0.007686013355851173, 0.00983300618827343, 0.007041746284812689, 0.009122664108872414, 0.006060476880520582, 0.007381593808531761, 0.006491867359727621, 0.008194775320589542, 0.009880011901259422, 0.006924946326762438, 0.0061310105957090855, 0.006686970125883818, 0.01037120632827282, 0.013189354911446571, 0.006566049065440893, 0.009466828778386116, 0.007397061679512262, 0.0076995533891022205, 0.006283234804868698, 0.008504916913807392, 0.00846476573497057, 0.009575082920491695, 0.0072716292925179005, 0.006936679594218731, 0.007829890586435795, 0.009744752198457718, 0.006285232491791248, 0.008970044553279877, 0.01200150977820158, 0.009618518874049187, 0.008182711899280548, 0.007335002534091473, 0.010746246203780174, 0.00914216972887516, 0.010388736613094807, 0.008653615601360798, 0.006730230990797281, 0.00809828843921423, 0.006619325373321772, 0.005714088678359985, 0.006564783398061991, 0.006351368967443705, 0.0075668152421712875, 0.005071525927633047, 0.005757498554885387, 0.006897211540490389, 0.007985837757587433, 0.008495042100548744, 0.007639369461685419, 0.0069526913575828075, 0.00828006025403738, 0.009443618357181549, 0.009922478348016739, 0.008205628022551537, 0.009618798270821571, 0.007492165081202984, 0.012034425511956215, 0.010896708816289902, 0.00601163599640131, 0.008942574262619019, 0.008491355925798416, 0.008794783614575863, 0.00828977394849062, 0.006753445602953434, 0.006473761051893234, 0.006814753171056509, 0.007209940813481808, 0.012598700821399689, 0.008008608594536781, 0.010120809078216553, 0.0066530643962323666, 0.00815923698246479, 0.006086959503591061, 0.009612465277314186, 0.007568382192403078, 0.0059786285273730755, 0.010187878273427486, 0.013454815372824669, 0.009881187230348587, 0.00706417066976428, 0.006756228394806385, 0.007136886473745108, 0.006699110381305218, 0.006294109392911196, 0.007365872152149677, 0.00744520453736186, 0.010467827320098877, 0.006159036885946989, 0.008586931973695755, 0.009048032574355602, 0.007373260799795389, 0.0059034633450210094, 0.007584867533296347, 0.008960730396211147, 0.006787439342588186, 0.011592032387852669, 0.010213333182036877, 0.007435133680701256, 0.010265909135341644], 'L_grad': [0.016260387375950813, 0.016662215813994408, 0.01614053174853325, 0.018888890743255615, 0.015302914194762707, 0.01913527026772499, 0.015784097835421562, 0.018081890419125557, 0.01656048372387886, 0.016495700925588608, 0.015765337273478508, 0.01957188919186592, 0.01664471998810768, 0.01759091578423977, 0.0156262069940567, 0.014969056472182274, 0.01682792417705059, 0.01652788743376732, 0.018434973433613777, 0.01686139591038227, 0.018195120617747307, 0.01775234006345272, 0.015328709036111832, 0.01600724086165428, 0.015657028183341026, 0.016707055270671844, 0.01688126102089882, 0.01578097604215145, 0.017036262899637222, 0.015969689935445786, 0.018865957856178284, 0.017082687467336655, 0.016525592654943466, 0.017950672656297684, 0.017034396529197693, 0.016238156706094742, 0.016373980790376663, 0.016227491199970245, 0.015366514213383198, 0.015965227037668228, 0.016991201788187027, 0.01716829463839531, 0.016355907544493675, 0.01842653378844261, 0.018428698182106018, 0.016889682039618492, 0.01438124105334282, 0.016634978353977203, 0.016870353370904922, 0.018174298107624054, 0.015964001417160034, 0.017407793551683426, 0.014954661950469017, 0.01604015752673149, 0.016070278361439705, 0.0189761184155941, 0.016665000468492508, 0.015190111473202705, 0.01962359808385372, 0.015889596194028854, 0.01786966249346733, 0.015182893723249435, 0.01873117685317993, 0.015818871557712555, 0.018794259056448936, 0.01733938790857792, 0.01725073531270027, 0.01857146807014942, 0.016263481229543686, 0.018373817205429077, 0.01678130216896534, 0.01751863956451416, 0.016305476427078247, 0.020554890856146812, 0.016439758241176605, 0.01619674637913704, 0.021946124732494354, 0.015012247487902641, 0.018167568370699883, 0.015946587547659874, 0.016092566773295403, 0.017364926636219025, 0.015657387673854828, 0.017234956845641136, 0.016685232520103455, 0.017615361139178276, 0.01596163585782051, 0.015879731625318527, 0.016526352614164352, 0.016951166093349457, 0.018141284584999084, 0.017460253089666367, 0.016177108511328697, 0.015769876539707184, 0.016668181866407394, 0.015584655106067657, 0.01674589514732361, 0.016638878732919693, 0.015655480325222015, 0.015504127368330956, 0.016835281625390053, 0.01828424260020256, 0.018325410783290863, 0.01647968217730522, 0.0170731358230114, 0.016184423118829727, 0.018367251381278038, 0.01606997475028038, 0.015902215614914894, 0.01808544062077999, 0.017389673739671707, 0.015410667285323143, 0.019907750189304352, 0.015314155258238316, 0.015932608395814896, 0.016086041927337646, 0.017057271674275398, 0.017304498702287674, 0.01801172085106373, 0.015841351822018623, 0.017276383936405182, 0.01622849330306053, 0.01712411642074585, 0.016642998903989792, 0.01818748749792576, 0.016925087198615074, 0.01700701005756855, 0.016522325575351715, 0.016697727143764496, 0.015225643292069435, 0.015960469841957092, 0.01724541187286377, 0.018236158415675163, 0.017133330926299095, 0.017480291426181793, 0.01813095062971115, 0.01370138581842184, 0.020727213472127914, 0.017826741561293602, 0.016267064958810806, 0.01764218509197235, 0.015189360827207565, 0.016117675229907036, 0.01601511612534523, 0.01636776141822338, 0.01740264520049095, 0.015346778556704521, 0.01912674680352211, 0.015780393034219742, 0.016963843256235123, 0.01887667551636696, 0.018781594932079315, 0.016790121793746948, 0.016721244901418686, 0.016721339896321297, 0.015927493572235107, 0.017633788287639618, 0.016332801431417465, 0.014974339865148067, 0.01689680479466915, 0.018614688888192177, 0.017111288383603096, 0.016588887199759483, 0.018300723284482956, 0.019572410732507706, 0.015784669667482376, 0.017791977152228355, 0.016532007604837418, 0.01732960343360901, 0.016301104798913002, 0.017305970191955566, 0.016763202846050262, 0.01817416399717331, 0.016197949647903442, 0.016485458239912987, 0.018005628138780594, 0.017411163076758385, 0.015993084758520126, 0.016780972480773926, 0.02071327529847622, 0.01961437426507473, 0.015290050767362118, 0.015958353877067566, 0.020971478894352913, 0.01742004044353962, 0.02033282071352005, 0.01647208258509636, 0.01594460941851139, 0.018562795594334602, 0.015271920710802078, 0.015276886522769928, 0.015793893486261368, 0.017326993867754936, 0.01778341457247734, 0.014527613297104836, 0.015571016818284988, 0.01593390293419361, 0.017111854627728462, 0.02030637115240097, 0.01591569557785988, 0.016219154000282288, 0.019215872511267662, 0.017315251752734184, 0.016512302681803703, 0.01660735160112381, 0.01629696600139141, 0.016344934701919556, 0.02105964533984661, 0.019792871549725533, 0.016108784824609756, 0.019449856132268906, 0.01741216704249382, 0.01864255964756012, 0.015718474984169006, 0.016344664618372917, 0.015021581202745438, 0.01596924290060997, 0.016878459602594376, 0.02032354101538658, 0.016888193786144257, 0.017871040850877762, 0.015758417546749115, 0.017419852316379547, 0.015844156965613365, 0.016937684267759323, 0.01925985887646675, 0.015359008684754372, 0.01813170127570629, 0.019855007529258728, 0.018190007656812668, 0.01616358384490013, 0.015972457826137543, 0.017431484535336494, 0.01602465659379959, 0.015591452829539776, 0.01668606698513031, 0.01655418798327446, 0.019363166764378548, 0.01638052798807621, 0.017651565372943878, 0.019762784242630005, 0.020093444734811783, 0.016133269295096397, 0.015597788617014885, 0.01721237599849701, 0.016034506261348724, 0.01851000264286995, 0.017910845577716827, 0.015673784539103508, 0.013818894512951374]}
Setting up Multi Scale Gradient loss...
Done
Setting up Multi Scale Gradient loss...
Done
Setting up Multi Scale Gradient loss...
Done
Setting up Multi Scale Gradient loss...
Done
Setting up Multi Scale Gradient loss...
Done
Setting up Multi Scale Gradient loss...
Done
Setting up Multi Scale Gradient loss...
Done
Setting up Multi Scale Gradient loss...
Done
Setting up Multi Scale Gradient loss...
Done
Setting up Multi Scale Gradient loss...
Done
Setting up Multi Scale Gradient loss...
Done
Setting up Multi Scale Gradient loss...
Done
Setting up Multi Scale Gradient loss...
Setting up Multi Scale Gradient loss...
Done
Done
Setting up Multi Scale Gradient loss...
Done
Setting up Multi Scale Gradient loss...
Done
all losses in batch in validation:  {'loss': [0.024473018944263458, 0.026119999587535858, 0.024179138243198395, 0.027079319581389427, 0.022006966173648834, 0.031140360981225967, 0.02608063817024231, 0.02999156527221203, 0.023350752890110016, 0.025325551629066467, 0.023521171882748604, 0.03217979520559311, 0.02573300153017044, 0.02700086496770382, 0.024936288595199585, 0.021744336932897568, 0.024325985461473465, 0.023884814232587814, 0.028942305594682693, 0.02402152121067047, 0.02644973061978817, 0.02701490931212902, 0.023830784484744072, 0.021749142557382584, 0.023011060431599617, 0.024811558425426483, 0.02428554929792881, 0.023192236199975014, 0.02579035982489586, 0.025660250335931778, 0.029915349557995796, 0.027674542739987373, 0.029059940949082375, 0.026944637298583984, 0.029817137867212296, 0.025222986936569214, 0.02663547173142433, 0.025680415332317352, 0.022646788507699966, 0.02407347783446312, 0.026044614613056183, 0.02672693133354187, 0.02424664981663227, 0.030984774231910706, 0.030062388628721237, 0.02380041591823101, 0.02180326357483864, 0.025897733867168427, 0.024804871529340744, 0.028447112068533897, 0.02567492425441742, 0.027315091341733932, 0.022280029952526093, 0.026523953303694725, 0.027603192254900932, 0.030140429735183716, 0.025602195411920547, 0.023601049557328224, 0.029036901891231537, 0.02455221861600876, 0.028873849660158157, 0.02317177876830101, 0.02743203192949295, 0.02292826771736145, 0.027181575074791908, 0.026123810559511185, 0.028895117342472076, 0.03222189471125603, 0.02486780844628811, 0.027756713330745697, 0.02341039665043354, 0.028606578707695007, 0.02167349122464657, 0.033948544412851334, 0.024519136175513268, 0.024102864786982536, 0.03256039693951607, 0.02166011743247509, 0.02822059392929077, 0.022021910175681114, 0.02338550239801407, 0.027406230568885803, 0.025200560688972473, 0.027542870491743088, 0.02358032763004303, 0.028624726459383965, 0.024261847138404846, 0.02388179861009121, 0.026832355186343193, 0.028708625584840775, 0.029633652418851852, 0.024657387286424637, 0.023635253310203552, 0.021759096533060074, 0.024882396683096886, 0.022420130670070648, 0.023745577782392502, 0.023899035528302193, 0.023123903200030327, 0.024733800441026688, 0.026449687778949738, 0.027102764695882797, 0.028237422928214073, 0.02403903380036354, 0.025143364444375038, 0.022390669211745262, 0.028273798525333405, 0.025363590568304062, 0.023337602615356445, 0.027327826246619225, 0.025073137134313583, 0.021924598142504692, 0.02906578779220581, 0.02325272746384144, 0.023579511791467667, 0.020931711420416832, 0.025409666821360588, 0.027830416336655617, 0.02825212851166725, 0.02386479079723358, 0.024879075586795807, 0.024927064776420593, 0.024823911488056183, 0.02377675473690033, 0.02889232337474823, 0.028087090700864792, 0.024216825142502785, 0.024471817538142204, 0.025157347321510315, 0.02381385862827301, 0.023944439366459846, 0.027711473405361176, 0.028921226039528847, 0.02633465826511383, 0.02746911719441414, 0.02776624634861946, 0.018184807151556015, 0.030871344730257988, 0.028589289635419846, 0.02343449555337429, 0.027867520228028297, 0.02348111942410469, 0.021683435887098312, 0.02390320971608162, 0.027547135949134827, 0.024502068758010864, 0.026217278093099594, 0.033465925604104996, 0.02279287576675415, 0.02468620426952839, 0.030950447544455528, 0.031095419079065323, 0.0264265276491642, 0.025417884811758995, 0.02959475666284561, 0.022589046508073807, 0.026989955455064774, 0.0234250258654356, 0.024159220978617668, 0.02664833888411522, 0.025523612275719643, 0.024196987971663475, 0.0236784890294075, 0.028527887538075447, 0.036048710346221924, 0.023933738470077515, 0.02790571004152298, 0.024404892697930336, 0.025996427983045578, 0.02340509369969368, 0.025818875059485435, 0.02596595324575901, 0.028146088123321533, 0.023069199174642563, 0.02369570918381214, 0.026912666857242584, 0.028173577040433884, 0.024872783571481705, 0.026437701657414436, 0.03582944720983505, 0.02899738773703575, 0.02337627112865448, 0.023249885067343712, 0.033336225897073746, 0.026775363832712173, 0.031976524740457535, 0.026547972112894058, 0.02266119047999382, 0.027457810938358307, 0.02171642892062664, 0.023277070373296738, 0.023289941251277924, 0.02342742495238781, 0.025193478912115097, 0.02033958211541176, 0.022259412333369255, 0.025398707017302513, 0.025302238762378693, 0.030337316915392876, 0.02374305948615074, 0.023900991305708885, 0.028947647660970688, 0.02920413948595524, 0.026734132319688797, 0.02484699711203575, 0.026274316012859344, 0.02498946338891983, 0.03436025604605675, 0.031525302678346634, 0.023079777136445045, 0.029277071356773376, 0.025836843997240067, 0.0270894393324852, 0.02563382498919964, 0.024122465401887894, 0.021335028111934662, 0.02282126434147358, 0.025842877104878426, 0.033262938261032104, 0.02597089484333992, 0.029433701187372208, 0.023737307637929916, 0.024697735905647278, 0.023476585745811462, 0.026370350271463394, 0.026573609560728073, 0.02158905193209648, 0.028243564069271088, 0.035378649830818176, 0.028533857315778732, 0.02503439411520958, 0.022699857130646706, 0.0243456419557333, 0.02399379573762417, 0.02193274162709713, 0.023836076259613037, 0.02518901228904724, 0.030709628015756607, 0.02257658913731575, 0.027084574103355408, 0.02871258184313774, 0.026818659156560898, 0.023282146081328392, 0.022957220673561096, 0.026357164606451988, 0.024250464513897896, 0.0297166146337986, 0.02858898974955082, 0.024100275710225105, 0.02502111718058586], 'L_si': [0.008033434860408306, 0.009538325481116772, 0.0074209189042449, 0.008439380675554276, 0.006311089266091585, 0.011807017028331757, 0.00998870749026537, 0.011405128985643387, 0.007077605463564396, 0.007638704031705856, 0.008011817932128906, 0.012421965599060059, 0.008605706505477428, 0.009256118908524513, 0.008384349755942822, 0.006289757788181305, 0.007102033123373985, 0.007121166214346886, 0.010179898701608181, 0.007184500806033611, 0.008169682696461678, 0.00881987251341343, 0.007516450714319944, 0.00567086273804307, 0.006867011543363333, 0.007714522071182728, 0.0075551667250692844, 0.007074406370520592, 0.008792449720203876, 0.008467850275337696, 0.01096733845770359, 0.009760292246937752, 0.01190243847668171, 0.008747649379074574, 0.011677702888846397, 0.008880974724888802, 0.009109391830861568, 0.008711502887308598, 0.006885548122227192, 0.007895338349044323, 0.008583428338170052, 0.009251010604202747, 0.007530489470809698, 0.012094661593437195, 0.01162212435156107, 0.007116371765732765, 0.0065697235986590385, 0.009084767661988735, 0.007916794158518314, 0.009674573317170143, 0.00940706953406334, 0.009857306256890297, 0.007213458884507418, 0.009658727794885635, 0.010960869491100311, 0.011112253181636333, 0.009041257202625275, 0.0076308767311275005, 0.009480358101427555, 0.00796498078852892, 0.010855929926037788, 0.007596098817884922, 0.008512528613209724, 0.007206453010439873, 0.008035233244299889, 0.008695808239281178, 0.011101104319095612, 0.013718848116695881, 0.007986744865775108, 0.009267116896808147, 0.006842381786555052, 0.010843913070857525, 0.005601031240075827, 0.01185046136379242, 0.007341128308326006, 0.007821373641490936, 0.010553651489317417, 0.006245103199034929, 0.009412179701030254, 0.006088246125727892, 0.007081237155944109, 0.009716308675706387, 0.009472941048443317, 0.009552978910505772, 0.006939042825251818, 0.010950092226266861, 0.007908792234957218, 0.007706173229962587, 0.008882692083716393, 0.011225397698581219, 0.011214643716812134, 0.007336659822613001, 0.007144608069211245, 0.005833164323121309, 0.008403806015849113, 0.0064783720299601555, 0.006781082600355148, 0.0068188197910785675, 0.007289988920092583, 0.00899723544716835, 0.009816241450607777, 0.008315320126712322, 0.00996260903775692, 0.007068064995110035, 0.007643783465027809, 0.006587910931557417, 0.010030298493802547, 0.00817458238452673, 0.007345107384026051, 0.009092455729842186, 0.0073263393715023994, 0.006148537155240774, 0.00942216906696558, 0.00738837756216526, 0.0069769686087965965, 0.00540551170706749, 0.007635015994310379, 0.010387150570750237, 0.009940234944224358, 0.007431776262819767, 0.007359917741268873, 0.008300487883388996, 0.007931407541036606, 0.007117439527064562, 0.010286285541951656, 0.009575544856488705, 0.006908068899065256, 0.007785709109157324, 0.007890422828495502, 0.008348360657691956, 0.007818013429641724, 0.010404053144156933, 0.010812429711222649, 0.009043513797223568, 0.009542740881443024, 0.009633743204176426, 0.004595962353050709, 0.01006774790585041, 0.010733838193118572, 0.007296707481145859, 0.010313279926776886, 0.00731059443205595, 0.005865695886313915, 0.007769417017698288, 0.009772476740181446, 0.0071601239033043385, 0.009023808874189854, 0.014179320074617863, 0.006843154318630695, 0.007809983566403389, 0.011242678388953209, 0.010649140924215317, 0.009747665375471115, 0.007975718006491661, 0.011767975054681301, 0.0064346203580498695, 0.00875172857195139, 0.0067680454812943935, 0.008892533369362354, 0.009890490211546421, 0.0072416458278894424, 0.006793296430259943, 0.007080740295350552, 0.010600540786981583, 0.015857309103012085, 0.0075140297412872314, 0.009816803969442844, 0.007673855870962143, 0.008374364115297794, 0.006822471972554922, 0.008693519979715347, 0.008973391726613045, 0.009810199029743671, 0.007284202147275209, 0.007148375269025564, 0.008208092302083969, 0.010530670173466206, 0.007767972536385059, 0.009427646175026894, 0.014638696797192097, 0.00979784969240427, 0.008207399398088455, 0.007360069081187248, 0.01186977420002222, 0.009365566074848175, 0.011576793156564236, 0.009537477046251297, 0.006730843801051378, 0.009041928686201572, 0.006579018663614988, 0.007030725013464689, 0.0073062097653746605, 0.006413782015442848, 0.007528286427259445, 0.005424694158136845, 0.00644957460463047, 0.008546082302927971, 0.008163020014762878, 0.009679675102233887, 0.007908106781542301, 0.007412837352603674, 0.009349395520985126, 0.01108466275036335, 0.010217402130365372, 0.00840692687779665, 0.010036680847406387, 0.008240719325840473, 0.012594756670296192, 0.011674412526190281, 0.006626876071095467, 0.00991888903081417, 0.00857455749064684, 0.008621379733085632, 0.009341523051261902, 0.007260361220687628, 0.006426564417779446, 0.00685715489089489, 0.008157370612025261, 0.01288399938493967, 0.008726471103727818, 0.011007166467607021, 0.007409500423818827, 0.00768008129671216, 0.00697540445253253, 0.009641536511480808, 0.007986079901456833, 0.006113732233643532, 0.010228782892227173, 0.014734807424247265, 0.010046551004052162, 0.008072650991380215, 0.00700471131131053, 0.007130138110369444, 0.0074434601701796055, 0.00645822798833251, 0.00742045883089304, 0.008176830597221851, 0.01126325223594904, 0.00615944666787982, 0.009019475430250168, 0.009242684580385685, 0.007382829673588276, 0.006712580099701881, 0.007488194853067398, 0.009068066254258156, 0.007539672777056694, 0.0115568982437253, 0.010396787896752357, 0.008212124928832054, 0.011073406785726547], 'L_grad': [0.016439583152532578, 0.016581673175096512, 0.01675821840763092, 0.01863993890583515, 0.015695877373218536, 0.01933334395289421, 0.016091931611299515, 0.01858643628656864, 0.016273148357868195, 0.01768684759736061, 0.015509353950619698, 0.0197578277438879, 0.017127294093370438, 0.017744746059179306, 0.016551939770579338, 0.015454578213393688, 0.01722395233809948, 0.01676364801824093, 0.018762405961751938, 0.016837019473314285, 0.018280047923326492, 0.01819503679871559, 0.01631433330476284, 0.0160782802850008, 0.016144048422574997, 0.01709703542292118, 0.016730383038520813, 0.016117829829454422, 0.016997911036014557, 0.017192400991916656, 0.018948011100292206, 0.01791425049304962, 0.017157502472400665, 0.018196988850831985, 0.018139434978365898, 0.016342012211680412, 0.017526080831885338, 0.01696891337633133, 0.0157612394541502, 0.01617814041674137, 0.01746118627488613, 0.017475921660661697, 0.016716159880161285, 0.01889011263847351, 0.018440265208482742, 0.016684044152498245, 0.015233539044857025, 0.016812967136502266, 0.016888078302145004, 0.018772538751363754, 0.01626785472035408, 0.017457785084843636, 0.015066571533679962, 0.01686522550880909, 0.01664232276380062, 0.019028177484869957, 0.016560938209295273, 0.015970172360539436, 0.019556544721126556, 0.016587238758802414, 0.01801791973412037, 0.015575680881738663, 0.018919503316283226, 0.015721814706921577, 0.01914634183049202, 0.017428001388907433, 0.017794013023376465, 0.01850304752588272, 0.016881063580513, 0.018489595502614975, 0.0165680143982172, 0.017762664705514908, 0.016072459518909454, 0.022098083049058914, 0.01717800833284855, 0.0162814911454916, 0.022006744518876076, 0.015415014699101448, 0.018808415159583092, 0.01593366451561451, 0.016304265707731247, 0.01768992282450199, 0.01572761870920658, 0.01798989064991474, 0.0166412852704525, 0.017674634233117104, 0.016353053972125053, 0.01617562584578991, 0.0179496631026268, 0.01748322881758213, 0.01841900870203972, 0.017320727929472923, 0.016490645706653595, 0.015925932675600052, 0.016478590667247772, 0.015941759571433067, 0.016964495182037354, 0.017080215737223625, 0.015833914279937744, 0.015736564993858337, 0.016633447259664536, 0.01878744550049305, 0.018274813890457153, 0.01697096973657608, 0.01749958097934723, 0.015802757814526558, 0.01824350096285343, 0.017189009115099907, 0.01599249616265297, 0.01823537051677704, 0.01774679869413376, 0.01577606052160263, 0.019643619656562805, 0.015864349901676178, 0.016602542251348495, 0.015526199713349342, 0.01777465082705021, 0.01744326576590538, 0.018311893567442894, 0.01643301360309124, 0.017519157379865646, 0.016626577824354172, 0.016892503947019577, 0.016659315675497055, 0.018606036901474, 0.018511546775698662, 0.017308756709098816, 0.016686107963323593, 0.017266923561692238, 0.015465497970581055, 0.016126425936818123, 0.017307419329881668, 0.018108796328306198, 0.017291143536567688, 0.017926376312971115, 0.01813250407576561, 0.013588843867182732, 0.020803596824407578, 0.017855452373623848, 0.01613778807222843, 0.01755424030125141, 0.016170524060726166, 0.015817739069461823, 0.01613379269838333, 0.017774660140275955, 0.017341945320367813, 0.017193470150232315, 0.019286606460809708, 0.01594972237944603, 0.016876220703125, 0.01970776915550232, 0.020446278154850006, 0.016678862273693085, 0.017442166805267334, 0.017826780676841736, 0.016154427081346512, 0.01823822781443596, 0.01665697991847992, 0.015266687609255314, 0.016757849603891373, 0.0182819664478302, 0.01740369200706482, 0.016597749665379524, 0.017927346751093864, 0.02019139938056469, 0.016419708728790283, 0.01808890700340271, 0.016731036826968193, 0.01762206479907036, 0.01658262126147747, 0.017125355079770088, 0.016992561519145966, 0.018335888162255287, 0.01578499749302864, 0.01654733344912529, 0.018704574555158615, 0.017642905935645103, 0.01710481010377407, 0.017010055482387543, 0.02119075134396553, 0.019199538975954056, 0.015168871730566025, 0.015889815986156464, 0.02146645076572895, 0.017409797757864, 0.020399730652570724, 0.01701049506664276, 0.01593034714460373, 0.01841588318347931, 0.015137409791350365, 0.01624634489417076, 0.01598373055458069, 0.01701364293694496, 0.017665192484855652, 0.01491488702595234, 0.015809837728738785, 0.016852624714374542, 0.017139218747615814, 0.02065764181315899, 0.015834951773285866, 0.016488153487443924, 0.019598251208662987, 0.01811947673559189, 0.016516730189323425, 0.016440069302916527, 0.016237635165452957, 0.016748744994401932, 0.02176550030708313, 0.01985088922083378, 0.01645290106534958, 0.019358182325959206, 0.017262287437915802, 0.018468059599399567, 0.016292301937937737, 0.01686210371553898, 0.014908463694155216, 0.01596410945057869, 0.017685506492853165, 0.02037893794476986, 0.017244424670934677, 0.01842653378844261, 0.016327807679772377, 0.017017655074596405, 0.016501180827617645, 0.01672881469130516, 0.01858752965927124, 0.01547531969845295, 0.018014781177043915, 0.020643843337893486, 0.01848730631172657, 0.01696174219250679, 0.01569514535367489, 0.017215503379702568, 0.01655033603310585, 0.015474514104425907, 0.016415618360042572, 0.017012182623147964, 0.019446376711130142, 0.016417142003774643, 0.01806509867310524, 0.01946989633142948, 0.019435830414295197, 0.01656956598162651, 0.015469025820493698, 0.017289098352193832, 0.016710791736841202, 0.018159717321395874, 0.018192201852798462, 0.01588815078139305, 0.013947710394859314]}
Setting up Multi Scale Gradient loss...
Done
Setting up Multi Scale Gradient loss...
Done
Setting up Multi Scale Gradient loss...
Done
Setting up Multi Scale Gradient loss...
Done
Setting up Multi Scale Gradient loss...
Done
Setting up Multi Scale Gradient loss...
Done
Setting up Multi Scale Gradient loss...
Done
Setting up Multi Scale Gradient loss...
Done
Setting up Multi Scale Gradient loss...
Setting up Multi Scale Gradient loss...
Setting up Multi Scale Gradient loss...
Done
Done
Done
Setting up Multi Scale Gradient loss...
Done
Setting up Multi Scale Gradient loss...
Done
Setting up Multi Scale Gradient loss...
Done
Setting up Multi Scale Gradient loss...
Done
Setting up Multi Scale Gradient loss...
Done
all losses in batch in validation:  {'loss': [0.024808984249830246, 0.026109356433153152, 0.026155192404985428, 0.028490815311670303, 0.02184951864182949, 0.03153006732463837, 0.026470273733139038, 0.030538054183125496, 0.023836219683289528, 0.024857021868228912, 0.023601291701197624, 0.03323214501142502, 0.026149757206439972, 0.028513461351394653, 0.025132358074188232, 0.02204759418964386, 0.024590827524662018, 0.023750819265842438, 0.029292624443769455, 0.024177908897399902, 0.026111407205462456, 0.026489008218050003, 0.02413833886384964, 0.021470993757247925, 0.02312028408050537, 0.024815406650304794, 0.02446519397199154, 0.025267459452152252, 0.026142563670873642, 0.02586418204009533, 0.03108808770775795, 0.02799805998802185, 0.02913828194141388, 0.02716340497136116, 0.03025047667324543, 0.02532331272959709, 0.027268873527646065, 0.026495469734072685, 0.022915426641702652, 0.024323776364326477, 0.02782200649380684, 0.027247248217463493, 0.024195678532123566, 0.030891500413417816, 0.030585847795009613, 0.02369784563779831, 0.022012952715158463, 0.02611355483531952, 0.024827411398291588, 0.02923855558037758, 0.0256718210875988, 0.02777513861656189, 0.02272728830575943, 0.026451338082551956, 0.028280183672904968, 0.029904332011938095, 0.025606203824281693, 0.02412855252623558, 0.02982037514448166, 0.024985142052173615, 0.02911379188299179, 0.02364317514002323, 0.026785917580127716, 0.02344650961458683, 0.029552724212408066, 0.02617187611758709, 0.029236353933811188, 0.03283926844596863, 0.024665065109729767, 0.0280444398522377, 0.02381536364555359, 0.02872466668486595, 0.02167217619717121, 0.03338594734668732, 0.024829523637890816, 0.0241694375872612, 0.03253141790628433, 0.021937334910035133, 0.02935997024178505, 0.021971233189105988, 0.023645713925361633, 0.028166702017188072, 0.025288287550210953, 0.02808283641934395, 0.023815594613552094, 0.028884105384349823, 0.024262920022010803, 0.023910079151391983, 0.026647698134183884, 0.029467802494764328, 0.030133426189422607, 0.024815138429403305, 0.023747308179736137, 0.022042743861675262, 0.024782231077551842, 0.02285434678196907, 0.023665200918912888, 0.02348111942410469, 0.02322881855070591, 0.025014733895659447, 0.0263570137321949, 0.026483122259378433, 0.028904736042022705, 0.023796705529093742, 0.02538081631064415, 0.022581733763217926, 0.028536662459373474, 0.025658708065748215, 0.02319779433310032, 0.028512392193078995, 0.02558951824903488, 0.02224993146955967, 0.02921861782670021, 0.02328549511730671, 0.023661894723773003, 0.02092713862657547, 0.02514401078224182, 0.027938852086663246, 0.029892798513174057, 0.023518940433859825, 0.02592000551521778, 0.0251975879073143, 0.024857383221387863, 0.024581801146268845, 0.029160816222429276, 0.028330154716968536, 0.02448859065771103, 0.024750979617238045, 0.02546258643269539, 0.02442912571132183, 0.02409452199935913, 0.028265085071325302, 0.028858844190835953, 0.026624592021107674, 0.028324410319328308, 0.028147835284471512, 0.0184266846626997, 0.031224537640810013, 0.03027954138815403, 0.023778147995471954, 0.02830370143055916, 0.02331608161330223, 0.02220037393271923, 0.023890376091003418, 0.026962818577885628, 0.024879522621631622, 0.025836622342467308, 0.033263158053159714, 0.023060690611600876, 0.02490076795220375, 0.03140474855899811, 0.0302809476852417, 0.026984993368387222, 0.025774484500288963, 0.029550272971391678, 0.022382793948054314, 0.026672203093767166, 0.023678597062826157, 0.024159619584679604, 0.027433980256319046, 0.025129299610853195, 0.024028388783335686, 0.023993898183107376, 0.029426012188196182, 0.03577597439289093, 0.024121996015310287, 0.028456218540668488, 0.02449185773730278, 0.026215441524982452, 0.023612746968865395, 0.025754807516932487, 0.026230257004499435, 0.028098437935113907, 0.02352488972246647, 0.02439013309776783, 0.027062928304076195, 0.02862684428691864, 0.024624841287732124, 0.026732582598924637, 0.0362115316092968, 0.029508326202630997, 0.023561634123325348, 0.02326912432909012, 0.03392867371439934, 0.029188722372055054, 0.0318722277879715, 0.026409540325403214, 0.022807173430919647, 0.027285950258374214, 0.02213411033153534, 0.022825900465250015, 0.023591268807649612, 0.023705147206783295, 0.025671731680631638, 0.020686006173491478, 0.022115571424365044, 0.02539217658340931, 0.02542664110660553, 0.030270714312791824, 0.02402622252702713, 0.023959891870617867, 0.02877950295805931, 0.029304608702659607, 0.026982106268405914, 0.02515619620680809, 0.02677256055176258, 0.025522377341985703, 0.03437117487192154, 0.0312945581972599, 0.02296840399503708, 0.02922249585390091, 0.026081975549459457, 0.029543979093432426, 0.025128433480858803, 0.024228423833847046, 0.021626165136694908, 0.02278914488852024, 0.025480743497610092, 0.03337644413113594, 0.02771948277950287, 0.0293227918446064, 0.02355840615928173, 0.024901164695620537, 0.023588981479406357, 0.027328193187713623, 0.02605673484504223, 0.022082751616835594, 0.027737434953451157, 0.03559165075421333, 0.028644798323512077, 0.02488033100962639, 0.022823071107268333, 0.025401927530765533, 0.02457747980952263, 0.022002525627613068, 0.024383142590522766, 0.025470789521932602, 0.03082030639052391, 0.022783085703849792, 0.028265947476029396, 0.02903195098042488, 0.02655527926981449, 0.023264162242412567, 0.02349514327943325, 0.026232045143842697, 0.024366170167922974, 0.029686396941542625, 0.029304150491952896, 0.024454515427350998, 0.0245879665017128], 'L_si': [0.0082831596955657, 0.009496261365711689, 0.008210737258195877, 0.00889466144144535, 0.006211729720234871, 0.012192511931061745, 0.010282093659043312, 0.011836310848593712, 0.007324279751628637, 0.00731237418949604, 0.008143797516822815, 0.01287995744496584, 0.008733945898711681, 0.010032817721366882, 0.008385361172258854, 0.006316605024039745, 0.007055824156850576, 0.006973526440560818, 0.010339491069316864, 0.007236108183860779, 0.007799800019711256, 0.008574798703193665, 0.007527672685682774, 0.005487681366503239, 0.0068991282023489475, 0.007702396251261234, 0.00771354092285037, 0.007790978532284498, 0.009024289436638355, 0.00845160149037838, 0.011507310904562473, 0.009840285405516624, 0.011832446791231632, 0.008802440948784351, 0.011824874207377434, 0.008959745056927204, 0.009361295029520988, 0.00910547561943531, 0.007018656004220247, 0.008064438588917255, 0.009362944401800632, 0.009524676948785782, 0.007517683785408735, 0.012200762517750263, 0.011951059103012085, 0.007130041252821684, 0.0063525536097586155, 0.009233426302671432, 0.007914012297987938, 0.01000420656055212, 0.009425058029592037, 0.01003960520029068, 0.007360862568020821, 0.00981301348656416, 0.011231835931539536, 0.011132943443953991, 0.008914611302316189, 0.007849066518247128, 0.009854515083134174, 0.0079605458304286, 0.011088122613728046, 0.007701745722442865, 0.008177473209798336, 0.0073296804912388325, 0.009151927195489407, 0.008743038401007652, 0.011331194080412388, 0.0142888892441988, 0.007829737849533558, 0.009489871561527252, 0.0070258332416415215, 0.011060730554163456, 0.0055429101921617985, 0.01139164064079523, 0.007352893706411123, 0.007884853519499302, 0.01047293096780777, 0.006379019469022751, 0.009851434268057346, 0.0060013337060809135, 0.007095274515450001, 0.00997946597635746, 0.009504447691142559, 0.009497180581092834, 0.00704116839915514, 0.011194364167749882, 0.007850758731365204, 0.007670772261917591, 0.008544452488422394, 0.011843065731227398, 0.0115766366943717, 0.007239636033773422, 0.007185493130236864, 0.005827941931784153, 0.008302895352244377, 0.006523661781102419, 0.006742268800735474, 0.0065198736265301704, 0.007351089734584093, 0.009190311655402184, 0.009677737019956112, 0.007974366657435894, 0.010300294496119022, 0.006916144862771034, 0.007620182354003191, 0.006742905825376511, 0.010122452862560749, 0.008143638260662556, 0.007227315101772547, 0.009607801213860512, 0.007545133121311665, 0.006236662622541189, 0.009507369250059128, 0.007273068185895681, 0.0069579496048390865, 0.005259403958916664, 0.007344862911850214, 0.01044713519513607, 0.0110578378662467, 0.007183263543993235, 0.007669465150684118, 0.008496008813381195, 0.007915281690657139, 0.007370017468929291, 0.010178630240261555, 0.00949342455714941, 0.006837454624474049, 0.007929744198918343, 0.008104228414595127, 0.008569838479161263, 0.007919115014374256, 0.010721619240939617, 0.01082728523761034, 0.00924721546471119, 0.010051793418824673, 0.0096887843683362, 0.0047568934969604015, 0.010294071398675442, 0.011511558666825294, 0.0073885018937289715, 0.010615059174597263, 0.007010423578321934, 0.005919682327657938, 0.007924211211502552, 0.00927303358912468, 0.007135513238608837, 0.008584205061197281, 0.01387052983045578, 0.006976865231990814, 0.008004304952919483, 0.011361331678926945, 0.010150820948183537, 0.010242109186947346, 0.008111650124192238, 0.01168140023946762, 0.006360079627484083, 0.008421790786087513, 0.006851199548691511, 0.008906548842787743, 0.010226605460047722, 0.006858293432742357, 0.00673987390473485, 0.0072275931015610695, 0.011010639369487762, 0.01577647589147091, 0.007552515249699354, 0.010111871175467968, 0.0077245766296982765, 0.008499420247972012, 0.006917973514646292, 0.00873403251171112, 0.009059671312570572, 0.009888063184916973, 0.007469764444977045, 0.0073576816357672215, 0.00833074189722538, 0.010806985199451447, 0.007565438747406006, 0.009564247913658619, 0.014795112423598766, 0.010007627308368683, 0.008365558460354805, 0.007509500719606876, 0.012172217480838299, 0.010296567343175411, 0.011257804930210114, 0.009366470389068127, 0.006825643591582775, 0.008792225271463394, 0.00686962716281414, 0.006723955739289522, 0.00738677941262722, 0.00637863902375102, 0.007832054048776627, 0.0054642073810100555, 0.006337100174278021, 0.008326392620801926, 0.008269553072750568, 0.00934895034879446, 0.007977996952831745, 0.007421304006129503, 0.009201104752719402, 0.011279008351266384, 0.010323175229132175, 0.008644782938063145, 0.010270120576024055, 0.008354402147233486, 0.012659006752073765, 0.011443098075687885, 0.006545142736285925, 0.009658744558691978, 0.008732292801141739, 0.010026102885603905, 0.009014168754220009, 0.0071821738965809345, 0.006592181045562029, 0.00683613121509552, 0.007976402528584003, 0.012828297913074493, 0.009533409960567951, 0.010931983590126038, 0.007281681057065725, 0.007897449657320976, 0.006970689166337252, 0.010144692845642567, 0.007523127365857363, 0.006331595126539469, 0.009982203133404255, 0.014928141608834267, 0.010220309719443321, 0.00787814985960722, 0.0069426558911800385, 0.00752661656588316, 0.007644255179911852, 0.006550879683345556, 0.007732621859759092, 0.008301075547933578, 0.011346697807312012, 0.0062928954139351845, 0.009524812921881676, 0.009339183568954468, 0.007064657751470804, 0.006666374392807484, 0.007765729445964098, 0.009039510041475296, 0.0074945539236068726, 0.011503329500555992, 0.01091691106557846, 0.008322560228407383, 0.010782606899738312], 'L_grad': [0.01652582548558712, 0.016613095998764038, 0.01794445514678955, 0.019596153870224953, 0.01563778892159462, 0.01933755725622177, 0.016188180074095726, 0.018701743334531784, 0.016511939465999603, 0.017544647678732872, 0.01545749418437481, 0.020352188497781754, 0.017415810376405716, 0.01848064363002777, 0.016746997833251953, 0.01573099009692669, 0.017535002902150154, 0.016777291893959045, 0.01895313337445259, 0.016941800713539124, 0.018311606720089912, 0.01791420951485634, 0.01661066710948944, 0.01598331145942211, 0.01622115634381771, 0.017113011330366135, 0.01675165258347988, 0.017476480454206467, 0.017118273302912712, 0.01741258054971695, 0.01958077773451805, 0.018157774582505226, 0.017305836081504822, 0.018360964953899384, 0.018425602465867996, 0.016363566741347313, 0.017907578498125076, 0.017389994114637375, 0.015896771103143692, 0.016259336844086647, 0.018459061160683632, 0.01772257126867771, 0.016677994281053543, 0.01869073696434498, 0.018634788691997528, 0.016567803919315338, 0.015660399571061134, 0.016880128532648087, 0.01691339910030365, 0.019234348088502884, 0.016246763989329338, 0.01773553341627121, 0.01536642573773861, 0.016638323664665222, 0.017048347741365433, 0.01877138763666153, 0.01669159159064293, 0.01627948507666588, 0.01996586099267006, 0.01702459529042244, 0.01802567020058632, 0.015941429883241653, 0.018608445301651955, 0.016116829589009285, 0.020400796085596085, 0.017428837716579437, 0.017905158922076225, 0.018550381064414978, 0.016835326328873634, 0.01855456829071045, 0.016789529472589493, 0.01766393519937992, 0.0161292664706707, 0.02199430577456951, 0.017476629465818405, 0.016284584999084473, 0.022058485075831413, 0.015558315441012383, 0.019508536905050278, 0.0159698985517025, 0.016550438478589058, 0.018187236040830612, 0.01578383892774582, 0.018585655838251114, 0.016774427145719528, 0.017689740285277367, 0.0164121612906456, 0.016239307820796967, 0.01810324564576149, 0.017624737694859505, 0.018556788563728333, 0.017575502395629883, 0.01656181551516056, 0.016214802861213684, 0.016479335725307465, 0.01633068546652794, 0.016922932118177414, 0.016961246728897095, 0.015877729281783104, 0.015824422240257263, 0.016679275780916214, 0.018508754670619965, 0.018604442477226257, 0.016880560666322708, 0.017760634422302246, 0.015838827937841415, 0.01841420866549015, 0.017515068873763084, 0.01597047969698906, 0.018904590979218483, 0.018044384196400642, 0.016013268381357193, 0.019711248576641083, 0.01601242646574974, 0.01670394465327263, 0.015667734667658806, 0.017799148336052895, 0.017491716891527176, 0.018834959715604782, 0.016335677355527878, 0.018250539898872375, 0.016701579093933105, 0.01694210059940815, 0.017211783677339554, 0.018982185050845146, 0.01883672922849655, 0.017651135101914406, 0.016821235418319702, 0.017358358949422836, 0.015859287232160568, 0.01617540791630745, 0.01754346489906311, 0.018031559884548187, 0.017377376556396484, 0.01827261783182621, 0.018459049984812737, 0.013669791631400585, 0.020930465310811996, 0.018767982721328735, 0.016389645636081696, 0.01768864318728447, 0.01630565896630287, 0.01628069207072258, 0.01596616581082344, 0.017689784988760948, 0.01774401031434536, 0.017252417281270027, 0.019392628222703934, 0.01608382537961006, 0.016896462067961693, 0.020043417811393738, 0.020130127668380737, 0.01674288511276245, 0.017662834376096725, 0.017868872731924057, 0.016022713854908943, 0.01825041137635708, 0.016827397048473358, 0.015253070741891861, 0.017207374796271324, 0.018271006643772125, 0.017288515344262123, 0.01676630601286888, 0.01841537281870842, 0.01999949850142002, 0.016569480299949646, 0.018344346433877945, 0.016767282038927078, 0.017716022208333015, 0.016694772988557816, 0.017020775005221367, 0.017170585691928864, 0.01821037568151951, 0.01605512574315071, 0.017032451927661896, 0.018732186406850815, 0.017819859087467194, 0.01705940254032612, 0.017168335616588593, 0.021416418254375458, 0.019500698894262314, 0.015196074731647968, 0.015759622678160667, 0.021756457164883614, 0.018892155960202217, 0.020614422857761383, 0.017043069005012512, 0.015981530770659447, 0.01849372498691082, 0.015264483168721199, 0.01610194519162178, 0.016204489395022392, 0.017326507717370987, 0.01783967763185501, 0.015221798792481422, 0.015778470784425735, 0.017065783962607384, 0.017157087102532387, 0.02092176303267479, 0.01604822650551796, 0.01653858833014965, 0.019578397274017334, 0.018025599420070648, 0.016658931970596313, 0.01651141420006752, 0.016502439975738525, 0.01716797612607479, 0.0217121671885252, 0.019851461052894592, 0.016423260793089867, 0.01956375129520893, 0.01734968274831772, 0.01951787620782852, 0.016114264726638794, 0.0170462504029274, 0.015033984556794167, 0.01595301367342472, 0.017504340037703514, 0.020548146218061447, 0.018186073750257492, 0.018390808254480362, 0.016276724636554718, 0.01700371503829956, 0.016618292778730392, 0.017183499410748482, 0.018533607944846153, 0.015751156955957413, 0.017755230888724327, 0.020663509145379066, 0.018424488604068756, 0.017002180218696594, 0.015880415216088295, 0.01787531189620495, 0.016933225095272064, 0.015451645478606224, 0.016650520265102386, 0.017169713973999023, 0.0194736085832119, 0.016490191221237183, 0.01874113455414772, 0.019692767411470413, 0.019490621984004974, 0.01659778691828251, 0.01572941429913044, 0.0171925351023674, 0.0168716162443161, 0.018183067440986633, 0.018387239426374435, 0.01613195613026619, 0.013805360533297062]}
Setting up Multi Scale Gradient loss...
Done
Setting up Multi Scale Gradient loss...
Done
Setting up Multi Scale Gradient loss...
Done
Setting up Multi Scale Gradient loss...
Done
Setting up Multi Scale Gradient loss...
Done
Setting up Multi Scale Gradient loss...
Done
Setting up Multi Scale Gradient loss...
Done
Setting up Multi Scale Gradient loss...
Done
Setting up Multi Scale Gradient loss...
Done
Setting up Multi Scale Gradient loss...
Done
Setting up Multi Scale Gradient loss...
Done
Setting up Multi Scale Gradient loss...
Done
Setting up Multi Scale Gradient loss...
Done
Setting up Multi Scale Gradient loss...
Done
Setting up Multi Scale Gradient loss...
Done
Setting up Multi Scale Gradient loss...
Done
all losses in batch in validation:  {'loss': [0.024830816313624382, 0.025278909131884575, 0.029148291796445847, 0.030107200145721436, 0.021881740540266037, 0.03100663423538208, 0.025949500501155853, 0.030367983505129814, 0.024487411603331566, 0.026383057236671448, 0.02356611005961895, 0.034677620977163315, 0.027397535741329193, 0.030303752049803734, 0.025539416819810867, 0.02311609871685505, 0.025982897728681564, 0.024057729169726372, 0.030105657875537872, 0.024969808757305145, 0.027354110032320023, 0.02607002481818199, 0.02495911531150341, 0.021977733820676804, 0.023392317816615105, 0.02479514293372631, 0.024140242487192154, 0.02588527277112007, 0.026480544358491898, 0.02537839487195015, 0.032310850918293, 0.02940400503575802, 0.029901528730988503, 0.027258865535259247, 0.03164493292570114, 0.024884119629859924, 0.028546251356601715, 0.02629661187529564, 0.024315835908055305, 0.024407874792814255, 0.030600011348724365, 0.026800375431776047, 0.023836694657802582, 0.030060216784477234, 0.031192390248179436, 0.023507850244641304, 0.02204941213130951, 0.02611134946346283, 0.025107955560088158, 0.029910065233707428, 0.02603287622332573, 0.027685141190886497, 0.02276894636452198, 0.026812832802534103, 0.030983228236436844, 0.02885308675467968, 0.025670673698186874, 0.025779079645872116, 0.030063387006521225, 0.028120798990130424, 0.02874132990837097, 0.02411736734211445, 0.026971936225891113, 0.024510569870471954, 0.031353484839200974, 0.026312384754419327, 0.028994057327508926, 0.031461458653211594, 0.02519301325082779, 0.029573963955044746, 0.024448582902550697, 0.028164919465780258, 0.02191835269331932, 0.03635522723197937, 0.02639729529619217, 0.024488791823387146, 0.03291189670562744, 0.022708620876073837, 0.0303192101418972, 0.02270224131643772, 0.023708276450634003, 0.0295424647629261, 0.02530764788389206, 0.029606500640511513, 0.023773368448019028, 0.029399991035461426, 0.024374961853027344, 0.024417033419013023, 0.02842160128057003, 0.028845936059951782, 0.030277010053396225, 0.026623738929629326, 0.024066392332315445, 0.023106306791305542, 0.02469572424888611, 0.02386622317135334, 0.023651212453842163, 0.024465683847665787, 0.02351224422454834, 0.02548544853925705, 0.026698078960180283, 0.02634717896580696, 0.027954990044236183, 0.024290595203638077, 0.02615264616906643, 0.022271305322647095, 0.0276491641998291, 0.025255519896745682, 0.024327978491783142, 0.029657352715730667, 0.02810095250606537, 0.02302754670381546, 0.029242264106869698, 0.02419230341911316, 0.023764759302139282, 0.021126270294189453, 0.026864957064390182, 0.0272086001932621, 0.03059825859963894, 0.023353125900030136, 0.027383500710129738, 0.02606988325715065, 0.025564052164554596, 0.025283144786953926, 0.028917133808135986, 0.02978544868528843, 0.02698439359664917, 0.02559082582592964, 0.024761203676462173, 0.024008117616176605, 0.02429606392979622, 0.02776295691728592, 0.028486810624599457, 0.02679014950990677, 0.028887426480650902, 0.028874345123767853, 0.019020695239305496, 0.03119141235947609, 0.031191639602184296, 0.023567933589220047, 0.027191467583179474, 0.024397123605012894, 0.022307677194476128, 0.023527735844254494, 0.028460677713155746, 0.02439330890774727, 0.0271548330783844, 0.03369642049074173, 0.023376502096652985, 0.02463732846081257, 0.0333276242017746, 0.03173165023326874, 0.026207419112324715, 0.026176519691944122, 0.030769847333431244, 0.022754594683647156, 0.028696347028017044, 0.024683747440576553, 0.02407320961356163, 0.027587059885263443, 0.025022249668836594, 0.0238916277885437, 0.023950999602675438, 0.0293845534324646, 0.036370232701301575, 0.023920664563775063, 0.027468755841255188, 0.024347716942429543, 0.025639304891228676, 0.023958977311849594, 0.025486944243311882, 0.026141438633203506, 0.028031863272190094, 0.022831721231341362, 0.025972913950681686, 0.029038598760962486, 0.02825239859521389, 0.02470402978360653, 0.027787355706095695, 0.03623586893081665, 0.029024522751569748, 0.02323286421597004, 0.023232726380228996, 0.03391079604625702, 0.030252322554588318, 0.03170434758067131, 0.0270775705575943, 0.023468997329473495, 0.027587708085775375, 0.022741204127669334, 0.023153536021709442, 0.02373247593641281, 0.024284329265356064, 0.025254961103200912, 0.021840814501047134, 0.0224295761436224, 0.026361148804426193, 0.024989053606987, 0.031696997582912445, 0.024661235511302948, 0.02478761412203312, 0.02978556975722313, 0.030039295554161072, 0.026768885552883148, 0.024465646594762802, 0.025997169315814972, 0.027178853750228882, 0.035182058811187744, 0.03160635381937027, 0.022939907386898994, 0.030874256044626236, 0.025782078504562378, 0.030214805155992508, 0.024801654741168022, 0.024984529241919518, 0.023406360298395157, 0.022834569215774536, 0.027139078825712204, 0.032962389290332794, 0.030094295740127563, 0.029034491628408432, 0.02428850159049034, 0.0254006776958704, 0.023896247148513794, 0.0277608223259449, 0.026294760406017303, 0.02234974130988121, 0.027237359434366226, 0.034387070685625076, 0.02804100327193737, 0.024720249697566032, 0.022611508145928383, 0.025531070306897163, 0.0258491188287735, 0.021939005702733994, 0.02600616030395031, 0.026165276765823364, 0.030601028352975845, 0.022989528253674507, 0.03139001131057739, 0.02927444688975811, 0.02639731764793396, 0.02292366698384285, 0.02370314486324787, 0.026111507788300514, 0.02418261207640171, 0.029048211872577667, 0.02983662858605385, 0.024457328021526337, 0.024368125945329666], 'L_si': [0.007778580766171217, 0.008953874930739403, 0.00957495253533125, 0.009212736040353775, 0.005944659002125263, 0.011592643335461617, 0.009641201235353947, 0.011032374575734138, 0.007353737950325012, 0.007687682285904884, 0.00790383480489254, 0.01319604367017746, 0.008615926839411259, 0.010110080242156982, 0.00811012927442789, 0.00620098365470767, 0.007141014561057091, 0.006823038216680288, 0.010234825313091278, 0.007345299702137709, 0.008315117098391056, 0.00802611280232668, 0.007329588755965233, 0.005538950674235821, 0.006540446076542139, 0.007262160535901785, 0.0073909093625843525, 0.007831019349396229, 0.008720559999346733, 0.007542367093265057, 0.011910581961274147, 0.009923268109560013, 0.011649711057543755, 0.008484653197228909, 0.0124222282320261, 0.008579575456678867, 0.008991419337689877, 0.008395720273256302, 0.007021987345069647, 0.007728516589850187, 0.009995605796575546, 0.008853225968778133, 0.006996836047619581, 0.011341427452862263, 0.011738350614905357, 0.006904870271682739, 0.005931214429438114, 0.008846085518598557, 0.007639493327587843, 0.009718692861497402, 0.009213000535964966, 0.009679960086941719, 0.006897578481584787, 0.009144566021859646, 0.012009718455374241, 0.010365542024374008, 0.008668899536132812, 0.008374623022973537, 0.00962102971971035, 0.008798548951745033, 0.010449692606925964, 0.007595918606966734, 0.008226088248193264, 0.0074425870552659035, 0.009876381605863571, 0.008570339530706406, 0.010763545520603657, 0.0131998835131526, 0.007505352608859539, 0.009533120319247246, 0.00694688968360424, 0.010403078980743885, 0.005520250182598829, 0.012426087632775307, 0.007671788800507784, 0.007677887100726366, 0.01032638642936945, 0.006259954534471035, 0.00944414734840393, 0.005983362440019846, 0.00685218907892704, 0.010002953000366688, 0.009272039867937565, 0.009494302794337273, 0.0068403189070522785, 0.010861801914870739, 0.00757797434926033, 0.00756111741065979, 0.00880361907184124, 0.010832599364221096, 0.011028057895600796, 0.007545713800936937, 0.006971834693104029, 0.005837549455463886, 0.00812193937599659, 0.006674400996416807, 0.006392740644514561, 0.006489305756986141, 0.007141255307942629, 0.008822592906653881, 0.009518435224890709, 0.007551655173301697, 0.009627895429730415, 0.006708628498017788, 0.007466000039130449, 0.006467726547271013, 0.009481432847678661, 0.007309276610612869, 0.007298369891941547, 0.00990070216357708, 0.008665374480187893, 0.006113779731094837, 0.00904172658920288, 0.007468046620488167, 0.006566439755260944, 0.0053105466067790985, 0.007589973974972963, 0.009905288927257061, 0.010493701323866844, 0.006755140610039234, 0.007945572957396507, 0.008323239162564278, 0.00782576110213995, 0.007446432486176491, 0.009610244072973728, 0.009531021118164062, 0.00752969179302454, 0.007831234484910965, 0.007392127998173237, 0.008036527782678604, 0.007700721733272076, 0.009956340305507183, 0.010435543023049831, 0.008962073363363743, 0.009514911100268364, 0.009647754020988941, 0.0047589438036084175, 0.00998861063271761, 0.011567397974431515, 0.007083940785378218, 0.009840247221291065, 0.006902601569890976, 0.005886747036129236, 0.007547218352556229, 0.008930412121117115, 0.006752693094313145, 0.008520369417965412, 0.013644730672240257, 0.006819350644946098, 0.007669973652809858, 0.011940283700823784, 0.010396681725978851, 0.009464031085371971, 0.007740485947579145, 0.012259040027856827, 0.006196348927915096, 0.009039998054504395, 0.0067906491458415985, 0.00852913036942482, 0.010131399147212505, 0.006877378560602665, 0.006394192576408386, 0.0068681384436786175, 0.010529099963605404, 0.01595938764512539, 0.007031617686152458, 0.009431902319192886, 0.007320893928408623, 0.0077898395247757435, 0.006705875974148512, 0.008317438885569572, 0.008707097731530666, 0.009542488493025303, 0.007091004867106676, 0.007771921344101429, 0.008750509470701218, 0.010188771411776543, 0.007115161512047052, 0.009786391630768776, 0.014491790905594826, 0.009588994085788727, 0.008046822622418404, 0.007274982985109091, 0.011898964643478394, 0.010467608459293842, 0.010663015767931938, 0.009312228299677372, 0.00680303480476141, 0.008425845764577389, 0.006775799673050642, 0.00643974170088768, 0.007178217172622681, 0.006429824512451887, 0.0073218559846282005, 0.005434669088572264, 0.006181671749800444, 0.008134924806654453, 0.007932466454803944, 0.009586760774254799, 0.00797363556921482, 0.007385734003037214, 0.009219489991664886, 0.011187048628926277, 0.009990018792450428, 0.008026449009776115, 0.00964757613837719, 0.008654729463160038, 0.012767346575856209, 0.011299888603389263, 0.006353319156914949, 0.009970943443477154, 0.008483474142849445, 0.009537006728351116, 0.00849607028067112, 0.007041301112622023, 0.0072685712948441505, 0.006896394770592451, 0.008313477970659733, 0.012403938919305801, 0.010188554413616657, 0.010384966619312763, 0.007226854562759399, 0.007947104051709175, 0.006622232962399721, 0.009934105910360813, 0.007544453255832195, 0.006229776423424482, 0.009597696363925934, 0.013868987560272217, 0.009670812636613846, 0.007382275070995092, 0.006775749381631613, 0.007134399842470884, 0.00754540367051959, 0.00630566431209445, 0.008241046220064163, 0.00809715036302805, 0.010964992456138134, 0.00603879289701581, 0.010796668939292431, 0.009101368486881256, 0.007007005624473095, 0.0062226648442447186, 0.007587813306599855, 0.008710291236639023, 0.00704593351110816, 0.010997164063155651, 0.010473069734871387, 0.007921655662357807, 0.010409384965896606], 'L_grad': [0.017052235081791878, 0.016325034201145172, 0.019573338329792023, 0.02089446410536766, 0.01593708246946335, 0.019413990899920464, 0.01630830019712448, 0.019335608929395676, 0.017133673653006554, 0.018695374950766563, 0.01566227525472641, 0.021481577306985855, 0.01878160797059536, 0.02019367180764675, 0.017429286614060402, 0.01691511459648609, 0.018841883167624474, 0.017234690487384796, 0.019870832562446594, 0.01762450858950615, 0.019038992002606392, 0.018043911084532738, 0.017629526555538177, 0.016438782215118408, 0.016851872205734253, 0.01753298193216324, 0.01674933359026909, 0.018054254353046417, 0.017759984359145164, 0.017836028710007668, 0.020400268957018852, 0.019480736926198006, 0.018251817673444748, 0.018774211406707764, 0.019222702831029892, 0.016304543241858482, 0.019554831087589264, 0.017900891602039337, 0.01729384809732437, 0.01667935773730278, 0.02060440555214882, 0.017947150394320488, 0.016839858144521713, 0.018718790262937546, 0.01945403963327408, 0.016602979972958565, 0.01611819677054882, 0.017265263944864273, 0.017468461766839027, 0.02019137144088745, 0.016819875687360764, 0.01800518110394478, 0.01587136834859848, 0.017668265849351883, 0.018973510712385178, 0.01848754473030567, 0.017001774162054062, 0.017404455691576004, 0.020442357286810875, 0.01932225003838539, 0.018291637301445007, 0.016521448269486427, 0.018745848909020424, 0.017067981883883476, 0.021477103233337402, 0.01774204522371292, 0.018230512738227844, 0.01826157420873642, 0.017687661573290825, 0.0200408436357975, 0.017501693218946457, 0.017761841416358948, 0.016398102045059204, 0.023929141461849213, 0.018725506961345673, 0.016810905188322067, 0.022585511207580566, 0.016448665410280228, 0.02087506279349327, 0.016718879342079163, 0.016856087371706963, 0.01953951269388199, 0.01603560708463192, 0.02011219784617424, 0.016933050006628036, 0.01853819005191326, 0.016796987503767014, 0.016855916008353233, 0.01961798220872879, 0.01801333576440811, 0.019248951226472855, 0.019078025594353676, 0.017094558104872704, 0.01726875826716423, 0.01657378487288952, 0.017191821709275246, 0.017258472740650177, 0.01797637715935707, 0.016370989382267, 0.016662854701280594, 0.017179643735289574, 0.018795523792505264, 0.018327094614505768, 0.017581965774297714, 0.018686646595597267, 0.01580357924103737, 0.018167730420827866, 0.017946243286132812, 0.01702960953116417, 0.019756650552153587, 0.01943557895720005, 0.01691376604139805, 0.020200537517666817, 0.016724256798624992, 0.017198318615555763, 0.015815723687410355, 0.019274983555078506, 0.017303312197327614, 0.020104557275772095, 0.016597986221313477, 0.01943792775273323, 0.017746644094586372, 0.01773829013109207, 0.017836712300777435, 0.019306888803839684, 0.020254427567124367, 0.019454700872302055, 0.017759591341018677, 0.017369074746966362, 0.015971589833498, 0.01659534126520157, 0.01780661754310131, 0.01805126667022705, 0.01782807521522045, 0.019372515380382538, 0.019226592034101486, 0.014261752367019653, 0.021202802658081055, 0.019624242559075356, 0.016483992338180542, 0.017351219430565834, 0.017494522035121918, 0.01642093062400818, 0.015980517491698265, 0.019530266523361206, 0.01764061488211155, 0.018634464591741562, 0.020051687955856323, 0.016557151451706886, 0.016967354342341423, 0.021387342363595963, 0.021334968507289886, 0.016743388026952744, 0.01843603327870369, 0.018510807305574417, 0.016558244824409485, 0.01965634897351265, 0.017893098294734955, 0.01554407924413681, 0.017455659806728363, 0.018144872039556503, 0.017497435212135315, 0.017082860693335533, 0.01885545253753662, 0.020410846918821335, 0.016889046877622604, 0.0180368535220623, 0.01702682301402092, 0.01784946583211422, 0.017253100872039795, 0.01716950535774231, 0.017434339970350266, 0.018489373847842216, 0.015740716829895973, 0.018200993537902832, 0.02028808929026127, 0.018063627183437347, 0.017588868737220764, 0.01800096407532692, 0.021744079887866974, 0.01943552866578102, 0.015186041593551636, 0.015957742929458618, 0.022011831402778625, 0.01978471502661705, 0.021041331812739372, 0.017765341326594353, 0.01666596159338951, 0.019161861389875412, 0.015965403988957405, 0.016713794320821762, 0.01655425876379013, 0.01785450428724289, 0.017933104187250137, 0.016406144946813583, 0.016247903928160667, 0.018226224929094315, 0.01705658808350563, 0.022110238671302795, 0.016687599942088127, 0.017401879653334618, 0.020566079765558243, 0.018852246925234795, 0.016778867691755295, 0.016439197584986687, 0.016349593177437782, 0.01852412521839142, 0.022414714097976685, 0.02030646614730358, 0.016586588695645332, 0.020903311669826508, 0.017298605293035507, 0.020677799358963966, 0.016305584460496902, 0.017943227663636208, 0.01613778807222843, 0.015938173979520798, 0.018825599923729897, 0.020558450371026993, 0.01990574225783348, 0.018649525940418243, 0.017061647027730942, 0.017453573644161224, 0.01727401465177536, 0.017826715484261513, 0.018750306218862534, 0.01611996442079544, 0.017639663070440292, 0.02051808312535286, 0.018370190635323524, 0.017337974160909653, 0.015835758298635483, 0.018396669998764992, 0.01830371469259262, 0.015633340924978256, 0.017765114083886147, 0.01806812733411789, 0.019636034965515137, 0.016950735822319984, 0.020593341439962387, 0.020173078402876854, 0.01939031295478344, 0.016701001673936844, 0.016115332022309303, 0.01740121655166149, 0.017136678099632263, 0.01805104687809944, 0.019363557919859886, 0.016535671427845955, 0.01395874097943306]}
Setting up Multi Scale Gradient loss...
Done
Setting up Multi Scale Gradient loss...
Done
Setting up Multi Scale Gradient loss...
Done
Setting up Multi Scale Gradient loss...
Done
Setting up Multi Scale Gradient loss...
Done
Setting up Multi Scale Gradient loss...
Done
Setting up Multi Scale Gradient loss...
Done
Setting up Multi Scale Gradient loss...
Done
Setting up Multi Scale Gradient loss...
Done
Setting up Multi Scale Gradient loss...
Done
Setting up Multi Scale Gradient loss...
Done
Setting up Multi Scale Gradient loss...
Done
Setting up Multi Scale Gradient loss...
Done
Setting up Multi Scale Gradient loss...
Done
Setting up Multi Scale Gradient loss...
Done
Setting up Multi Scale Gradient loss...
Done
all losses in batch in validation:  {'loss': [0.027542322874069214, 0.02596135623753071, 0.034197308123111725, 0.035376936197280884, 0.025012098252773285, 0.03219085931777954, 0.02871546521782875, 0.034991152584552765, 0.025311004370450974, 0.029779644683003426, 0.024944577366113663, 0.03946883603930473, 0.03189844265580177, 0.03947575390338898, 0.03044627234339714, 0.028692563995718956, 0.030678486451506615, 0.02635790966451168, 0.03370876610279083, 0.02695998176932335, 0.028318922966718674, 0.029929906129837036, 0.030051209032535553, 0.02315455675125122, 0.02786727249622345, 0.028803221881389618, 0.02484450303018093, 0.02848900854587555, 0.02787504531443119, 0.03163741156458855, 0.0370432510972023, 0.03277529776096344, 0.0328776091337204, 0.028148479759693146, 0.03509894758462906, 0.025133119896054268, 0.0342547632753849, 0.031218914315104485, 0.02877821773290634, 0.026630446314811707, 0.038243912160396576, 0.030784450471401215, 0.026082534343004227, 0.033283594995737076, 0.03400551900267601, 0.023701852187514305, 0.02718859165906906, 0.028829921036958694, 0.028316708281636238, 0.03530474752187729, 0.027604464441537857, 0.03008837252855301, 0.02496900036931038, 0.03292751684784889, 0.032679483294487, 0.029486998915672302, 0.027417631819844246, 0.028950145468115807, 0.03250588849186897, 0.034059979021549225, 0.0311674065887928, 0.026990456506609917, 0.02743573859333992, 0.027085080742836, 0.03438717871904373, 0.02744343876838684, 0.030605798587203026, 0.03237646073102951, 0.028539445251226425, 0.03537179157137871, 0.027687691152095795, 0.02949334867298603, 0.02273288369178772, 0.03861845284700394, 0.028397642076015472, 0.02636737748980522, 0.03379882872104645, 0.025143088772892952, 0.0394439660012722, 0.025511451065540314, 0.02555621974170208, 0.034941647201776505, 0.026437759399414062, 0.03493508696556091, 0.025107186287641525, 0.03237248212099075, 0.02656697854399681, 0.027250835672020912, 0.03454939275979996, 0.03175944462418556, 0.03284163400530815, 0.030574368312954903, 0.025771917775273323, 0.026140121743083, 0.025050736963748932, 0.028763942420482635, 0.025616299360990524, 0.029194045811891556, 0.0266974326223135, 0.028412610292434692, 0.027428165078163147, 0.027637384831905365, 0.028444144874811172, 0.026759762316942215, 0.02995360642671585, 0.022887006402015686, 0.028121836483478546, 0.031342051923274994, 0.024765290319919586, 0.03445053473114967, 0.02760852873325348, 0.027051396667957306, 0.03200575336813927, 0.026679448783397675, 0.026590729132294655, 0.021532101556658745, 0.03220083937048912, 0.02755669876933098, 0.036544911563396454, 0.027874231338500977, 0.032303884625434875, 0.029256433248519897, 0.025739090517163277, 0.028698017820715904, 0.033329203724861145, 0.03501875698566437, 0.030847370624542236, 0.029341647401452065, 0.027517519891262054, 0.02621719427406788, 0.026589596644043922, 0.029671257361769676, 0.028834644705057144, 0.02922174707055092, 0.03463505581021309, 0.030067209154367447, 0.020217852666974068, 0.033676471561193466, 0.036283232271671295, 0.024732939898967743, 0.028843965381383896, 0.031635832041502, 0.024081293493509293, 0.023798368871212006, 0.038998670876026154, 0.026303088292479515, 0.033591676503419876, 0.03543222323060036, 0.026164023205637932, 0.026357240974903107, 0.03505051136016846, 0.03469530865550041, 0.027820570394396782, 0.0308556966483593, 0.034809309989213943, 0.02503935992717743, 0.03247559443116188, 0.02903706207871437, 0.025522606447339058, 0.02909144014120102, 0.025722835212945938, 0.025559253990650177, 0.02670740708708763, 0.032295625656843185, 0.03720160573720932, 0.02765393629670143, 0.028364108875393867, 0.025431133806705475, 0.029410814866423607, 0.026211775839328766, 0.026589922606945038, 0.02718549221754074, 0.02873176522552967, 0.023350628092885017, 0.02938809245824814, 0.03336140513420105, 0.0310538187623024, 0.028648866340517998, 0.03261696174740791, 0.03829914703965187, 0.029448945075273514, 0.024157404899597168, 0.024346843361854553, 0.03415094316005707, 0.031122934073209763, 0.036701709032058716, 0.02884996123611927, 0.025492960587143898, 0.030390970408916473, 0.02553839236497879, 0.027264339849352837, 0.026545187458395958, 0.026994697749614716, 0.028893567621707916, 0.02491815574467182, 0.024041255936026573, 0.03080209344625473, 0.025874178856611252, 0.03609165549278259, 0.02624594047665596, 0.027438227087259293, 0.031997792422771454, 0.03150535747408867, 0.02908266708254814, 0.025460127741098404, 0.027328621596097946, 0.03311467915773392, 0.03591486066579819, 0.03319953754544258, 0.024176307022571564, 0.03342023864388466, 0.026119377464056015, 0.03562069311738014, 0.02729291096329689, 0.03034437820315361, 0.024976834654808044, 0.023386143147945404, 0.028776098042726517, 0.03353837877511978, 0.03575462847948074, 0.030943362042307854, 0.027118520811200142, 0.025858456268906593, 0.027171198278665543, 0.030312787741422653, 0.026414114981889725, 0.026566719636321068, 0.027628477662801743, 0.03788100183010101, 0.029313448816537857, 0.028869453817605972, 0.023586001247167587, 0.030711188912391663, 0.031042128801345825, 0.022708579897880554, 0.02763134241104126, 0.029494633898139, 0.02934163063764572, 0.02487746998667717, 0.03211041912436485, 0.02995460480451584, 0.02648199163377285, 0.025313174352049828, 0.024594005197286606, 0.027590356767177582, 0.027814503759145737, 0.02923254296183586, 0.034714728593826294, 0.029027368873357773, 0.02641860395669937], 'L_si': [0.008742108009755611, 0.0093134306371212, 0.011618861928582191, 0.011654475703835487, 0.007360315881669521, 0.011970060877501965, 0.011052204295992851, 0.013209177181124687, 0.007577551994472742, 0.009272275492548943, 0.008276031352579594, 0.0160750113427639, 0.010659027844667435, 0.01498035341501236, 0.01056173350661993, 0.008500711992383003, 0.009083995595574379, 0.007736959028989077, 0.011897950433194637, 0.008333787322044373, 0.008588196709752083, 0.009535655379295349, 0.009348124265670776, 0.0060170311480760574, 0.008442874997854233, 0.009179498068988323, 0.007629053667187691, 0.008884299546480179, 0.009175142273306847, 0.010054796934127808, 0.014882083982229233, 0.011497040279209614, 0.013089661486446857, 0.008935748599469662, 0.014288580976426601, 0.008789805695414543, 0.011338464915752411, 0.010348571464419365, 0.008944571018218994, 0.008622867055237293, 0.013901138678193092, 0.010579264722764492, 0.007721312809735537, 0.013050708919763565, 0.013232089579105377, 0.007027934771031141, 0.008262339979410172, 0.010074401274323463, 0.008721252903342247, 0.012199772521853447, 0.00997463334351778, 0.01089642196893692, 0.0078379325568676, 0.012421778403222561, 0.012760643847286701, 0.010778031311929226, 0.00937982089817524, 0.010175580158829689, 0.010582700371742249, 0.011915447190403938, 0.011447231285274029, 0.00904029794037342, 0.008463229052722454, 0.008560246787965298, 0.011099128983914852, 0.009109679609537125, 0.011487269774079323, 0.013861712999641895, 0.009025965817272663, 0.012642758898437023, 0.008312968537211418, 0.011114722117781639, 0.005814780946820974, 0.013704952783882618, 0.00847491342574358, 0.008413326926529408, 0.010624478571116924, 0.007302422076463699, 0.01363637950271368, 0.007148373406380415, 0.007626328617334366, 0.012761902064085007, 0.009766084142029285, 0.011852672323584557, 0.0073938691057264805, 0.012429868802428246, 0.008643198758363724, 0.008807497099041939, 0.012015501037240028, 0.011941831558942795, 0.012154865078628063, 0.009335551410913467, 0.0077970512211322784, 0.007013222668319941, 0.008409086614847183, 0.009199835360050201, 0.007134820334613323, 0.008599224500358105, 0.00866280309855938, 0.010014349594712257, 0.009828798472881317, 0.00814090482890606, 0.009850888513028622, 0.007702162489295006, 0.009080921299755573, 0.006543460767716169, 0.009471395052969456, 0.01026101317256689, 0.00760873407125473, 0.012667045928537846, 0.008285347372293472, 0.008076419122517109, 0.010045061819255352, 0.008886006660759449, 0.007667364552617073, 0.005595662165433168, 0.010112526826560497, 0.010184792801737785, 0.013594279997050762, 0.008901561610400677, 0.010463133454322815, 0.009729025885462761, 0.008086325600743294, 0.008923335000872612, 0.011565729044377804, 0.011826644651591778, 0.009447354823350906, 0.009265050292015076, 0.008338174782693386, 0.00899285264313221, 0.00871301256120205, 0.011081397533416748, 0.010608981363475323, 0.010160737670958042, 0.012379760853946209, 0.010299879126250744, 0.005200695246458054, 0.011148384772241116, 0.014535271562635899, 0.00752983707934618, 0.010583775117993355, 0.010260798037052155, 0.0066581000573933125, 0.007788396440446377, 0.013711366802453995, 0.00758550176396966, 0.011639472097158432, 0.014757855795323849, 0.007900487631559372, 0.008176787756383419, 0.012678517028689384, 0.012183047831058502, 0.010221755132079124, 0.010088378563523293, 0.014696099795401096, 0.007151622325181961, 0.010852635838091373, 0.008615353144705296, 0.009256049990653992, 0.010933070443570614, 0.007235512603074312, 0.0070497868582606316, 0.007937680929899216, 0.011960725300014019, 0.016635922715067863, 0.008524983190000057, 0.009822502732276917, 0.007740064524114132, 0.00951477326452732, 0.007529613096266985, 0.00876874104142189, 0.00927977729588747, 0.009748557582497597, 0.0072764200158417225, 0.00936563778668642, 0.010531069710850716, 0.011451766826212406, 0.008895784616470337, 0.012602987699210644, 0.015619276091456413, 0.009747213684022427, 0.008404658176004887, 0.007658571004867554, 0.011958201415836811, 0.010718227364122868, 0.012978235259652138, 0.009913140907883644, 0.00748478015884757, 0.009585808031260967, 0.00775593426078558, 0.008335229009389877, 0.008641839027404785, 0.008007888682186604, 0.008648010902106762, 0.006663805339485407, 0.006893896032124758, 0.010379789397120476, 0.008124595507979393, 0.011543290689587593, 0.008685578592121601, 0.00841410830616951, 0.010445794090628624, 0.01182329747825861, 0.010882477276027203, 0.00843602605164051, 0.010189647786319256, 0.01186014898121357, 0.012970661744475365, 0.011940986849367619, 0.006757313385605812, 0.011136180721223354, 0.008505254052579403, 0.012440492399036884, 0.00972552690654993, 0.00913281925022602, 0.00806277897208929, 0.0069962372072041035, 0.008874337188899517, 0.012762954458594322, 0.012965804897248745, 0.01141958124935627, 0.008470231667160988, 0.007884005084633827, 0.008104454725980759, 0.011150280945003033, 0.007779051549732685, 0.008371520787477493, 0.009790944866836071, 0.015933619812130928, 0.01020299643278122, 0.009376575239002705, 0.007139680907130241, 0.009070564061403275, 0.00966422539204359, 0.006605238188058138, 0.008784017525613308, 0.009618768468499184, 0.010459765791893005, 0.0067125591449439526, 0.010886115953326225, 0.009222867898643017, 0.007040146738290787, 0.007200431544333696, 0.008021687157452106, 0.009399976581335068, 0.008832894265651703, 0.011201425455510616, 0.012845146469771862, 0.010006197728216648, 0.011591975577175617], 'L_grad': [0.018800213932991028, 0.016647925600409508, 0.022578444331884384, 0.023722458630800247, 0.017651783302426338, 0.02022079937160015, 0.0176632609218359, 0.02178197354078293, 0.01773345284163952, 0.020507369190454483, 0.016668545082211494, 0.023393824696540833, 0.02123941481113434, 0.024495400488376617, 0.019884539768099785, 0.020191852003335953, 0.021594490855932236, 0.01862095110118389, 0.02181081473827362, 0.018626194447278976, 0.01973072625696659, 0.020394250750541687, 0.020703084766864777, 0.017137525603175163, 0.019424397498369217, 0.01962372474372387, 0.01721544936299324, 0.01960470899939537, 0.018699903041124344, 0.02158261463046074, 0.022161167114973068, 0.0212782584130764, 0.019787946715950966, 0.01921273022890091, 0.020810365676879883, 0.016343314200639725, 0.022916298359632492, 0.02087034285068512, 0.019833646714687347, 0.01800757832825184, 0.024342771619558334, 0.020205184817314148, 0.018361221998929977, 0.02023288607597351, 0.020773429423570633, 0.016673916950821877, 0.01892625167965889, 0.01875551976263523, 0.01959545537829399, 0.02310497686266899, 0.017629830166697502, 0.01919195055961609, 0.01713106781244278, 0.020505737513303757, 0.019918838515877724, 0.01870896853506565, 0.018037810921669006, 0.018774565309286118, 0.021923188120126724, 0.022144533693790436, 0.019720176234841347, 0.017950158566236496, 0.01897250860929489, 0.018524833023548126, 0.023288048803806305, 0.018333759158849716, 0.019118528813123703, 0.01851474866271019, 0.019513480365276337, 0.02272903174161911, 0.019374722614884377, 0.01837862655520439, 0.016918102279305458, 0.024913500994443893, 0.019922727718949318, 0.01795405149459839, 0.02317434921860695, 0.017840666696429253, 0.025807587429881096, 0.01836307719349861, 0.017929891124367714, 0.022179745137691498, 0.01667167618870735, 0.023082416504621506, 0.017713317647576332, 0.019942613318562508, 0.017923779785633087, 0.018443338572978973, 0.02253389172255993, 0.019817613065242767, 0.020686769858002663, 0.021238816902041435, 0.017974866554141045, 0.019126899540424347, 0.01664165034890175, 0.019564107060432434, 0.018481478095054626, 0.020594820380210876, 0.01803462952375412, 0.018398260697722435, 0.01759936660528183, 0.019496480002999306, 0.018593255430459976, 0.01905759982764721, 0.020872686058282852, 0.01634354516863823, 0.018650442361831665, 0.02108103781938553, 0.017156556248664856, 0.021783489733934402, 0.019323181360960007, 0.01897497847676277, 0.02196069061756134, 0.0177934430539608, 0.018923364579677582, 0.015936439856886864, 0.02208831161260605, 0.017371905967593193, 0.022950632497668266, 0.018972668796777725, 0.02184075117111206, 0.019527407363057137, 0.017652764916419983, 0.019774682819843292, 0.021763475611805916, 0.023192111402750015, 0.02140001580119133, 0.02007659710943699, 0.019179344177246094, 0.01722434163093567, 0.017876584082841873, 0.018589859828352928, 0.018225662410259247, 0.01906101033091545, 0.022255295887589455, 0.01976732909679413, 0.015017157420516014, 0.022528085857629776, 0.021747959777712822, 0.01720310188829899, 0.01826019026339054, 0.021375034004449844, 0.017423193901777267, 0.016009971499443054, 0.02528730407357216, 0.018717586994171143, 0.021952204406261444, 0.020674368366599083, 0.01826353557407856, 0.018180452287197113, 0.022371996194124222, 0.02251226082444191, 0.017598815262317657, 0.020767318084836006, 0.020113211125135422, 0.017887737601995468, 0.02162295952439308, 0.0204217080026865, 0.016266556456685066, 0.01815836876630783, 0.018487323075532913, 0.01850946620106697, 0.018769726157188416, 0.020334899425506592, 0.020565681159496307, 0.0191289521753788, 0.01854160614311695, 0.017691070213913918, 0.019896041601896286, 0.018682163208723068, 0.017821181565523148, 0.017905715852975845, 0.018983207643032074, 0.016074208542704582, 0.020022455602884293, 0.022830333560705185, 0.019602051004767418, 0.01975308172404766, 0.020013973116874695, 0.022679870948195457, 0.019701730459928513, 0.015752745792269707, 0.016688272356987, 0.02219274267554283, 0.02040470764040947, 0.02372347190976143, 0.018936820328235626, 0.01800817996263504, 0.02080516144633293, 0.017782459035515785, 0.01892911083996296, 0.017903348430991173, 0.018986809998750687, 0.02024555578827858, 0.018254350870847702, 0.017147360369563103, 0.020422304049134254, 0.01774958334863186, 0.024548364803195, 0.017560362815856934, 0.019024118781089783, 0.02155199833214283, 0.019682060927152634, 0.018200190737843513, 0.017024101689457893, 0.017138972878456116, 0.0212545283138752, 0.022944198921322823, 0.021258551627397537, 0.01741899363696575, 0.02228405699133873, 0.017614122480154037, 0.023180201649665833, 0.017567383125424385, 0.02121155895292759, 0.01691405661404133, 0.016389906406402588, 0.019901761785149574, 0.02077542617917061, 0.022788822650909424, 0.019523780792951584, 0.018648289144039154, 0.017974451184272766, 0.019066743552684784, 0.019162507727742195, 0.018635064363479614, 0.018195198848843575, 0.017837531864643097, 0.021947383880615234, 0.019110452383756638, 0.019492879509925842, 0.016446320340037346, 0.021640624850988388, 0.02137790247797966, 0.016103342175483704, 0.018847323954105377, 0.019875865429639816, 0.018881864845752716, 0.01816491037607193, 0.021224303171038628, 0.020731735974550247, 0.019441844895482063, 0.01811274327337742, 0.016572318971157074, 0.018190380185842514, 0.018981609493494034, 0.01803111843764782, 0.021869581192731857, 0.0190211720764637, 0.01482662744820118]}
Setting up Multi Scale Gradient loss...
Done
Setting up Multi Scale Gradient loss...
Done
Setting up Multi Scale Gradient loss...
Done
Setting up Multi Scale Gradient loss...
Done
Setting up Multi Scale Gradient loss...
Done
Setting up Multi Scale Gradient loss...
Done
Setting up Multi Scale Gradient loss...
Done
Setting up Multi Scale Gradient loss...
Done
Setting up Multi Scale Gradient loss...
Done
Setting up Multi Scale Gradient loss...
Done
Setting up Multi Scale Gradient loss...
Done
Setting up Multi Scale Gradient loss...
Done
Setting up Multi Scale Gradient loss...
Done
Setting up Multi Scale Gradient loss...
Done
Setting up Multi Scale Gradient loss...
Done
Setting up Multi Scale Gradient loss...
Done
all losses in batch in validation:  {'loss': [0.024250533431768417, 0.025931566953659058, 0.024193935096263885, 0.028438042849302292, 0.021359089761972427, 0.031014978885650635, 0.02537771873176098, 0.029779192060232162, 0.02361992932856083, 0.026106759905815125, 0.02328740805387497, 0.033222317695617676, 0.025741547346115112, 0.027386434376239777, 0.023777756839990616, 0.02152860350906849, 0.024029649794101715, 0.02316870167851448, 0.029045186936855316, 0.024237921461462975, 0.025962840765714645, 0.02640966698527336, 0.0228322334587574, 0.021478677168488503, 0.0227261520922184, 0.024036429822444916, 0.024025289341807365, 0.02342584729194641, 0.025870487093925476, 0.02361435256898403, 0.03021661564707756, 0.02698821946978569, 0.02776886336505413, 0.026531580835580826, 0.02822839841246605, 0.025041818618774414, 0.026009943336248398, 0.025301747024059296, 0.02234906330704689, 0.02345467545092106, 0.026026159524917603, 0.026103485375642776, 0.02361981011927128, 0.030358480289578438, 0.030575720593333244, 0.02365572191774845, 0.020638596266508102, 0.02605709806084633, 0.024911563843488693, 0.027840400114655495, 0.02538423240184784, 0.027208682149648666, 0.021787751466035843, 0.02483326569199562, 0.027188740670681, 0.029867511242628098, 0.025584295392036438, 0.022294584661722183, 0.029254166409373283, 0.024760711938142776, 0.028494400903582573, 0.02267371118068695, 0.027020076289772987, 0.02322569489479065, 0.028481338173151016, 0.027317216619849205, 0.028144655749201775, 0.03235882520675659, 0.023921417072415352, 0.02754601091146469, 0.023636875674128532, 0.028432242572307587, 0.021429147571325302, 0.03446868807077408, 0.025129124522209167, 0.0234878771007061, 0.03352799266576767, 0.02141740918159485, 0.02839967980980873, 0.02188272960484028, 0.023112833499908447, 0.02734879031777382, 0.02449633553624153, 0.027081331238150597, 0.023460453376173973, 0.028784289956092834, 0.02361164428293705, 0.022704800590872765, 0.025872811675071716, 0.02832135744392872, 0.029211178421974182, 0.02462722174823284, 0.02316865883767605, 0.021486591547727585, 0.024933194741606712, 0.022252056747674942, 0.023118136450648308, 0.02315937913954258, 0.022397195920348167, 0.02360825426876545, 0.025906234979629517, 0.026404300704598427, 0.027919918298721313, 0.023326849564909935, 0.024959415197372437, 0.022346731275320053, 0.02786225825548172, 0.0238465815782547, 0.023176662623882294, 0.02845589816570282, 0.025732915848493576, 0.022062215954065323, 0.028853805735707283, 0.022613784298300743, 0.022663474082946777, 0.021054137498140335, 0.02491704747080803, 0.02776101976633072, 0.027646314352750778, 0.023226723074913025, 0.025905974209308624, 0.024742115288972855, 0.025052819401025772, 0.023994123563170433, 0.02831054851412773, 0.028273675590753555, 0.02439942955970764, 0.02445247955620289, 0.024721918627619743, 0.023463759571313858, 0.023547552525997162, 0.027512766420841217, 0.028630249202251434, 0.02610751986503601, 0.026614420115947723, 0.027688104659318924, 0.01797269843518734, 0.031541481614112854, 0.029394038021564484, 0.02332853525876999, 0.027769654989242554, 0.02216464839875698, 0.02198837138712406, 0.023612145334482193, 0.025733310729265213, 0.024106759577989578, 0.023401573300361633, 0.032283663749694824, 0.022591762244701385, 0.0249815471470356, 0.03159891813993454, 0.028867358341813087, 0.026620006188750267, 0.02490372397005558, 0.027402706444263458, 0.022119633853435516, 0.026139970868825912, 0.023279013112187386, 0.02333548478782177, 0.02702930010855198, 0.02535914070904255, 0.023803653195500374, 0.023023612797260284, 0.029141899198293686, 0.03577440232038498, 0.02317560836672783, 0.027312472462654114, 0.024180438369512558, 0.025343550369143486, 0.02297222800552845, 0.02548442967236042, 0.025600004941225052, 0.02804037369787693, 0.02312449924647808, 0.02420094422996044, 0.029349394142627716, 0.027704082429409027, 0.02318541705608368, 0.026519350707530975, 0.035027407109737396, 0.029658526182174683, 0.023263048380613327, 0.023041678592562675, 0.03326224163174629, 0.027186818420886993, 0.03207379952073097, 0.025466009974479675, 0.022965900599956512, 0.027683503925800323, 0.021794887259602547, 0.022008877247571945, 0.022868935018777847, 0.023760609328746796, 0.025604620575904846, 0.020434701815247536, 0.021844742819666862, 0.02428487315773964, 0.025373300537467003, 0.029944881796836853, 0.02401575818657875, 0.024166185408830643, 0.02878071740269661, 0.02844344824552536, 0.02668105997145176, 0.024445923045277596, 0.02618122473359108, 0.024419929832220078, 0.03570134937763214, 0.031606465578079224, 0.022178130224347115, 0.029336126521229744, 0.02585665136575699, 0.028065837919712067, 0.024506475776433945, 0.023470457643270493, 0.021617144346237183, 0.023043304681777954, 0.026805687695741653, 0.03282856568694115, 0.02651045471429825, 0.0287284217774868, 0.023061515763401985, 0.024951152503490448, 0.022896461188793182, 0.02665332332253456, 0.026606015861034393, 0.022199586033821106, 0.028065044432878494, 0.03475622087717056, 0.0291440449655056, 0.02433948591351509, 0.022531617432832718, 0.024538248777389526, 0.02373998425900936, 0.02162843383848667, 0.024059854447841644, 0.025269724428653717, 0.030415385961532593, 0.02258065715432167, 0.02887718565762043, 0.029092401266098022, 0.026737837120890617, 0.022387119010090828, 0.022797513753175735, 0.025929022580385208, 0.023584747686982155, 0.029593825340270996, 0.02925325743854046, 0.023502802476286888, 0.024429600685834885], 'L_si': [0.007852091453969479, 0.009398707188665867, 0.007178083527833223, 0.008807195350527763, 0.005753608886152506, 0.011760802939534187, 0.009683746844530106, 0.011155541054904461, 0.007221642881631851, 0.007914019748568535, 0.007965647615492344, 0.012614596635103226, 0.0081521300598979, 0.009058813564479351, 0.007486194372177124, 0.0058533078990876675, 0.006704927422106266, 0.006484548561275005, 0.010058755986392498, 0.007286351639777422, 0.007596287410706282, 0.008346980437636375, 0.006675072479993105, 0.005477022845298052, 0.006475827191025019, 0.007179734297096729, 0.00744588440284133, 0.006987800821661949, 0.008845875971019268, 0.007094844710081816, 0.011126375757157803, 0.009129500947892666, 0.010743275284767151, 0.008364151231944561, 0.01048902329057455, 0.008749597705900669, 0.008281479589641094, 0.008259463123977184, 0.006567125208675861, 0.00748029351234436, 0.008348379284143448, 0.008689897134900093, 0.0070254127494990826, 0.01175672560930252, 0.011711826547980309, 0.007055338472127914, 0.005633809138089418, 0.00909231137484312, 0.007916160859167576, 0.009067248553037643, 0.009014246053993702, 0.009640735574066639, 0.006860740948468447, 0.008583791553974152, 0.010508714243769646, 0.011056452058255672, 0.008884123526513577, 0.006579809822142124, 0.009505094960331917, 0.0075041200034320354, 0.010659689083695412, 0.007206404581665993, 0.00823180377483368, 0.0071132369339466095, 0.008433581329882145, 0.009188218042254448, 0.010599697008728981, 0.01393121201545, 0.007371695712208748, 0.009059829637408257, 0.006847959011793137, 0.010778090916574001, 0.005484418477863073, 0.011701258830726147, 0.007295732386410236, 0.007355199661105871, 0.010747114196419716, 0.005894789472222328, 0.00905502587556839, 0.005918996408581734, 0.006815107073634863, 0.009405002929270267, 0.009128018282353878, 0.008859125897288322, 0.006885481998324394, 0.011034416034817696, 0.00741455378010869, 0.006946106906980276, 0.007838875986635685, 0.010984553024172783, 0.01092307548969984, 0.007065257057547569, 0.0067095025442540646, 0.005565867759287357, 0.008398057892918587, 0.006023036781698465, 0.006422011181712151, 0.006264826748520136, 0.006801496725529432, 0.008373846299946308, 0.009388155303895473, 0.007737219333648682, 0.00988802406936884, 0.00656756991520524, 0.007300050929188728, 0.006487790960818529, 0.009768061339855194, 0.007024513091892004, 0.007155026774853468, 0.009471219033002853, 0.007473846897482872, 0.005895229987800121, 0.009141245856881142, 0.006718676537275314, 0.006281362846493721, 0.005413122940808535, 0.007062595337629318, 0.010330216027796268, 0.009358110837638378, 0.006903391797095537, 0.007396799512207508, 0.008016558364033699, 0.007951647974550724, 0.007051639724522829, 0.009626255370676517, 0.009271742776036263, 0.006742805242538452, 0.007630363572388887, 0.0076338076032698154, 0.008001749403774738, 0.0076400646939873695, 0.01019225362688303, 0.010607616044580936, 0.008734372444450855, 0.00871022418141365, 0.009388433769345284, 0.00450846366584301, 0.010208485648036003, 0.011022272519767284, 0.007185959257185459, 0.0102530000731349, 0.006225797813385725, 0.005842028185725212, 0.0076097408309578896, 0.008152082562446594, 0.006913430988788605, 0.007074424065649509, 0.013149278238415718, 0.006629788316786289, 0.007973830215632915, 0.011242189444601536, 0.009008029475808144, 0.009882373735308647, 0.007535876240581274, 0.009954516775906086, 0.006019227672368288, 0.007814143784344196, 0.006538535002619028, 0.008276447653770447, 0.010013502091169357, 0.0071252319030463696, 0.00651319557800889, 0.006652678828686476, 0.01064757164567709, 0.015469169244170189, 0.007054212503135204, 0.009573687799274921, 0.007512811105698347, 0.007875591516494751, 0.006458497140556574, 0.008514439687132835, 0.008641471154987812, 0.009742621332406998, 0.007284639403223991, 0.0071058981120586395, 0.00955745205283165, 0.010150044225156307, 0.006667096167802811, 0.00928560085594654, 0.013974916189908981, 0.010014359839260578, 0.00814307015389204, 0.007357143331319094, 0.011761588975787163, 0.009287203662097454, 0.01113585289567709, 0.008822092786431313, 0.006827720440924168, 0.008808474987745285, 0.006591241341084242, 0.006147574633359909, 0.006973125506192446, 0.006439800374209881, 0.007813655771315098, 0.005091598257422447, 0.006001520436257124, 0.007534523028880358, 0.00825156457722187, 0.008923490531742573, 0.007935864850878716, 0.007401339244097471, 0.009053346700966358, 0.010414118878543377, 0.01008063368499279, 0.008199447765946388, 0.009906123392283916, 0.007621292024850845, 0.013314096257090569, 0.011555436067283154, 0.0060759359039366245, 0.009384041652083397, 0.008637448772788048, 0.008764626458287239, 0.008615586906671524, 0.006721817422658205, 0.006500343792140484, 0.006974848918616772, 0.00850438792258501, 0.012424557469785213, 0.00871313363313675, 0.010562081821262836, 0.006860163528472185, 0.00773435365408659, 0.006413848139345646, 0.00978147517889738, 0.007859579287469387, 0.006249839439988136, 0.010110565461218357, 0.014431355521082878, 0.010301608592271805, 0.007434753701090813, 0.006957628298550844, 0.007038951851427555, 0.006994700059294701, 0.0063860975205898285, 0.007357187569141388, 0.008022590540349483, 0.01089539285749197, 0.0060429759323596954, 0.009706549346446991, 0.009333206340670586, 0.007136329542845488, 0.006183112505823374, 0.00741251977160573, 0.008826532401144505, 0.0070477738045156, 0.011500547640025616, 0.010601747781038284, 0.007716641295701265, 0.010588386096060276], 'L_grad': [0.016398442909121513, 0.016532860696315765, 0.01701585203409195, 0.01963084749877453, 0.015605481341481209, 0.019254175946116447, 0.015693971887230873, 0.018623651936650276, 0.016398286446928978, 0.01819274015724659, 0.015321759507060051, 0.02060772106051445, 0.017589416354894638, 0.018327621743083, 0.016291562467813492, 0.015675295144319534, 0.017324723303318024, 0.0166841521859169, 0.018986431881785393, 0.01695157028734684, 0.018366552889347076, 0.018062686547636986, 0.016157161444425583, 0.016001654788851738, 0.016250325366854668, 0.01685669645667076, 0.01657940447330475, 0.016438046470284462, 0.017024610191583633, 0.01651950739324093, 0.019090240821242332, 0.01785871759057045, 0.01702558808028698, 0.01816742867231369, 0.017739374190568924, 0.01629221998155117, 0.01772846281528473, 0.017042282968759537, 0.015781937167048454, 0.0159743819385767, 0.017677780240774155, 0.017413588240742683, 0.01659439690411091, 0.018601754680275917, 0.018863894045352936, 0.016600383445620537, 0.015004786662757397, 0.016964785754680634, 0.016995403915643692, 0.01877315156161785, 0.016369985416531563, 0.017567945644259453, 0.014927010983228683, 0.01624947413802147, 0.016680026426911354, 0.01881105825304985, 0.016700172796845436, 0.015714775770902634, 0.019749071449041367, 0.017256591469049454, 0.01783471181988716, 0.015467307530343533, 0.018788272514939308, 0.01611245796084404, 0.020047755911946297, 0.018128998577594757, 0.017544958740472794, 0.018427614122629166, 0.016549721360206604, 0.018486181274056435, 0.016788916662335396, 0.01765415072441101, 0.01594472862780094, 0.022767430171370506, 0.017833393067121506, 0.016132676973938942, 0.022780876606702805, 0.01552261970937252, 0.01934465393424034, 0.015963733196258545, 0.016297725960612297, 0.017943788319826126, 0.015368318185210228, 0.018222205340862274, 0.01657497137784958, 0.01774987392127514, 0.016197090968489647, 0.0157586932182312, 0.018033936619758606, 0.017336804419755936, 0.018288103863596916, 0.017561964690685272, 0.016459155827760696, 0.015920724719762802, 0.016535136848688126, 0.016229020431637764, 0.016696125268936157, 0.01689455285668373, 0.015595699660480022, 0.015234407968819141, 0.01651807874441147, 0.018667081370949745, 0.01803189516067505, 0.016759280115365982, 0.017659364268183708, 0.01585894078016281, 0.018094196915626526, 0.01682206802070141, 0.01602163538336754, 0.018984679132699966, 0.018259068951010704, 0.016166986897587776, 0.01971255987882614, 0.01589510776102543, 0.016382111236453056, 0.015641015022993088, 0.01785445213317871, 0.017430804669857025, 0.018288202583789825, 0.016323331743478775, 0.01850917562842369, 0.016725556924939156, 0.017101172357797623, 0.01694248430430889, 0.01868429407477379, 0.019001932814717293, 0.01765662431716919, 0.01682211644947529, 0.017088111490011215, 0.015462011098861694, 0.015907486900687218, 0.017320511862635612, 0.018022632226347923, 0.01737314648926258, 0.017904195934534073, 0.01829967088997364, 0.01346423476934433, 0.021332997828722, 0.018371766433119774, 0.016142575070261955, 0.01751665584743023, 0.01593885011970997, 0.01614634320139885, 0.016002405434846878, 0.01758122816681862, 0.017193328589200974, 0.0163271501660347, 0.019134385511279106, 0.01596197485923767, 0.017007717862725258, 0.02035672962665558, 0.019859328866004944, 0.01673763245344162, 0.01736784726381302, 0.017448188737034798, 0.016100406646728516, 0.01832582801580429, 0.016740478575229645, 0.015059037134051323, 0.017015798017382622, 0.018233908340334892, 0.01729045808315277, 0.01637093350291252, 0.01849432662129402, 0.02030523307621479, 0.01612139493227005, 0.017738783732056618, 0.016667626798152924, 0.017467958852648735, 0.016513731330633163, 0.016969989985227585, 0.016958532854914665, 0.018297752365469933, 0.01583985984325409, 0.017095046117901802, 0.019791942089796066, 0.017554039135575294, 0.01651832088828087, 0.017233749851584435, 0.021052490919828415, 0.01964416541159153, 0.015119978226721287, 0.01568453572690487, 0.02150065265595913, 0.017899615690112114, 0.020937945693731308, 0.016643917188048363, 0.01613817922770977, 0.01887502893805504, 0.015203645452857018, 0.015861302614212036, 0.01589580997824669, 0.01732080802321434, 0.017790965735912323, 0.015343103557825089, 0.01584322191774845, 0.01675035059452057, 0.017121735960245132, 0.021021392196416855, 0.016079893335700035, 0.016764845699071884, 0.019727371633052826, 0.01802932843565941, 0.01660042628645897, 0.016246475279331207, 0.016275102272629738, 0.016798637807369232, 0.022387253120541573, 0.020051030442118645, 0.016102194786071777, 0.019952084869146347, 0.01721920259296894, 0.019301211461424828, 0.01589088886976242, 0.016748640686273575, 0.015116799622774124, 0.016068454831838608, 0.01830129884183407, 0.020404009148478508, 0.0177973210811615, 0.01816634088754654, 0.016201352700591087, 0.017216797918081284, 0.01648261398077011, 0.016871847212314606, 0.01874643750488758, 0.01594974659383297, 0.017954478040337563, 0.020324863493442535, 0.018842436373233795, 0.016904732212424278, 0.015573989599943161, 0.017499295994639397, 0.01674528419971466, 0.015242336317896843, 0.016702666878700256, 0.01724713295698166, 0.019519992172718048, 0.016537681221961975, 0.01917063631117344, 0.019759194925427437, 0.019601507112383842, 0.01620400696992874, 0.015384994447231293, 0.01710248924791813, 0.016536973416805267, 0.018093276768922806, 0.018651509657502174, 0.01578616164624691, 0.013841214589774609]}
Saving checkpoint: runs/train/0314_mkl/checkpoints/checkpoint-epoch056-loss-0.0052.pth.tar ...
Setting up Multi Scale Gradient loss...
Done
Setting up Multi Scale Gradient loss...
Done
Setting up Multi Scale Gradient loss...
Done
Setting up Multi Scale Gradient loss...
Done
Setting up Multi Scale Gradient loss...
Done
Setting up Multi Scale Gradient loss...
Done
Setting up Multi Scale Gradient loss...
Done
Setting up Multi Scale Gradient loss...
Done
Setting up Multi Scale Gradient loss...
Done
Setting up Multi Scale Gradient loss...
Done
Setting up Multi Scale Gradient loss...
Done
Setting up Multi Scale Gradient loss...
Done
Setting up Multi Scale Gradient loss...
Done
Setting up Multi Scale Gradient loss...
Setting up Multi Scale Gradient loss...
Done
Done
Setting up Multi Scale Gradient loss...
Done
all losses in batch in validation:  {'loss': [0.023358993232250214, 0.02565692737698555, 0.023697547614574432, 0.027306748554110527, 0.02108590491116047, 0.030536416918039322, 0.025111375376582146, 0.028877345845103264, 0.02324293926358223, 0.024374257773160934, 0.023271361365914345, 0.030873265117406845, 0.02486959844827652, 0.026948213577270508, 0.023412201553583145, 0.02055864967405796, 0.023309949785470963, 0.02227666787803173, 0.027931157499551773, 0.02356312796473503, 0.024959266185760498, 0.025939445942640305, 0.021886706352233887, 0.02106834389269352, 0.022122269496321678, 0.02397681400179863, 0.023888949304819107, 0.022937379777431488, 0.026039045304059982, 0.023228272795677185, 0.02945893071591854, 0.02611122466623783, 0.02647002786397934, 0.025438006967306137, 0.027036942541599274, 0.025044646114110947, 0.024380093440413475, 0.023822851479053497, 0.02168916165828705, 0.023007219657301903, 0.024549830704927444, 0.025649189949035645, 0.022374609485268593, 0.029764942824840546, 0.03055289201438427, 0.02332264557480812, 0.019938793033361435, 0.025634685531258583, 0.024275431409478188, 0.027283377945423126, 0.024714883416891098, 0.0269464161247015, 0.021431319415569305, 0.02478044480085373, 0.026843789964914322, 0.02956477925181389, 0.02563493326306343, 0.021094221621751785, 0.028676878660917282, 0.022951791062951088, 0.028291642665863037, 0.022362610325217247, 0.026547249406576157, 0.02259831130504608, 0.027119789272546768, 0.02626076340675354, 0.027475444599986076, 0.03186416998505592, 0.022694537416100502, 0.02708856761455536, 0.02315596491098404, 0.027960967272520065, 0.02144939824938774, 0.03209885582327843, 0.023281048983335495, 0.022635703906416893, 0.03204987943172455, 0.020646080374717712, 0.027188174426555634, 0.021627865731716156, 0.022442065179347992, 0.026169970631599426, 0.024251677095890045, 0.027076803147792816, 0.0231749527156353, 0.02857087552547455, 0.0230230912566185, 0.022872647270560265, 0.02395479939877987, 0.027638811618089676, 0.028091993182897568, 0.024433953687548637, 0.022503498941659927, 0.021352190524339676, 0.02466704696416855, 0.02151385322213173, 0.023059837520122528, 0.0228474922478199, 0.022013012319803238, 0.024085400626063347, 0.02489129826426506, 0.0254198145121336, 0.027645446360111237, 0.02287721447646618, 0.02417297475039959, 0.02178577333688736, 0.026828285306692123, 0.023280857130885124, 0.023387882858514786, 0.027231842279434204, 0.025034544989466667, 0.02108282595872879, 0.028980998322367668, 0.021183494478464127, 0.022126294672489166, 0.02095124125480652, 0.023751357570290565, 0.02735106274485588, 0.026594437658786774, 0.022036796435713768, 0.02457583323121071, 0.02385704591870308, 0.025077037513256073, 0.02351594716310501, 0.026933979243040085, 0.02599630504846573, 0.02378438413143158, 0.023908646777272224, 0.023629972711205482, 0.022983357310295105, 0.023544471710920334, 0.02663680911064148, 0.027690742164850235, 0.0253261961042881, 0.02564428187906742, 0.02741391211748123, 0.01787721738219261, 0.031106868758797646, 0.028259219601750374, 0.02266469970345497, 0.027501322329044342, 0.02149006351828575, 0.021797124296426773, 0.023445414379239082, 0.024400969967246056, 0.023837406188249588, 0.022180311381816864, 0.031560808420181274, 0.022166721522808075, 0.02422117255628109, 0.029353491961956024, 0.027444859966635704, 0.026145566254854202, 0.023976588621735573, 0.02635837346315384, 0.021400872617959976, 0.025281604379415512, 0.023034296929836273, 0.02273760735988617, 0.026613427326083183, 0.025311274453997612, 0.02342229336500168, 0.022990792989730835, 0.028973519802093506, 0.033864933997392654, 0.02248266711831093, 0.026876263320446014, 0.023457350209355354, 0.02525642141699791, 0.02227172814309597, 0.025355979800224304, 0.025472039356827736, 0.027739176526665688, 0.02304801158607006, 0.0233065914362669, 0.02796289697289467, 0.027321092784404755, 0.02267548441886902, 0.025975733995437622, 0.03271128237247467, 0.02912188321352005, 0.023139167577028275, 0.023024864494800568, 0.032870639115571976, 0.027034468948841095, 0.0311661995947361, 0.02545301243662834, 0.022249363362789154, 0.02692336216568947, 0.021824266761541367, 0.021524526178836823, 0.022044632583856583, 0.02324223704636097, 0.024770332500338554, 0.019164955243468285, 0.02137218415737152, 0.02316233143210411, 0.0246753990650177, 0.029490357264876366, 0.023831665515899658, 0.02333543263375759, 0.027570009231567383, 0.02740718051791191, 0.026406820863485336, 0.024508696049451828, 0.026251433417201042, 0.023652177304029465, 0.0342610701918602, 0.030139409005641937, 0.02189665660262108, 0.029347669333219528, 0.025805369019508362, 0.026155918836593628, 0.024293841794133186, 0.02276470698416233, 0.021281734108924866, 0.022366192191839218, 0.024788061156868935, 0.03180142492055893, 0.024596454575657845, 0.028226613998413086, 0.02243817411363125, 0.024993088096380234, 0.022124746814370155, 0.02633102983236313, 0.02641274407505989, 0.021422334015369415, 0.02763892523944378, 0.03411968797445297, 0.02819284051656723, 0.023513134568929672, 0.022255705669522285, 0.02446613274514675, 0.02282881550490856, 0.021262355148792267, 0.023602919653058052, 0.023965178057551384, 0.029319744557142258, 0.021857548505067825, 0.027228904888033867, 0.02820168063044548, 0.026678500697016716, 0.022505274042487144, 0.022705649957060814, 0.026043862104415894, 0.02314729057252407, 0.028478089720010757, 0.028290370479226112, 0.02281590923666954, 0.023987382650375366], 'L_si': [0.0074394019320607185, 0.009266878478229046, 0.0071048131212592125, 0.008472073823213577, 0.005761015694588423, 0.011589287780225277, 0.009617988020181656, 0.010893646627664566, 0.007033295929431915, 0.0071283970028162, 0.007976404391229153, 0.011182640679180622, 0.007892698049545288, 0.009136553853750229, 0.007377468980848789, 0.00564486114308238, 0.006570681929588318, 0.0061631519347429276, 0.009757370688021183, 0.007016214542090893, 0.007118869572877884, 0.00813828594982624, 0.006435520481318235, 0.00534281088039279, 0.006331945303827524, 0.00719052879139781, 0.007343091070652008, 0.006862548645585775, 0.008924317546188831, 0.007016084622591734, 0.01079537533223629, 0.00897587276995182, 0.010090874508023262, 0.007764667738229036, 0.009758093394339085, 0.008662705309689045, 0.007696529850363731, 0.00753460917621851, 0.00634778942912817, 0.007271610666066408, 0.007762630935758352, 0.008482611738145351, 0.0065104472450912, 0.011401711963117123, 0.011764492839574814, 0.0069224638864398, 0.005535786040127277, 0.008856816217303276, 0.00764980586245656, 0.008890479803085327, 0.008803620003163815, 0.009606871753931046, 0.006662409286946058, 0.00864479597657919, 0.010262281633913517, 0.010858270339667797, 0.00881540309637785, 0.006073186174035072, 0.009304794482886791, 0.006845120806246996, 0.010741320438683033, 0.007099474314600229, 0.00802205502986908, 0.006987343076616526, 0.00795511994510889, 0.00871401745826006, 0.010423282161355019, 0.013717439025640488, 0.0068921237252652645, 0.00901117268949747, 0.006863770075142384, 0.010629423893988132, 0.005442910827696323, 0.010349631309509277, 0.00663002161309123, 0.007039095740765333, 0.009981819428503513, 0.0056575387716293335, 0.008636361919343472, 0.005784499458968639, 0.006616603117436171, 0.008911222219467163, 0.009014232084155083, 0.008875135332345963, 0.006816196255385876, 0.010996720753610134, 0.007168269250541925, 0.0071816835552453995, 0.007105609867721796, 0.01071010623127222, 0.010353237390518188, 0.007154243532568216, 0.0064931451342999935, 0.005583635997027159, 0.008279033936560154, 0.005875869654119015, 0.006426725536584854, 0.006241528782993555, 0.0066453441977500916, 0.00858524814248085, 0.008772368542850018, 0.007260830607265234, 0.00971667654812336, 0.006372546311467886, 0.0070062787272036076, 0.0062193856574594975, 0.009054029360413551, 0.00694767152890563, 0.007187982089817524, 0.008946639485657215, 0.007281916216015816, 0.005602560006082058, 0.009237447753548622, 0.006034066900610924, 0.006128594744950533, 0.005230313166975975, 0.006776509806513786, 0.010183271951973438, 0.009177646599709988, 0.006454033777117729, 0.006750180386006832, 0.007667925674468279, 0.007901064120233059, 0.00693770544603467, 0.008822028525173664, 0.008180399425327778, 0.006629749666899443, 0.007474867161363363, 0.007093729916960001, 0.007869391702115536, 0.007674059830605984, 0.009734002873301506, 0.010004768148064613, 0.008543292060494423, 0.008456366136670113, 0.009250950068235397, 0.004537294153124094, 0.009838806465268135, 0.01053534634411335, 0.006953128147870302, 0.010126038454473019, 0.00606697890907526, 0.005887195933610201, 0.0075464132241904736, 0.007721298839896917, 0.006727788131684065, 0.0065415119752287865, 0.012593703344464302, 0.006524073425680399, 0.007646969985216856, 0.010015887208282948, 0.008262768387794495, 0.009783250279724598, 0.007207677233964205, 0.009463462978601456, 0.005827057640999556, 0.0074255382642149925, 0.006581966765224934, 0.007948380894958973, 0.009769011288881302, 0.006874011363834143, 0.006251792423427105, 0.006688700523227453, 0.01073021162301302, 0.014004799537360668, 0.006859432905912399, 0.009307594038546085, 0.007272237446159124, 0.007865162566304207, 0.006210966035723686, 0.008387088775634766, 0.008590629324316978, 0.009648444131016731, 0.007294135633856058, 0.006954971235245466, 0.008749543689191341, 0.010018721222877502, 0.006506804842501879, 0.009153991006314754, 0.012192201800644398, 0.009712654165923595, 0.00812279898673296, 0.007326595019549131, 0.011542393825948238, 0.009344820864498615, 0.010584496892988682, 0.008927615359425545, 0.006527438759803772, 0.008335878141224384, 0.006655164062976837, 0.005944162607192993, 0.0065133702009916306, 0.006183058023452759, 0.00746365450322628, 0.004881503526121378, 0.005805191583931446, 0.007054452784359455, 0.007949024438858032, 0.008913183584809303, 0.007843184284865856, 0.0071364413015544415, 0.008321492932736874, 0.009843935258686543, 0.00997877400368452, 0.00824908260256052, 0.009870877489447594, 0.0074378736317157745, 0.012629241682589054, 0.010534435510635376, 0.005938448943197727, 0.009443368762731552, 0.008574094623327255, 0.00815482996404171, 0.008496692404150963, 0.006569113116711378, 0.006446052808314562, 0.006655975244939327, 0.007537586614489555, 0.011752980761229992, 0.007947901263833046, 0.010381698608398438, 0.006748595740646124, 0.007910685613751411, 0.006215690169483423, 0.009705030359327793, 0.007522862404584885, 0.00610961252823472, 0.009946411475539207, 0.014292478561401367, 0.009961471892893314, 0.007252335548400879, 0.006725122220814228, 0.007148415315896273, 0.006712271366268396, 0.00616417545825243, 0.007289619650691748, 0.007517591118812561, 0.010101747699081898, 0.005856870673596859, 0.008998455479741096, 0.008838671259582043, 0.006948372349143028, 0.006220910232514143, 0.007475599646568298, 0.008818172849714756, 0.006911034230142832, 0.010735448449850082, 0.010373685508966446, 0.007426885887980461, 0.010301445610821247], 'L_grad': [0.01591959223151207, 0.01639004796743393, 0.016592733561992645, 0.01883467473089695, 0.015324888750910759, 0.01894712820649147, 0.01549338735640049, 0.017983699217438698, 0.016209643334150314, 0.017245860770344734, 0.015294956974685192, 0.019690625369548798, 0.01697690039873123, 0.01781165972352028, 0.01603473350405693, 0.014913788996636868, 0.016739267855882645, 0.016113515943288803, 0.018173787742853165, 0.016546912491321564, 0.017840396612882614, 0.017801159992814064, 0.015451185405254364, 0.015725532546639442, 0.01579032465815544, 0.016786284744739532, 0.0165458582341671, 0.016074830666184425, 0.017114728689193726, 0.016212187707424164, 0.01866355538368225, 0.01713535189628601, 0.016379153355956078, 0.017673339694738388, 0.017278850078582764, 0.016381941735744476, 0.016683563590049744, 0.016288243234157562, 0.015341373160481453, 0.015735609456896782, 0.016787199303507805, 0.017166579142212868, 0.015864161774516106, 0.01836322993040085, 0.018788399174809456, 0.016400182619690895, 0.014403006993234158, 0.016777869313955307, 0.016625626012682915, 0.0183928981423378, 0.015911264345049858, 0.017339544370770454, 0.01476890966296196, 0.016135647892951965, 0.01658150926232338, 0.018706509843468666, 0.016819529235363007, 0.015021035447716713, 0.019372083246707916, 0.01610667072236538, 0.01755032129585743, 0.015263136476278305, 0.018525194376707077, 0.015610967762768269, 0.019164670258760452, 0.017546746879816055, 0.017052162438631058, 0.018146730959415436, 0.01580241322517395, 0.018077395856380463, 0.01629219576716423, 0.017331544309854507, 0.016006486490368843, 0.02174922451376915, 0.016651026904582977, 0.015596607699990273, 0.02206805907189846, 0.014988541603088379, 0.018551813438534737, 0.015843365341424942, 0.015825461596250534, 0.017258748412132263, 0.015237445011734962, 0.018201667815446854, 0.01635875552892685, 0.01757415384054184, 0.01585482247173786, 0.015690963715314865, 0.01684918999671936, 0.01692870631814003, 0.01773875579237938, 0.01727971062064171, 0.016010353341698647, 0.01576855406165123, 0.01638801209628582, 0.01563798449933529, 0.016633111983537674, 0.016605963930487633, 0.015367667190730572, 0.015500152483582497, 0.016118928790092468, 0.018158983439207077, 0.017928769811987877, 0.016504667699337006, 0.01716669648885727, 0.01556638814508915, 0.017774255946278572, 0.016333185136318207, 0.016199901700019836, 0.018285201862454414, 0.01775262877345085, 0.015480265021324158, 0.019743550568819046, 0.015149427577853203, 0.01599770039319992, 0.015720928087830544, 0.01697484776377678, 0.017167791724205017, 0.01741679199039936, 0.015582762658596039, 0.01782565377652645, 0.016189120709896088, 0.01717597432434559, 0.01657824218273163, 0.018111951649188995, 0.017815904691815376, 0.01715463399887085, 0.016433779150247574, 0.01653624325990677, 0.015113964676856995, 0.015870410948991776, 0.016902806237339973, 0.01768597401678562, 0.01678290404379368, 0.01718791574239731, 0.018162962049245834, 0.01333992276340723, 0.02126806229352951, 0.017723873257637024, 0.015711572021245956, 0.017375284805893898, 0.015423083677887917, 0.01590992882847786, 0.01589900068938732, 0.01667967066168785, 0.017109617590904236, 0.015638798475265503, 0.01896710693836212, 0.015642648562788963, 0.016574202105402946, 0.01933760568499565, 0.01918209157884121, 0.01636231690645218, 0.016768911853432655, 0.016894910484552383, 0.015573815442621708, 0.017856067046523094, 0.016452329233288765, 0.014789225533604622, 0.01684441603720188, 0.018437262624502182, 0.017170501872897148, 0.016302092000842094, 0.01824330911040306, 0.01986013352870941, 0.015623234212398529, 0.017568668350577354, 0.016185112297534943, 0.017391258850693703, 0.016060762107372284, 0.01696889102458954, 0.016881410032510757, 0.018090732395648956, 0.01575387641787529, 0.016351619735360146, 0.019213354215025902, 0.017302371561527252, 0.016168680042028427, 0.016821743920445442, 0.020519079640507698, 0.01940922811627388, 0.01501636952161789, 0.01569826900959015, 0.021328246220946312, 0.017689647153019905, 0.020581703633069992, 0.016525397077202797, 0.015721924602985382, 0.01858748309314251, 0.01516910269856453, 0.015580364502966404, 0.015531262382864952, 0.01705917902290821, 0.017306677997112274, 0.01428345125168562, 0.0155669916421175, 0.01610787957906723, 0.016726374626159668, 0.020577173680067062, 0.015988480299711227, 0.016198990866541862, 0.019248515367507935, 0.017563246190547943, 0.01642804592847824, 0.016259612515568733, 0.01638055592775345, 0.01621430367231369, 0.02163182944059372, 0.01960497349500656, 0.015958206728100777, 0.019904300570487976, 0.017231274396181107, 0.018001088872551918, 0.015797149389982224, 0.016195593401789665, 0.014835681766271591, 0.015710216015577316, 0.01725047454237938, 0.020048443228006363, 0.0166485533118248, 0.01784491539001465, 0.015689577907323837, 0.017082402482628822, 0.01590905711054802, 0.01662600040435791, 0.018889881670475006, 0.015312721952795982, 0.01769251376390457, 0.019827211275696754, 0.01823136769235134, 0.016260799020528793, 0.015530583448708057, 0.017317717894911766, 0.016116544604301453, 0.015098180621862411, 0.016313299536705017, 0.016447586938738823, 0.019217995926737785, 0.01600067876279354, 0.01823044940829277, 0.019363010302186012, 0.019730128347873688, 0.016284363344311714, 0.015230050310492516, 0.017225688323378563, 0.016236256808042526, 0.017742641270160675, 0.017916684970259666, 0.015389022417366505, 0.013685936108231544]}
Setting up Multi Scale Gradient loss...
Done
Setting up Multi Scale Gradient loss...
Done
Setting up Multi Scale Gradient loss...
Done
Setting up Multi Scale Gradient loss...
Done
Setting up Multi Scale Gradient loss...
Done
Setting up Multi Scale Gradient loss...
Done
Setting up Multi Scale Gradient loss...
Done
Setting up Multi Scale Gradient loss...
Done
Setting up Multi Scale Gradient loss...
Done
Setting up Multi Scale Gradient loss...
Done
Setting up Multi Scale Gradient loss...
Done
Setting up Multi Scale Gradient loss...
Done
Setting up Multi Scale Gradient loss...
Done
Setting up Multi Scale Gradient loss...
Done
Setting up Multi Scale Gradient loss...
Done
Setting up Multi Scale Gradient loss...
Done
all losses in batch in validation:  {'loss': [0.023931505158543587, 0.025851886719465256, 0.023810798302292824, 0.02766456827521324, 0.021132715046405792, 0.030973393470048904, 0.02536977082490921, 0.029213422909379005, 0.0233377106487751, 0.023909125477075577, 0.023211952298879623, 0.03209163248538971, 0.02487662062048912, 0.026790965348482132, 0.023300936445593834, 0.020947696641087532, 0.023652203381061554, 0.02322111837565899, 0.028569288551807404, 0.023744098842144012, 0.02599531039595604, 0.025871731340885162, 0.022713474929332733, 0.02128509432077408, 0.02198817767202854, 0.02392403967678547, 0.024048859253525734, 0.02287573367357254, 0.025676768273115158, 0.02354513853788376, 0.02928462252020836, 0.0264127179980278, 0.02724173292517662, 0.025853462517261505, 0.027776120230555534, 0.02491086535155773, 0.02573358081281185, 0.024712152779102325, 0.022310080006718636, 0.023464085534214973, 0.02503064088523388, 0.02622433379292488, 0.023537546396255493, 0.03039439022541046, 0.02993614226579666, 0.023558247834444046, 0.019980303943157196, 0.025582142174243927, 0.02458788827061653, 0.02837837114930153, 0.02478799968957901, 0.026832032948732376, 0.02196505479514599, 0.024744056165218353, 0.026656795293092728, 0.029918354004621506, 0.02563006803393364, 0.022374127060174942, 0.029189851135015488, 0.023556377738714218, 0.028380677103996277, 0.022672878578305244, 0.02719319611787796, 0.022960089147090912, 0.02878544293344021, 0.026228539645671844, 0.02758215367794037, 0.032528556883335114, 0.02381470799446106, 0.0269753560423851, 0.022769812494516373, 0.028194470331072807, 0.022095520049333572, 0.03118755668401718, 0.02315882407128811, 0.023338833823800087, 0.03280225023627281, 0.021152213215827942, 0.02738509699702263, 0.02188742533326149, 0.022510964423418045, 0.027022726833820343, 0.024430273100733757, 0.02667444944381714, 0.02326105162501335, 0.02864530310034752, 0.023478858172893524, 0.023007648065686226, 0.024508707225322723, 0.028106022626161575, 0.028928812593221664, 0.02485733851790428, 0.023083176463842392, 0.02176237292587757, 0.025155505165457726, 0.02222992107272148, 0.023213643580675125, 0.02310352772474289, 0.02222759649157524, 0.02377908118069172, 0.025258662179112434, 0.026211993768811226, 0.02770349010825157, 0.023133505135774612, 0.024531254544854164, 0.022664716467261314, 0.027804365381598473, 0.02323237992823124, 0.02314009517431259, 0.02832193113863468, 0.025199593976140022, 0.02136826515197754, 0.02868705987930298, 0.022367358207702637, 0.0225464329123497, 0.021677853539586067, 0.024417530745267868, 0.02770458534359932, 0.028149280697107315, 0.021932201460003853, 0.025398606434464455, 0.024660445749759674, 0.02477194555103779, 0.023751236498355865, 0.02771935984492302, 0.02597372606396675, 0.023859232664108276, 0.02421547845005989, 0.025033649057149887, 0.02311096526682377, 0.02335408888757229, 0.027574453502893448, 0.02886931039392948, 0.025636129081249237, 0.026629135012626648, 0.027022534981369972, 0.018390990793704987, 0.03139948099851608, 0.029320359230041504, 0.023050881922245026, 0.027508147060871124, 0.02162287011742592, 0.022179946303367615, 0.02345816232264042, 0.024636730551719666, 0.024593589827418327, 0.02338387444615364, 0.0320737361907959, 0.02235483005642891, 0.024982962757349014, 0.029051486402750015, 0.028523772954940796, 0.026697762310504913, 0.02410602755844593, 0.027001257985830307, 0.02227146551012993, 0.02587568759918213, 0.022916916757822037, 0.023429160937666893, 0.026573598384857178, 0.02607107162475586, 0.02392614632844925, 0.023144016042351723, 0.029454892501235008, 0.034786567091941833, 0.022760407999157906, 0.027227528393268585, 0.024114344269037247, 0.02476852387189865, 0.02283456176519394, 0.02561980113387108, 0.024937205016613007, 0.02810843288898468, 0.0233384408056736, 0.023299161344766617, 0.02648397535085678, 0.027949029579758644, 0.022952187806367874, 0.025891747325658798, 0.034565530717372894, 0.029106508940458298, 0.023325711488723755, 0.0234152153134346, 0.0336117222905159, 0.026176270097494125, 0.03128670156002045, 0.0252374280244112, 0.02308238483965397, 0.027605902403593063, 0.021804340183734894, 0.022027485072612762, 0.023110199719667435, 0.023480357602238655, 0.025604020804166794, 0.019283872097730637, 0.022032352164387703, 0.024270903319120407, 0.024949699640274048, 0.02987806871533394, 0.023557012900710106, 0.023629017174243927, 0.02830135077238083, 0.02772872895002365, 0.02664322592318058, 0.02465723268687725, 0.025619257241487503, 0.02401180937886238, 0.03337636962532997, 0.031214280053973198, 0.02253280207514763, 0.02863607555627823, 0.02575700730085373, 0.028188087046146393, 0.0246722511947155, 0.023207439109683037, 0.02132447063922882, 0.023549884557724, 0.025078197941184044, 0.03276512026786804, 0.025868099182844162, 0.02867715433239937, 0.022510472685098648, 0.02442372590303421, 0.022669082507491112, 0.02686099149286747, 0.02644798904657364, 0.021862614899873734, 0.02778923138976097, 0.03420418128371239, 0.02821643278002739, 0.023702651262283325, 0.022571656852960587, 0.02514946646988392, 0.023603027686476707, 0.022152364253997803, 0.023658692836761475, 0.024621378630399704, 0.030418362468481064, 0.02199833281338215, 0.02709031291306019, 0.02871205285191536, 0.026928778737783432, 0.022579003125429153, 0.022668395191431046, 0.02586944028735161, 0.02331634983420372, 0.0287639033049345, 0.028480365872383118, 0.023264706134796143, 0.023960620164871216], 'L_si': [0.007798200007528067, 0.009275919757783413, 0.007243432570248842, 0.008757446892559528, 0.005789261776953936, 0.011771130375564098, 0.009664813987910748, 0.010971946641802788, 0.0071461689658463, 0.0069363173097372055, 0.007954055443406105, 0.012066885828971863, 0.008029548451304436, 0.009162421338260174, 0.007386134471744299, 0.005832261871546507, 0.006821701768785715, 0.006680772174149752, 0.009985335171222687, 0.007086808327585459, 0.007782118394970894, 0.008163639344274998, 0.006909619085490704, 0.005460833664983511, 0.006405060179531574, 0.007228728849440813, 0.00751614710316062, 0.006816244684159756, 0.008712499402463436, 0.007207423914223909, 0.010662288405001163, 0.009107197634875774, 0.010686425492167473, 0.00814840942621231, 0.010430200025439262, 0.008636802434921265, 0.008558345958590508, 0.008088137954473495, 0.006751887034624815, 0.007523687090724707, 0.00787886418402195, 0.008871018886566162, 0.0071283429861068726, 0.011658766306936741, 0.011465794406831264, 0.0070211319252848625, 0.0055254725739359856, 0.008844577707350254, 0.007787767797708511, 0.009494672529399395, 0.008776028640568256, 0.009576141834259033, 0.0069692558608949184, 0.00861582811921835, 0.010299540124833584, 0.010957847349345684, 0.008825027383863926, 0.006814197637140751, 0.009618370793759823, 0.0071961646899580956, 0.010652738623321056, 0.007139354478567839, 0.008385347202420235, 0.007180029060691595, 0.008789926767349243, 0.008681402541697025, 0.010372035205364227, 0.013978222385048866, 0.007457598578184843, 0.008957655169069767, 0.006702058017253876, 0.010756507515907288, 0.0056877234019339085, 0.01025454979389906, 0.006698007229715586, 0.007337876129895449, 0.010570653714239597, 0.0060411738231778145, 0.00876349676400423, 0.005957289598882198, 0.006658355705440044, 0.009421355091035366, 0.009141304530203342, 0.008841811679303646, 0.006864193826913834, 0.010907143354415894, 0.007427859120070934, 0.007268182933330536, 0.007508145645260811, 0.010934109799563885, 0.010740462690591812, 0.0073384749703109264, 0.006741760764271021, 0.00574358319863677, 0.008506827056407928, 0.00637174304574728, 0.006581658497452736, 0.006407901179045439, 0.006773531436920166, 0.008342375047504902, 0.009063106030225754, 0.007828284054994583, 0.00967476051300764, 0.006614084355533123, 0.0072570382617414, 0.006733278278261423, 0.009646354243159294, 0.006842164788395166, 0.007094044238328934, 0.009363187476992607, 0.007426675409078598, 0.005848087836056948, 0.009192203171551228, 0.006745874881744385, 0.006408330984413624, 0.0055749546736478806, 0.00707969069480896, 0.010321316309273243, 0.010066808201372623, 0.006443362217396498, 0.007220897823572159, 0.008129199035465717, 0.007846975699067116, 0.007034045644104481, 0.009350075386464596, 0.008327960036695004, 0.006666680797934532, 0.00770194735378027, 0.007859149016439915, 0.007777462247759104, 0.007528690621256828, 0.010164429433643818, 0.010691069066524506, 0.008722996339201927, 0.009030121378600597, 0.009050732478499413, 0.004757281392812729, 0.01018383726477623, 0.010876704007387161, 0.007097899913787842, 0.010001101531088352, 0.006242960225790739, 0.006096323020756245, 0.007638541981577873, 0.00797565933316946, 0.006997750606387854, 0.007285357918590307, 0.013142853043973446, 0.006678315345197916, 0.00808167364448309, 0.010086100548505783, 0.009032054804265499, 0.010026022791862488, 0.007262347266077995, 0.010037485510110855, 0.006290213204920292, 0.007910051383078098, 0.006552136968821287, 0.008411688730120659, 0.009738391265273094, 0.007256663404405117, 0.006587470881640911, 0.00677599897608161, 0.010854324325919151, 0.014882983639836311, 0.00694175623357296, 0.009389206767082214, 0.007556491065770388, 0.0076832943595945835, 0.006520412862300873, 0.008535617031157017, 0.008350763469934464, 0.009863895364105701, 0.007330433465540409, 0.006990603171288967, 0.008105621673166752, 0.010168880224227905, 0.006732839159667492, 0.009153764694929123, 0.013626637868583202, 0.009665966965258121, 0.008167807944118977, 0.007510830648243427, 0.011946523562073708, 0.009040547534823418, 0.010854446329176426, 0.00872051902115345, 0.007035596761852503, 0.008942889980971813, 0.006628521718084812, 0.006324004847556353, 0.007088497281074524, 0.006371563766151667, 0.007844259962439537, 0.004958386532962322, 0.006191100925207138, 0.00770703237503767, 0.008075033314526081, 0.009185153059661388, 0.007773277815431356, 0.0072599793784320354, 0.008872350677847862, 0.010135267861187458, 0.010082835331559181, 0.00820307619869709, 0.009539523161947727, 0.007625528145581484, 0.012194647453725338, 0.01132010854780674, 0.006232169922441244, 0.009176613762974739, 0.008589466102421284, 0.009310445748269558, 0.008704629726707935, 0.0067933090031147, 0.006379448343068361, 0.007315461989492178, 0.007729662116616964, 0.012506791390478611, 0.008411676622927189, 0.010531227104365826, 0.0067856647074222565, 0.007642393000423908, 0.006552541628479958, 0.009903011843562126, 0.007774097844958305, 0.006323964335024357, 0.009934904985129833, 0.014037411659955978, 0.009939475916326046, 0.007375204004347324, 0.00685459841042757, 0.007391517516225576, 0.007215807680040598, 0.006545075681060553, 0.00731957983225584, 0.00793378334492445, 0.010903446935117245, 0.00596386706456542, 0.008882297202944756, 0.00919559970498085, 0.007134006358683109, 0.006330305710434914, 0.007375016342848539, 0.008769246749579906, 0.007018747739493847, 0.010869994759559631, 0.010444971732795238, 0.007636045105755329, 0.01036788523197174], 'L_grad': [0.016133304685354233, 0.016575966030359268, 0.01656736619770527, 0.018907122313976288, 0.015343453735113144, 0.01920226402580738, 0.015704955905675888, 0.018241476267576218, 0.016191542148590088, 0.01697280816733837, 0.015257896855473518, 0.020024744793772697, 0.016847072169184685, 0.017628543078899384, 0.015914801508188248, 0.015115434303879738, 0.016830502077937126, 0.016540346667170525, 0.018583953380584717, 0.01665729098021984, 0.018213192000985146, 0.01770809292793274, 0.015803856775164604, 0.01582426019012928, 0.015583117492496967, 0.016695311293005943, 0.016532711684703827, 0.01605948805809021, 0.016964269801974297, 0.016337715089321136, 0.01862233318388462, 0.017305519431829453, 0.016555307433009148, 0.017705053091049194, 0.017345920205116272, 0.016274062916636467, 0.017175234854221344, 0.01662401482462883, 0.015558193437755108, 0.01594039797782898, 0.01715177670121193, 0.01735331490635872, 0.01640920341014862, 0.018735624849796295, 0.018470346927642822, 0.016537116840481758, 0.014454830437898636, 0.0167375635355711, 0.01680012047290802, 0.01888369955122471, 0.01601197011768818, 0.017255891114473343, 0.014995798468589783, 0.01612822711467743, 0.01635725609958172, 0.018960505723953247, 0.016805041581392288, 0.015559928491711617, 0.01957147940993309, 0.016360213980078697, 0.017727939411997795, 0.015533523634076118, 0.018807848915457726, 0.01578005962073803, 0.019995516166090965, 0.017547136172652245, 0.01721011847257614, 0.018550332635641098, 0.01635710895061493, 0.01801770180463791, 0.016067754477262497, 0.01743796281516552, 0.01640779711306095, 0.020933005958795547, 0.01646081730723381, 0.016000958159565926, 0.02223159745335579, 0.015111038461327553, 0.018621601164340973, 0.015930134803056717, 0.015852609649300575, 0.017601370811462402, 0.015288968570530415, 0.017832636833190918, 0.016396857798099518, 0.017738159745931625, 0.016050999984145164, 0.01573946513235569, 0.017000561580061913, 0.017171913757920265, 0.018188349902629852, 0.017518863081932068, 0.01634141616523266, 0.016018789261579514, 0.016648678109049797, 0.015858177095651627, 0.01663198508322239, 0.016695626080036163, 0.01545406598597765, 0.015436706133186817, 0.01619555614888668, 0.018383709713816643, 0.018028728663921356, 0.016519419848918915, 0.017274215817451477, 0.01593143865466118, 0.01815801113843918, 0.01639021560549736, 0.016046050935983658, 0.018958743661642075, 0.017772918567061424, 0.015520177781581879, 0.019494857639074326, 0.015621482394635677, 0.01613810285925865, 0.016102898865938187, 0.017337840050458908, 0.01738326996564865, 0.018082473427057266, 0.015488839708268642, 0.018177708610892296, 0.01653124764561653, 0.016924969851970673, 0.01671718992292881, 0.01836928352713585, 0.017645765095949173, 0.017192551866173744, 0.016513532027602196, 0.017174499109387398, 0.015333503484725952, 0.01582539826631546, 0.017410025000572205, 0.018178241327404976, 0.01691313274204731, 0.017599014565348625, 0.01797180250287056, 0.013633710332214832, 0.021215645596385002, 0.018443655222654343, 0.015952982008457184, 0.017507046461105347, 0.015379909425973892, 0.016083622351288795, 0.015819620341062546, 0.01666107028722763, 0.017595838755369186, 0.016098516061902046, 0.018930884078145027, 0.01567651517689228, 0.0169012900441885, 0.018965385854244232, 0.01949171908199787, 0.016671739518642426, 0.016843680292367935, 0.016963772475719452, 0.01598125323653221, 0.017965637147426605, 0.016364779323339462, 0.015017472207546234, 0.016835207119584084, 0.018814409151673317, 0.017338674515485764, 0.016368016600608826, 0.018600568175315857, 0.019903581589460373, 0.015818651765584946, 0.01783832162618637, 0.016557853668928146, 0.017085229977965355, 0.016314148902893066, 0.017084185034036636, 0.016586441546678543, 0.018244536593556404, 0.016008008271455765, 0.016308557242155075, 0.018378354609012604, 0.01778014935553074, 0.016219349578022957, 0.016737982630729675, 0.020938893780112267, 0.0194405410438776, 0.015157904475927353, 0.015904385596513748, 0.02166520059108734, 0.017135722562670708, 0.020432256162166595, 0.01651690900325775, 0.016046788543462753, 0.018663011491298676, 0.015175819396972656, 0.015703480690717697, 0.01602170243859291, 0.017108794301748276, 0.017759760841727257, 0.014325486496090889, 0.015841251239180565, 0.016563870012760162, 0.01687466725707054, 0.020692914724349976, 0.015783734619617462, 0.016369037330150604, 0.019429000094532967, 0.01759346015751362, 0.0165603905916214, 0.01645415648818016, 0.0160797331482172, 0.016386281698942184, 0.021181723102927208, 0.019894171506166458, 0.016300631687045097, 0.01945946179330349, 0.01716754212975502, 0.01887764036655426, 0.01596762053668499, 0.016414130106568336, 0.014945022761821747, 0.016234422102570534, 0.017348535358905792, 0.020258329808712006, 0.0174564216285944, 0.018145926296710968, 0.01572480797767639, 0.016781331971287727, 0.016116540879011154, 0.016957979649305344, 0.018673891201615334, 0.015538651496171951, 0.017854325473308563, 0.02016676962375641, 0.018276957795023918, 0.016327446326613426, 0.01571705937385559, 0.017757948487997055, 0.016387220472097397, 0.015607288107275963, 0.01633911207318306, 0.01668759435415268, 0.019514916464686394, 0.01603446528315544, 0.018208015710115433, 0.01951645314693451, 0.019794773310422897, 0.01624869741499424, 0.015293378382921219, 0.017100194469094276, 0.016297603026032448, 0.01789390854537487, 0.018035395070910454, 0.01562866009771824, 0.01359273586422205]}
Setting up Multi Scale Gradient loss...
Done
Setting up Multi Scale Gradient loss...
Done
Setting up Multi Scale Gradient loss...
Done
Setting up Multi Scale Gradient loss...
Done
Setting up Multi Scale Gradient loss...
Done
Setting up Multi Scale Gradient loss...
Done
Setting up Multi Scale Gradient loss...
Done
Setting up Multi Scale Gradient loss...
Done
Setting up Multi Scale Gradient loss...
Done
Setting up Multi Scale Gradient loss...
Done
Setting up Multi Scale Gradient loss...
Done
Setting up Multi Scale Gradient loss...
Done
Setting up Multi Scale Gradient loss...
Done
Setting up Multi Scale Gradient loss...
Done
Setting up Multi Scale Gradient loss...
Done
Setting up Multi Scale Gradient loss...
Done
all losses in batch in validation:  {'loss': [0.027560975402593613, 0.026386812329292297, 0.03168994188308716, 0.03320203721523285, 0.02448200434446335, 0.03226013481616974, 0.027883682399988174, 0.03353293240070343, 0.025719420984387398, 0.02936142310500145, 0.02484475076198578, 0.037301190197467804, 0.031023535877466202, 0.033867232501506805, 0.029767921194434166, 0.025713253766298294, 0.028650090098381042, 0.026238206773996353, 0.033678509294986725, 0.026543838903307915, 0.029082460328936577, 0.02990572527050972, 0.02906862646341324, 0.022708028554916382, 0.02783849835395813, 0.028551720082759857, 0.02492031827569008, 0.028461230918765068, 0.027936015278100967, 0.03182091563940048, 0.033744655549526215, 0.032094698399305344, 0.03330441564321518, 0.02947884052991867, 0.034816935658454895, 0.025543849915266037, 0.032832641154527664, 0.030442848801612854, 0.02610655128955841, 0.026738397777080536, 0.033337414264678955, 0.02976279705762863, 0.026491958647966385, 0.032667383551597595, 0.031610023230314255, 0.02397315762937069, 0.025868132710456848, 0.028641849756240845, 0.0274494681507349, 0.03368828073143959, 0.0277569517493248, 0.028765693306922913, 0.02456163987517357, 0.03141110762953758, 0.031381815671920776, 0.029977429658174515, 0.02760908380150795, 0.029037130996584892, 0.03237763047218323, 0.031425315886735916, 0.030905429273843765, 0.026472361758351326, 0.027667604386806488, 0.026029305532574654, 0.03336852043867111, 0.02741619199514389, 0.03055494837462902, 0.032324377447366714, 0.028467848896980286, 0.031805336475372314, 0.025676796212792397, 0.029423007741570473, 0.022601641714572906, 0.037856414914131165, 0.02809123694896698, 0.026555534452199936, 0.03481008857488632, 0.02461174875497818, 0.03512075915932655, 0.023529330268502235, 0.024875327944755554, 0.032649435102939606, 0.025950651615858078, 0.03304677456617355, 0.024620283395051956, 0.031009845435619354, 0.025923896580934525, 0.026715662330389023, 0.031858883798122406, 0.03163648024201393, 0.03390328958630562, 0.02790793776512146, 0.02584395557641983, 0.024521399289369583, 0.025155704468488693, 0.02786785364151001, 0.02571265771985054, 0.027381595224142075, 0.025038668885827065, 0.02673589065670967, 0.027232836931943893, 0.028320003300905228, 0.02954196184873581, 0.027057712897658348, 0.02873310074210167, 0.02323177456855774, 0.029550213366746902, 0.03135835751891136, 0.024600252509117126, 0.03313907980918884, 0.02802586369216442, 0.026062101125717163, 0.030918290838599205, 0.02635781094431877, 0.026293857023119926, 0.021015547215938568, 0.030043117702007294, 0.0282003004103899, 0.034142106771469116, 0.027111921459436417, 0.031763166189193726, 0.027726508677005768, 0.02669617161154747, 0.02797894924879074, 0.03263789415359497, 0.033416613936424255, 0.03010042943060398, 0.02771400660276413, 0.02837464213371277, 0.026070646941661835, 0.025413695722818375, 0.02924433723092079, 0.029078751802444458, 0.029645171016454697, 0.03113481029868126, 0.02934781089425087, 0.01923859491944313, 0.033167000859975815, 0.03408036381006241, 0.02451782487332821, 0.02825271338224411, 0.02929060533642769, 0.023395786061882973, 0.02390104904770851, 0.035573944449424744, 0.02653171680867672, 0.032411232590675354, 0.0360090434551239, 0.025863204151391983, 0.0266136284917593, 0.03542274236679077, 0.03471112623810768, 0.02790933847427368, 0.029475204646587372, 0.03480688855051994, 0.024675117805600166, 0.03284192085266113, 0.026501743122935295, 0.024885432794690132, 0.02843403071165085, 0.02557952329516411, 0.025889066979289055, 0.02574056014418602, 0.030641164630651474, 0.037541426718235016, 0.027788657695055008, 0.029645752161741257, 0.026279207319021225, 0.028926903381943703, 0.025943463668227196, 0.02667459473013878, 0.026969680562615395, 0.030124280601739883, 0.023638766258955002, 0.02759365364909172, 0.03031240962445736, 0.03064916655421257, 0.028474561870098114, 0.030647337436676025, 0.03896239772439003, 0.029865551739931107, 0.023926766589283943, 0.024030784144997597, 0.03609248995780945, 0.03196548670530319, 0.03607577830553055, 0.028690291568636894, 0.024845397099852562, 0.02981308102607727, 0.02383197844028473, 0.02687223255634308, 0.02610783465206623, 0.02583697997033596, 0.0289013609290123, 0.024466633796691895, 0.02411297895014286, 0.03052579239010811, 0.02621227502822876, 0.035755351185798645, 0.02561844140291214, 0.02666715905070305, 0.03213179111480713, 0.0314384363591671, 0.02749226614832878, 0.02587050385773182, 0.027192123234272003, 0.029747840017080307, 0.03622651472687721, 0.03273598477244377, 0.02509087696671486, 0.034375689923763275, 0.026491867378354073, 0.03322766721248627, 0.028365112841129303, 0.028047077357769012, 0.02375422790646553, 0.023739904165267944, 0.02876712754368782, 0.03497851639986038, 0.03220384940505028, 0.03186386078596115, 0.026095038279891014, 0.025977324694395065, 0.027678998187184334, 0.028189189732074738, 0.026737041771411896, 0.02491242252290249, 0.02892429754137993, 0.03826485574245453, 0.030168749392032623, 0.028527505695819855, 0.02312183566391468, 0.029202338308095932, 0.028888242319226265, 0.02270418033003807, 0.02696836367249489, 0.02934608981013298, 0.031419787555933, 0.024666862562298775, 0.03271913528442383, 0.031209059059619904, 0.02719215489923954, 0.025751393288373947, 0.02448822185397148, 0.027836741879582405, 0.027862772345542908, 0.03003896027803421, 0.03288950398564339, 0.027630675584077835, 0.02582961693406105], 'L_si': [0.009182929992675781, 0.009569310583174229, 0.010557975620031357, 0.010519773699343204, 0.007173093035817146, 0.012399034574627876, 0.010770424269139767, 0.012705477885901928, 0.007870985195040703, 0.009145349264144897, 0.008508499711751938, 0.01468677632510662, 0.010276987217366695, 0.01160383503884077, 0.010201608762145042, 0.0073093874379992485, 0.00827119778841734, 0.007847596891224384, 0.0119474483653903, 0.008116403594613075, 0.009268289431929588, 0.009791339747607708, 0.009151197038590908, 0.005856742151081562, 0.00862650666385889, 0.009114154614508152, 0.0077084871008992195, 0.009206924587488174, 0.009469042532145977, 0.010588523931801319, 0.012620088644325733, 0.011319409124553204, 0.013662219047546387, 0.009426088072359562, 0.014375172555446625, 0.008967210538685322, 0.01123803574591875, 0.010378613136708736, 0.007972861640155315, 0.008893393911421299, 0.011304138228297234, 0.010423271916806698, 0.008338133804500103, 0.012935370206832886, 0.012220625765621662, 0.007129661738872528, 0.007601544260978699, 0.009993566200137138, 0.008694594725966454, 0.011659019626677036, 0.010174541734158993, 0.010245605371892452, 0.007852391339838505, 0.011341300792992115, 0.012441644445061684, 0.011130685918033123, 0.009494717232882977, 0.010714134201407433, 0.010572867467999458, 0.010646284557878971, 0.011688211001455784, 0.008826972916722298, 0.008570238947868347, 0.008073518052697182, 0.010782746598124504, 0.009228546172380447, 0.011730862781405449, 0.013940964825451374, 0.009233715943992138, 0.01040726713836193, 0.0074020070023834705, 0.011146359145641327, 0.005742604378610849, 0.013429908081889153, 0.008491380140185356, 0.008712212555110455, 0.011149080470204353, 0.007217546459287405, 0.011698207817971706, 0.006238758563995361, 0.007384232245385647, 0.011574269272387028, 0.00953355897217989, 0.011188341304659843, 0.0071802991442382336, 0.011761513538658619, 0.00844708550721407, 0.008686966262757778, 0.01067003421485424, 0.012377072125673294, 0.01297950092703104, 0.00809989869594574, 0.007795858196914196, 0.006339493673294783, 0.00853634998202324, 0.008634994737803936, 0.007225620094686747, 0.007721682079136372, 0.00788397341966629, 0.009736870415508747, 0.009655858390033245, 0.008741956204175949, 0.010315478779375553, 0.007996881380677223, 0.00866288598626852, 0.0068746814504265785, 0.010328038595616817, 0.010303191840648651, 0.007603690028190613, 0.011812214739620686, 0.008497333154082298, 0.007623356766998768, 0.009647483006119728, 0.008862249553203583, 0.0077794804237782955, 0.005389559082686901, 0.009119633585214615, 0.010589556768536568, 0.012233074754476547, 0.008490913547575474, 0.01039324700832367, 0.00924589205533266, 0.008519274182617664, 0.008613294921815395, 0.011445313692092896, 0.011481725610792637, 0.008929595351219177, 0.008693134412169456, 0.009237782098352909, 0.009067756123840809, 0.008258511312305927, 0.011026726104319096, 0.010676242411136627, 0.01047313679009676, 0.010495511814951897, 0.010095742531120777, 0.004839760717004538, 0.010886781848967075, 0.013532908633351326, 0.007426916155964136, 0.010405941866338253, 0.009234924800693989, 0.006337278988212347, 0.007786729373037815, 0.012244963087141514, 0.007620566990226507, 0.01129993237555027, 0.015102958306670189, 0.007783107925206423, 0.00854571908712387, 0.013321703299880028, 0.0123086953535676, 0.010449077002704144, 0.00938354805111885, 0.014810721389949322, 0.007053979206830263, 0.011493241414427757, 0.007514698430895805, 0.009078679606318474, 0.010457882657647133, 0.007186355534940958, 0.007519252132624388, 0.007688635028898716, 0.011150318197906017, 0.016772620379924774, 0.008868078701198101, 0.010407148860394955, 0.008366258814930916, 0.009396864101290703, 0.007658062968403101, 0.008979919366538525, 0.009077174589037895, 0.01075668539851904, 0.007306279614567757, 0.00862708780914545, 0.009248333051800728, 0.01133813988417387, 0.00903040450066328, 0.011299402453005314, 0.0162081066519022, 0.009854098781943321, 0.008435648865997791, 0.007627238053828478, 0.013080697506666183, 0.011414436623454094, 0.012886349111795425, 0.010175386443734169, 0.007314541842788458, 0.009659274481236935, 0.007100429851561785, 0.008268401026725769, 0.00841175951063633, 0.0072196852415800095, 0.008920944295823574, 0.006554250605404377, 0.007050234824419022, 0.01028620544821024, 0.008618579246103764, 0.011584111489355564, 0.00847723986953497, 0.008163201622664928, 0.010508126579225063, 0.01200899388641119, 0.010257869027554989, 0.008674534037709236, 0.010150544345378876, 0.01002915482968092, 0.013325098901987076, 0.011741525493562222, 0.007154491730034351, 0.011563821695744991, 0.008886728435754776, 0.010981076397001743, 0.010283577255904675, 0.0082107437774539, 0.007349508348852396, 0.007300651632249355, 0.009135237894952297, 0.013527165167033672, 0.011263659223914146, 0.012096389196813107, 0.007972246035933495, 0.008067185990512371, 0.008485423400998116, 0.010193511843681335, 0.007961170747876167, 0.0073728058487176895, 0.010495142079889774, 0.01618635654449463, 0.010704265907406807, 0.009335335344076157, 0.007000344339758158, 0.00858672522008419, 0.008885053917765617, 0.006654172204434872, 0.00859301071614027, 0.009747372008860111, 0.011328826658427715, 0.006637975573539734, 0.011431547813117504, 0.009942335076630116, 0.007301120553165674, 0.007521283812820911, 0.007989096455276012, 0.009525908157229424, 0.008862566202878952, 0.011602690443396568, 0.012024824507534504, 0.009400676935911179, 0.011077106930315495], 'L_grad': [0.01837804540991783, 0.016817502677440643, 0.0211319662630558, 0.02268226444721222, 0.017308911308646202, 0.019861100241541862, 0.017113257199525833, 0.020827453583478928, 0.017848435789346695, 0.020216073840856552, 0.01633625105023384, 0.022614415735006332, 0.020746547728776932, 0.02226339839398861, 0.019566312432289124, 0.01840386539697647, 0.02037889137864113, 0.018390610814094543, 0.02173105999827385, 0.01842743530869484, 0.01981417089700699, 0.020114386454224586, 0.019917430356144905, 0.016851287335157394, 0.019211992621421814, 0.01943756639957428, 0.017211832106113434, 0.019254306331276894, 0.018466971814632416, 0.021232392638921738, 0.021124565973877907, 0.020775290206074715, 0.019642198458313942, 0.020052751526236534, 0.02044176310300827, 0.01657664030790329, 0.021594606339931488, 0.020064234733581543, 0.01813369058072567, 0.01784500479698181, 0.022033274173736572, 0.01933952420949936, 0.018153825774788857, 0.01973201520740986, 0.019389396533370018, 0.01684349589049816, 0.01826658844947815, 0.018648283556103706, 0.018754873424768448, 0.02202926017343998, 0.01758240908384323, 0.018520088866353035, 0.01670924760401249, 0.020069805905222893, 0.018940169364213943, 0.018846744671463966, 0.0181143656373024, 0.01832299679517746, 0.02180476486682892, 0.02077903226017952, 0.019217219203710556, 0.01764538884162903, 0.01909736543893814, 0.017955787479877472, 0.022585775703191757, 0.018187645822763443, 0.018824085593223572, 0.018383413553237915, 0.019234133884310722, 0.021398067474365234, 0.018274789676070213, 0.018276648595929146, 0.016859037801623344, 0.02442650869488716, 0.019599856808781624, 0.017843322828412056, 0.02366100624203682, 0.017394201830029488, 0.02342255227267742, 0.017290571704506874, 0.017491094768047333, 0.021075166761875153, 0.016417091712355614, 0.02185843512415886, 0.017439983785152435, 0.01924833282828331, 0.01747681200504303, 0.01802869513630867, 0.021188847720623016, 0.019259408116340637, 0.020923789590597153, 0.01980803906917572, 0.01804809831082821, 0.018181905150413513, 0.016619354486465454, 0.01923285983502865, 0.01848703809082508, 0.019659914076328278, 0.017154695466160774, 0.0169990211725235, 0.017576977610588074, 0.01957804709672928, 0.01922648213803768, 0.019060831516981125, 0.020070213824510574, 0.016357094049453735, 0.01922217570245266, 0.02105516567826271, 0.016996562480926514, 0.021326866000890732, 0.019528530538082123, 0.01843874529004097, 0.021270807832479477, 0.01749556139111519, 0.018514376133680344, 0.01562598906457424, 0.02092348411679268, 0.017610743641853333, 0.021909033879637718, 0.018621008843183517, 0.021369919180870056, 0.018480615690350533, 0.01817689836025238, 0.01936565339565277, 0.021192582324147224, 0.021934887394309044, 0.021170834079384804, 0.019020872190594673, 0.019136859104037285, 0.0170028917491436, 0.017155183479189873, 0.01821761019527912, 0.01840250939130783, 0.01917203515768051, 0.020639298483729362, 0.019252067431807518, 0.014398833736777306, 0.022280218079686165, 0.020547453314065933, 0.01709090918302536, 0.01784677244722843, 0.020055681467056274, 0.01705850660800934, 0.01611431874334812, 0.023328982293605804, 0.018911149352788925, 0.021111302077770233, 0.020906083285808563, 0.018080096691846848, 0.01806790940463543, 0.022101040929555893, 0.022402431815862656, 0.017460260540246964, 0.02009165659546852, 0.019996168091893196, 0.01762113906443119, 0.021348677575588226, 0.01898704469203949, 0.01580675318837166, 0.017976148054003716, 0.018393168225884438, 0.01836981438100338, 0.01805192418396473, 0.019490845501422882, 0.02076880820095539, 0.01892057992517948, 0.019238602370023727, 0.01791294850409031, 0.019530039280653, 0.018285401165485382, 0.01769467629492283, 0.0178925059735775, 0.01936759427189827, 0.016332486644387245, 0.018966564908623695, 0.02106407657265663, 0.019311025738716125, 0.01944415643811226, 0.019347934052348137, 0.02275429107248783, 0.020011452957987785, 0.015491117723286152, 0.016403546556830406, 0.023011792451143265, 0.02055104821920395, 0.023189427331089973, 0.018514905124902725, 0.017530854791402817, 0.02015380747616291, 0.01673154905438423, 0.01860383152961731, 0.0176960751414299, 0.01861729472875595, 0.01998041570186615, 0.017912382259964943, 0.01706274412572384, 0.020239586010575294, 0.01759369485080242, 0.024171240627765656, 0.017141202464699745, 0.018503956496715546, 0.02162366546690464, 0.019429443404078484, 0.017234398052096367, 0.017195969820022583, 0.017041578888893127, 0.019718684256076813, 0.022901415824890137, 0.020994460210204124, 0.017936386168003082, 0.02281186915934086, 0.017605138942599297, 0.02224658988416195, 0.018081534653902054, 0.019836334511637688, 0.01640472002327442, 0.016439253464341164, 0.01963188871741295, 0.021451350301504135, 0.02094019018113613, 0.01976747065782547, 0.01812279224395752, 0.01791013963520527, 0.019193574786186218, 0.017995677888393402, 0.01877587102353573, 0.0175396166741848, 0.01842915453016758, 0.0220784991979599, 0.019464483484625816, 0.019192170351743698, 0.01612149178981781, 0.02061561308801174, 0.020003188401460648, 0.016050007194280624, 0.018375353887677193, 0.019598716869950294, 0.02009095996618271, 0.01802888698875904, 0.02128758653998375, 0.021266724914312363, 0.019891034811735153, 0.01823011040687561, 0.016499126330018044, 0.01831083372235298, 0.019000206142663956, 0.018436269834637642, 0.020864680409431458, 0.018229998648166656, 0.01475251093506813]}
Setting up Multi Scale Gradient loss...
Done
Setting up Multi Scale Gradient loss...
Done
Setting up Multi Scale Gradient loss...
Done
Setting up Multi Scale Gradient loss...
Done
Setting up Multi Scale Gradient loss...
Done
Setting up Multi Scale Gradient loss...
Done
Setting up Multi Scale Gradient loss...
Done
Setting up Multi Scale Gradient loss...
Done
Setting up Multi Scale Gradient loss...
Done
Setting up Multi Scale Gradient loss...
Done
Setting up Multi Scale Gradient loss...
Done
Setting up Multi Scale Gradient loss...
Done
Setting up Multi Scale Gradient loss...
Done
Setting up Multi Scale Gradient loss...
Done
Setting up Multi Scale Gradient loss...
Done
Setting up Multi Scale Gradient loss...
Done
all losses in batch in validation:  {'loss': [0.022714298218488693, 0.025628376752138138, 0.022487681359052658, 0.027024367824196815, 0.0209454707801342, 0.02975914068520069, 0.02504589594900608, 0.029035387560725212, 0.02293691411614418, 0.02419748157262802, 0.022635262459516525, 0.03150203078985214, 0.024636931717395782, 0.026543594896793365, 0.023213885724544525, 0.02041523903608322, 0.022135073319077492, 0.021982088685035706, 0.02688470296561718, 0.02286849543452263, 0.025197552517056465, 0.025165069848299026, 0.021975519135594368, 0.021079163998365402, 0.021268123760819435, 0.02327154390513897, 0.02406812645494938, 0.02245120331645012, 0.025042522698640823, 0.022951878607273102, 0.0292477048933506, 0.026029985398054123, 0.027156764641404152, 0.025477049872279167, 0.027777940034866333, 0.02456578239798546, 0.023705903440713882, 0.023355677723884583, 0.02143392525613308, 0.022898362949490547, 0.024768982082605362, 0.024657156318426132, 0.02181008644402027, 0.029852617532014847, 0.029695529490709305, 0.023319633677601814, 0.0197001863270998, 0.024841491132974625, 0.024000361561775208, 0.026879195123910904, 0.024603474885225296, 0.02650069072842598, 0.021466907113790512, 0.024823149666190147, 0.02609967812895775, 0.029644731432199478, 0.02513796091079712, 0.022561771795153618, 0.027996830642223358, 0.024021709337830544, 0.027225062251091003, 0.021703552454710007, 0.027180055156350136, 0.02271886169910431, 0.026853132992982864, 0.025835592299699783, 0.02778029814362526, 0.03211086988449097, 0.022099550813436508, 0.026395514607429504, 0.022669196128845215, 0.02789987623691559, 0.021402433514595032, 0.03277478739619255, 0.02272556722164154, 0.022719046100974083, 0.03134261444211006, 0.020413748919963837, 0.026776790618896484, 0.021373147144913673, 0.022570312023162842, 0.02579384297132492, 0.02447931282222271, 0.025913510471582413, 0.023112697526812553, 0.028601566329598427, 0.02325255610048771, 0.022616196423768997, 0.024561669677495956, 0.027653519064188004, 0.027551567181944847, 0.024679608643054962, 0.02219124510884285, 0.02070602960884571, 0.024954622611403465, 0.02176387421786785, 0.022059457376599312, 0.022792648524045944, 0.02191992849111557, 0.023392636328935623, 0.025220584124326706, 0.025812383741140366, 0.02739928662776947, 0.02246304601430893, 0.02391369640827179, 0.02164912223815918, 0.02675684541463852, 0.02319568768143654, 0.023072652518749237, 0.027851179242134094, 0.024031056091189384, 0.020612971857190132, 0.02817964367568493, 0.022907748818397522, 0.021886078640818596, 0.021035753190517426, 0.023864630609750748, 0.027474258095026016, 0.027129683643579483, 0.02158866450190544, 0.02443218044936657, 0.023802924901247025, 0.024584241211414337, 0.022846326231956482, 0.026826994493603706, 0.02489110641181469, 0.02334308810532093, 0.023368801921606064, 0.022779008373618126, 0.02281871810555458, 0.02284642867743969, 0.026938261464238167, 0.028602246195077896, 0.025548014789819717, 0.026015175506472588, 0.026819419115781784, 0.017769958823919296, 0.030498165637254715, 0.02829587459564209, 0.022732852026820183, 0.027238808572292328, 0.021755104884505272, 0.02153240144252777, 0.02325577661395073, 0.025692477822303772, 0.023502998054027557, 0.02313556894659996, 0.032610390335321426, 0.02176138199865818, 0.023533634841442108, 0.02915617823600769, 0.028377516195178032, 0.02555794268846512, 0.023938771337270737, 0.0269926805049181, 0.0212542861700058, 0.026047471910715103, 0.022578049451112747, 0.02254866063594818, 0.026379164308309555, 0.025312766432762146, 0.02314443141222, 0.022542957216501236, 0.028837062418460846, 0.03399227559566498, 0.021898958832025528, 0.026039060205221176, 0.023581555113196373, 0.024431122466921806, 0.02235512062907219, 0.024415966123342514, 0.024697035551071167, 0.02614467218518257, 0.02300345152616501, 0.02306940220296383, 0.026352033019065857, 0.02719161845743656, 0.02298559620976448, 0.025317324325442314, 0.034424055367708206, 0.0285407193005085, 0.023094598203897476, 0.022640541195869446, 0.032042138278484344, 0.026597559452056885, 0.03070773184299469, 0.024845588952302933, 0.02213335782289505, 0.026321012526750565, 0.02149372175335884, 0.021570954471826553, 0.02194531448185444, 0.023335330188274384, 0.02371838316321373, 0.01881987415254116, 0.02151557058095932, 0.023105444386601448, 0.023706072941422462, 0.029801322147250175, 0.02344725839793682, 0.022901836782693863, 0.02743777632713318, 0.02770049497485161, 0.026364987716078758, 0.024053845554590225, 0.02577088214457035, 0.023699335753917694, 0.033293358981609344, 0.030912689864635468, 0.021991167217493057, 0.029063232243061066, 0.02572529949247837, 0.026498690247535706, 0.02437087893486023, 0.021858882158994675, 0.020966362208127975, 0.022343451157212257, 0.024028263986110687, 0.03163829818367958, 0.025721583515405655, 0.028079060837626457, 0.02190580405294895, 0.024210693314671516, 0.02197660133242607, 0.02634497359395027, 0.026223938912153244, 0.020994307473301888, 0.02771737426519394, 0.03413914144039154, 0.027845360338687897, 0.023407483473420143, 0.022221757099032402, 0.022977963089942932, 0.022701473906636238, 0.021282587200403214, 0.022408615797758102, 0.023453593254089355, 0.030222326517105103, 0.02150633931159973, 0.025683024898171425, 0.02685030922293663, 0.026919890195131302, 0.02227957360446453, 0.022457148879766464, 0.02536172978579998, 0.022984804585576057, 0.029037799686193466, 0.027748826891183853, 0.022805966436862946, 0.023711036890745163], 'L_si': [0.007094374857842922, 0.009192910976707935, 0.0065318322740495205, 0.00841633789241314, 0.005698083434253931, 0.011039944365620613, 0.009460203349590302, 0.010797454044222832, 0.006979078054428101, 0.007101939059793949, 0.007548926398158073, 0.011578009463846684, 0.007800006307661533, 0.008924053981900215, 0.00719532510265708, 0.005545389838516712, 0.006059077102690935, 0.00604389188811183, 0.00905955582857132, 0.006582592613995075, 0.0073547945357859135, 0.007815759629011154, 0.0065084765665233135, 0.005371213890612125, 0.0058669461868703365, 0.006853677332401276, 0.007429391611367464, 0.006735410541296005, 0.008371430449187756, 0.0068559711799025536, 0.010590947233140469, 0.008843346498906612, 0.010687792673707008, 0.00794900394976139, 0.010336901992559433, 0.008503902703523636, 0.007318935822695494, 0.007298711687326431, 0.0062522608786821365, 0.007249175105243921, 0.0076845185831189156, 0.007951545529067516, 0.0062207686714828014, 0.011381159536540508, 0.011419299989938736, 0.006866214331239462, 0.005510726477950811, 0.008468366228044033, 0.0073616900481283665, 0.008755765855312347, 0.00865382794290781, 0.009412506595253944, 0.006626388989388943, 0.00864800438284874, 0.009891786612570286, 0.010806930251419544, 0.008610186167061329, 0.0069045438431203365, 0.009020653553307056, 0.007357103284448385, 0.00994809065014124, 0.006784031633287668, 0.008381804451346397, 0.006941948086023331, 0.00791286863386631, 0.008418765850365162, 0.010402516461908817, 0.013713996857404709, 0.006502436939626932, 0.008636069484055042, 0.006480312906205654, 0.010533967055380344, 0.005409185774624348, 0.011116508394479752, 0.006406123749911785, 0.007055317517369986, 0.009920905344188213, 0.0055997250601649284, 0.008413374423980713, 0.005722050089389086, 0.00664002588018775, 0.008807552047073841, 0.009124400094151497, 0.008417011238634586, 0.006788167636841536, 0.010893160477280617, 0.007201723754405975, 0.00710970489308238, 0.007538681384176016, 0.010435349307954311, 0.009967433288693428, 0.007329163607209921, 0.006393993739038706, 0.005352782551199198, 0.008280226960778236, 0.006147072184830904, 0.005966236349195242, 0.006188228726387024, 0.006606080569326878, 0.008231617510318756, 0.009084089659154415, 0.007527847774326801, 0.009579809382557869, 0.006153185851871967, 0.006917753256857395, 0.006255226209759712, 0.009228804148733616, 0.006957795470952988, 0.007077356800436974, 0.009086193516850471, 0.006862617563456297, 0.005391379818320274, 0.008828183636069298, 0.006976709701120853, 0.006006123498082161, 0.0053124031983315945, 0.006808956153690815, 0.010062980465590954, 0.00931804534047842, 0.006265393923968077, 0.006762944161891937, 0.007524563930928707, 0.007641942240297794, 0.006615985184907913, 0.008926214650273323, 0.007658287417143583, 0.006398387718945742, 0.007146766409277916, 0.006665150169283152, 0.007656235713511705, 0.007312846835702658, 0.009947853162884712, 0.010491669178009033, 0.008463720791041851, 0.008675523102283478, 0.009047850035130978, 0.004514676984399557, 0.00970055628567934, 0.010440812446177006, 0.0069251954555511475, 0.009927217848598957, 0.006203819531947374, 0.005805958993732929, 0.0074168043211102486, 0.008479385636746883, 0.006627099588513374, 0.007110040634870529, 0.01332102995365858, 0.006287119816988707, 0.007309279404580593, 0.010112807154655457, 0.008919509127736092, 0.00938384234905243, 0.007269170600920916, 0.009962141513824463, 0.005684109404683113, 0.00800696574151516, 0.006348677910864353, 0.007939874194562435, 0.00974604208022356, 0.007066507823765278, 0.006184508092701435, 0.006493825931102037, 0.010546145029366016, 0.01412169635295868, 0.006463339086622, 0.008913539350032806, 0.007290616165846586, 0.007442735135555267, 0.00616794778034091, 0.007911291904747486, 0.008240047842264175, 0.00876185018569231, 0.007219607010483742, 0.006764954421669245, 0.007959947921335697, 0.009883338585495949, 0.006662210449576378, 0.008734205737709999, 0.01344540249556303, 0.009520355612039566, 0.008088397793471813, 0.00716022914275527, 0.011186414398252964, 0.009167352691292763, 0.010503600351512432, 0.00847644079476595, 0.0065714167430996895, 0.008160647936165333, 0.006453047506511211, 0.0059697600081563, 0.006551962811499834, 0.006304491776973009, 0.006839622277766466, 0.004653689917176962, 0.005870284512639046, 0.007066173013299704, 0.007475016172975302, 0.00920025072991848, 0.007633598521351814, 0.006932954303920269, 0.008538935333490372, 0.010129704140126705, 0.009945174679160118, 0.007936563342809677, 0.009540604427456856, 0.007249028887599707, 0.012103123590350151, 0.011129714548587799, 0.005989762023091316, 0.009459666907787323, 0.008432051166892052, 0.00818463135510683, 0.008672795258462429, 0.006090314127504826, 0.006262500770390034, 0.006691462825983763, 0.0071332016959786415, 0.011915920302271843, 0.008300160057842731, 0.010209554806351662, 0.0063974689692258835, 0.007426170632243156, 0.0061096628196537495, 0.009697581641376019, 0.007523527834564447, 0.005913709290325642, 0.009893468581140041, 0.013981464318931103, 0.009695739485323429, 0.0072046383284032345, 0.006704972591251135, 0.006382605992257595, 0.006685145664960146, 0.006262813229113817, 0.006678187288343906, 0.007233033422380686, 0.010742299258708954, 0.005636927671730518, 0.00835493952035904, 0.008304747752845287, 0.007203393150120974, 0.006146030034869909, 0.00719579728320241, 0.008497141301631927, 0.006814444437623024, 0.011016147211194038, 0.009906751103699207, 0.007366505451500416, 0.010194812901318073], 'L_grad': [0.015619923360645771, 0.016435464844107628, 0.01595584861934185, 0.018608029931783676, 0.015247386880218983, 0.018719196319580078, 0.015585692599415779, 0.01823793351650238, 0.01595783606171608, 0.017095543444156647, 0.015086336061358452, 0.019924020394682884, 0.016836924478411674, 0.01761954091489315, 0.016018560156226158, 0.01486984919756651, 0.016075996682047844, 0.01593819633126259, 0.01782514713704586, 0.016285903751850128, 0.01784275844693184, 0.017349310219287872, 0.015467042103409767, 0.01570795103907585, 0.015401178039610386, 0.016417866572737694, 0.016638735309243202, 0.015715792775154114, 0.016671091318130493, 0.016095906496047974, 0.018656756728887558, 0.017186637967824936, 0.016468971967697144, 0.017528045922517776, 0.0174410380423069, 0.016061879694461823, 0.0163869671523571, 0.01605696603655815, 0.015181664377450943, 0.015649188309907913, 0.017084462568163872, 0.01670560985803604, 0.015589317306876183, 0.018471457064151764, 0.01827622950077057, 0.016453418880701065, 0.014189459383487701, 0.016373125836253166, 0.01663867197930813, 0.018123429268598557, 0.01594964787364006, 0.017088184133172035, 0.014840517193078995, 0.016175145283341408, 0.016207890585064888, 0.01883780211210251, 0.016527773812413216, 0.015657227486371994, 0.018976178020238876, 0.01666460558772087, 0.01727697066962719, 0.014919520355761051, 0.01879825070500374, 0.01577691361308098, 0.018940264359116554, 0.017416827380657196, 0.017377780750393867, 0.01839687116444111, 0.015597114339470863, 0.017759446054697037, 0.016188884153962135, 0.01736591011285782, 0.01599324680864811, 0.0216582790017128, 0.01631944254040718, 0.01566372811794281, 0.021421710029244423, 0.014814024791121483, 0.01836341619491577, 0.015651097521185875, 0.015930285677313805, 0.016986291855573654, 0.015354912728071213, 0.0174965001642704, 0.01632452942430973, 0.01770840585231781, 0.016050832346081734, 0.01550649106502533, 0.017022987827658653, 0.017218170687556267, 0.01758413389325142, 0.017350444570183754, 0.01579725183546543, 0.0153532475233078, 0.01667439565062523, 0.01561680156737566, 0.016093220561742783, 0.01660441979765892, 0.015313848853111267, 0.015161018818616867, 0.016136493533849716, 0.01828453503549099, 0.0178194772452116, 0.016309861093759537, 0.01699594408273697, 0.015393896028399467, 0.01752804033458233, 0.01623789221048355, 0.015995295718312263, 0.018764985725283623, 0.0171684380620718, 0.015221592038869858, 0.01935146003961563, 0.015931038185954094, 0.015879955142736435, 0.015723349526524544, 0.017055675387382507, 0.017411276698112488, 0.017811637371778488, 0.015323270112276077, 0.017669236287474632, 0.016278361901640892, 0.016942299902439117, 0.01623034104704857, 0.017900779843330383, 0.01723281852900982, 0.016944700852036476, 0.016222035512328148, 0.01611385866999626, 0.015162482857704163, 0.015533581376075745, 0.016990408301353455, 0.018110577017068863, 0.017084293067455292, 0.01733965240418911, 0.01777157001197338, 0.013255281373858452, 0.02079761028289795, 0.01785506308078766, 0.015807656571269035, 0.017311591655015945, 0.015551285818219185, 0.015726443380117416, 0.015838973224163055, 0.017213091254234314, 0.016875898465514183, 0.01602552831172943, 0.01928935945034027, 0.015474262647330761, 0.01622435636818409, 0.019043371081352234, 0.01945800706744194, 0.01617410033941269, 0.01666960120201111, 0.017030538991093636, 0.01557017583400011, 0.018040506169199944, 0.01622937247157097, 0.014608785510063171, 0.01663312315940857, 0.018246259540319443, 0.01695992238819599, 0.016049131751060486, 0.018290916457772255, 0.01987057738006115, 0.015435619279742241, 0.01712552085518837, 0.0162909384816885, 0.01698838733136654, 0.016187172383069992, 0.016504675149917603, 0.01645698770880699, 0.017382821068167686, 0.015783844515681267, 0.01630444824695587, 0.018392086029052734, 0.017308279871940613, 0.016323385760188103, 0.016583118587732315, 0.0209786519408226, 0.019020363688468933, 0.015006201341748238, 0.015480312518775463, 0.020855724811553955, 0.017430206760764122, 0.020204130560159683, 0.016369149088859558, 0.01556194107979536, 0.018160365521907806, 0.015040673315525055, 0.015601195394992828, 0.015393352136015892, 0.017030838876962662, 0.01687876135110855, 0.014166184701025486, 0.015645286068320274, 0.016039270907640457, 0.016231056302785873, 0.020601071417331696, 0.015813659876585007, 0.01596888154745102, 0.018898840993642807, 0.01757078990340233, 0.01641981303691864, 0.016117282211780548, 0.016230277717113495, 0.0164503064006567, 0.021190235391259193, 0.01978297531604767, 0.01600140519440174, 0.019603565335273743, 0.01729324832558632, 0.0183140579611063, 0.015698082745075226, 0.015768567100167274, 0.014703862369060516, 0.015651987865567207, 0.01689506322145462, 0.019722377881407738, 0.017421424388885498, 0.017869506031274796, 0.015508335083723068, 0.01678452268242836, 0.01586693897843361, 0.016647392883896828, 0.018700411543250084, 0.015080598182976246, 0.017823904752731323, 0.020157676190137863, 0.018149621784687042, 0.01620284467935562, 0.01551678404211998, 0.016595356166362762, 0.01601632870733738, 0.015019774436950684, 0.01573042944073677, 0.016220560297369957, 0.01948002725839615, 0.015869412571191788, 0.017328085377812386, 0.01854556053876877, 0.019716497510671616, 0.016133543103933334, 0.015261352062225342, 0.016864588484168053, 0.016170360147953033, 0.018021652474999428, 0.01784207671880722, 0.015439460054039955, 0.013516224920749664]}
New Learning Rate: 0.000025
[rank0]:[W315 08:00:53.917760696 ProcessGroupNCCL.cpp:1427] Warning: WARNING: process group has NOT been destroyed before we destruct ProcessGroupNCCL. On normal program exit, the application should call destroy_process_group to ensure that any pending NCCL operations have finished in this process. In rare cases this process can exit before this point and block the progress of another member of the process group. This constraint has always been present,  but this warning has only been added since PyTorch 2.4 (function operator())
