AttributeError: module 'numpy._globals' has no attribute '_signature_descriptor'
Setting up Multi Scale Gradient loss...
Done
Found 5 samples in /root/shared-nvme/spikemamba/DENSE-spike/DENSE/train
Found 1 samples in /root/shared-nvme/spikemamba/DENSE-spike/DENSE/validation
-----  [3, 6, 12]
Trainable parameters: 22568833
S2DepthTransformerUNetConv(
  (encoder): LongSpikeStreamEncoderConv(
    (backbone): Mamba3DEncoder(
      (patch_embed): Conv3d(1, 96, kernel_size=(32, 2, 2), stride=(32, 2, 2))
      (stages): ModuleList(
        (0): MambaStage(
          (blocks): Sequential(
            (0): ST_Mamba_Block(
              (norm1): LayerNorm((96,), eps=1e-05, elementwise_affine=True)
              (mamba): Mamba(
                (in_proj): Linear(in_features=96, out_features=384, bias=False)
                (conv1d): Conv1d(192, 192, kernel_size=(4,), stride=(1,), padding=(3,), groups=192)
                (act): SiLU()
                (x_proj): Linear(in_features=192, out_features=38, bias=False)
                (dt_proj): Linear(in_features=6, out_features=192, bias=True)
                (out_proj): Linear(in_features=192, out_features=96, bias=False)
              )
              (norm2): LayerNorm((96,), eps=1e-05, elementwise_affine=True)
              (mlp): Sequential(
                (0): Linear(in_features=96, out_features=384, bias=True)
                (1): GELU(approximate='none')
                (2): Linear(in_features=384, out_features=96, bias=True)
              )
            )
            (1): ST_Mamba_Block(
              (norm1): LayerNorm((96,), eps=1e-05, elementwise_affine=True)
              (mamba): Mamba(
                (in_proj): Linear(in_features=96, out_features=384, bias=False)
                (conv1d): Conv1d(192, 192, kernel_size=(4,), stride=(1,), padding=(3,), groups=192)
                (act): SiLU()
                (x_proj): Linear(in_features=192, out_features=38, bias=False)
                (dt_proj): Linear(in_features=6, out_features=192, bias=True)
                (out_proj): Linear(in_features=192, out_features=96, bias=False)
              )
              (norm2): LayerNorm((96,), eps=1e-05, elementwise_affine=True)
              (mlp): Sequential(
                (0): Linear(in_features=96, out_features=384, bias=True)
                (1): GELU(approximate='none')
                (2): Linear(in_features=384, out_features=96, bias=True)
              )
            )
          )
        )
        (1): MambaStage(
          (blocks): Sequential(
            (0): ST_Mamba_Block(
              (norm1): LayerNorm((192,), eps=1e-05, elementwise_affine=True)
              (mamba): Mamba(
                (in_proj): Linear(in_features=192, out_features=768, bias=False)
                (conv1d): Conv1d(384, 384, kernel_size=(4,), stride=(1,), padding=(3,), groups=384)
                (act): SiLU()
                (x_proj): Linear(in_features=384, out_features=44, bias=False)
                (dt_proj): Linear(in_features=12, out_features=384, bias=True)
                (out_proj): Linear(in_features=384, out_features=192, bias=False)
              )
              (norm2): LayerNorm((192,), eps=1e-05, elementwise_affine=True)
              (mlp): Sequential(
                (0): Linear(in_features=192, out_features=768, bias=True)
                (1): GELU(approximate='none')
                (2): Linear(in_features=768, out_features=192, bias=True)
              )
            )
            (1): ST_Mamba_Block(
              (norm1): LayerNorm((192,), eps=1e-05, elementwise_affine=True)
              (mamba): Mamba(
                (in_proj): Linear(in_features=192, out_features=768, bias=False)
                (conv1d): Conv1d(384, 384, kernel_size=(4,), stride=(1,), padding=(3,), groups=384)
                (act): SiLU()
                (x_proj): Linear(in_features=384, out_features=44, bias=False)
                (dt_proj): Linear(in_features=12, out_features=384, bias=True)
                (out_proj): Linear(in_features=384, out_features=192, bias=False)
              )
              (norm2): LayerNorm((192,), eps=1e-05, elementwise_affine=True)
              (mlp): Sequential(
                (0): Linear(in_features=192, out_features=768, bias=True)
                (1): GELU(approximate='none')
                (2): Linear(in_features=768, out_features=192, bias=True)
              )
            )
          )
        )
        (2): MambaStage(
          (blocks): Sequential(
            (0): ST_Mamba_Block(
              (norm1): LayerNorm((384,), eps=1e-05, elementwise_affine=True)
              (mamba): Mamba(
                (in_proj): Linear(in_features=384, out_features=1536, bias=False)
                (conv1d): Conv1d(768, 768, kernel_size=(4,), stride=(1,), padding=(3,), groups=768)
                (act): SiLU()
                (x_proj): Linear(in_features=768, out_features=56, bias=False)
                (dt_proj): Linear(in_features=24, out_features=768, bias=True)
                (out_proj): Linear(in_features=768, out_features=384, bias=False)
              )
              (norm2): LayerNorm((384,), eps=1e-05, elementwise_affine=True)
              (mlp): Sequential(
                (0): Linear(in_features=384, out_features=1536, bias=True)
                (1): GELU(approximate='none')
                (2): Linear(in_features=1536, out_features=384, bias=True)
              )
            )
            (1): ST_Mamba_Block(
              (norm1): LayerNorm((384,), eps=1e-05, elementwise_affine=True)
              (mamba): Mamba(
                (in_proj): Linear(in_features=384, out_features=1536, bias=False)
                (conv1d): Conv1d(768, 768, kernel_size=(4,), stride=(1,), padding=(3,), groups=768)
                (act): SiLU()
                (x_proj): Linear(in_features=768, out_features=56, bias=False)
                (dt_proj): Linear(in_features=24, out_features=768, bias=True)
                (out_proj): Linear(in_features=768, out_features=384, bias=False)
              )
              (norm2): LayerNorm((384,), eps=1e-05, elementwise_affine=True)
              (mlp): Sequential(
                (0): Linear(in_features=384, out_features=1536, bias=True)
                (1): GELU(approximate='none')
                (2): Linear(in_features=1536, out_features=384, bias=True)
              )
            )
            (2): ST_Mamba_Block(
              (norm1): LayerNorm((384,), eps=1e-05, elementwise_affine=True)
              (mamba): Mamba(
                (in_proj): Linear(in_features=384, out_features=1536, bias=False)
                (conv1d): Conv1d(768, 768, kernel_size=(4,), stride=(1,), padding=(3,), groups=768)
                (act): SiLU()
                (x_proj): Linear(in_features=768, out_features=56, bias=False)
                (dt_proj): Linear(in_features=24, out_features=768, bias=True)
                (out_proj): Linear(in_features=768, out_features=384, bias=False)
              )
              (norm2): LayerNorm((384,), eps=1e-05, elementwise_affine=True)
              (mlp): Sequential(
                (0): Linear(in_features=384, out_features=1536, bias=True)
                (1): GELU(approximate='none')
                (2): Linear(in_features=1536, out_features=384, bias=True)
              )
            )
            (3): ST_Mamba_Block(
              (norm1): LayerNorm((384,), eps=1e-05, elementwise_affine=True)
              (mamba): Mamba(
                (in_proj): Linear(in_features=384, out_features=1536, bias=False)
                (conv1d): Conv1d(768, 768, kernel_size=(4,), stride=(1,), padding=(3,), groups=768)
                (act): SiLU()
                (x_proj): Linear(in_features=768, out_features=56, bias=False)
                (dt_proj): Linear(in_features=24, out_features=768, bias=True)
                (out_proj): Linear(in_features=768, out_features=384, bias=False)
              )
              (norm2): LayerNorm((384,), eps=1e-05, elementwise_affine=True)
              (mlp): Sequential(
                (0): Linear(in_features=384, out_features=1536, bias=True)
                (1): GELU(approximate='none')
                (2): Linear(in_features=1536, out_features=384, bias=True)
              )
            )
            (4): ST_Mamba_Block(
              (norm1): LayerNorm((384,), eps=1e-05, elementwise_affine=True)
              (mamba): Mamba(
                (in_proj): Linear(in_features=384, out_features=1536, bias=False)
                (conv1d): Conv1d(768, 768, kernel_size=(4,), stride=(1,), padding=(3,), groups=768)
                (act): SiLU()
                (x_proj): Linear(in_features=768, out_features=56, bias=False)
                (dt_proj): Linear(in_features=24, out_features=768, bias=True)
                (out_proj): Linear(in_features=768, out_features=384, bias=False)
              )
              (norm2): LayerNorm((384,), eps=1e-05, elementwise_affine=True)
              (mlp): Sequential(
                (0): Linear(in_features=384, out_features=1536, bias=True)
                (1): GELU(approximate='none')
                (2): Linear(in_features=1536, out_features=384, bias=True)
              )
            )
            (5): ST_Mamba_Block(
              (norm1): LayerNorm((384,), eps=1e-05, elementwise_affine=True)
              (mamba): Mamba(
                (in_proj): Linear(in_features=384, out_features=1536, bias=False)
                (conv1d): Conv1d(768, 768, kernel_size=(4,), stride=(1,), padding=(3,), groups=768)
                (act): SiLU()
                (x_proj): Linear(in_features=768, out_features=56, bias=False)
                (dt_proj): Linear(in_features=24, out_features=768, bias=True)
                (out_proj): Linear(in_features=768, out_features=384, bias=False)
              )
              (norm2): LayerNorm((384,), eps=1e-05, elementwise_affine=True)
              (mlp): Sequential(
                (0): Linear(in_features=384, out_features=1536, bias=True)
                (1): GELU(approximate='none')
                (2): Linear(in_features=1536, out_features=384, bias=True)
              )
            )
          )
        )
      )
      (downsamples): ModuleList(
        (0): Conv3d(96, 192, kernel_size=(1, 2, 2), stride=(1, 2, 2))
        (1): Conv3d(192, 384, kernel_size=(1, 2, 2), stride=(1, 2, 2))
      )
    )
    (conv_layers): ModuleList(
      (0): ModuleList(
        (0-3): 4 x Conv2d(96, 24, kernel_size=(1, 1), stride=(1, 1))
      )
      (1): ModuleList(
        (0-3): 4 x Conv2d(192, 48, kernel_size=(1, 1), stride=(1, 1))
      )
      (2): ModuleList(
        (0-3): 4 x Conv2d(384, 96, kernel_size=(1, 1), stride=(1, 1))
      )
    )
  )
  (resblocks): ModuleList(
    (0-1): 2 x ResidualBlock(
      (conv1): Conv2d(384, 384, kernel_size=(3, 3), stride=(1, 1), padding=(1, 1))
      (relu): ReLU()
      (conv2): Conv2d(384, 384, kernel_size=(3, 3), stride=(1, 1), padding=(1, 1))
    )
  )
  (decoders): ModuleList(
    (0): UpsampleConvLayer(
      (conv2d): Conv2d(384, 192, kernel_size=(5, 5), stride=(1, 1), padding=(2, 2))
    )
    (1): UpsampleConvLayer(
      (conv2d): Conv2d(192, 96, kernel_size=(5, 5), stride=(1, 1), padding=(2, 2))
    )
    (2): UpsampleConvLayer(
      (conv2d): Conv2d(96, 48, kernel_size=(5, 5), stride=(1, 1), padding=(2, 2))
    )
  )
  (pred): ConvLayer(
    (conv2d): Conv2d(48, 1, kernel_size=(1, 1), stride=(1, 1))
  )
)
Model Initialized
Using scale_invariant_loss with config {'weight': 1.0, 'n_lambda': 1.0}
Will not use phased architecture
Using Multi Scale Gradient loss with weight=0.25
Will not use MSE loss
all losses in batch in validation:  {'loss': [0.0951528400182724, 0.07768769562244415, 0.0810924768447876, 0.08594942092895508, 0.08830498158931732, 0.08539371937513351, 0.07600203901529312, 0.07383948564529419, 0.08744511008262634, 0.07541277259588242, 0.07121284306049347, 0.07075323909521103, 0.06816279888153076, 0.056705743074417114, 0.06327232718467712, 0.057761356234550476, 0.047527823597192764, 0.05154111236333847, 0.04961813613772392, 0.04732229560613632, 0.048038728535175323, 0.05755676329135895, 0.05648569017648697, 0.06725724041461945, 0.06747263669967651, 0.06188124418258667, 0.06701404601335526, 0.05930722877383232, 0.05372096598148346, 0.05600103735923767, 0.056034013628959656, 0.05436000972986221, 0.04750825837254524, 0.05231282487511635, 0.04925468936562538, 0.06064094603061676, 0.06279246509075165, 0.05054932087659836, 0.05742152780294418, 0.05732662230730057, 0.06922361254692078, 0.05521006137132645, 0.03478417545557022, 0.03910446539521217, 0.03458335995674133, 0.03906440734863281, 0.04033111035823822, 0.04328947514295578, 0.04395907372236252, 0.045105159282684326, 0.04427343234419823, 0.044204212725162506, 0.05027967691421509, 0.042459215968847275, 0.03760451450943947, 0.037713147699832916, 0.03771236911416054, 0.038386788219213486, 0.037844784557819366, 0.04006326571106911, 0.04116160422563553, 0.042032014578580856, 0.04720529168844223, 0.04533963277935982, 0.044669684022665024, 0.04303368553519249, 0.03889584541320801, 0.03897622600197792, 0.03621293604373932, 0.031686462461948395, 0.030687186866998672, 0.031064951792359352, 0.031094079837203026, 0.034724995493888855, 0.034611668437719345, 0.03698994964361191, 0.038847729563713074, 0.03817069157958031, 0.040459174662828445, 0.03450017794966698, 0.033793430775403976, 0.04010558873414993, 0.04221019521355629, 0.04081302136182785, 0.040865179151296616, 0.04676937684416771, 0.053177714347839355, 0.05059294030070305, 0.05179334804415703, 0.05052075535058975, 0.05069798231124878, 0.04875236377120018, 0.04817688465118408, 0.04146236553788185, 0.04897309094667435, 0.04179318994283676, 0.04574126750230789, 0.037792086601257324, 0.04309847950935364, 0.04607848450541496, 0.04529253765940666, 0.04856611788272858, 0.04772275313735008, 0.04992292448878288, 0.04824523627758026, 0.04791366681456566, 0.04291339963674545, 0.04942134767770767, 0.04596041887998581, 0.043620772659778595, 0.041075464338064194, 0.049344442784786224, 0.045602984726428986, 0.0499325692653656, 0.052375394850969315, 0.052673228085041046, 0.05188167095184326, 0.05354631692171097, 0.04939497634768486, 0.061462048441171646, 0.055274445563554764, 0.050918832421302795, 0.050147999078035355, 0.05811763554811478, 0.06483323872089386, 0.06192229688167572, 0.05358775705099106, 0.0466184988617897, 0.042078897356987, 0.03650861233472824, 0.035736314952373505, 0.034836530685424805, 0.03643936663866043, 0.03063603863120079, 0.03250014781951904, 0.03672489523887634, 0.043755244463682175, 0.0462426021695137, 0.04718795418739319, 0.042748697102069855, 0.03676367551088333, 0.03618394583463669, 0.03218771517276764, 0.030493859201669693, 0.02604912407696247, 0.02739512175321579, 0.032638177275657654, 0.02812756784260273, 0.02932623215019703, 0.029638294130563736, 0.03414968028664589, 0.03370809555053711, 0.03740363568067551, 0.04466217756271362, 0.04045563563704491, 0.03355402499437332, 0.031751930713653564, 0.04332195594906807, 0.043634675443172455, 0.03728335350751877, 0.036030113697052, 0.0359780490398407, 0.041639167815446854, 0.046910595148801804, 0.03937175124883652, 0.03785642609000206, 0.03656303882598877, 0.040856946259737015, 0.0466805174946785, 0.04230959713459015, 0.043530967086553574, 0.037719711661338806, 0.04063010588288307, 0.035401083528995514, 0.03939883038401604, 0.04009632393717766, 0.0310585368424654, 0.04346895217895508, 0.043184537440538406, 0.03896254301071167, 0.039138950407505035, 0.041880302131175995, 0.035525497049093246, 0.03809879347681999, 0.039587490260601044, 0.03941865265369415, 0.04147324338555336, 0.04349352419376373, 0.04136829823255539, 0.03699934110045433, 0.03411281853914261, 0.03010379523038864, 0.031477585434913635, 0.03473193943500519, 0.039199285209178925, 0.03808451071381569, 0.04019481688737869, 0.0403294637799263, 0.035323016345500946, 0.039381422102451324, 0.033414050936698914, 0.03789110109210014, 0.036409493535757065, 0.036486320197582245, 0.04133085161447525, 0.033984869718551636, 0.042048513889312744, 0.042946189641952515, 0.04290679469704628, 0.04780106619000435, 0.05485541373491287, 0.04913938790559769, 0.0539863258600235, 0.0478038415312767, 0.05101338028907776, 0.052348166704177856, 0.05579576641321182, 0.048469118773937225, 0.04276866465806961, 0.04602731391787529, 0.05166464298963547, 0.05207598954439163, 0.04533529281616211, 0.05272231623530388, 0.04956559091806412, 0.04353141039609909, 0.047733813524246216, 0.04801158607006073, 0.049053266644477844, 0.050705552101135254, 0.04507431387901306, 0.04771755635738373, 0.045582257211208344, 0.04499770700931549, 0.05445890501141548, 0.05674755573272705, 0.05239584669470787, 0.05295751243829727, 0.051972344517707825, 0.04746691882610321, 0.048195771872997284, 0.03964116424322128, 0.0380253791809082, 0.038903918117284775, 0.03300128132104874, 0.036479294300079346, 0.036320820450782776, 0.037661753594875336, 0.03585375100374222, 0.03998178616166115, 0.04158225655555725, 0.04999638348817825, 0.04871392995119095, 0.05014538764953613, 0.04618170112371445, 0.045574985444545746, 0.03898751735687256, 0.038581620901823044, 0.037697695195674896, 0.0333099327981472, 0.033491186797618866, 0.04780706763267517, 0.04723869264125824, 0.04704625904560089, 0.05424180254340172, 0.05365836247801781, 0.049788907170295715, 0.050753965973854065, 0.0570305734872818, 0.04348694160580635, 0.05098119378089905, 0.04838816821575165, 0.046845484524965286, 0.050025030970573425, 0.052503980696201324, 0.04282813519239426, 0.047519054263830185, 0.05245659500360489, 0.05057261139154434, 0.05377078056335449, 0.05621443688869476, 0.0677063837647438, 0.06244318559765816, 0.07632089406251907, 0.06413012742996216, 0.06603850424289703, 0.06575740873813629, 0.06568880379199982, 0.07002581655979156, 0.09127296507358551, 0.09045632183551788, 0.11019325256347656, 0.11323060095310211, 0.11704814434051514, 0.12537464499473572, 0.12759986519813538, 0.1305583268404007, 0.1217012032866478, 0.11704953014850616, 0.12314960360527039, 0.10946111381053925, 0.10792169719934464, 0.10264894366264343, 0.09317892789840698, 0.08969927579164505, 0.07646684348583221, 0.06841767579317093, 0.05109202116727829, 0.04955656826496124, 0.05444333329796791, 0.05487740412354469, 0.04504745453596115, 0.03579500690102577, 0.044910550117492676, 0.05294249206781387, 0.08162104338407516, 0.08473481237888336, 0.0690041184425354, 0.08172393590211868, 0.0693560540676117, 0.0646725445985794, 0.06182612478733063, 0.050964757800102234, 0.051821961998939514, 0.05185651034116745, 0.06302493065595627, 0.08038350194692612, 0.07161100208759308, 0.08321569859981537, 0.07274066656827927, 0.06536845117807388, 0.06109703704714775, 0.062311604619026184, 0.05254199355840683, 0.0564163476228714, 0.06452826410531998, 0.060276519507169724, 0.03978253901004791, 0.05104383826255798, 0.0474754273891449, 0.0387682281434536, 0.03611884266138077, 0.03900744020938873, 0.036017078906297684, 0.032186347991228104, 0.03532093018293381, 0.03693534433841705, 0.041829511523246765, 0.038646064698696136, 0.03874647617340088, 0.03927260637283325, 0.04077480360865593, 0.043122947216033936, 0.03715738654136658, 0.03633911535143852, 0.03860803693532944, 0.04052271693944931, 0.049062490463256836, 0.058369264006614685, 0.053244441747665405, 0.05065389350056648, 0.03943074867129326, 0.03141821548342705, 0.028178706765174866, 0.033134907484054565, 0.030016308650374413, 0.030499104410409927, 0.03403352200984955, 0.03341352567076683, 0.03710879012942314, 0.03715112805366516, 0.04083436354994774, 0.037133701145648956, 0.03692269325256348, 0.03841274231672287, 0.03831806778907776, 0.03443494439125061, 0.04271949082612991, 0.04601341485977173, 0.04083695635199547, 0.04722444340586662, 0.056386686861515045, 0.06497660279273987, 0.06850022077560425, 0.07780078053474426, 0.07800321280956268, 0.07216259092092514, 0.0782509297132492, 0.08186760544776917, 0.09444119781255722, 0.0968204140663147, 0.07955214381217957, 0.07909293472766876, 0.06354424357414246, 0.058512963354587555, 0.04871091991662979, 0.04282379522919655, 0.05056122690439224, 0.04783332347869873, 0.05907396972179413, 0.05809818208217621, 0.05552168935537338, 0.05598015710711479, 0.06154126673936844, 0.06863793730735779, 0.06394883245229721, 0.06787408888339996, 0.06515766680240631, 0.07054366171360016, 0.06810945272445679, 0.06562003493309021, 0.060675088316202164, 0.06008963659405708, 0.06419801712036133, 0.0569487102329731, 0.06096599996089935, 0.051594652235507965, 0.060693927109241486, 0.058227136731147766, 0.05350621044635773, 0.050051942467689514, 0.05565381795167923, 0.059104546904563904, 0.046540699899196625, 0.048466701060533524, 0.04654008895158768, 0.036942727863788605, 0.03232055902481079, 0.03446159511804581, 0.03480881452560425, 0.032527051866054535, 0.04070091247558594, 0.03764861822128296, 0.04779846593737602, 0.03929221257567406, 0.04985930770635605, 0.04792638495564461, 0.05286301299929619, 0.05147196725010872, 0.04949197545647621, 0.05354475602507591, 0.057181499898433685, 0.07105711847543716, 0.05555498227477074, 0.06975305825471878, 0.07584591209888458, 0.07398754358291626, 0.0923907607793808, 0.08632855862379074, 0.1015944555401802, 0.12464797496795654, 0.14052900671958923, 0.13695135712623596, 0.13846810162067413, 0.14911019802093506, 0.14485988020896912, 0.13840007781982422, 0.1193651556968689, 0.1262008249759674, 0.11583998799324036, 0.10863462835550308, 0.11478327959775925, 0.1166125237941742, 0.11645092815160751, 0.12808069586753845, 0.13361342251300812, 0.13235275447368622, 0.13909965753555298, 0.14455394446849823, 0.1445612758398056, 0.14163237810134888, 0.1372460275888443, 0.1345788836479187, 0.11891117691993713, 0.11142944544553757, 0.09151671826839447, 0.08562488853931427, 0.09049978852272034, 0.0786886215209961, 0.07939861714839935, 0.06731261312961578, 0.07219758629798889, 0.07000398635864258, 0.060349609702825546, 0.05632689595222473, 0.03920108824968338, 0.0497286394238472, 0.05141701549291611, 0.048416800796985626, 0.04696197807788849, 0.05765719711780548, 0.05279446393251419, 0.05768921598792076, 0.05056570842862129, 0.04821888357400894, 0.04516860842704773, 0.045247916132211685, 0.04645094648003578, 0.05292113125324249, 0.034581877291202545], 'L_si': [0.0673237144947052, 0.05157884955406189, 0.0547136515378952, 0.059039339423179626, 0.06079047918319702, 0.058772698044776917, 0.05018727481365204, 0.04820643365383148, 0.06068095564842224, 0.050718724727630615, 0.04761926829814911, 0.04793478548526764, 0.045979782938957214, 0.03601263463497162, 0.04169726371765137, 0.03725309669971466, 0.028937995433807373, 0.03218644857406616, 0.0309627503156662, 0.02872559428215027, 0.02946440875530243, 0.037848323583602905, 0.03627824783325195, 0.04488123953342438, 0.045008137822151184, 0.0403953492641449, 0.044340312480926514, 0.037853434681892395, 0.032758742570877075, 0.034892767667770386, 0.0351862907409668, 0.03402942419052124, 0.028561875224113464, 0.03262685239315033, 0.03120933473110199, 0.04026350378990173, 0.04215383529663086, 0.032412245869636536, 0.038808345794677734, 0.038194045424461365, 0.04905381798744202, 0.03615953028202057, 0.019197970628738403, 0.02320827543735504, 0.019302085041999817, 0.023384764790534973, 0.024658620357513428, 0.027070432901382446, 0.027601584792137146, 0.02854160964488983, 0.027614876627922058, 0.027468666434288025, 0.032399147748947144, 0.025831297039985657, 0.021747276186943054, 0.022031396627426147, 0.02209380269050598, 0.022730469703674316, 0.02199968695640564, 0.02422425150871277, 0.025167763233184814, 0.0261572003364563, 0.030115485191345215, 0.02813713252544403, 0.027423471212387085, 0.026053905487060547, 0.022967219352722168, 0.02364678680896759, 0.021481409668922424, 0.017737537622451782, 0.01689787209033966, 0.017050236463546753, 0.016862809658050537, 0.019879311323165894, 0.01937316358089447, 0.02093200385570526, 0.022263705730438232, 0.021425560116767883, 0.023598700761795044, 0.018753737211227417, 0.018052726984024048, 0.022995203733444214, 0.02466665208339691, 0.023655995726585388, 0.023443937301635742, 0.028257355093955994, 0.03350333869457245, 0.031115040183067322, 0.03164432942867279, 0.029981136322021484, 0.02985459566116333, 0.028545141220092773, 0.02851758897304535, 0.023499146103858948, 0.02965724468231201, 0.023796722292900085, 0.02693454921245575, 0.02042660117149353, 0.02474166452884674, 0.026947513222694397, 0.0260622501373291, 0.02830106019973755, 0.027524590492248535, 0.02988186478614807, 0.028715819120407104, 0.02829843759536743, 0.024127930402755737, 0.029828310012817383, 0.02635975182056427, 0.02547498047351837, 0.02351069450378418, 0.030737683176994324, 0.02826349437236786, 0.031928762793540955, 0.034657955169677734, 0.03465031087398529, 0.0339818000793457, 0.03489282727241516, 0.0312623530626297, 0.040359824895858765, 0.035159558057785034, 0.03119140863418579, 0.0297919362783432, 0.03652539849281311, 0.04201541841030121, 0.03946918249130249, 0.032642439007759094, 0.02707292139530182, 0.024634376168251038, 0.020762592554092407, 0.0201626718044281, 0.019207820296287537, 0.02056165039539337, 0.015639811754226685, 0.016931205987930298, 0.019612520933151245, 0.02436983585357666, 0.027849242091178894, 0.029806479811668396, 0.024214819073677063, 0.018931880593299866, 0.01901492476463318, 0.015980809926986694, 0.014551952481269836, 0.01136218011379242, 0.012941703200340271, 0.01873183250427246, 0.01574002206325531, 0.016978606581687927, 0.017456650733947754, 0.02121967077255249, 0.02107517421245575, 0.023707807064056396, 0.0293959379196167, 0.026035889983177185, 0.020411238074302673, 0.018405765295028687, 0.028396785259246826, 0.028429269790649414, 0.02279101312160492, 0.02154862880706787, 0.02095484733581543, 0.02611410617828369, 0.030624181032180786, 0.023883432149887085, 0.022418692708015442, 0.02119751274585724, 0.024557605385780334, 0.03020593523979187, 0.025906428694725037, 0.027003690600395203, 0.022006869316101074, 0.024403557181358337, 0.02014242112636566, 0.023353755474090576, 0.023640677332878113, 0.01627306640148163, 0.026445209980010986, 0.02654796838760376, 0.022818133234977722, 0.023134097456932068, 0.025587216019630432, 0.02010592818260193, 0.022265449166297913, 0.02297031879425049, 0.023092955350875854, 0.02515849471092224, 0.02763780951499939, 0.025688648223876953, 0.022300690412521362, 0.020352840423583984, 0.016673490405082703, 0.018139570951461792, 0.02127861976623535, 0.02512308955192566, 0.024003297090530396, 0.02590116858482361, 0.02585408091545105, 0.021397501230239868, 0.025469720363616943, 0.020444437861442566, 0.02398785948753357, 0.023105204105377197, 0.023084372282028198, 0.027008801698684692, 0.020948350429534912, 0.027801513671875, 0.0281904935836792, 0.02790673077106476, 0.03160795569419861, 0.037334635853767395, 0.032322436571121216, 0.03625459969043732, 0.030751794576644897, 0.033698976039886475, 0.034397661685943604, 0.037603989243507385, 0.031068474054336548, 0.026235535740852356, 0.028834447264671326, 0.0337834507226944, 0.03421153128147125, 0.028620168566703796, 0.034514427185058594, 0.031820788979530334, 0.026794567704200745, 0.030196502804756165, 0.029931649565696716, 0.03121297061443329, 0.032380878925323486, 0.027468055486679077, 0.030097797513008118, 0.028299763798713684, 0.02777622640132904, 0.03636424243450165, 0.0377923846244812, 0.034260645508766174, 0.034192025661468506, 0.03403043746948242, 0.02975653111934662, 0.030889049172401428, 0.02354283630847931, 0.022077396512031555, 0.0232069194316864, 0.018246427178382874, 0.0217856764793396, 0.021216943860054016, 0.022712305188179016, 0.021303296089172363, 0.02492116391658783, 0.026492804288864136, 0.033833667635917664, 0.032292962074279785, 0.033804118633270264, 0.030149489641189575, 0.0292387455701828, 0.02335493266582489, 0.02295634150505066, 0.02193675935268402, 0.018311142921447754, 0.01842138171195984, 0.03003232181072235, 0.029188573360443115, 0.02891986072063446, 0.03442010283470154, 0.03369632363319397, 0.03041788935661316, 0.031120970845222473, 0.03623674809932709, 0.02469174563884735, 0.031011909246444702, 0.0284125953912735, 0.02701413631439209, 0.029334813356399536, 0.0314708948135376, 0.02367246150970459, 0.02685205638408661, 0.03098563849925995, 0.029741719365119934, 0.03168044984340668, 0.03359667956829071, 0.04300214350223541, 0.03862002491950989, 0.05029769241809845, 0.040653035044670105, 0.04231522977352142, 0.042446568608284, 0.04341048002243042, 0.045935437083244324, 0.06477653980255127, 0.06427183747291565, 0.08048904687166214, 0.08379516005516052, 0.08769591897726059, 0.09556041657924652, 0.10010766237974167, 0.10220281034708023, 0.09491752088069916, 0.09000875055789948, 0.09498809278011322, 0.08363283425569534, 0.08081570267677307, 0.07668697834014893, 0.06822292506694794, 0.06472104042768478, 0.053203314542770386, 0.04649830609560013, 0.03177335858345032, 0.030653677880764008, 0.03427127003669739, 0.03422263264656067, 0.026320278644561768, 0.021324098110198975, 0.028004631400108337, 0.03448113799095154, 0.06032927334308624, 0.06312830746173859, 0.049243658781051636, 0.06060865521430969, 0.048877209424972534, 0.04559704661369324, 0.04269181191921234, 0.033487915992736816, 0.0341704785823822, 0.03363439440727234, 0.042928606271743774, 0.05836459994316101, 0.05074307322502136, 0.06097501516342163, 0.0516684353351593, 0.045489296317100525, 0.0420689582824707, 0.04313908517360687, 0.035124316811561584, 0.038535162806510925, 0.04570269584655762, 0.04088084399700165, 0.023111656308174133, 0.03348305821418762, 0.030634403228759766, 0.02439311146736145, 0.022682011127471924, 0.024962007999420166, 0.02228015661239624, 0.01869313418865204, 0.02138543128967285, 0.022633597254753113, 0.026449233293533325, 0.023625239729881287, 0.024142831563949585, 0.02451995015144348, 0.02573387324810028, 0.02815002202987671, 0.023361846804618835, 0.02210952341556549, 0.024236485362052917, 0.025538593530654907, 0.032185107469558716, 0.039984330534935, 0.035565197467803955, 0.03334429860115051, 0.02419060468673706, 0.01801854372024536, 0.0153408944606781, 0.019272565841674805, 0.016248807311058044, 0.016821280121803284, 0.01990830898284912, 0.018879517912864685, 0.02172514796257019, 0.021726280450820923, 0.0246475487947464, 0.020875349640846252, 0.020512938499450684, 0.021672040224075317, 0.021601468324661255, 0.01869232952594757, 0.02685907483100891, 0.029600292444229126, 0.02535371482372284, 0.03090454638004303, 0.03827217221260071, 0.04529285430908203, 0.048093244433403015, 0.05612407624721527, 0.055908769369125366, 0.05047255754470825, 0.0560515820980072, 0.058754757046699524, 0.07013201713562012, 0.07127082347869873, 0.054830774664878845, 0.054511234164237976, 0.041566863656044006, 0.03743140399456024, 0.029959693551063538, 0.025396332144737244, 0.03170880675315857, 0.029283270239830017, 0.038767650723457336, 0.03783503174781799, 0.0356767475605011, 0.03609812259674072, 0.04112410545349121, 0.04719701409339905, 0.043215468525886536, 0.04640275239944458, 0.04343785345554352, 0.0479365736246109, 0.04573218524456024, 0.04376949369907379, 0.03968757390975952, 0.03890708088874817, 0.04163934290409088, 0.035507261753082275, 0.038649797439575195, 0.03080783784389496, 0.03818289935588837, 0.03572376072406769, 0.03200766444206238, 0.028991222381591797, 0.03372204303741455, 0.036376386880874634, 0.026321187615394592, 0.02785053849220276, 0.027264639735221863, 0.019438013434410095, 0.01627892255783081, 0.018069371581077576, 0.01827460527420044, 0.016040906310081482, 0.021963641047477722, 0.019507378339767456, 0.027104869484901428, 0.020193487405776978, 0.027960211038589478, 0.02666841447353363, 0.030445531010627747, 0.029958456754684448, 0.028044164180755615, 0.03122963011264801, 0.033964529633522034, 0.044942960143089294, 0.03298415243625641, 0.04368956387042999, 0.04890565574169159, 0.04787552356719971, 0.0629516988992691, 0.05836772918701172, 0.07144057750701904, 0.09152865409851074, 0.10562151670455933, 0.1029951423406601, 0.10417000949382782, 0.11430606245994568, 0.110495924949646, 0.10385917127132416, 0.08908745646476746, 0.09469442069530487, 0.08621740341186523, 0.08059243857860565, 0.08488951623439789, 0.08608034253120422, 0.08644042909145355, 0.09690666198730469, 0.1019364595413208, 0.10036177933216095, 0.10605365037918091, 0.1114429235458374, 0.1104985922574997, 0.10797335207462311, 0.10443726181983948, 0.10206133127212524, 0.08811342716217041, 0.08144724369049072, 0.06441852450370789, 0.05902561545372009, 0.06328891217708588, 0.053191110491752625, 0.054104819893836975, 0.04410836100578308, 0.04836301505565643, 0.04618288576602936, 0.038653671741485596, 0.03576996922492981, 0.022559985518455505, 0.031236618757247925, 0.03240254521369934, 0.029732495546340942, 0.02864520251750946, 0.03731456398963928, 0.03333345055580139, 0.03746768832206726, 0.03213299810886383, 0.030397698283195496, 0.02818821370601654, 0.02750411629676819, 0.028795331716537476, 0.03392399847507477, 0.026172786951065063], 'L_grad': [0.0278291217982769, 0.026108847931027412, 0.026378821581602097, 0.02691008523106575, 0.027514498680830002, 0.026621021330356598, 0.025814764201641083, 0.025633053854107857, 0.0267641581594944, 0.0246940478682518, 0.023593571037054062, 0.02281845360994339, 0.02218301221728325, 0.020693108439445496, 0.021575067192316055, 0.020508259534835815, 0.01858982816338539, 0.01935466378927231, 0.018655385822057724, 0.018596703186631203, 0.018574319779872894, 0.01970844157040119, 0.020207442343235016, 0.022376004606485367, 0.02246449887752533, 0.021485893055796623, 0.02267373353242874, 0.021453794091939926, 0.020962223410606384, 0.021108269691467285, 0.02084772102534771, 0.020330583676695824, 0.018946383148431778, 0.01968597248196602, 0.01804535463452339, 0.020377442240715027, 0.02063862606883049, 0.018137075006961823, 0.018613183870911598, 0.019132578745484352, 0.02016979083418846, 0.019050531089305878, 0.015586202964186668, 0.015896189957857132, 0.015281276777386665, 0.01567964069545269, 0.01567249186336994, 0.016219042241573334, 0.01635749079287052, 0.016563549637794495, 0.01665855571627617, 0.01673554629087448, 0.017880531027913094, 0.016627918928861618, 0.015857238322496414, 0.015681752935051918, 0.015618565492331982, 0.01565631851553917, 0.015845097601413727, 0.01583901420235634, 0.015993842855095863, 0.015874814242124557, 0.017089806497097015, 0.017202500253915787, 0.01724621281027794, 0.016979780048131943, 0.01592862606048584, 0.015329440124332905, 0.014731524512171745, 0.013948926702141762, 0.013789314776659012, 0.0140147153288126, 0.014231270179152489, 0.014845682308077812, 0.015238504856824875, 0.016057945787906647, 0.01658402383327484, 0.016745131462812424, 0.0168604739010334, 0.01574644073843956, 0.01574070379137993, 0.01711038500070572, 0.017543543130159378, 0.017157025635242462, 0.017421241849660873, 0.018512021750211716, 0.019674377515912056, 0.019477900117635727, 0.020149018615484238, 0.020539620891213417, 0.0208433885127306, 0.020207222551107407, 0.019659297540783882, 0.017963219434022903, 0.019315846264362335, 0.017996469512581825, 0.018806718289852142, 0.017365483567118645, 0.018356816843152046, 0.019130971282720566, 0.01923028752207756, 0.020265059545636177, 0.020198162645101547, 0.02004105970263481, 0.019529415294528008, 0.019615229219198227, 0.018785469233989716, 0.01959303766489029, 0.01960066519677639, 0.018145794048905373, 0.017564769834280014, 0.01860675774514675, 0.017339490354061127, 0.018003806471824646, 0.01771743968129158, 0.018022915348410606, 0.01789986900985241, 0.018653491511940956, 0.01813262328505516, 0.02110222354531288, 0.02011488750576973, 0.019727423787117004, 0.020356062799692154, 0.021592237055301666, 0.022817816585302353, 0.02245311439037323, 0.020945319905877113, 0.019545575603842735, 0.017444519326090813, 0.015746017917990685, 0.015573644079267979, 0.01562870852649212, 0.01587771810591221, 0.014996226876974106, 0.015568939968943596, 0.017112376168370247, 0.019385408610105515, 0.01839336007833481, 0.017381474375724792, 0.018533876165747643, 0.017831796780228615, 0.01716902293264866, 0.016206907108426094, 0.015941906720399857, 0.014686943963170052, 0.014453417621552944, 0.013906346634030342, 0.01238754577934742, 0.012347625568509102, 0.012181644327938557, 0.012930008582770824, 0.01263292133808136, 0.01369582861661911, 0.015266239643096924, 0.014419745653867722, 0.013142785057425499, 0.013346164487302303, 0.014925170689821243, 0.015205404721200466, 0.014492342248558998, 0.01448148488998413, 0.015023200772702694, 0.015525061637163162, 0.016286414116621017, 0.015488318167626858, 0.015437734313309193, 0.01536552794277668, 0.01629934087395668, 0.016474584117531776, 0.016403166577219963, 0.01652727648615837, 0.015712840482592583, 0.016226548701524734, 0.015258664265275002, 0.01604507490992546, 0.016455646604299545, 0.014785470440983772, 0.01702374406158924, 0.016636569052934647, 0.016144409775733948, 0.01600485108792782, 0.016293086111545563, 0.015419568866491318, 0.01583334431052208, 0.016617171466350555, 0.01632569544017315, 0.01631474867463112, 0.015855714678764343, 0.015679650008678436, 0.014698650687932968, 0.013759979978203773, 0.013430304825305939, 0.013338012620806694, 0.013453319668769836, 0.014076195657253265, 0.014081213623285294, 0.014293649233877659, 0.014475381933152676, 0.013925513252615929, 0.013911701738834381, 0.012969613075256348, 0.013903241604566574, 0.013304289430379868, 0.013401946984231472, 0.014322051778435707, 0.013036519289016724, 0.014246998354792595, 0.014755696058273315, 0.015000064857304096, 0.01619311049580574, 0.017520779743790627, 0.01681694947183132, 0.01773172616958618, 0.017052048817276955, 0.017314406111836433, 0.017950503155589104, 0.018191779032349586, 0.017400642856955528, 0.016533128917217255, 0.017192866653203964, 0.01788119226694107, 0.01786445640027523, 0.016715124249458313, 0.018207889050245285, 0.017744803801178932, 0.016736842691898346, 0.017537308856844902, 0.018079938367009163, 0.017840296030044556, 0.01832467131316662, 0.017606260254979134, 0.01761975698173046, 0.01728249154984951, 0.0172214787453413, 0.018094662576913834, 0.01895517110824585, 0.018135201185941696, 0.018765484914183617, 0.017941908910870552, 0.01771038956940174, 0.017306722700595856, 0.016098326072096825, 0.0159479808062315, 0.015696998685598373, 0.014754852280020714, 0.014693619683384895, 0.015103878453373909, 0.01494944840669632, 0.014550456777215004, 0.015060622245073318, 0.015089450404047966, 0.01616271398961544, 0.016420969739556313, 0.01634126715362072, 0.01603221334517002, 0.016336239874362946, 0.01563258469104767, 0.015625279396772385, 0.015760935842990875, 0.014998789876699448, 0.015069803223013878, 0.01777474582195282, 0.018050121143460274, 0.01812640018761158, 0.01982169970870018, 0.019962038844823837, 0.019371015951037407, 0.019632995128631592, 0.020793825387954712, 0.018795195966959, 0.019969286397099495, 0.01997557282447815, 0.019831348210573196, 0.02069021761417389, 0.021033085882663727, 0.019155673682689667, 0.020666997879743576, 0.02147095650434494, 0.020830892026424408, 0.022090330719947815, 0.022617755457758904, 0.024704238399863243, 0.02382316067814827, 0.026023199781775475, 0.023477092385292053, 0.02372327446937561, 0.023310836404561996, 0.0222783200442791, 0.02409038133919239, 0.02649642527103424, 0.026184484362602234, 0.029704201966524124, 0.029435444623231888, 0.029352225363254547, 0.029814230278134346, 0.027492202818393707, 0.028355520218610764, 0.02678368240594864, 0.027040783315896988, 0.028161507099866867, 0.0258282832801342, 0.027105996385216713, 0.025961969047784805, 0.024956002831459045, 0.024978233501315117, 0.023263532668352127, 0.02191936783492565, 0.019318660721182823, 0.018902890384197235, 0.020172063261270523, 0.020654771476984024, 0.018727175891399384, 0.014470908790826797, 0.01690591871738434, 0.018461354076862335, 0.021291770040988922, 0.021606504917144775, 0.019760457798838615, 0.02111528068780899, 0.02047884091734886, 0.01907549798488617, 0.019134314730763435, 0.017476841807365417, 0.01765148527920246, 0.01822211593389511, 0.020096326246857643, 0.022018903866410255, 0.020867928862571716, 0.022240687161684036, 0.021072231233119965, 0.019879154860973358, 0.019028078764677048, 0.01917252130806446, 0.017417676746845245, 0.017881184816360474, 0.01882556825876236, 0.019395675510168076, 0.01667088270187378, 0.01756078191101551, 0.016841024160385132, 0.014375115744769573, 0.013436833396553993, 0.014045430347323418, 0.013736923225224018, 0.013493213802576065, 0.013935497030615807, 0.014301746152341366, 0.01538028009235859, 0.0150208231061697, 0.014603646472096443, 0.01475265622138977, 0.015040931291878223, 0.014972925186157227, 0.013795540668070316, 0.014229591935873032, 0.01437155157327652, 0.014984123408794403, 0.01687738299369812, 0.01838493160903454, 0.0176792461425066, 0.01730959489941597, 0.015240143053233624, 0.013399671763181686, 0.012837812304496765, 0.01386234164237976, 0.013767501339316368, 0.013677824288606644, 0.014125211164355278, 0.014534007757902145, 0.015383642166852951, 0.015424846671521664, 0.01618681475520134, 0.016258353367447853, 0.016409754753112793, 0.016740702092647552, 0.016716597601771355, 0.01574261486530304, 0.01586041785776615, 0.016413122415542603, 0.015483242459595203, 0.016319897025823593, 0.018114514648914337, 0.019683752208948135, 0.020406972616910934, 0.02167670428752899, 0.022094443440437317, 0.02169003337621689, 0.022199347615242004, 0.02311284840106964, 0.024309178814291954, 0.025549590587615967, 0.02472137287259102, 0.024581704288721085, 0.02197737619280815, 0.021081559360027313, 0.018751226365566254, 0.017427463084459305, 0.018852420151233673, 0.018550055101513863, 0.020306317135691643, 0.020263152197003365, 0.019844941794872284, 0.01988203451037407, 0.02041715942323208, 0.021440919488668442, 0.020733363926410675, 0.021471340209245682, 0.021719813346862793, 0.02260708622634411, 0.022377267479896545, 0.02185053750872612, 0.020987514406442642, 0.021182555705308914, 0.022558677941560745, 0.021441448479890823, 0.02231620065867901, 0.020786812528967857, 0.02251102775335312, 0.022503376007080078, 0.02149854600429535, 0.021060720086097717, 0.02193177491426468, 0.02272816002368927, 0.020219512283802032, 0.020616162568330765, 0.019275451079010963, 0.01750471256673336, 0.01604163646697998, 0.01639222353696823, 0.01653420925140381, 0.016486145555973053, 0.018737271428108215, 0.018141239881515503, 0.020693596452474594, 0.01909872516989708, 0.02189909853041172, 0.021257970482110977, 0.022417481988668442, 0.02151351049542427, 0.021447811275720596, 0.022315125912427902, 0.0232169721275568, 0.02611415833234787, 0.022570829838514328, 0.026063496246933937, 0.026940254494547844, 0.026112016290426254, 0.029439058154821396, 0.027960827574133873, 0.030153878033161163, 0.0331193208694458, 0.03490749001502991, 0.03395621106028557, 0.034298088401556015, 0.03480413556098938, 0.03436395525932312, 0.03454091027379036, 0.030277695506811142, 0.031506411731243134, 0.029622584581375122, 0.02804218977689743, 0.02989376150071621, 0.03053218126296997, 0.03001049906015396, 0.031174035742878914, 0.031676966696977615, 0.03199097886681557, 0.03304601460695267, 0.033111024647951126, 0.03406268730759621, 0.03365902230143547, 0.03280876576900482, 0.03251754865050316, 0.030797753483057022, 0.029982201755046844, 0.027098197489976883, 0.026599273085594177, 0.02721087448298931, 0.02549751102924347, 0.02529379352927208, 0.023204248398542404, 0.02383456751704216, 0.02382109872996807, 0.02169593796133995, 0.020556924864649773, 0.016641100868582726, 0.018492018803954124, 0.019014468416571617, 0.018684303387999535, 0.01831677556037903, 0.02034263126552105, 0.01946101523935795, 0.0202215276658535, 0.01843271031975746, 0.017821185290813446, 0.01698039472103119, 0.017743799835443497, 0.017655614763498306, 0.018997134640812874, 0.008409091271460056]}
Saving current best: model_best.pth.tar ...
all losses in batch in validation:  {'loss': [0.028505166992545128, 0.028789788484573364, 0.0300122182816267, 0.02749789133667946, 0.0231027714908123, 0.021745160222053528, 0.022365804761648178, 0.02244924195110798, 0.024289580062031746, 0.025560911744832993, 0.024300839751958847, 0.02146942727267742, 0.020978957414627075, 0.018275365233421326, 0.019320199266076088, 0.018497034907341003, 0.018978595733642578, 0.018847959116101265, 0.018315104767680168, 0.017675185576081276, 0.01902100071310997, 0.021391287446022034, 0.020455241203308105, 0.02285640314221382, 0.023565344512462616, 0.024846099317073822, 0.02800295501947403, 0.026210937649011612, 0.02653273195028305, 0.028219662606716156, 0.028896618634462357, 0.03035607747733593, 0.0314793735742569, 0.0324893519282341, 0.026401150971651077, 0.02741110883653164, 0.02556762285530567, 0.022679252550005913, 0.021701116114854813, 0.01980544812977314, 0.020831044763326645, 0.018775228410959244, 0.017509037628769875, 0.01672058179974556, 0.01686340570449829, 0.016315504908561707, 0.017318060621619225, 0.018163355067372322, 0.018995078280568123, 0.01951109990477562, 0.019432993605732918, 0.017902933061122894, 0.01682419516146183, 0.015655646100640297, 0.014911601319909096, 0.015527209267020226, 0.015820713713765144, 0.016558080911636353, 0.01730259880423546, 0.01881425827741623, 0.020301194861531258, 0.020733274519443512, 0.021662499755620956, 0.02072659321129322, 0.018443020060658455, 0.016470741480588913, 0.01481747068464756, 0.014038643799722195, 0.014138253405690193, 0.013949908316135406, 0.013770146295428276, 0.014445341192185879, 0.014769377186894417, 0.01586563140153885, 0.018093176186084747, 0.022795097902417183, 0.024033397436141968, 0.02546144463121891, 0.021575117483735085, 0.01798301190137863, 0.018729984760284424, 0.01885848492383957, 0.019690480083227158, 0.021616578102111816, 0.025124583393335342, 0.026127979159355164, 0.02824661135673523, 0.02887711673974991, 0.027481719851493835, 0.026460345834493637, 0.023862967267632484, 0.02208234928548336, 0.02062932401895523, 0.020282194018363953, 0.020836230367422104, 0.020012974739074707, 0.020174827426671982, 0.020165421068668365, 0.02067377232015133, 0.02127927727997303, 0.02334735170006752, 0.02377580851316452, 0.023599404841661453, 0.02169622667133808, 0.019785160198807716, 0.020555876195430756, 0.02103901281952858, 0.020906753838062286, 0.02059776894748211, 0.018225926905870438, 0.019050918519496918, 0.019164152443408966, 0.017504924908280373, 0.01729605905711651, 0.018728021532297134, 0.02019401825964451, 0.019572971388697624, 0.019647272303700447, 0.019811026751995087, 0.02598729357123375, 0.020650237798690796, 0.019715111702680588, 0.01942307874560356, 0.02312343567609787, 0.022437341511249542, 0.019822631031274796, 0.018995344638824463, 0.021354544907808304, 0.019221045076847076, 0.0186171755194664, 0.018393859267234802, 0.019780775532126427, 0.02010205015540123, 0.019930049777030945, 0.020939666777849197, 0.022931024432182312, 0.028391584753990173, 0.029005074873566628, 0.02969151921570301, 0.032802432775497437, 0.03167428448796272, 0.03189172223210335, 0.03682974725961685, 0.038174208253622055, 0.031995534896850586, 0.02729780226945877, 0.020943939685821533, 0.013510297983884811, 0.013280108571052551, 0.012714912183582783, 0.012723347172141075, 0.012248942628502846, 0.013507319614291191, 0.01668357290327549, 0.011981838382780552, 0.011143694631755352, 0.010535281151533127, 0.009983900003135204, 0.0102946562692523, 0.00955982506275177, 0.00881044752895832, 0.009782779030501842, 0.00980144739151001, 0.010230433195829391, 0.011190795339643955, 0.011743399314582348, 0.011321431025862694, 0.012078932486474514, 0.013156786561012268, 0.013099465519189835, 0.012500744313001633, 0.011991753242909908, 0.012639973312616348, 0.01106144580990076, 0.011840296909213066, 0.012511820532381535, 0.01280139945447445, 0.014455728232860565, 0.013104000128805637, 0.012319023720920086, 0.011049000546336174, 0.011271938681602478, 0.01206713356077671, 0.01217508502304554, 0.013751571998000145, 0.014473328366875648, 0.013679120689630508, 0.012685027904808521, 0.011641399003565311, 0.0114055834710598, 0.010473215952515602, 0.010558216832578182, 0.010697446763515472, 0.01006835326552391, 0.011533459648489952, 0.010442274622619152, 0.010896885767579079, 0.009547773748636246, 0.011359181255102158, 0.010558641515672207, 0.010212380439043045, 0.010442481376230717, 0.01138011459261179, 0.010197674855589867, 0.011985478922724724, 0.010522906668484211, 0.01211758516728878, 0.014894140884280205, 0.014108004979789257, 0.016938820481300354, 0.016731176525354385, 0.017124129459261894, 0.017094913870096207, 0.017055325210094452, 0.019709575921297073, 0.01990840584039688, 0.020283790305256844, 0.019039476290345192, 0.016703512519598007, 0.018172606825828552, 0.0169159397482872, 0.017119072377681732, 0.014380762353539467, 0.015442227944731712, 0.013853412121534348, 0.012430584989488125, 0.01297670416533947, 0.016979504376649857, 0.016123101115226746, 0.014696058817207813, 0.01371932402253151, 0.014589985832571983, 0.013844804838299751, 0.016037844121456146, 0.01640380546450615, 0.01305019948631525, 0.014146091416478157, 0.015623703598976135, 0.01454247161746025, 0.015045154839754105, 0.013703534379601479, 0.013392920605838299, 0.01500539481639862, 0.013132821768522263, 0.014553987421095371, 0.013703152537345886, 0.014487816020846367, 0.014225473627448082, 0.015322867780923843, 0.01463381014764309, 0.014619830064475536, 0.01514692697674036, 0.015525931492447853, 0.016018956899642944, 0.016158247366547585, 0.015080164186656475, 0.0165060106664896, 0.016088087111711502, 0.016757698729634285, 0.01863754540681839, 0.01822321116924286, 0.01803453266620636, 0.020214181393384933, 0.020414087921380997, 0.024028584361076355, 0.023686250671744347, 0.02484259381890297, 0.02545081079006195, 0.025395691394805908, 0.023135444149374962, 0.02392689697444439, 0.026161814108490944, 0.026227310299873352, 0.02694880962371826, 0.0259501114487648, 0.025521142408251762, 0.02588246576488018, 0.02741365320980549, 0.025378983467817307, 0.030425693839788437, 0.029044276103377342, 0.028269268572330475, 0.028825299814343452, 0.033692825585603714, 0.0370732806622982, 0.04087810963392258, 0.041665397584438324, 0.04102981835603714, 0.03941855579614639, 0.04855353385210037, 0.05658157169818878, 0.06731097400188446, 0.07007689028978348, 0.06787730008363724, 0.06990954279899597, 0.08007265627384186, 0.08001785725355148, 0.08649202436208725, 0.08939322829246521, 0.08150775730609894, 0.08218255639076233, 0.08187542855739594, 0.08286022394895554, 0.0716593861579895, 0.07004576176404953, 0.06019178032875061, 0.0480058491230011, 0.027909455820918083, 0.023562083020806313, 0.0285225547850132, 0.033356014639139175, 0.03226654231548309, 0.02699138969182968, 0.03229280561208725, 0.03407646715641022, 0.030058743432164192, 0.03066221997141838, 0.029108034446835518, 0.028427604585886, 0.028852742165327072, 0.02814454399049282, 0.028454730287194252, 0.029284821823239326, 0.030634913593530655, 0.029223017394542694, 0.028779562562704086, 0.028389938175678253, 0.029422104358673096, 0.026488889008760452, 0.024998849257826805, 0.02503144182264805, 0.023591255769133568, 0.021028049290180206, 0.019801989197731018, 0.018199212849140167, 0.017765730619430542, 0.018658433109521866, 0.018491117283701897, 0.016832029446959496, 0.015543485060334206, 0.014102247543632984, 0.014188399538397789, 0.014785612002015114, 0.014136282727122307, 0.014243372716009617, 0.014508089050650597, 0.014726538211107254, 0.01480579748749733, 0.015420755371451378, 0.01503994781523943, 0.0154458312317729, 0.014614241197705269, 0.014216504991054535, 0.014555155299603939, 0.014919948764145374, 0.016417456790804863, 0.017128953710198402, 0.019191322848200798, 0.02162991464138031, 0.02487519569694996, 0.021352294832468033, 0.016485808417201042, 0.015872817486524582, 0.015893835574388504, 0.0166962631046772, 0.01770872436463833, 0.018279466778039932, 0.019141215831041336, 0.019511539489030838, 0.020380716770887375, 0.02040252834558487, 0.02025768905878067, 0.020809955894947052, 0.020863624289631844, 0.021104484796524048, 0.020351670682430267, 0.018200580030679703, 0.01603047177195549, 0.016096774488687515, 0.014927489683032036, 0.01458822377026081, 0.014824289828538895, 0.01571686565876007, 0.018811456859111786, 0.021558022126555443, 0.024659348651766777, 0.027212053537368774, 0.026525871828198433, 0.034942712634801865, 0.04708241671323776, 0.04962863773107529, 0.042828116565942764, 0.03651566803455353, 0.02950119972229004, 0.028647292405366898, 0.02337518334388733, 0.02159133553504944, 0.021119991317391396, 0.02163451537489891, 0.02182282879948616, 0.02377266436815262, 0.021345479413866997, 0.02174379862844944, 0.021818457171320915, 0.02329171448945999, 0.026696551591157913, 0.028992317616939545, 0.027333704754710197, 0.029188672080636024, 0.028540214523673058, 0.030415445566177368, 0.03508829325437546, 0.03505827486515045, 0.034994110465049744, 0.032319024205207825, 0.032080862671136856, 0.03284423425793648, 0.029537569731473923, 0.03161751106381416, 0.028250180184841156, 0.027475357055664062, 0.02388279139995575, 0.025103019550442696, 0.023297395557165146, 0.021479107439517975, 0.021282728761434555, 0.021689152345061302, 0.021789124235510826, 0.022616498172283173, 0.021741367876529694, 0.02170483022928238, 0.022352080792188644, 0.02317887544631958, 0.023089095950126648, 0.024681152775883675, 0.02527068555355072, 0.02694333903491497, 0.029228314757347107, 0.029923442751169205, 0.028548460453748703, 0.03067408874630928, 0.03346792981028557, 0.033668726682662964, 0.03316904976963997, 0.03571956604719162, 0.039042819291353226, 0.04364559426903725, 0.04499261453747749, 0.04789000749588013, 0.05048159882426262, 0.05186496675014496, 0.05481512099504471, 0.05591050535440445, 0.05352063104510307, 0.05764666944742203, 0.05623745173215866, 0.05434899404644966, 0.04469866305589676, 0.047075457870960236, 0.052218250930309296, 0.04586345702409744, 0.04565795883536339, 0.05683457478880882, 0.05404210090637207, 0.05865275114774704, 0.06270365417003632, 0.0620112381875515, 0.051652923226356506, 0.05911927670240402, 0.054693058133125305, 0.05074181407690048, 0.05854824185371399, 0.0559564083814621, 0.057847894728183746, 0.045120298862457275, 0.032807670533657074, 0.033083684742450714, 0.036640726029872894, 0.03528057038784027, 0.03352914750576019, 0.031437281519174576, 0.028830379247665405, 0.03366335481405258, 0.02976425364613533, 0.02554164081811905, 0.02243717387318611, 0.02331135794520378, 0.02193417213857174, 0.022450143471360207, 0.023513754829764366, 0.024918492883443832, 0.025670498609542847, 0.024266351014375687, 0.025376608595252037, 0.02532726153731346, 0.02494698390364647, 0.025384265929460526, 0.025801220908761024, 0.026173977181315422, 0.01739007979631424], 'L_si': [0.01469111442565918, 0.014818735420703888, 0.01548844575881958, 0.01375281810760498, 0.010669514536857605, 0.009831197559833527, 0.010194681584835052, 0.010671786963939667, 0.011941835284233093, 0.013010278344154358, 0.012249089777469635, 0.01012827455997467, 0.009771913290023804, 0.008280545473098755, 0.009004585444927216, 0.008484818041324615, 0.008826076984405518, 0.008834682404994965, 0.008448399603366852, 0.008196428418159485, 0.008991487324237823, 0.010302655398845673, 0.009426727890968323, 0.010941088199615479, 0.011285841464996338, 0.011862128973007202, 0.013904482126235962, 0.012685216963291168, 0.013121694326400757, 0.014152787625789642, 0.01469419151544571, 0.015522107481956482, 0.016249962151050568, 0.017139017581939697, 0.013489827513694763, 0.014115087687969208, 0.012599475681781769, 0.010633870959281921, 0.010007470846176147, 0.008891426026821136, 0.009468689560890198, 0.008355692028999329, 0.0075302571058273315, 0.006735526025295258, 0.0067452117800712585, 0.006621912121772766, 0.00741017609834671, 0.008089631795883179, 0.008724257349967957, 0.00912502408027649, 0.008868426084518433, 0.0077800452709198, 0.006849557161331177, 0.006166920065879822, 0.00575660914182663, 0.00602838397026062, 0.006287135183811188, 0.006817735731601715, 0.007455490529537201, 0.00857129693031311, 0.009557805955410004, 0.009979493916034698, 0.01053135097026825, 0.009661078453063965, 0.007866233587265015, 0.006555482745170593, 0.005660489201545715, 0.005222320556640625, 0.005365252494812012, 0.0052533745765686035, 0.005162343382835388, 0.005435913801193237, 0.005623027682304382, 0.006194517016410828, 0.007326953113079071, 0.01067081093788147, 0.011519953608512878, 0.012637607753276825, 0.009729348123073578, 0.0072492510080337524, 0.007640950381755829, 0.007721833884716034, 0.008395440876483917, 0.00938616693019867, 0.011695444583892822, 0.012315534055233002, 0.013731181621551514, 0.0141548290848732, 0.01307019591331482, 0.012156561017036438, 0.010446056723594666, 0.009529322385787964, 0.008675232529640198, 0.008538752794265747, 0.00887829065322876, 0.008462920784950256, 0.008568480610847473, 0.008439972996711731, 0.00878174602985382, 0.009114086627960205, 0.01014748215675354, 0.010395899415016174, 0.00999113917350769, 0.00916878879070282, 0.008054837584495544, 0.008444666862487793, 0.008696883916854858, 0.008711546659469604, 0.008478626608848572, 0.007011666893959045, 0.007545411586761475, 0.00767005980014801, 0.006681494414806366, 0.00646904855966568, 0.0073076412081718445, 0.007801800966262817, 0.0076218098402023315, 0.007737651467323303, 0.00782739371061325, 0.012072436511516571, 0.008291833102703094, 0.00772760808467865, 0.007499083876609802, 0.009583361446857452, 0.00921507179737091, 0.007676698267459869, 0.007150016725063324, 0.00853767991065979, 0.007396094501018524, 0.007200255990028381, 0.0072030723094940186, 0.007913574576377869, 0.008063927292823792, 0.008093133568763733, 0.008724674582481384, 0.009712949395179749, 0.012764424085617065, 0.013486415147781372, 0.013993516564369202, 0.015984639525413513, 0.01506739854812622, 0.01508718729019165, 0.019004493951797485, 0.01996186375617981, 0.015972957015037537, 0.013417050242424011, 0.009529918432235718, 0.0047399550676345825, 0.004485487937927246, 0.004177689552307129, 0.0042725056409835815, 0.004111826419830322, 0.004825681447982788, 0.006977707147598267, 0.004269629716873169, 0.003780260682106018, 0.003461867570877075, 0.003031611442565918, 0.003102049231529236, 0.0028157979249954224, 0.0025533586740493774, 0.0028679072856903076, 0.002882733941078186, 0.0031230151653289795, 0.0036459416151046753, 0.004045769572257996, 0.003788277506828308, 0.004106312990188599, 0.004844725131988525, 0.004504546523094177, 0.0042795538902282715, 0.004075244069099426, 0.0044015198945999146, 0.0037651360034942627, 0.004080161452293396, 0.00452733039855957, 0.004945829510688782, 0.0061430782079696655, 0.005094394087791443, 0.00447198748588562, 0.0037195980548858643, 0.003702312707901001, 0.004271194338798523, 0.004284903407096863, 0.005055487155914307, 0.005516737699508667, 0.005041882395744324, 0.004510968923568726, 0.004002034664154053, 0.003861352801322937, 0.0033832192420959473, 0.003584355115890503, 0.003629744052886963, 0.0033407658338546753, 0.004032298922538757, 0.003450825810432434, 0.003605484962463379, 0.0028780996799468994, 0.004070580005645752, 0.0035767406225204468, 0.0033710598945617676, 0.003568500280380249, 0.004256099462509155, 0.0035081207752227783, 0.004553556442260742, 0.0036849528551101685, 0.004591614007949829, 0.006378084421157837, 0.005877822637557983, 0.007791802287101746, 0.0075986385345458984, 0.007841885089874268, 0.007661163806915283, 0.007583096623420715, 0.009503453969955444, 0.009606853127479553, 0.009869426488876343, 0.009172245860099792, 0.007657036185264587, 0.00829169899225235, 0.007477357983589172, 0.0075627341866493225, 0.0056283921003341675, 0.006071045994758606, 0.005161717534065247, 0.004392936825752258, 0.004656076431274414, 0.007015548646450043, 0.006546087563037872, 0.005719989538192749, 0.00508369505405426, 0.005605056881904602, 0.00532589852809906, 0.006573818624019623, 0.006771184504032135, 0.004872307181358337, 0.005492687225341797, 0.006257645785808563, 0.005724616348743439, 0.005845174193382263, 0.005136750638484955, 0.004986859858036041, 0.005843639373779297, 0.004798680543899536, 0.00557728111743927, 0.005302943289279938, 0.005700394511222839, 0.005579501390457153, 0.0063945576548576355, 0.006000444293022156, 0.005987629294395447, 0.006312824785709381, 0.006565995514392853, 0.006892360746860504, 0.007040783762931824, 0.006382368505001068, 0.007274262607097626, 0.007077798247337341, 0.007363222539424896, 0.008642002940177917, 0.008480623364448547, 0.008385904133319855, 0.009575746953487396, 0.0096798837184906, 0.012229971587657928, 0.012016192078590393, 0.01268085092306137, 0.012993402779102325, 0.013006910681724548, 0.011383667588233948, 0.011949509382247925, 0.013365015387535095, 0.013306692242622375, 0.013709597289562225, 0.013115786015987396, 0.012987874448299408, 0.013039849698543549, 0.013974934816360474, 0.012710168957710266, 0.016036823391914368, 0.01527414470911026, 0.014765985310077667, 0.015221185982227325, 0.018531933426856995, 0.021037228405475616, 0.02421688288450241, 0.024930261075496674, 0.024616509675979614, 0.023110955953598022, 0.030041687190532684, 0.03629205375909805, 0.04473394155502319, 0.0479128435254097, 0.04619118571281433, 0.0477498397231102, 0.05769537016749382, 0.05791805684566498, 0.06430178880691528, 0.06689414381980896, 0.05879222974181175, 0.0597948394715786, 0.05960637703537941, 0.06073654070496559, 0.050051238387823105, 0.04883558675646782, 0.040894195437431335, 0.030530482530593872, 0.01639769971370697, 0.013778388500213623, 0.01702212542295456, 0.020089998841285706, 0.019137024879455566, 0.016470879316329956, 0.01987515389919281, 0.020859897136688232, 0.018374823033809662, 0.01878107339143753, 0.0180647075176239, 0.017396390438079834, 0.017758451402187347, 0.016992732882499695, 0.01734728366136551, 0.018262334167957306, 0.018955685198307037, 0.01760145276784897, 0.017011351883411407, 0.01672670990228653, 0.017350204288959503, 0.01512221246957779, 0.013991892337799072, 0.014348626136779785, 0.013133533298969269, 0.011053256690502167, 0.010059595108032227, 0.008805811405181885, 0.008086085319519043, 0.00840885192155838, 0.008003167808055878, 0.006626248359680176, 0.0057859867811203, 0.005071759223937988, 0.005231767892837524, 0.0055708736181259155, 0.005277693271636963, 0.005269989371299744, 0.005331769585609436, 0.005410611629486084, 0.005461961030960083, 0.005707874894142151, 0.005534827709197998, 0.00573393702507019, 0.005354836583137512, 0.005197256803512573, 0.005355894565582275, 0.005553603172302246, 0.006387367844581604, 0.006921634078025818, 0.008107110857963562, 0.009837180376052856, 0.012167118489742279, 0.009356200695037842, 0.006615146994590759, 0.006394386291503906, 0.006323337554931641, 0.006734907627105713, 0.007404685020446777, 0.007751733064651489, 0.00832078605890274, 0.008441418409347534, 0.008932530879974365, 0.00900307297706604, 0.00893808901309967, 0.00912216305732727, 0.008937105536460876, 0.009067997336387634, 0.008657768368721008, 0.0075226277112960815, 0.006745532155036926, 0.006538137793540955, 0.005578383803367615, 0.005485504865646362, 0.0058091431856155396, 0.006487101316452026, 0.00866621732711792, 0.010521061718463898, 0.01243271678686142, 0.01475834846496582, 0.014392703771591187, 0.02165476232767105, 0.032906077802181244, 0.034321896731853485, 0.027196824550628662, 0.02136170119047165, 0.01600063592195511, 0.01531585305929184, 0.011711634695529938, 0.010742925107479095, 0.010404072701931, 0.010734118521213531, 0.010982319712638855, 0.012194082140922546, 0.01058807224035263, 0.010680854320526123, 0.01074809581041336, 0.011697828769683838, 0.013936437666416168, 0.015531562268733978, 0.014355406165122986, 0.015360139310359955, 0.014948375523090363, 0.016376227140426636, 0.01967518776655197, 0.019467756152153015, 0.01939985156059265, 0.017517372965812683, 0.017253898084163666, 0.017837390303611755, 0.015271402895450592, 0.016611456871032715, 0.0142689049243927, 0.01378341019153595, 0.011371694505214691, 0.012062408030033112, 0.01112404465675354, 0.009748250246047974, 0.009897038340568542, 0.010213606059551239, 0.010405652225017548, 0.010871998965740204, 0.010378815233707428, 0.010439060628414154, 0.010376952588558197, 0.010850004851818085, 0.010966859757900238, 0.011993519961833954, 0.01231507956981659, 0.013511516153812408, 0.014894440770149231, 0.015474267303943634, 0.01452474296092987, 0.01598168909549713, 0.017795264720916748, 0.018035978078842163, 0.017822809517383575, 0.019536517560482025, 0.021715722978115082, 0.02519918978214264, 0.02623724192380905, 0.028412573039531708, 0.0306193009018898, 0.03183183819055557, 0.033746279776096344, 0.03464066982269287, 0.03315471112728119, 0.03623255342245102, 0.0355517640709877, 0.03490094840526581, 0.027940817177295685, 0.02945581078529358, 0.033449627459049225, 0.028120949864387512, 0.027556858956813812, 0.03677802532911301, 0.034249961376190186, 0.03811170905828476, 0.042381130158901215, 0.04167056828737259, 0.032828450202941895, 0.03950539976358414, 0.03569173067808151, 0.03261062502861023, 0.03945561498403549, 0.03783300518989563, 0.03969668596982956, 0.02903720736503601, 0.019394852221012115, 0.01948872208595276, 0.022079452872276306, 0.021017596125602722, 0.019575893878936768, 0.01796155422925949, 0.016100801527500153, 0.019365347921848297, 0.016878187656402588, 0.013894334435462952, 0.0120759978890419, 0.012669607996940613, 0.011268727481365204, 0.012090668082237244, 0.012537539005279541, 0.01350712776184082, 0.014309391379356384, 0.013111598789691925, 0.014068350195884705, 0.013843521475791931, 0.013758927583694458, 0.014015763998031616, 0.01424996554851532, 0.014172554016113281, 0.012016087770462036], 'L_grad': [0.013814052566885948, 0.013971052132546902, 0.014523772522807121, 0.013745073229074478, 0.012433256953954697, 0.011913962662220001, 0.012171123176813126, 0.011777454987168312, 0.012347744777798653, 0.012550633400678635, 0.012051750905811787, 0.011341152712702751, 0.011207044124603271, 0.00999481976032257, 0.010315613821148872, 0.010012215934693813, 0.01015251874923706, 0.0100132767111063, 0.009866705164313316, 0.009478757157921791, 0.010029512457549572, 0.011088632047176361, 0.011028514243662357, 0.011915314011275768, 0.012279503047466278, 0.012983969412744045, 0.014098473824560642, 0.013525720685720444, 0.013411036692559719, 0.014066874980926514, 0.014202427119016647, 0.014833969995379448, 0.015229413285851479, 0.015350334346294403, 0.012911323457956314, 0.013296021148562431, 0.012968147173523903, 0.012045381590723991, 0.011693645268678665, 0.010914022102952003, 0.011362355202436447, 0.010419536381959915, 0.009978780522942543, 0.009985055774450302, 0.010118193924427032, 0.00969359278678894, 0.009907884523272514, 0.010073723271489143, 0.010270820930600166, 0.01038607582449913, 0.010564567521214485, 0.010122887790203094, 0.009974638000130653, 0.009488726034760475, 0.009154992178082466, 0.009498825296759605, 0.009533578529953957, 0.009740345180034637, 0.009847107343375683, 0.010242961347103119, 0.010743388906121254, 0.010753780603408813, 0.011131148785352707, 0.011065514758229256, 0.01057678647339344, 0.009915257804095745, 0.009156981483101845, 0.00881632324308157, 0.008773000910878181, 0.008696533739566803, 0.008607802912592888, 0.009009427390992641, 0.009146349504590034, 0.009671113453805447, 0.010766224004328251, 0.012124286964535713, 0.01251344382762909, 0.012823836877942085, 0.011845769360661507, 0.010733759962022305, 0.01108903344720602, 0.01113665010780096, 0.01129503920674324, 0.012230412103235722, 0.01342913880944252, 0.013812445104122162, 0.014515429735183716, 0.014722286723554134, 0.014411523938179016, 0.014303783886134624, 0.013416910544037819, 0.012553026899695396, 0.011954092420637608, 0.011743440292775631, 0.011957940645515919, 0.01155005395412445, 0.011606347747147083, 0.01172544900327921, 0.011892026290297508, 0.012165190652012825, 0.01319986954331398, 0.013379908166825771, 0.013608265668153763, 0.012527437880635262, 0.011730322614312172, 0.012111208401620388, 0.012342128902673721, 0.012195206247270107, 0.012119142338633537, 0.011214260011911392, 0.011505506001412868, 0.011494092643260956, 0.010823430493474007, 0.010827010497450829, 0.011420379392802715, 0.012392217293381691, 0.011951161548495293, 0.011909620836377144, 0.01198363397270441, 0.013914857059717178, 0.012358404695987701, 0.011987503618001938, 0.011923993937671185, 0.013540074229240417, 0.013222269713878632, 0.012145932763814926, 0.011845326982438564, 0.01281686406582594, 0.011824950575828552, 0.011416919529438019, 0.011190786957740784, 0.011867200955748558, 0.012038123793900013, 0.011836916208267212, 0.012214992195367813, 0.013218075037002563, 0.015627160668373108, 0.015518659725785255, 0.01569800265133381, 0.016817791387438774, 0.016606885939836502, 0.016804534941911697, 0.017825255170464516, 0.018212344497442245, 0.01602257788181305, 0.013880752958357334, 0.01141402032226324, 0.008770342916250229, 0.008794620633125305, 0.008537222631275654, 0.008450841531157494, 0.008137116208672523, 0.008681638166308403, 0.009705865755677223, 0.007712208665907383, 0.007363433949649334, 0.007073413114994764, 0.006952288560569286, 0.007192607037723064, 0.006744027603417635, 0.0062570893205702305, 0.006914871744811535, 0.006918713450431824, 0.007107417564839125, 0.00754485372453928, 0.007697629742324352, 0.007533153519034386, 0.007972619496285915, 0.008312061429023743, 0.008594918996095657, 0.008221190422773361, 0.007916509173810482, 0.008238453418016434, 0.007296309806406498, 0.00776013545691967, 0.007984490133821964, 0.007855569943785667, 0.0083126500248909, 0.008009606041014194, 0.007847036235034466, 0.00732940249145031, 0.007569625973701477, 0.0077959392219781876, 0.007890181615948677, 0.008696084842085838, 0.008956590667366982, 0.008637238293886185, 0.008174058981239796, 0.007639364339411259, 0.007544230669736862, 0.007089997176080942, 0.006973861716687679, 0.0070677027106285095, 0.006727586966007948, 0.007501160725951195, 0.006991448812186718, 0.0072914008051157, 0.006669674068689346, 0.007288601249456406, 0.00698190089315176, 0.0068413205444812775, 0.006873981095850468, 0.007124015130102634, 0.006689554080367088, 0.007431922480463982, 0.0068379538133740425, 0.007525971625000238, 0.008516056463122368, 0.008230182342231274, 0.009147017262876034, 0.009132537990808487, 0.009282244369387627, 0.009433750063180923, 0.009472229517996311, 0.010206121951341629, 0.010301552712917328, 0.0104143638163805, 0.0098672304302454, 0.009046475403010845, 0.009880908764898777, 0.009438581764698029, 0.009556337259709835, 0.0087523702532053, 0.009371181949973106, 0.008691694587469101, 0.008037648163735867, 0.008320627734065056, 0.009963956661522388, 0.009577013552188873, 0.008976069279015064, 0.00863562896847725, 0.008984928950667381, 0.008518906310200691, 0.009464026428759098, 0.009632620960474014, 0.008177892304956913, 0.00865340419113636, 0.009366057813167572, 0.008817855268716812, 0.009199980646371841, 0.008566783741116524, 0.008406060747802258, 0.009161755442619324, 0.008334141224622726, 0.008976706303656101, 0.008400209248065948, 0.008787421509623528, 0.008645972236990929, 0.008928310126066208, 0.008633365854620934, 0.00863220077008009, 0.00883410219103098, 0.008959935978055, 0.00912659615278244, 0.00911746360361576, 0.008697795681655407, 0.009231748059391975, 0.009010287933051586, 0.009394476190209389, 0.009995542466640472, 0.009742587804794312, 0.009648628532886505, 0.010638435371220112, 0.010734204202890396, 0.011798612773418427, 0.011670058593153954, 0.012161741964519024, 0.012457408010959625, 0.01238878071308136, 0.011751776561141014, 0.011977387592196465, 0.012796798720955849, 0.012920618057250977, 0.013239212334156036, 0.012834325432777405, 0.012533267959952354, 0.012842616066336632, 0.013438718393445015, 0.01266881451010704, 0.01438887044787407, 0.013770131394267082, 0.013503282330930233, 0.013604113832116127, 0.01516089215874672, 0.016036052256822586, 0.016661228612065315, 0.0167351383715868, 0.016413306817412376, 0.01630759984254837, 0.018511846661567688, 0.020289519801735878, 0.02257702872157097, 0.02216404862701893, 0.021686114370822906, 0.022159699350595474, 0.02237728238105774, 0.022099798545241356, 0.022190235555171967, 0.02249908447265625, 0.022715527564287186, 0.02238772064447403, 0.022269047796726227, 0.022123681381344795, 0.0216081440448761, 0.02121017500758171, 0.019297583028674126, 0.017475364729762077, 0.011511756107211113, 0.00978369452059269, 0.011500428430736065, 0.01326601579785347, 0.013129515573382378, 0.01052050944417715, 0.01241765171289444, 0.013216571882367134, 0.01168392039835453, 0.011881147511303425, 0.011043326929211617, 0.011031214147806168, 0.01109428983181715, 0.011151811107993126, 0.011107446625828743, 0.01102248765528202, 0.011679227463901043, 0.011621564626693726, 0.011768209747970104, 0.011663227342069149, 0.012071901001036167, 0.011366677470505238, 0.011006956920027733, 0.010682815685868263, 0.010457722470164299, 0.009974791668355465, 0.009742393158376217, 0.009393400512635708, 0.009679644368588924, 0.01024958211928606, 0.010487949475646019, 0.01020578108727932, 0.009757498279213905, 0.009030488319694996, 0.008956631645560265, 0.009214738383889198, 0.008858589455485344, 0.008973383344709873, 0.00917631946504116, 0.00931592658162117, 0.009343836456537247, 0.009712880477309227, 0.009505120106041431, 0.00971189420670271, 0.009259404614567757, 0.009019248187541962, 0.009199260734021664, 0.009366345591843128, 0.010030088946223259, 0.010207319632172585, 0.011084211990237236, 0.011792733334004879, 0.01270807720720768, 0.011996093206107616, 0.009870661422610283, 0.009478431195020676, 0.009570498950779438, 0.009961355477571487, 0.010304039344191551, 0.010527733713388443, 0.01082043070346117, 0.01107012014836073, 0.011448184959590435, 0.011399454437196255, 0.011319600045681, 0.011687793768942356, 0.011926518753170967, 0.012036487460136414, 0.011693903245031834, 0.010677951388061047, 0.009284939616918564, 0.009558637626469135, 0.009349105879664421, 0.009102718904614449, 0.009015146642923355, 0.00922976341098547, 0.01014524046331644, 0.011036960408091545, 0.012226631864905357, 0.012453706003725529, 0.012133168056607246, 0.013287949375808239, 0.014176340773701668, 0.015306740999221802, 0.015631292015314102, 0.015153967775404453, 0.01350056380033493, 0.013331438414752483, 0.011663547717034817, 0.010848410427570343, 0.010715918615460396, 0.010900395922362804, 0.01084051001816988, 0.011578583158552647, 0.010757407173514366, 0.011062944307923317, 0.011070361360907555, 0.011593885719776154, 0.012760113924741745, 0.013460755348205566, 0.012978298589587212, 0.01382853277027607, 0.013591839000582695, 0.014039218425750732, 0.015413104556500912, 0.015590520575642586, 0.015594258904457092, 0.014801651239395142, 0.014826965518295765, 0.015006843023002148, 0.014266165904700756, 0.015006054192781448, 0.013981275260448456, 0.013691946864128113, 0.012511096894741058, 0.013040611520409584, 0.012173350900411606, 0.011730857193470001, 0.011385689489543438, 0.011475546285510063, 0.011383472010493279, 0.011744498275220394, 0.011362552642822266, 0.011265769600868225, 0.011975128203630447, 0.01232886966317892, 0.01212223619222641, 0.01268763281404972, 0.01295560598373413, 0.013431822881102562, 0.014333873987197876, 0.01444917544722557, 0.014023717492818832, 0.014692399650812149, 0.01567266508936882, 0.01563274674117565, 0.015346240252256393, 0.016183046624064445, 0.017327096313238144, 0.018446404486894608, 0.018755372613668442, 0.01947743445634842, 0.019862297922372818, 0.020033128559589386, 0.021068841218948364, 0.02126983553171158, 0.020365919917821884, 0.02141411602497101, 0.02068568579852581, 0.019448045641183853, 0.016757845878601074, 0.017619647085666656, 0.01876862347126007, 0.01774250902235508, 0.018101099878549576, 0.020056549459695816, 0.019792139530181885, 0.02054104022681713, 0.0203225277364254, 0.02034066990017891, 0.01882447488605976, 0.019613876938819885, 0.019001325592398643, 0.018131189048290253, 0.019092626869678497, 0.018123401328921318, 0.018151206895709038, 0.016083091497421265, 0.01341281644999981, 0.01359496358782053, 0.014561273157596588, 0.014262974262237549, 0.013953251764178276, 0.013475727289915085, 0.012729577720165253, 0.014298005029559135, 0.012886065058410168, 0.011647306382656097, 0.01036117598414421, 0.010641749016940594, 0.010665444657206535, 0.010359475389122963, 0.010976215824484825, 0.011411364190280437, 0.011361107230186462, 0.011154752224683762, 0.011308258399367332, 0.01148374006152153, 0.011188056319952011, 0.01136850193142891, 0.011551255360245705, 0.01200142316520214, 0.005373992957174778]}
Saving current best: model_best.pth.tar ...
all losses in batch in validation:  {'loss': [0.022241277620196342, 0.021804427728056908, 0.022766243666410446, 0.021468667313456535, 0.02035110630095005, 0.020822007209062576, 0.022497059777379036, 0.022288646548986435, 0.02390049211680889, 0.022041868418455124, 0.019946981221437454, 0.0192877147346735, 0.019406989216804504, 0.019277412444353104, 0.019382644444704056, 0.01927751675248146, 0.01984223537147045, 0.020268462598323822, 0.019133053719997406, 0.018956560641527176, 0.01982700638473034, 0.021550029516220093, 0.021940186619758606, 0.02366466633975506, 0.023652978241443634, 0.02510424330830574, 0.02803593873977661, 0.028636544942855835, 0.028418824076652527, 0.030224047601222992, 0.03150445967912674, 0.032797038555145264, 0.03322736546397209, 0.03316421061754227, 0.028150448575615883, 0.03129474073648453, 0.030807850882411003, 0.023530704900622368, 0.02155410498380661, 0.0171840600669384, 0.016906242817640305, 0.01575637236237526, 0.01573464460670948, 0.01767733506858349, 0.019181255251169205, 0.015022533014416695, 0.014939351007342339, 0.017054248601198196, 0.01761433482170105, 0.017384972423315048, 0.016191307455301285, 0.015684671700000763, 0.014336677268147469, 0.014391959644854069, 0.01474626176059246, 0.014374756254255772, 0.014109534211456776, 0.014678418636322021, 0.014788474887609482, 0.016430480405688286, 0.016741372644901276, 0.016544979065656662, 0.016815733164548874, 0.016338758170604706, 0.01467546634376049, 0.013816270977258682, 0.013716235756874084, 0.013732909224927425, 0.013138800859451294, 0.012901595793664455, 0.013425336219370365, 0.014016689732670784, 0.013852640986442566, 0.014253663830459118, 0.01436703372746706, 0.014363542199134827, 0.014991789124906063, 0.01757131516933441, 0.015403387136757374, 0.014867757447063923, 0.015783675014972687, 0.015379054471850395, 0.016101762652397156, 0.01730257272720337, 0.01963784359395504, 0.020738568156957626, 0.022004520520567894, 0.021864373236894608, 0.020243577659130096, 0.021109558641910553, 0.0207518357783556, 0.019885936751961708, 0.019896138459444046, 0.01968330889940262, 0.019893009215593338, 0.018637921661138535, 0.01874285377562046, 0.01880785822868347, 0.018834557384252548, 0.019268590956926346, 0.02079908549785614, 0.022144950926303864, 0.02289072796702385, 0.02162713184952736, 0.020776791498064995, 0.020485032349824905, 0.020075786858797073, 0.019118089228868484, 0.018723271787166595, 0.0173167921602726, 0.018442396074533463, 0.0182043369859457, 0.015997521579265594, 0.015283621847629547, 0.01588878408074379, 0.0163947232067585, 0.01664736121892929, 0.017772234976291656, 0.018978681415319443, 0.023474017158150673, 0.021264616400003433, 0.02448238432407379, 0.0213466864079237, 0.01955389976501465, 0.020117580890655518, 0.019405625760555267, 0.018193647265434265, 0.017684420570731163, 0.017420237883925438, 0.018267448991537094, 0.018288029357790947, 0.020304661244153976, 0.020411917939782143, 0.019308052957057953, 0.019495723769068718, 0.021042002364993095, 0.026533788070082664, 0.027251964434981346, 0.02770703285932541, 0.026916129514575005, 0.02699257992208004, 0.029756620526313782, 0.03471718728542328, 0.03045208565890789, 0.027866743505001068, 0.02346067875623703, 0.01751561462879181, 0.013603976927697659, 0.013516373932361603, 0.014418326318264008, 0.01474529318511486, 0.01399745512753725, 0.016230780631303787, 0.015016130171716213, 0.014599287882447243, 0.013258403167128563, 0.01367341447621584, 0.01381011214107275, 0.012923953123390675, 0.013707091100513935, 0.013502966612577438, 0.013387010432779789, 0.014024635776877403, 0.014210401102900505, 0.01431950181722641, 0.01397797092795372, 0.01372631173580885, 0.013839716091752052, 0.013619793578982353, 0.014267787337303162, 0.01440467033535242, 0.013815145008265972, 0.014962691813707352, 0.014166409149765968, 0.014651598408818245, 0.015058411285281181, 0.015050159767270088, 0.01553380023688078, 0.01588950678706169, 0.01605522260069847, 0.0153949074447155, 0.015966592356562614, 0.015421542339026928, 0.016503233462572098, 0.017580505460500717, 0.01680826209485531, 0.01628798432648182, 0.015594717115163803, 0.014563389122486115, 0.015166948549449444, 0.014299550093710423, 0.01396162435412407, 0.013784465380012989, 0.013868434354662895, 0.013719819486141205, 0.014602652750909328, 0.014327004551887512, 0.014138071797788143, 0.014614058658480644, 0.012679550796747208, 0.012178153730928898, 0.012370294891297817, 0.012522988952696323, 0.011676435358822346, 0.014331553131341934, 0.012287337332963943, 0.012461216188967228, 0.01447030995041132, 0.013057978823781013, 0.015797846019268036, 0.015221681445837021, 0.016117148101329803, 0.01519377063959837, 0.014662692323327065, 0.01696893759071827, 0.015571847558021545, 0.015215067192912102, 0.016352295875549316, 0.015740932896733284, 0.017125476151704788, 0.01624212972819805, 0.015881352126598358, 0.014757010154426098, 0.016032196581363678, 0.015021241270005703, 0.013590451329946518, 0.013716811314225197, 0.016328638419508934, 0.015341510996222496, 0.015031099319458008, 0.01605953834950924, 0.016656871885061264, 0.01555875688791275, 0.016119495034217834, 0.017078258097171783, 0.015307528898119926, 0.015726586803793907, 0.01736091822385788, 0.01423842553049326, 0.01637963578104973, 0.015323600731790066, 0.015425287187099457, 0.01748000830411911, 0.01576290652155876, 0.01807093806564808, 0.017077669501304626, 0.017404677346348763, 0.016843494027853012, 0.01844743639230728, 0.017578769475221634, 0.01772395521402359, 0.018205810338258743, 0.01836807280778885, 0.01837281323969364, 0.01802728697657585, 0.017463602125644684, 0.019536595791578293, 0.0185781829059124, 0.01780829206109047, 0.019503280520439148, 0.018729252740740776, 0.018369801342487335, 0.02029818668961525, 0.02115786448121071, 0.022057296708226204, 0.02210277132689953, 0.023113902658224106, 0.024047456681728363, 0.02368774637579918, 0.022502988576889038, 0.023412317037582397, 0.0247507281601429, 0.024684272706508636, 0.025141537189483643, 0.02485368400812149, 0.024123337119817734, 0.027148405089974403, 0.0284949392080307, 0.027231235057115555, 0.029755938798189163, 0.02974647842347622, 0.028874414041638374, 0.028417516499757767, 0.02964933216571808, 0.03082231804728508, 0.03247445821762085, 0.03175729885697365, 0.03225428983569145, 0.03226353973150253, 0.03250611945986748, 0.03425193950533867, 0.036300454288721085, 0.033965401351451874, 0.03263954818248749, 0.04052319377660751, 0.0467773973941803, 0.051302313804626465, 0.052218712866306305, 0.049129318445920944, 0.05022525414824486, 0.0473993644118309, 0.050929076969623566, 0.04597736522555351, 0.03955197334289551, 0.034532830119132996, 0.03175999969244003, 0.03646256774663925, 0.0298090111464262, 0.029900792986154556, 0.030991416424512863, 0.03052414208650589, 0.032914645969867706, 0.033195290714502335, 0.05054410547018051, 0.05011247098445892, 0.05639706552028656, 0.04330887645483017, 0.03705696016550064, 0.036733560264110565, 0.03953146934509277, 0.04249279946088791, 0.03697270154953003, 0.043007947504520416, 0.0399521067738533, 0.053396739065647125, 0.04176696762442589, 0.04314465820789337, 0.035226523876190186, 0.031399160623550415, 0.029178472235798836, 0.02812487818300724, 0.027353158220648766, 0.027207210659980774, 0.022615697234869003, 0.019390832632780075, 0.01809581369161606, 0.018305862322449684, 0.019045650959014893, 0.017017770558595657, 0.015168385580182076, 0.014057667925953865, 0.01357328426092863, 0.013704979792237282, 0.013697768561542034, 0.013945423997938633, 0.013500556349754333, 0.013922765851020813, 0.014123891480267048, 0.013401714153587818, 0.013043396174907684, 0.012239213101565838, 0.012495671398937702, 0.012517586350440979, 0.01238507404923439, 0.012475075200200081, 0.012747906148433685, 0.01289277896285057, 0.013286896981298923, 0.013893057592213154, 0.014015575870871544, 0.013597127050161362, 0.012734001502394676, 0.012739397585391998, 0.012818340212106705, 0.01364627294242382, 0.013640914112329483, 0.01410526130348444, 0.013968422077596188, 0.014749810099601746, 0.01546776108443737, 0.01474036369472742, 0.015669353306293488, 0.016303524374961853, 0.016409868374466896, 0.017337938770651817, 0.017329011112451553, 0.016457539051771164, 0.014062515459954739, 0.014153032563626766, 0.013879818841814995, 0.01463431864976883, 0.015770919620990753, 0.017288092523813248, 0.02015768364071846, 0.021968863904476166, 0.02499580569565296, 0.028235595673322678, 0.030931349843740463, 0.04294631630182266, 0.04681498184800148, 0.03998393565416336, 0.03329765424132347, 0.030241500586271286, 0.03138279542326927, 0.029460059478878975, 0.02820386178791523, 0.024760782718658447, 0.024441218003630638, 0.023892750963568687, 0.02378421276807785, 0.024882307276129723, 0.02424502931535244, 0.02282274328172207, 0.024800756946206093, 0.024926695972681046, 0.02408956177532673, 0.023210162296891212, 0.022815557196736336, 0.022977735847234726, 0.024966342374682426, 0.02705811709165573, 0.027920572087168694, 0.030161229893565178, 0.027859073132276535, 0.025260895490646362, 0.026629174128174782, 0.02713906578719616, 0.026893453672528267, 0.026117945089936256, 0.028500143438577652, 0.025753650814294815, 0.027259519323706627, 0.02560567483305931, 0.025182776153087616, 0.02518790401518345, 0.025019409134984016, 0.024281339719891548, 0.025614973157644272, 0.024909578263759613, 0.024791013449430466, 0.02574879303574562, 0.02488327957689762, 0.025704264640808105, 0.026968538761138916, 0.026795469224452972, 0.02875681407749653, 0.03107859194278717, 0.03402695804834366, 0.03491443395614624, 0.03227713331580162, 0.03218068927526474, 0.03301236778497696, 0.03188752755522728, 0.03224494308233261, 0.02998160943388939, 0.0311094019562006, 0.03212771937251091, 0.03268451988697052, 0.03363300859928131, 0.03314140439033508, 0.0326228141784668, 0.03293319791555405, 0.034271642565727234, 0.03502942994236946, 0.03751395642757416, 0.03513021022081375, 0.03623448312282562, 0.026540717110037804, 0.026039035990834236, 0.025468237698078156, 0.024638941511511803, 0.023636355996131897, 0.023577656596899033, 0.02594243362545967, 0.02843690849840641, 0.02951052412390709, 0.028054088354110718, 0.02588411420583725, 0.031078239902853966, 0.03130267560482025, 0.031723055988550186, 0.050089046359062195, 0.05610429495573044, 0.04113747552037239, 0.02898755669593811, 0.027363060042262077, 0.02876610867679119, 0.03603958711028099, 0.03840116038918495, 0.03405211120843887, 0.026515336707234383, 0.02741582691669464, 0.03426619619131088, 0.030376948416233063, 0.025075638666749, 0.02533334493637085, 0.02803320437669754, 0.03087685815989971, 0.027805669233202934, 0.03101048804819584, 0.03335350751876831, 0.030828425660729408, 0.02964291349053383, 0.028770968317985535, 0.028985612094402313, 0.02898099645972252, 0.0270253773778677, 0.026762643828988075, 0.029501304030418396, 0.02129967510700226], 'L_si': [0.010492026805877686, 0.01019144058227539, 0.010817736387252808, 0.010119125247001648, 0.00941949337720871, 0.009798392653465271, 0.010914236307144165, 0.010861948132514954, 0.011912301182746887, 0.010661713778972626, 0.009294629096984863, 0.008830316364765167, 0.008911289274692535, 0.008895441889762878, 0.009087234735488892, 0.009031251072883606, 0.009473085403442383, 0.00985545665025711, 0.009000226855278015, 0.008839152753353119, 0.00943233072757721, 0.010668158531188965, 0.010823071002960205, 0.011745356023311615, 0.011729881167411804, 0.012474626302719116, 0.014236778020858765, 0.014264896512031555, 0.014249779284000397, 0.01534658670425415, 0.016276415437459946, 0.01710435003042221, 0.01746184378862381, 0.01776612550020218, 0.014932535588741302, 0.017294991761446, 0.016458623111248016, 0.010912373661994934, 0.00974271446466446, 0.006972484290599823, 0.006754249334335327, 0.00611887127161026, 0.006359748542308807, 0.007480651140213013, 0.008314631879329681, 0.005876414477825165, 0.005932129919528961, 0.007320038974285126, 0.007702350616455078, 0.007433481514453888, 0.006597608327865601, 0.006244339048862457, 0.005476862192153931, 0.005453288555145264, 0.00560181587934494, 0.005439817905426025, 0.005330532789230347, 0.005656510591506958, 0.0057752132415771484, 0.006681032478809357, 0.006900005042552948, 0.006823234260082245, 0.006774887442588806, 0.006331056356430054, 0.005442172288894653, 0.005065031349658966, 0.0051195621490478516, 0.0050442516803741455, 0.004803650081157684, 0.004705376923084259, 0.00483771413564682, 0.0051474496722221375, 0.005103446543216705, 0.005328506231307983, 0.005269825458526611, 0.005305267870426178, 0.0055855438113212585, 0.007323011755943298, 0.005673550069332123, 0.005395673215389252, 0.005919605493545532, 0.005659908056259155, 0.0060130879282951355, 0.006731830537319183, 0.008057348430156708, 0.00865945965051651, 0.009395331144332886, 0.009293965995311737, 0.00825502723455429, 0.008628115057945251, 0.008381247520446777, 0.008041299879550934, 0.00801725685596466, 0.007978253066539764, 0.008099980652332306, 0.007358551025390625, 0.007448047399520874, 0.007341399788856506, 0.0074625760316848755, 0.007747277617454529, 0.008448392152786255, 0.009098462760448456, 0.009298466145992279, 0.008742988109588623, 0.008279360830783844, 0.008119456470012665, 0.007945284247398376, 0.00733928382396698, 0.007171951234340668, 0.006435953080654144, 0.007233060896396637, 0.007123254239559174, 0.005861334502696991, 0.005451560020446777, 0.0058068931102752686, 0.006009742617607117, 0.006223686039447784, 0.0071232616901397705, 0.007727816700935364, 0.010975949466228485, 0.009240768849849701, 0.011404670774936676, 0.009121790528297424, 0.007812373340129852, 0.008160136640071869, 0.007637962698936462, 0.006648324429988861, 0.00635913759469986, 0.0061831995844841, 0.006703890860080719, 0.006885729730129242, 0.008230522274971008, 0.008414238691329956, 0.007814742624759674, 0.0076778605580329895, 0.008418217301368713, 0.011564187705516815, 0.012407831847667694, 0.012987993657588959, 0.01214098185300827, 0.012113556265830994, 0.013960406184196472, 0.01790320873260498, 0.01510532945394516, 0.0134197399020195, 0.010890744626522064, 0.007314570248126984, 0.004686534404754639, 0.004722200334072113, 0.005329452455043793, 0.005677372217178345, 0.005134560167789459, 0.0067085325717926025, 0.005942411720752716, 0.0056295245885849, 0.004709251224994659, 0.004822880029678345, 0.0050147101283073425, 0.004568956792354584, 0.005167752504348755, 0.005061805248260498, 0.005083449184894562, 0.0052280426025390625, 0.005286641418933868, 0.005276389420032501, 0.0052533745765686035, 0.00506976991891861, 0.0052095577120780945, 0.005150303244590759, 0.005401730537414551, 0.0054746270179748535, 0.005261465907096863, 0.0060025230050086975, 0.005475059151649475, 0.0057269856333732605, 0.005899436771869659, 0.006054304540157318, 0.006306678056716919, 0.006720617413520813, 0.006823748350143433, 0.0062525346875190735, 0.006437323987483978, 0.006140455603599548, 0.006704352796077728, 0.007487401366233826, 0.006931640207767487, 0.006727278232574463, 0.006262965500354767, 0.005791127681732178, 0.006176695227622986, 0.0056323036551475525, 0.005523577332496643, 0.005449548363685608, 0.00544004887342453, 0.005236417055130005, 0.005844719707965851, 0.005651660263538361, 0.005703307688236237, 0.005909807980060577, 0.004651859402656555, 0.004388265311717987, 0.004444703459739685, 0.004636220633983612, 0.00412210077047348, 0.0056445300579071045, 0.004409536719322205, 0.0045232102274894714, 0.005760073661804199, 0.004960700869560242, 0.006714820861816406, 0.006284922361373901, 0.006829969584941864, 0.006103135645389557, 0.00585281103849411, 0.007270790636539459, 0.006205923855304718, 0.006021060049533844, 0.006924562156200409, 0.0065994709730148315, 0.00740852952003479, 0.00698370486497879, 0.00660724937915802, 0.005850516259670258, 0.006459519267082214, 0.00613008439540863, 0.005312509834766388, 0.0053322166204452515, 0.006878837943077087, 0.006213009357452393, 0.006124354898929596, 0.006741419434547424, 0.0069988444447517395, 0.006529688835144043, 0.006790637969970703, 0.007369227707386017, 0.006448313593864441, 0.006688371300697327, 0.0074333325028419495, 0.005826793611049652, 0.006974905729293823, 0.006509184837341309, 0.006630696356296539, 0.007633522152900696, 0.00673898309469223, 0.008071251213550568, 0.007638789713382721, 0.007787257432937622, 0.007445976138114929, 0.008621707558631897, 0.008000940084457397, 0.008125051856040955, 0.008348144590854645, 0.008458591997623444, 0.00841415673494339, 0.008271344006061554, 0.007906980812549591, 0.009235702455043793, 0.008744195103645325, 0.00822843611240387, 0.00937119871377945, 0.008947871625423431, 0.008852869272232056, 0.009929575026035309, 0.010495364665985107, 0.011004246771335602, 0.011096566915512085, 0.011810071766376495, 0.012427285313606262, 0.012267176061868668, 0.011282943189144135, 0.012047193944454193, 0.012803208082914352, 0.01287778839468956, 0.013168998062610626, 0.012957554310560226, 0.012606106698513031, 0.014455392956733704, 0.015306774526834488, 0.014531631022691727, 0.016219474375247955, 0.016296055167913437, 0.01568426564335823, 0.015426687896251678, 0.016460880637168884, 0.01718706637620926, 0.01856439933180809, 0.018193159252405167, 0.018892750144004822, 0.018991604447364807, 0.01914999634027481, 0.02026066929101944, 0.021672658622264862, 0.020396623760461807, 0.019391994923353195, 0.02503371611237526, 0.030583761632442474, 0.03419838473200798, 0.03495250269770622, 0.03136267140507698, 0.03179912269115448, 0.029700685292482376, 0.032676391303539276, 0.028754889965057373, 0.024034224450588226, 0.020716626197099686, 0.019350551068782806, 0.02346852794289589, 0.019162263721227646, 0.019253842532634735, 0.020075403153896332, 0.019630424678325653, 0.021164104342460632, 0.021560300141572952, 0.035677455365657806, 0.03433631360530853, 0.039398692548274994, 0.02866039238870144, 0.02443251945078373, 0.024177128449082375, 0.02596280723810196, 0.02796620875597, 0.024014605209231377, 0.028314203023910522, 0.02537764236330986, 0.036343157291412354, 0.027047868818044662, 0.02816995233297348, 0.02182943746447563, 0.019175760447978973, 0.017753109335899353, 0.017029859125614166, 0.016259167343378067, 0.016095001250505447, 0.012417454272508621, 0.009843997657299042, 0.008595645427703857, 0.008503399789333344, 0.008763089776039124, 0.007135935127735138, 0.005530714988708496, 0.005051858723163605, 0.004964299499988556, 0.005010709166526794, 0.005027592182159424, 0.005081586539745331, 0.004777431488037109, 0.0049111321568489075, 0.005029685795307159, 0.00454355776309967, 0.00438757985830307, 0.003994181752204895, 0.004082448780536652, 0.004106625914573669, 0.0040985047817230225, 0.004074811935424805, 0.004118777811527252, 0.004186883568763733, 0.004492901265621185, 0.004735112190246582, 0.004568971693515778, 0.0044918060302734375, 0.004104018211364746, 0.0041406527161598206, 0.0042230188846588135, 0.004549354314804077, 0.004656612873077393, 0.0049608126282691956, 0.004861429333686829, 0.0052059367299079895, 0.0055742934346199036, 0.005137138068675995, 0.005749180912971497, 0.006097905337810516, 0.006112359464168549, 0.006661541759967804, 0.006576530635356903, 0.006145931780338287, 0.005104146897792816, 0.005197614431381226, 0.004853971302509308, 0.00553642213344574, 0.006365597248077393, 0.007641643285751343, 0.00954136997461319, 0.010770440101623535, 0.01256461814045906, 0.015141185373067856, 0.017600152641534805, 0.028188154101371765, 0.030767373740673065, 0.02399442344903946, 0.018648680299520493, 0.016783438622951508, 0.01738657057285309, 0.01573442667722702, 0.01495864987373352, 0.012798219919204712, 0.01260364055633545, 0.012131445109844208, 0.012112706899642944, 0.012880079448223114, 0.01241718977689743, 0.011359505355358124, 0.012800753116607666, 0.012879058718681335, 0.012403599917888641, 0.011742234230041504, 0.011478215456008911, 0.011538617312908173, 0.012827277183532715, 0.014286145567893982, 0.014805734157562256, 0.01645394042134285, 0.014905393123626709, 0.013352401554584503, 0.014242295175790787, 0.014438152313232422, 0.014463681727647781, 0.013651929795742035, 0.015584021806716919, 0.013823624700307846, 0.01466548815369606, 0.01363704726099968, 0.013430129736661911, 0.01329374685883522, 0.01308434084057808, 0.012526020407676697, 0.013413503766059875, 0.013002552092075348, 0.012903466820716858, 0.013597860932350159, 0.012969903647899628, 0.013607550412416458, 0.014439523220062256, 0.014356829226016998, 0.01559695228934288, 0.01733516901731491, 0.01953599601984024, 0.020475611090660095, 0.018510766327381134, 0.018355894833803177, 0.01895890012383461, 0.01838410645723343, 0.018624842166900635, 0.016992487013339996, 0.01784096285700798, 0.018776778131723404, 0.019149042665958405, 0.01975264772772789, 0.019306618720293045, 0.01900387555360794, 0.019215058535337448, 0.019837692379951477, 0.020211204886436462, 0.021952126175165176, 0.020245496183633804, 0.02141595631837845, 0.015081938356161118, 0.014847256243228912, 0.014810115098953247, 0.014101658016443253, 0.01318247988820076, 0.013160191476345062, 0.014686793088912964, 0.016195666044950485, 0.017205961048603058, 0.016308221966028214, 0.01514466479420662, 0.018723897635936737, 0.01863079145550728, 0.01922106370329857, 0.03438170999288559, 0.03987644612789154, 0.02716648206114769, 0.016346342861652374, 0.015396542847156525, 0.01665838435292244, 0.021960783749818802, 0.023614726960659027, 0.020435575395822525, 0.01505223661661148, 0.015962403267621994, 0.020642586052417755, 0.017863623797893524, 0.014298122376203537, 0.014471977949142456, 0.016329679638147354, 0.018223319202661514, 0.016072507947683334, 0.018084965646266937, 0.020571913570165634, 0.018682803958654404, 0.017913371324539185, 0.016997970640659332, 0.017253536731004715, 0.017249267548322678, 0.015513177961111069, 0.015259664505720139, 0.016914039850234985, 0.01554805412888527], 'L_grad': [0.011749250814318657, 0.011612987145781517, 0.011948506347835064, 0.011349542066454887, 0.01093161292374134, 0.01102361362427473, 0.011582823470234871, 0.011426697485148907, 0.011988190934062004, 0.011380154639482498, 0.010652353055775166, 0.010457398369908333, 0.010495699010789394, 0.010381970554590225, 0.010295409709215164, 0.01024626474827528, 0.010369149968028069, 0.010413006879389286, 0.010132826864719391, 0.010117406956851482, 0.01039467565715313, 0.010881870053708553, 0.011117116548120975, 0.011919310316443443, 0.011923096142709255, 0.012629617005586624, 0.013799161650240421, 0.01437164843082428, 0.014169045723974705, 0.014877460896968842, 0.015228045172989368, 0.015692686662077904, 0.015765521675348282, 0.015398085117340088, 0.01321791298687458, 0.01399974711239338, 0.014349227771162987, 0.012618331238627434, 0.011811390519142151, 0.010211574845016003, 0.010151993483304977, 0.009637501090765, 0.009374896064400673, 0.010196683928370476, 0.010866623371839523, 0.00914611853659153, 0.009007221087813377, 0.009734210558235645, 0.009911985136568546, 0.009951489977538586, 0.00959369819611311, 0.00944033358246088, 0.008859815075993538, 0.008938671089708805, 0.00914444588124752, 0.008934938348829746, 0.008779001422226429, 0.009021908044815063, 0.009013261646032333, 0.00974944792687893, 0.009841366671025753, 0.009721745736896992, 0.010040844790637493, 0.010007700882852077, 0.009233294054865837, 0.008751239627599716, 0.008596673607826233, 0.00868865754455328, 0.00833515077829361, 0.008196218870580196, 0.008587622083723545, 0.008869240060448647, 0.00874919444322586, 0.008925157599151134, 0.009097208268940449, 0.009058274328708649, 0.009406245313584805, 0.010248303413391113, 0.009729837067425251, 0.009472084231674671, 0.00986406859010458, 0.00971914641559124, 0.01008867472410202, 0.010570741258561611, 0.011580495163798332, 0.012079108506441116, 0.012609189376235008, 0.01257040724158287, 0.011988550424575806, 0.012481442652642727, 0.012370588257908821, 0.011844636872410774, 0.01187888067215681, 0.011705056764185429, 0.011793029494583607, 0.01127937063574791, 0.011294806376099586, 0.011466458439826965, 0.011371981352567673, 0.011521313339471817, 0.012350693345069885, 0.013046489097177982, 0.01359226182103157, 0.01288414467126131, 0.01249743066728115, 0.01236557587981224, 0.012130502611398697, 0.011778805404901505, 0.011551319621503353, 0.010880839079618454, 0.011209335178136826, 0.011081082746386528, 0.010136187076568604, 0.00983206182718277, 0.010081890039145947, 0.010384980589151382, 0.010423676110804081, 0.010648973286151886, 0.011250864714384079, 0.012498067691922188, 0.012023848481476307, 0.013077713549137115, 0.012224895879626274, 0.011741526424884796, 0.011957443319261074, 0.011767663061618805, 0.011545323766767979, 0.011325282976031303, 0.011237038299441338, 0.0115635572001338, 0.011402299627661705, 0.012074138969182968, 0.011997679248452187, 0.011493311263620853, 0.011817863211035728, 0.012623785063624382, 0.01496960036456585, 0.014844132587313652, 0.01471903920173645, 0.014775147661566734, 0.014879023656249046, 0.01579621434211731, 0.01681397669017315, 0.01534675620496273, 0.014447003602981567, 0.01256993506103754, 0.01020104344934225, 0.00891744252294302, 0.00879417359828949, 0.009088873863220215, 0.009067920967936516, 0.008862894959747791, 0.009522248059511185, 0.009073718450963497, 0.008969763293862343, 0.008549151942133904, 0.008850534446537495, 0.008795402012765408, 0.00835499633103609, 0.00853933859616518, 0.00844116136431694, 0.008303561247885227, 0.00879659317433834, 0.008923759683966637, 0.009043112397193909, 0.008724596351385117, 0.00865654181689024, 0.008630158379673958, 0.008469490334391594, 0.00886605679988861, 0.008930043317377567, 0.00855367910116911, 0.008960168808698654, 0.008691349998116493, 0.008924612775444984, 0.009158974513411522, 0.00899585522711277, 0.00922712218016386, 0.009168890304863453, 0.009231475181877613, 0.009142372757196426, 0.009529268369078636, 0.00928108673542738, 0.009798879735171795, 0.010093104094266891, 0.009876621887087822, 0.009560706093907356, 0.009331751614809036, 0.008772261440753937, 0.008990253321826458, 0.00866724643856287, 0.008438047021627426, 0.008334917016327381, 0.008428385481238365, 0.0084834024310112, 0.008757933042943478, 0.008675344288349152, 0.008434764109551907, 0.008704250678420067, 0.008027691394090652, 0.007789888419210911, 0.007925591431558132, 0.007886768318712711, 0.0075543345883488655, 0.00868702307343483, 0.007877800613641739, 0.007938005961477757, 0.00871023628860712, 0.008097277954220772, 0.009083026088774204, 0.00893675908446312, 0.009287179447710514, 0.009090634994208813, 0.008809881284832954, 0.00969814695417881, 0.009365923702716827, 0.009194007143378258, 0.009427732788026333, 0.009141461923718452, 0.009716947562992573, 0.009258424863219261, 0.009274103678762913, 0.00890649389475584, 0.009572677314281464, 0.008891156874597073, 0.00827794149518013, 0.008384594693779945, 0.009449800476431847, 0.009128501638770103, 0.008906744420528412, 0.009318118914961815, 0.00965802650898695, 0.009029068052768707, 0.009328857995569706, 0.009709030389785767, 0.008859215304255486, 0.00903821550309658, 0.00992758572101593, 0.008411631919443607, 0.00940472912043333, 0.008814415894448757, 0.008794590830802917, 0.00984648521989584, 0.009023922495543957, 0.009999686852097511, 0.009438878856599331, 0.00961741991341114, 0.009397516958415508, 0.00982572790235281, 0.009577830322086811, 0.009598903357982635, 0.009857666678726673, 0.009909480810165405, 0.009958656504750252, 0.009755942970514297, 0.009556621313095093, 0.010300894267857075, 0.00983398873358965, 0.0095798559486866, 0.010132082737982273, 0.009781381115317345, 0.009516931138932705, 0.01036861166357994, 0.010662500746548176, 0.011053049936890602, 0.011006204411387444, 0.01130383089184761, 0.0116201713681221, 0.011420570313930511, 0.011220045387744904, 0.01136512216180563, 0.011947520077228546, 0.011806483380496502, 0.011972538195550442, 0.011896130628883839, 0.011517229489982128, 0.0126930121332407, 0.013188164681196213, 0.012699603103101254, 0.013536464422941208, 0.013450423255562782, 0.013190148398280144, 0.012990828603506088, 0.013188451528549194, 0.013635251671075821, 0.013910057954490185, 0.013564139604568481, 0.01336153969168663, 0.013271933421492577, 0.013356123119592667, 0.013991270214319229, 0.014627795666456223, 0.013568779453635216, 0.013247552327811718, 0.015489479526877403, 0.016193637624382973, 0.017103927209973335, 0.017266210168600082, 0.017766647040843964, 0.018426131457090378, 0.017698680981993675, 0.01825268566608429, 0.01722247526049614, 0.015517748892307281, 0.013816202990710735, 0.012409446761012077, 0.012994039803743362, 0.010646747425198555, 0.010646950453519821, 0.010916014201939106, 0.010893717408180237, 0.0117505406960845, 0.011634990572929382, 0.014866651967167854, 0.01577615737915039, 0.016998371109366417, 0.014648483134806156, 0.012624439783394337, 0.012556432746350765, 0.013568662106990814, 0.014526592567563057, 0.012958097271621227, 0.014693742617964745, 0.014574464410543442, 0.01705358177423477, 0.014719098806381226, 0.014974706806242466, 0.013397084549069405, 0.012223398312926292, 0.011425362899899483, 0.011095019057393074, 0.011093990877270699, 0.011112209409475327, 0.010198242962360382, 0.009546834975481033, 0.009500168263912201, 0.00980246253311634, 0.010282561182975769, 0.009881836362183094, 0.00963767059147358, 0.00900580920279026, 0.008608984760940075, 0.008694270625710487, 0.00867017637938261, 0.008863837458193302, 0.008723124861717224, 0.009011633694171906, 0.009094205684959888, 0.008858156390488148, 0.008655816316604614, 0.008245031349360943, 0.00841322261840105, 0.00841096043586731, 0.008286569267511368, 0.008400263264775276, 0.008629128336906433, 0.008705895394086838, 0.008793995715677738, 0.009157945401966572, 0.009446604177355766, 0.009105321019887924, 0.00862998329102993, 0.008598744869232178, 0.008595321327447891, 0.009096918627619743, 0.00898430123925209, 0.009144448675215244, 0.009106992743909359, 0.009543873369693756, 0.009893467649817467, 0.009603225626051426, 0.009920172393321991, 0.010205619037151337, 0.010297508910298347, 0.010676397010684013, 0.010752481408417225, 0.010311607271432877, 0.008958368562161922, 0.00895541813224554, 0.009025847539305687, 0.00909789651632309, 0.00940532237291336, 0.00964644830673933, 0.01061631366610527, 0.01119842380285263, 0.012431187555193901, 0.013094411231577396, 0.013331196270883083, 0.014758162200450897, 0.016047608107328415, 0.0159895122051239, 0.014648973941802979, 0.013458061963319778, 0.013996224850416183, 0.013725632801651955, 0.01324521191418171, 0.011962562799453735, 0.011837577447295189, 0.01176130585372448, 0.011671504937112331, 0.012002227827906609, 0.01182783953845501, 0.011463237926363945, 0.012000003829598427, 0.01204763725399971, 0.011685961857438087, 0.011467928066849709, 0.011337341740727425, 0.011439118534326553, 0.012139065191149712, 0.012771970592439175, 0.013114837929606438, 0.013707289472222328, 0.012953680008649826, 0.011908493004739285, 0.012386878952383995, 0.012700913473963737, 0.012429771944880486, 0.012466015294194221, 0.012916121631860733, 0.011930025182664394, 0.012594031170010567, 0.011968628503382206, 0.01175264548510313, 0.011894157156348228, 0.011935068294405937, 0.011755319312214851, 0.012201469391584396, 0.01190702710300684, 0.011887545697391033, 0.012150933034718037, 0.011913375928997993, 0.012096714228391647, 0.01252901554107666, 0.0124386390671134, 0.013159861788153648, 0.01374342292547226, 0.014490963891148567, 0.014438824728131294, 0.013766366988420486, 0.013824793510138988, 0.0140534657984972, 0.01350342109799385, 0.013620099984109402, 0.012989122420549393, 0.01326843909919262, 0.013350941240787506, 0.013535479083657265, 0.013880360871553421, 0.013834787532687187, 0.013618940487504005, 0.013718141242861748, 0.014433948323130608, 0.014818224124610424, 0.01556183211505413, 0.014884712174534798, 0.014818528667092323, 0.011458778753876686, 0.011191779747605324, 0.010658122599124908, 0.01053728349506855, 0.010453876107931137, 0.01041746512055397, 0.011255641467869282, 0.012241242453455925, 0.012304564006626606, 0.011745866388082504, 0.010739448480308056, 0.012354342266917229, 0.012671884149312973, 0.012501992285251617, 0.015707336366176605, 0.016227850690484047, 0.013970993459224701, 0.012641213834285736, 0.011966517195105553, 0.012107724323868752, 0.014078804291784763, 0.01478643249720335, 0.013616533949971199, 0.011463100090622902, 0.011453423649072647, 0.013623608276247978, 0.012513324618339539, 0.010777516290545464, 0.010861367918550968, 0.011703523807227612, 0.012653538957238197, 0.0117331612855196, 0.012925522401928902, 0.012781595811247826, 0.012145621702075005, 0.011729542165994644, 0.011772997677326202, 0.011732074432075024, 0.011731728911399841, 0.01151219941675663, 0.011502979323267937, 0.012587265111505985, 0.005751620512455702]}
Saving current best: model_best.pth.tar ...
all losses in batch in validation:  {'loss': [0.02337057702243328, 0.022245004773139954, 0.023895736783742905, 0.02099725231528282, 0.021674297749996185, 0.021974578499794006, 0.02219756878912449, 0.0191605556756258, 0.020273420959711075, 0.02010257914662361, 0.01757076010107994, 0.017125997692346573, 0.01650897040963173, 0.016567794606089592, 0.016022177413105965, 0.016385719180107117, 0.016460774466395378, 0.016931157559156418, 0.015615282580256462, 0.016302727162837982, 0.016429521143436432, 0.01843627728521824, 0.018702905625104904, 0.02231980487704277, 0.02422695979475975, 0.02801549807190895, 0.03354185074567795, 0.02740084007382393, 0.025634095072746277, 0.025776708498597145, 0.027146436274051666, 0.028500555083155632, 0.030704833567142487, 0.029425108805298805, 0.025965344160795212, 0.028674907982349396, 0.027921829372644424, 0.022404184564948082, 0.01902303472161293, 0.015712875872850418, 0.015567815862596035, 0.0148158622905612, 0.013981455005705357, 0.013483831658959389, 0.01495363935828209, 0.013350360095500946, 0.013388153165578842, 0.014593143947422504, 0.014464609324932098, 0.013942860998213291, 0.01324261911213398, 0.012873804196715355, 0.012073775753378868, 0.012176893651485443, 0.012003257870674133, 0.012083946727216244, 0.012172842398285866, 0.01243356429040432, 0.012643273919820786, 0.01365233026444912, 0.014828319661319256, 0.014918122440576553, 0.014820562675595284, 0.013077419251203537, 0.01252118032425642, 0.011858120560646057, 0.01192688848823309, 0.01164974644780159, 0.011713569983839989, 0.012052547186613083, 0.01197695080190897, 0.012552928179502487, 0.012911607511341572, 0.01314953900873661, 0.012879349291324615, 0.015112873166799545, 0.01745540089905262, 0.021259481087327003, 0.02158033289015293, 0.014636620879173279, 0.015530637465417385, 0.015102293342351913, 0.015651533380150795, 0.017043141648173332, 0.019137054681777954, 0.019615456461906433, 0.020706024020910263, 0.020385246723890305, 0.02000955119729042, 0.019745999947190285, 0.018285786733031273, 0.017466800287365913, 0.016876809298992157, 0.01733359508216381, 0.017917223274707794, 0.01687777042388916, 0.016685502603650093, 0.016102422028779984, 0.016260307282209396, 0.016815412789583206, 0.01759125478565693, 0.018784813582897186, 0.019627857953310013, 0.019038990139961243, 0.019154492765665054, 0.01898655667901039, 0.01941591128706932, 0.018734781071543694, 0.017325539141893387, 0.01680012047290802, 0.017330557107925415, 0.015755970031023026, 0.014407575130462646, 0.013146467506885529, 0.013557440601289272, 0.014200867153704166, 0.014666633680462837, 0.01461830548942089, 0.015489380806684494, 0.017166495323181152, 0.017965616658329964, 0.016698163002729416, 0.015880271792411804, 0.016227714717388153, 0.015071578323841095, 0.015011249110102654, 0.014639956876635551, 0.015271593816578388, 0.01512970868498087, 0.016617869958281517, 0.016151364892721176, 0.01797032728791237, 0.017997775226831436, 0.017810411751270294, 0.018370646983385086, 0.021638454869389534, 0.023739518597722054, 0.024902574717998505, 0.02593963034451008, 0.027456915006041527, 0.02678680419921875, 0.026862245053052902, 0.03039577230811119, 0.02877475507557392, 0.02854648232460022, 0.02311570942401886, 0.02270810678601265, 0.0181374903768301, 0.01837853342294693, 0.02050747722387314, 0.019214535132050514, 0.01826891303062439, 0.021098600700497627, 0.02077646739780903, 0.017804358154535294, 0.017868585884571075, 0.014708328992128372, 0.018648287281394005, 0.01486735325306654, 0.013437005691230297, 0.013241397216916084, 0.013801377266645432, 0.013740262016654015, 0.01371704414486885, 0.013773704878985882, 0.01349186897277832, 0.013043535873293877, 0.013070106506347656, 0.013432181440293789, 0.01388534251600504, 0.013699326664209366, 0.013726265169680119, 0.014786940068006516, 0.01452942006289959, 0.015787385404109955, 0.015552880242466927, 0.015350569039583206, 0.015449888072907925, 0.01568024605512619, 0.015918344259262085, 0.01528752688318491, 0.016398366540670395, 0.017276901751756668, 0.017915699630975723, 0.017396964132785797, 0.017517099156975746, 0.017558446153998375, 0.01619793474674225, 0.016137488186359406, 0.017358191311359406, 0.01628173515200615, 0.0159942377358675, 0.016228556632995605, 0.01738092303276062, 0.01689659245312214, 0.017827916890382767, 0.017325904220342636, 0.018092934042215347, 0.0167914517223835, 0.015962140634655952, 0.015213720500469208, 0.014316941611468792, 0.014459935016930103, 0.013697793707251549, 0.01531041320413351, 0.01403629407286644, 0.014886842109262943, 0.01632114127278328, 0.015339726582169533, 0.016179703176021576, 0.01547958329319954, 0.017260508611798286, 0.01669389382004738, 0.015286915935575962, 0.015714852139353752, 0.014885320328176022, 0.015358716249465942, 0.015919912606477737, 0.013612504117190838, 0.015670277178287506, 0.013220490887761116, 0.013090018182992935, 0.01196950115263462, 0.01205969788134098, 0.011255300603806973, 0.011598257347941399, 0.011238712817430496, 0.015610280446708202, 0.014012083411216736, 0.01450528297573328, 0.013203783892095089, 0.01356442365795374, 0.012047060765326023, 0.012520482763648033, 0.013639341108500957, 0.012250959873199463, 0.013048650696873665, 0.014483229257166386, 0.012057840824127197, 0.01404691394418478, 0.012955962680280209, 0.012247150763869286, 0.014114569872617722, 0.012096252292394638, 0.013625050894916058, 0.012305445037782192, 0.012831369414925575, 0.012522047385573387, 0.012875193729996681, 0.012721690349280834, 0.012018956243991852, 0.013075700029730797, 0.012592015787959099, 0.012882133014500141, 0.013286796398460865, 0.012571507133543491, 0.014870921149849892, 0.014107637107372284, 0.01378787960857153, 0.015273157507181168, 0.014211558736860752, 0.013194446451961994, 0.016208389773964882, 0.016898244619369507, 0.0172722227871418, 0.017230862751603127, 0.01861203834414482, 0.019168026745319366, 0.019915923476219177, 0.01842786930501461, 0.018927300348877907, 0.02008521743118763, 0.020389512181282043, 0.02065301686525345, 0.020142246037721634, 0.01928577944636345, 0.0219266414642334, 0.023131145164370537, 0.02238273248076439, 0.024659885093569756, 0.023991480469703674, 0.024001959711313248, 0.024384237825870514, 0.02723090723156929, 0.031456537544727325, 0.03247687965631485, 0.03211047872900963, 0.02889467403292656, 0.02564740739762783, 0.025226591154932976, 0.026627684012055397, 0.027702439576387405, 0.026737352833151817, 0.027378780767321587, 0.030276566743850708, 0.029401183128356934, 0.030050624161958694, 0.03168009594082832, 0.028162037953734398, 0.03048052452504635, 0.03215717524290085, 0.02747596614062786, 0.029975825920701027, 0.027415858581662178, 0.022990534082055092, 0.022558875381946564, 0.023122698068618774, 0.02209857478737831, 0.021671507507562637, 0.024222202599048615, 0.023919465020298958, 0.023572422564029694, 0.024665024131536484, 0.026948107406497, 0.02864561602473259, 0.029472675174474716, 0.029779404401779175, 0.030586881563067436, 0.030231043696403503, 0.030262280255556107, 0.029403850436210632, 0.029598718509078026, 0.030106667429208755, 0.031147688627243042, 0.03078199177980423, 0.02934860624372959, 0.02852342464029789, 0.028057020157575607, 0.02496582642197609, 0.024045642465353012, 0.023693842813372612, 0.021545324474573135, 0.020070625469088554, 0.018867529928684235, 0.017557069659233093, 0.016048043966293335, 0.016064990311861038, 0.015836665406823158, 0.015488335862755775, 0.013959167525172234, 0.012965681962668896, 0.012551680207252502, 0.012910050339996815, 0.012710082344710827, 0.012907794676721096, 0.012715793214738369, 0.013253933750092983, 0.013881335034966469, 0.01391101535409689, 0.013634836301207542, 0.013812344521284103, 0.013929668813943863, 0.014115032739937305, 0.013732018880546093, 0.013286944478750229, 0.014513252303004265, 0.014774828217923641, 0.014752017334103584, 0.018064090982079506, 0.02802925556898117, 0.01887132227420807, 0.0145160723477602, 0.013375084847211838, 0.013496572151780128, 0.01345235574990511, 0.013850055634975433, 0.014301436953246593, 0.014423303306102753, 0.014474299736320972, 0.015364805236458778, 0.014800138771533966, 0.015531176701188087, 0.017276231199502945, 0.017056100070476532, 0.019098112359642982, 0.017201468348503113, 0.01585013046860695, 0.014049643650650978, 0.014401567168533802, 0.013535987585783005, 0.013065936043858528, 0.013947933912277222, 0.014650879427790642, 0.016187239438295364, 0.018348174169659615, 0.02081841602921486, 0.022830594331026077, 0.02614530920982361, 0.04002879187464714, 0.050131797790527344, 0.0535484179854393, 0.04875555634498596, 0.04384574294090271, 0.03854406997561455, 0.03506302833557129, 0.027734531089663506, 0.02188779227435589, 0.021430332213640213, 0.020425546914339066, 0.021920230239629745, 0.021913226693868637, 0.021767940372228622, 0.020956944674253464, 0.02067459002137184, 0.02070879563689232, 0.020668011158704758, 0.02093667723238468, 0.022344857454299927, 0.02129722200334072, 0.02061402052640915, 0.023294851183891296, 0.02406613901257515, 0.021584168076515198, 0.02379281260073185, 0.025780003517866135, 0.025999167934060097, 0.024945862591266632, 0.023375410586595535, 0.023480519652366638, 0.022036558017134666, 0.021539930254220963, 0.021622728556394577, 0.02046869695186615, 0.02142569050192833, 0.02110224962234497, 0.020738713443279266, 0.020704366266727448, 0.02099401131272316, 0.020503558218479156, 0.021028637886047363, 0.021543996408581734, 0.021288517862558365, 0.021479055285453796, 0.02297043241560459, 0.023622101172804832, 0.02351585030555725, 0.024335317313671112, 0.025005679577589035, 0.026187490671873093, 0.026345189660787582, 0.02680280990898609, 0.03056047111749649, 0.030460920184850693, 0.028569446876645088, 0.027546901255846024, 0.02968752756714821, 0.03199895843863487, 0.031131576746702194, 0.029378721490502357, 0.030056430026888847, 0.031494125723838806, 0.029969505965709686, 0.03503827378153801, 0.03763210028409958, 0.04200376942753792, 0.03992513567209244, 0.040246061980724335, 0.028673838824033737, 0.033511921763420105, 0.03263954818248749, 0.028032634407281876, 0.028464732691645622, 0.024590760469436646, 0.024359963834285736, 0.023812711238861084, 0.019373590126633644, 0.01951787620782852, 0.019684521481394768, 0.020111296325922012, 0.01851128414273262, 0.019084744155406952, 0.02621196024119854, 0.02919181063771248, 0.02839621715247631, 0.016975170001387596, 0.017434587702155113, 0.018721159547567368, 0.02025093138217926, 0.022382967174053192, 0.021573521196842194, 0.020770497620105743, 0.018273640424013138, 0.02036525495350361, 0.02098151668906212, 0.018558382987976074, 0.018889792263507843, 0.019618354737758636, 0.021035484969615936, 0.02110121212899685, 0.022465169429779053, 0.024508360773324966, 0.023432888090610504, 0.019841084256768227, 0.020382802933454514, 0.02179548889398575, 0.021076513454318047, 0.02020297572016716, 0.020783375948667526, 0.02166219800710678, 0.016760889440774918], 'L_si': [0.011412926018238068, 0.010526593774557114, 0.011750955134630203, 0.009879857301712036, 0.010356537997722626, 0.010345354676246643, 0.010321535170078278, 0.008517682552337646, 0.009342443197965622, 0.009512875229120255, 0.008081309497356415, 0.0078065842390060425, 0.007413182407617569, 0.007529925554990768, 0.007265929132699966, 0.007421746850013733, 0.007464561611413956, 0.007876049727201462, 0.0070224329829216, 0.007418330758810043, 0.007485527545213699, 0.008774630725383759, 0.008676007390022278, 0.010787181556224823, 0.011935386806726456, 0.014326769858598709, 0.018053125590085983, 0.013781100511550903, 0.012719858437776566, 0.01281072199344635, 0.013664957135915756, 0.01430259644985199, 0.01590210571885109, 0.01528753712773323, 0.01337679848074913, 0.014973875135183334, 0.014574039727449417, 0.010839510709047318, 0.00858338549733162, 0.006655268371105194, 0.006492413580417633, 0.006117589771747589, 0.005806442350149155, 0.0052928924560546875, 0.006036963313817978, 0.005292341113090515, 0.005322858691215515, 0.006135936826467514, 0.006038513034582138, 0.005715500563383102, 0.005186375230550766, 0.005021501332521439, 0.004655223339796066, 0.004720192402601242, 0.004566505551338196, 0.004618894308805466, 0.004623588174581528, 0.004810694605112076, 0.0050005242228507996, 0.005655117332935333, 0.006238691508769989, 0.006295531988143921, 0.006120864301919937, 0.004990171641111374, 0.004751257598400116, 0.004493828862905502, 0.004605133086442947, 0.0043766796588897705, 0.004492919892072678, 0.004589002579450607, 0.004456281661987305, 0.004660818725824356, 0.004823792725801468, 0.004947926849126816, 0.004790358245372772, 0.00603519007563591, 0.007430899888277054, 0.010598000138998032, 0.01087760180234909, 0.00564178079366684, 0.006120704114437103, 0.005925498902797699, 0.006220746785402298, 0.006962593644857407, 0.00819670781493187, 0.00847497209906578, 0.009050928056240082, 0.008886013180017471, 0.008614346385002136, 0.008364379405975342, 0.00760786235332489, 0.007287990301847458, 0.006975091993808746, 0.0072463154792785645, 0.007503826171159744, 0.006992638111114502, 0.006821401417255402, 0.00636407732963562, 0.006563801318407059, 0.0069503746926784515, 0.007237531244754791, 0.007745858281850815, 0.008176904171705246, 0.007899057120084763, 0.007989812642335892, 0.007740821689367294, 0.008100327104330063, 0.007580690085887909, 0.0068084076046943665, 0.006578307598829269, 0.006946306675672531, 0.006038833409547806, 0.005201682448387146, 0.004624776542186737, 0.004757825285196304, 0.005009021610021591, 0.005338866263628006, 0.005599822849035263, 0.006103262305259705, 0.0068902745842933655, 0.0073053911328315735, 0.006404079496860504, 0.006023205816745758, 0.006227925419807434, 0.0056418925523757935, 0.00566442683339119, 0.005480609834194183, 0.005830299109220505, 0.005560584366321564, 0.006444405764341354, 0.006165202707052231, 0.007258057594299316, 0.0071435607969760895, 0.007054667919874191, 0.007404878735542297, 0.00913558155298233, 0.01028887927532196, 0.01109328493475914, 0.011585939675569534, 0.012371938675642014, 0.011960837990045547, 0.01198561117053032, 0.014891929924488068, 0.013886570930480957, 0.01334826648235321, 0.009876605123281479, 0.010580774396657944, 0.007141057401895523, 0.00741276890039444, 0.00916651263833046, 0.008556101471185684, 0.008446216583251953, 0.010946854948997498, 0.01085226982831955, 0.008714847266674042, 0.008782491087913513, 0.006366092711687088, 0.00956946611404419, 0.006542786955833435, 0.005485124886035919, 0.005521293729543686, 0.005926840007305145, 0.0058753639459609985, 0.005656789988279343, 0.005612757056951523, 0.005515769124031067, 0.005160395056009293, 0.005220863968133926, 0.005414601415395737, 0.005576968193054199, 0.00561276450753212, 0.005593597888946533, 0.006287489086389542, 0.006169259548187256, 0.007037259638309479, 0.006786506623029709, 0.006701253354549408, 0.006801731884479523, 0.007035795599222183, 0.006969533860683441, 0.00660300999879837, 0.00747675821185112, 0.00809132307767868, 0.008463840931653976, 0.008054099977016449, 0.008067183196544647, 0.008245319128036499, 0.007341790944337845, 0.007357098162174225, 0.008396856486797333, 0.007704846560955048, 0.0075319260358810425, 0.007958043366670609, 0.00895647332072258, 0.008473068475723267, 0.009379342198371887, 0.008900843560695648, 0.009601563215255737, 0.008507773280143738, 0.008057285100221634, 0.007513497024774551, 0.006732471287250519, 0.006843332201242447, 0.006321646273136139, 0.007350817322731018, 0.006591837853193283, 0.007111109793186188, 0.008044715970754623, 0.007376905530691147, 0.007901329547166824, 0.0073194317519664764, 0.008657287806272507, 0.007980193942785263, 0.007087625563144684, 0.007168564945459366, 0.006523694843053818, 0.006867945194244385, 0.007452737540006638, 0.005788974463939667, 0.006943371146917343, 0.005449105054140091, 0.005270671099424362, 0.004446592181921005, 0.0043673887848854065, 0.00399424135684967, 0.004215944558382034, 0.0038068704307079315, 0.0061847008764743805, 0.0052380673587322235, 0.005791079252958298, 0.0049027204513549805, 0.005053441971540451, 0.004307534545660019, 0.004621092230081558, 0.00524790957570076, 0.004516173154115677, 0.004977356642484665, 0.005695197731256485, 0.004388649016618729, 0.005387362092733383, 0.004869438707828522, 0.004491697996854782, 0.005488310009241104, 0.004411876201629639, 0.005166582763195038, 0.004592418670654297, 0.0048958659172058105, 0.004784267395734787, 0.004968632012605667, 0.004943326115608215, 0.004582200199365616, 0.005172818899154663, 0.0049290843307971954, 0.005130428820848465, 0.005424976348876953, 0.005041010677814484, 0.006496548652648926, 0.006021026521921158, 0.005773033946752548, 0.006809614598751068, 0.006219949573278427, 0.0057624466717243195, 0.00737028568983078, 0.007983408868312836, 0.008186385035514832, 0.008214510977268219, 0.009052984416484833, 0.009423185139894485, 0.010089300572872162, 0.009060733020305634, 0.009391788393259048, 0.010056532919406891, 0.010333552956581116, 0.010503239929676056, 0.01016966998577118, 0.009622093290090561, 0.011234644800424576, 0.011907342821359634, 0.011496145278215408, 0.012882154434919357, 0.012426391243934631, 0.012330081313848495, 0.012602139264345169, 0.014555836096405983, 0.017568664625287056, 0.018462203443050385, 0.0183146670460701, 0.016104504466056824, 0.014364277943968773, 0.014273835346102715, 0.015255069360136986, 0.015965227037668228, 0.01530563086271286, 0.015595819801092148, 0.01763038896024227, 0.017194487154483795, 0.017580492421984673, 0.018664361909031868, 0.015974560752511024, 0.017174215987324715, 0.018609771504998207, 0.01527138240635395, 0.017183778807520866, 0.015618516132235527, 0.013216549530625343, 0.01343822106719017, 0.013989664614200592, 0.013342151418328285, 0.013122158125042915, 0.015067005529999733, 0.014857569709420204, 0.014521894976496696, 0.015323927626013756, 0.017024025321006775, 0.018217990174889565, 0.018852362409234047, 0.01907646283507347, 0.01965589076280594, 0.01938246190547943, 0.019276514649391174, 0.018536770716309547, 0.01869341917335987, 0.01921597123146057, 0.019987288862466812, 0.019464900717139244, 0.018094947561621666, 0.017268523573875427, 0.017001431435346603, 0.014813559129834175, 0.01419721357524395, 0.013969263061881065, 0.012142430990934372, 0.0110090970993042, 0.010046616196632385, 0.008914515376091003, 0.007589198648929596, 0.00715724378824234, 0.006805777549743652, 0.006256289780139923, 0.005434982478618622, 0.004967086017131805, 0.004762187600135803, 0.004966966807842255, 0.004878614097833633, 0.004796277731657028, 0.004630178213119507, 0.004825711250305176, 0.005112465471029282, 0.004968415945768356, 0.004819359630346298, 0.005011327564716339, 0.00503801554441452, 0.005175802856683731, 0.004981059581041336, 0.004801984876394272, 0.005952138453722, 0.006347496062517166, 0.006230473518371582, 0.008123982697725296, 0.015709135681390762, 0.008020076900720596, 0.0059350766241550446, 0.005418691784143448, 0.005400910973548889, 0.005288500338792801, 0.005443025380373001, 0.00577186793088913, 0.005799934267997742, 0.005741886794567108, 0.006142187863588333, 0.005916375666856766, 0.006332363933324814, 0.007385950535535812, 0.007097247987985611, 0.008291319012641907, 0.007235419005155563, 0.006586674600839615, 0.006005123257637024, 0.006093859672546387, 0.005366567522287369, 0.005116403102874756, 0.005832567811012268, 0.006471022963523865, 0.007351979613304138, 0.008773881942033768, 0.010135535150766373, 0.011805407702922821, 0.014210803434252739, 0.026613494381308556, 0.03573374077677727, 0.037945982068777084, 0.03185271471738815, 0.027277478948235512, 0.022641684859991074, 0.019805867224931717, 0.014660034328699112, 0.010893791913986206, 0.010698340833187103, 0.00984874740242958, 0.01098792627453804, 0.011123653501272202, 0.01105695590376854, 0.010306470096111298, 0.010131746530532837, 0.010287582874298096, 0.010283827781677246, 0.01049451157450676, 0.011276666074991226, 0.010413888841867447, 0.009858064353466034, 0.01169736310839653, 0.012130655348300934, 0.010509837418794632, 0.011718537658452988, 0.01324690505862236, 0.013395622372627258, 0.012615572661161423, 0.011724803596735, 0.011726703494787216, 0.010990221053361893, 0.010798707604408264, 0.01102258637547493, 0.010176371783018112, 0.010966897010803223, 0.010588385164737701, 0.010405495762825012, 0.010309122502803802, 0.010477114468812943, 0.01015125960111618, 0.010537251830101013, 0.010766234248876572, 0.010519824922084808, 0.01084049791097641, 0.011939089745283127, 0.012365061789751053, 0.012304872274398804, 0.01272953674197197, 0.013274375349283218, 0.014121375977993011, 0.014347903430461884, 0.01453426107764244, 0.016763867810368538, 0.016883280128240585, 0.015737034380435944, 0.015096187591552734, 0.01621684432029724, 0.01785467565059662, 0.017406154423952103, 0.01600036211311817, 0.016609668731689453, 0.017567697912454605, 0.016490070149302483, 0.019999386742711067, 0.021944258362054825, 0.02568049356341362, 0.02410689927637577, 0.024729037657380104, 0.01666361466050148, 0.020251411944627762, 0.01946708932518959, 0.016007371246814728, 0.016216157004237175, 0.013447567820549011, 0.013294151052832603, 0.012813398614525795, 0.010229596868157387, 0.010279659181833267, 0.010401949286460876, 0.010732335969805717, 0.009787395596504211, 0.010033633559942245, 0.01494644582271576, 0.018166132271289825, 0.017858605831861496, 0.008823253214359283, 0.009029433131217957, 0.009801222011446953, 0.010897062718868256, 0.012801889330148697, 0.01177980750799179, 0.010932918637990952, 0.00942334532737732, 0.01081591472029686, 0.011426795274019241, 0.009938184171915054, 0.010122925043106079, 0.010594263672828674, 0.011635970324277878, 0.011692777276039124, 0.012056563049554825, 0.013848356902599335, 0.013236317783594131, 0.010652948170900345, 0.010874614119529724, 0.01197637990117073, 0.011290889233350754, 0.010545000433921814, 0.011075686663389206, 0.011646490544080734, 0.011797547340393066], 'L_grad': [0.011957651004195213, 0.01171841099858284, 0.012144781649112701, 0.011117395013570786, 0.011317760683596134, 0.011629223823547363, 0.011876033619046211, 0.010642873123288155, 0.010930977761745453, 0.010589703917503357, 0.009489449672400951, 0.009319414384663105, 0.009095788933336735, 0.009037869051098824, 0.008756248280405998, 0.00896397139877081, 0.008996212854981422, 0.009055107831954956, 0.008592849597334862, 0.008884395472705364, 0.008943993598222733, 0.00966164655983448, 0.010026897303760052, 0.011532624252140522, 0.012291572988033295, 0.013688728213310242, 0.015488723292946815, 0.013619738630950451, 0.012914237566292286, 0.012965986505150795, 0.013481480069458485, 0.014197958633303642, 0.014802727848291397, 0.014137571677565575, 0.012588545680046082, 0.013701032847166061, 0.013347789645195007, 0.011564673855900764, 0.010439648292958736, 0.00905760657042265, 0.009075402282178402, 0.00869827251881361, 0.008175012655556202, 0.008190939202904701, 0.008916676044464111, 0.008058018982410431, 0.008065294474363327, 0.00845720712095499, 0.00842609629034996, 0.008227360434830189, 0.008056243881583214, 0.007852302864193916, 0.007418552879244089, 0.007456700783222914, 0.0074367523193359375, 0.007465052418410778, 0.007549254223704338, 0.007622869219630957, 0.007642749696969986, 0.007997212931513786, 0.008589628152549267, 0.008622590452432632, 0.008699698373675346, 0.008087247610092163, 0.007769922725856304, 0.007364292163401842, 0.007321755401790142, 0.0072730667889118195, 0.007220650091767311, 0.007463544607162476, 0.007520669139921665, 0.007892109453678131, 0.008087814785540104, 0.008201612159609795, 0.008088991045951843, 0.009077683091163635, 0.010024501010775566, 0.010661480948328972, 0.01070273108780384, 0.00899484008550644, 0.009409933350980282, 0.009176794439554214, 0.009430786594748497, 0.010080548003315926, 0.01094034593552351, 0.011140485294163227, 0.011655095964670181, 0.011499233543872833, 0.011395204812288284, 0.011381620541214943, 0.010677924379706383, 0.010178809985518456, 0.00990171730518341, 0.010087279602885246, 0.01041339710354805, 0.009885133244097233, 0.009864101186394691, 0.009738344699144363, 0.009696506895124912, 0.00986503902822733, 0.010353723540902138, 0.011038956232368946, 0.011450953781604767, 0.011139932088553905, 0.011164680123329163, 0.011245735920965672, 0.011315583251416683, 0.011154090985655785, 0.010517132468521595, 0.01022181287407875, 0.010384251363575459, 0.00971713662147522, 0.0092058926820755, 0.008521690964698792, 0.008799615316092968, 0.009191845543682575, 0.009327767416834831, 0.009018482640385628, 0.00938611850142479, 0.010276219807565212, 0.01066022552549839, 0.010294082574546337, 0.00985706690698862, 0.009999789297580719, 0.009429685771465302, 0.009346822276711464, 0.009159347042441368, 0.009441294707357883, 0.009569124318659306, 0.010173464193940163, 0.009986162185668945, 0.010712269693613052, 0.010854214429855347, 0.010755742900073528, 0.010965767316520214, 0.012502873316407204, 0.013450639322400093, 0.013809289783239365, 0.014353690668940544, 0.015084976330399513, 0.014825966209173203, 0.014876633882522583, 0.015503841452300549, 0.014888184145092964, 0.01519821584224701, 0.013239105232059956, 0.012127331458032131, 0.010996432974934578, 0.010965765453875065, 0.011340964585542679, 0.01065843366086483, 0.009822697378695011, 0.01015174575150013, 0.009924197569489479, 0.009089510887861252, 0.009086094796657562, 0.008342236280441284, 0.009078821167349815, 0.008324566297233105, 0.007951880805194378, 0.007720103487372398, 0.007874537259340286, 0.007864898070693016, 0.008060254156589508, 0.008160947822034359, 0.007976099848747253, 0.007883140817284584, 0.00784924253821373, 0.008017580024898052, 0.00830837432295084, 0.008086562156677246, 0.008132667280733585, 0.008499450981616974, 0.008360160514712334, 0.00875012669712305, 0.008766373619437218, 0.008649315685033798, 0.008648156188428402, 0.008644451387226582, 0.008948810398578644, 0.00868451688438654, 0.008921608328819275, 0.009185579605400562, 0.009451859630644321, 0.009342865087091923, 0.009449915960431099, 0.009313127025961876, 0.008856143802404404, 0.008780390955507755, 0.008961334824562073, 0.008576887659728527, 0.008462311699986458, 0.008270513266324997, 0.008424448780715466, 0.008423523977398872, 0.008448573760688305, 0.008425061590969563, 0.008491371758282185, 0.008283678442239761, 0.007904855534434319, 0.007700223010033369, 0.007584470324218273, 0.007616602815687656, 0.00737614743411541, 0.007959595881402493, 0.007444456685334444, 0.0077757323160767555, 0.008276425302028656, 0.007962821051478386, 0.008278374560177326, 0.008160151541233063, 0.00860322080552578, 0.00871370080858469, 0.008199290372431278, 0.008546287193894386, 0.008361625485122204, 0.008490771055221558, 0.0084671750664711, 0.007823529653251171, 0.008726906031370163, 0.007771386299282312, 0.007819347083568573, 0.007522908970713615, 0.007692309096455574, 0.007261059246957302, 0.007382313255220652, 0.007431841921061277, 0.009425579570233822, 0.008774016052484512, 0.008714203722774982, 0.008301063440740108, 0.008510981686413288, 0.007739526219666004, 0.007899390533566475, 0.008391431532800198, 0.007734786719083786, 0.008071294054389, 0.0087880315259099, 0.007669191807508469, 0.008659551851451397, 0.008086523972451687, 0.0077554527670145035, 0.008626259863376617, 0.007684376556426287, 0.00845846813172102, 0.007713026367127895, 0.007935503497719765, 0.0077377799898386, 0.007906561717391014, 0.007778364233672619, 0.007436755578964949, 0.007902881130576134, 0.007662931457161903, 0.007751704193651676, 0.007861820049583912, 0.007530496455729008, 0.008374372497200966, 0.008086610585451126, 0.008014845661818981, 0.0084635429084301, 0.007991609163582325, 0.007431999780237675, 0.008838104084134102, 0.008914834819734097, 0.009085838682949543, 0.009016351774334908, 0.009559052996337414, 0.009744841605424881, 0.00982662383466959, 0.009367136284708977, 0.009535511955618858, 0.010028684511780739, 0.010055960156023502, 0.010149776935577393, 0.00997257698327303, 0.009663687087595463, 0.010691997595131397, 0.011223802343010902, 0.01088658720254898, 0.011777730658650398, 0.011565089225769043, 0.011671879328787327, 0.01178209763020277, 0.012675071135163307, 0.013887873850762844, 0.014014676213264465, 0.01379581168293953, 0.01279017049819231, 0.011283129453659058, 0.010952755808830261, 0.011372614651918411, 0.011737213470041752, 0.011431721970438957, 0.011782960966229439, 0.012646177783608437, 0.012206696905195713, 0.012470131739974022, 0.013015734031796455, 0.012187477201223373, 0.013306308537721634, 0.013547401875257492, 0.01220458373427391, 0.01279204711318016, 0.011797342449426651, 0.009773984551429749, 0.009120654314756393, 0.009133032523095608, 0.0087564243003726, 0.008549349382519722, 0.009155198000371456, 0.009061895310878754, 0.009050526656210423, 0.009341095574200153, 0.009924082085490227, 0.01042762491852045, 0.01062031276524067, 0.010702941566705704, 0.010930990800261497, 0.010848581790924072, 0.010985765606164932, 0.01086708065122366, 0.010905299335718155, 0.010890696197748184, 0.01116039976477623, 0.01131709199398756, 0.011253658682107925, 0.011254901066422462, 0.011055588722229004, 0.010152268223464489, 0.009848429821431637, 0.009724579751491547, 0.009402892552316189, 0.009061528369784355, 0.008820914663374424, 0.00864255428314209, 0.008458846248686314, 0.008907745592296124, 0.009030887857079506, 0.009232046082615852, 0.008524185046553612, 0.00799859594553709, 0.0077894930727779865, 0.00794308353215456, 0.007831468246877193, 0.008111516945064068, 0.008085615001618862, 0.008428222499787807, 0.008768869563937187, 0.008942599408328533, 0.008815476670861244, 0.008801016956567764, 0.008891653269529343, 0.008939229883253574, 0.008750959299504757, 0.008484959602355957, 0.008561113849282265, 0.008427332155406475, 0.008521543815732002, 0.00994010828435421, 0.012320118956267834, 0.010851245373487473, 0.008580995723605156, 0.00795639306306839, 0.00809566117823124, 0.008163855411112309, 0.008407030254602432, 0.008529569022357464, 0.008623369038105011, 0.008732412941753864, 0.009222617372870445, 0.0088837631046772, 0.009198812767863274, 0.009890280663967133, 0.009958853013813496, 0.010806793347001076, 0.009966048412024975, 0.009263456799089909, 0.008044520393013954, 0.008307707495987415, 0.008169420063495636, 0.007949532940983772, 0.008115366101264954, 0.008179856464266777, 0.008835259824991226, 0.009574292227625847, 0.010682881809771061, 0.011025186628103256, 0.01193450577557087, 0.013415297493338585, 0.014398057013750076, 0.015602434054017067, 0.01690284162759781, 0.01656826213002205, 0.015902385115623474, 0.015257162973284721, 0.013074496760964394, 0.010994000360369682, 0.010731992311775684, 0.010576799511909485, 0.010932303965091705, 0.010789573192596436, 0.010710984468460083, 0.010650474578142166, 0.01054284255951643, 0.010421213693916798, 0.010384183377027512, 0.010442165657877922, 0.011068190447986126, 0.010883333161473274, 0.01075595710426569, 0.011597487144172192, 0.01193548459559679, 0.011074329726397991, 0.012074274942278862, 0.012533098459243774, 0.012603545561432838, 0.012330290861427784, 0.011650606989860535, 0.011753816157579422, 0.011046336963772774, 0.010741222649812698, 0.010600141249597073, 0.010292326100170612, 0.010458792559802532, 0.010513863526284695, 0.010333218611776829, 0.01039524283260107, 0.010516896843910217, 0.010352298617362976, 0.01049138605594635, 0.010777762159705162, 0.010768692940473557, 0.010638558305799961, 0.011031342670321465, 0.01125703938305378, 0.011210978031158447, 0.011605780571699142, 0.011731304228305817, 0.012066113762557507, 0.011997285299003124, 0.01226854883134365, 0.013796603307127953, 0.013577640056610107, 0.012832412496209145, 0.01245071366429329, 0.013470683246850967, 0.01414428185671568, 0.013725422322750092, 0.013378359377384186, 0.013446761295199394, 0.013926425948739052, 0.013479435816407204, 0.015038887038826942, 0.015687843784689903, 0.016323275864124298, 0.015818234533071518, 0.01551702432334423, 0.012010225094854832, 0.013260511681437492, 0.013172456994652748, 0.012025263160467148, 0.012248575687408447, 0.01114319171756506, 0.011065812781453133, 0.010999312624335289, 0.009143993258476257, 0.009238217025995255, 0.009282572194933891, 0.00937896128743887, 0.008723887614905834, 0.009051110595464706, 0.01126551441848278, 0.011025679297745228, 0.010537611320614815, 0.008151916787028313, 0.008405154570937157, 0.008919937536120415, 0.009353868663311005, 0.00958107877522707, 0.009793713688850403, 0.009837579913437366, 0.008850294165313244, 0.009549340233206749, 0.009554721415042877, 0.008620197884738445, 0.008766867220401764, 0.009024091064929962, 0.009399514645338058, 0.009408434852957726, 0.010408607311546803, 0.010660003870725632, 0.010196570307016373, 0.009188136085867882, 0.009508187882602215, 0.009819108061492443, 0.009785624220967293, 0.009657975286245346, 0.00970768928527832, 0.010015706531703472, 0.004963341169059277]}
Saving current best: model_best.pth.tar ...
all losses in batch in validation:  {'loss': [0.016613531857728958, 0.01657130941748619, 0.0176931731402874, 0.01783151552081108, 0.017610885202884674, 0.019902803003787994, 0.019421622157096863, 0.02005220577120781, 0.024562571197748184, 0.024650249630212784, 0.020970221608877182, 0.015529166907072067, 0.015685079619288445, 0.01603740267455578, 0.015400775708258152, 0.016581028699874878, 0.016585519537329674, 0.01724948175251484, 0.0166583564132452, 0.01774192601442337, 0.01753336191177368, 0.01838400587439537, 0.01893136277794838, 0.019621592015028, 0.02046366035938263, 0.022913705557584763, 0.026406342163681984, 0.02854621410369873, 0.025230569764971733, 0.027226829901337624, 0.027794571593403816, 0.029485564678907394, 0.030650630593299866, 0.029171034693717957, 0.02510860003530979, 0.027900032699108124, 0.02710133045911789, 0.021636970341205597, 0.017566082999110222, 0.014935455285012722, 0.01538725197315216, 0.014125502668321133, 0.013147260993719101, 0.01283206045627594, 0.012766783125698566, 0.01179654709994793, 0.011982006952166557, 0.013175884261727333, 0.01313124317675829, 0.013121594674885273, 0.013254733756184578, 0.012838352471590042, 0.012076754122972488, 0.01213389728218317, 0.011860319413244724, 0.013009180314838886, 0.013322625309228897, 0.012465735897421837, 0.01280603464692831, 0.013904847204685211, 0.01585150882601738, 0.016671326011419296, 0.017673056572675705, 0.01591861993074417, 0.0138052087277174, 0.013280194252729416, 0.012311572209000587, 0.012228665873408318, 0.012339006178081036, 0.012303140014410019, 0.012010239064693451, 0.01220671460032463, 0.012228744104504585, 0.012479442171752453, 0.012908779084682465, 0.013530309312045574, 0.01347016729414463, 0.014059353619813919, 0.014232348650693893, 0.01419584546238184, 0.015084771439433098, 0.014217128045856953, 0.01534058153629303, 0.016420282423496246, 0.019110992550849915, 0.01971353590488434, 0.020746909081935883, 0.019605562090873718, 0.020237404853105545, 0.01958402618765831, 0.01907484233379364, 0.018331948667764664, 0.017247773706912994, 0.017198503017425537, 0.017268918454647064, 0.016856724396348, 0.016200194135308266, 0.016231607645750046, 0.016476593911647797, 0.017801258713006973, 0.01853066310286522, 0.019700445234775543, 0.020848887041211128, 0.019185403361916542, 0.01982346549630165, 0.019762272015213966, 0.019001731649041176, 0.019332166761159897, 0.01918666437268257, 0.017543170601129532, 0.017495203763246536, 0.01625717058777809, 0.014991771429777145, 0.014594834297895432, 0.015673741698265076, 0.015897419303655624, 0.015831172466278076, 0.01613171026110649, 0.016104407608509064, 0.01800740882754326, 0.02046576887369156, 0.019090615212917328, 0.01672440767288208, 0.016408070921897888, 0.015609486028552055, 0.01553510781377554, 0.01565651036798954, 0.0163775235414505, 0.015508214011788368, 0.017109274864196777, 0.017299044877290726, 0.01861194148659706, 0.019049394875764847, 0.018568815663456917, 0.019731145352125168, 0.021885434165596962, 0.023847604170441628, 0.025716599076986313, 0.026555240154266357, 0.02854214981198311, 0.028368210420012474, 0.028887806460261345, 0.02936408668756485, 0.02887563593685627, 0.03242863714694977, 0.024296125397086143, 0.02239559032022953, 0.018719006329774857, 0.02044462226331234, 0.021756550297141075, 0.018114283680915833, 0.014221897348761559, 0.012671994045376778, 0.01316564530134201, 0.011347523890435696, 0.010564289055764675, 0.010208046063780785, 0.009447104297578335, 0.00940414983779192, 0.01157347857952118, 0.010352175682783127, 0.010881762951612473, 0.010816416703164577, 0.013080371543765068, 0.013625201769173145, 0.01403520256280899, 0.01423105038702488, 0.012666470371186733, 0.012969561852514744, 0.013467255979776382, 0.013170906342566013, 0.013095490634441376, 0.014453653246164322, 0.014065805822610855, 0.014047155156731606, 0.013847634196281433, 0.01403970830142498, 0.014451678842306137, 0.013360319659113884, 0.013747652061283588, 0.01325194165110588, 0.013022131286561489, 0.014003782533109188, 0.0162307471036911, 0.01563798449933529, 0.01532126497477293, 0.014159049838781357, 0.01483644638210535, 0.01325011532753706, 0.015193412080407143, 0.014073237776756287, 0.014281373471021652, 0.015660548582673073, 0.01572735607624054, 0.016075558960437775, 0.016181837767362595, 0.015388313680887222, 0.015345750376582146, 0.015358986333012581, 0.014718218706548214, 0.014602875337004662, 0.014371441677212715, 0.015392256900668144, 0.013372755609452724, 0.015607910230755806, 0.015269692055881023, 0.015866361558437347, 0.01711949147284031, 0.01596789062023163, 0.01674053445458412, 0.015129199251532555, 0.015943706035614014, 0.01673474907875061, 0.014401283115148544, 0.014996537938714027, 0.014018534682691097, 0.01438968162983656, 0.015183473005890846, 0.013472390361130238, 0.015778526663780212, 0.014311229810118675, 0.013958814553916454, 0.012865524739027023, 0.012969039380550385, 0.011960834264755249, 0.011061618104577065, 0.011295279487967491, 0.014278097078204155, 0.012964459136128426, 0.012550882063806057, 0.0137357572093606, 0.013937462121248245, 0.012503859587013721, 0.01295984722673893, 0.014195907860994339, 0.011988796293735504, 0.012355126440525055, 0.014562327414751053, 0.011859121732413769, 0.01375721674412489, 0.012855897657573223, 0.012133993208408356, 0.014021250419318676, 0.01226128451526165, 0.01379904430359602, 0.012659713625907898, 0.013280603103339672, 0.012808081693947315, 0.01345752365887165, 0.013639569282531738, 0.012967994436621666, 0.013705129735171795, 0.013444124720990658, 0.013557229191064835, 0.014433042146265507, 0.013871400617063046, 0.015806440263986588, 0.015940243378281593, 0.01499621756374836, 0.01659473404288292, 0.01663941703736782, 0.015523163601756096, 0.017043784260749817, 0.018262099474668503, 0.018107257783412933, 0.018181942403316498, 0.019265053793787956, 0.020431527867913246, 0.019381048157811165, 0.01931004598736763, 0.02048354782164097, 0.02114870771765709, 0.021965734660625458, 0.022806741297245026, 0.022166412323713303, 0.021005287766456604, 0.023697666823863983, 0.02450709603726864, 0.02396942861378193, 0.025090176612138748, 0.024089090526103973, 0.02297951653599739, 0.022684935480356216, 0.022978734225034714, 0.02408834919333458, 0.02387804538011551, 0.024009257555007935, 0.02492021583020687, 0.024608958512544632, 0.024030733853578568, 0.025964219123125076, 0.028255678713321686, 0.026108067482709885, 0.02478422224521637, 0.025194251909852028, 0.02556241676211357, 0.024903468787670135, 0.03160431981086731, 0.026396825909614563, 0.03296087682247162, 0.04195317253470421, 0.043842051178216934, 0.04787304624915123, 0.0345301553606987, 0.029596911743283272, 0.03027397207915783, 0.02298937737941742, 0.022304557263851166, 0.021448347717523575, 0.022966481745243073, 0.021938610821962357, 0.024655330926179886, 0.025180432945489883, 0.025738639757037163, 0.028856031596660614, 0.027887551113963127, 0.028155049309134483, 0.028466541320085526, 0.028318699449300766, 0.031765878200531006, 0.03007640317082405, 0.028437454253435135, 0.029198113828897476, 0.02883278578519821, 0.030430372804403305, 0.030370578169822693, 0.027781695127487183, 0.026163414120674133, 0.02438870444893837, 0.022806700319051743, 0.022459328174591064, 0.021024320274591446, 0.019043108448386192, 0.017991945147514343, 0.01574058085680008, 0.014692343771457672, 0.01431678794324398, 0.014139375649392605, 0.01489176694303751, 0.014111035503447056, 0.013745840638875961, 0.013495774939656258, 0.013811895623803139, 0.014078046195209026, 0.01479726005345583, 0.014240323565900326, 0.014327329583466053, 0.014899584464728832, 0.015007149428129196, 0.013569597154855728, 0.013437195681035519, 0.014072873629629612, 0.014438674785196781, 0.013977712020277977, 0.014188435859978199, 0.014571042731404305, 0.014750858768820763, 0.015228217467665672, 0.015509940683841705, 0.015328352339565754, 0.015959136188030243, 0.01491191890090704, 0.014066225849092007, 0.013597817160189152, 0.01417514681816101, 0.01456173975020647, 0.014661971479654312, 0.014867324382066727, 0.015024310909211636, 0.016935544088482857, 0.016333352774381638, 0.016377680003643036, 0.017939217388629913, 0.01698038913309574, 0.019097035750746727, 0.017332954332232475, 0.01755678281188011, 0.01613030582666397, 0.016502678394317627, 0.014920893125236034, 0.01380894798785448, 0.01499936357140541, 0.015197054482996464, 0.017500005662441254, 0.019527163356542587, 0.022168520838022232, 0.022575443610548973, 0.022985856980085373, 0.03161494433879852, 0.03573194146156311, 0.03213326632976532, 0.026113014668226242, 0.02364930510520935, 0.025485098361968994, 0.024623215198516846, 0.0205375999212265, 0.01806800812482834, 0.01910874992609024, 0.018616024404764175, 0.01934497058391571, 0.018673308193683624, 0.019156448543071747, 0.018083631992340088, 0.01872825063765049, 0.018953043967485428, 0.019813943654298782, 0.0211096853017807, 0.022681698203086853, 0.023718470707535744, 0.02735178917646408, 0.029868843033909798, 0.030237672850489616, 0.026059512048959732, 0.023654017597436905, 0.0206990297883749, 0.02070179581642151, 0.022524602711200714, 0.02589567005634308, 0.028358163312077522, 0.028175512328743935, 0.024134669452905655, 0.021990779787302017, 0.02151709794998169, 0.02083754912018776, 0.020499737933278084, 0.022984236478805542, 0.02431907318532467, 0.025173068046569824, 0.024502761662006378, 0.02351462095975876, 0.023042339831590652, 0.024863962084054947, 0.025499418377876282, 0.027074329555034637, 0.02653741091489792, 0.02933463267982006, 0.03236941993236542, 0.03192467987537384, 0.03504927083849907, 0.03280540928244591, 0.03172655403614044, 0.032766036689281464, 0.029979154467582703, 0.0289345420897007, 0.026912666857242584, 0.025380264967679977, 0.025767268612980843, 0.026365507394075394, 0.024876676499843597, 0.023705678060650826, 0.024627070873975754, 0.025153804570436478, 0.02474791556596756, 0.02522365376353264, 0.026474472135305405, 0.02580701932311058, 0.025869108736515045, 0.0167594775557518, 0.017907708883285522, 0.020269451662898064, 0.01839442551136017, 0.018952690064907074, 0.01821793057024479, 0.017911434173583984, 0.018967848271131516, 0.017199192196130753, 0.016494665294885635, 0.016250040382146835, 0.017347656190395355, 0.016546837985515594, 0.01729443669319153, 0.017314396798610687, 0.018257101997733116, 0.0192599855363369, 0.02218259684741497, 0.01856512576341629, 0.02619587443768978, 0.028375938534736633, 0.029194727540016174, 0.023034706711769104, 0.022929605096578598, 0.017949800938367844, 0.02059209533035755, 0.030946310609579086, 0.025613440200686455, 0.027352705597877502, 0.027106596156954765, 0.028476905077695847, 0.025076914578676224, 0.03172335773706436, 0.03375256806612015, 0.029594430699944496, 0.03008289262652397, 0.029954351484775543, 0.029096020385622978, 0.026311326771974564, 0.027754899114370346, 0.02732827141880989, 0.028814852237701416, 0.016487540677189827], 'L_si': [0.007206480950117111, 0.007288563065230846, 0.007889201864600182, 0.00799568835645914, 0.007751058787107468, 0.00929165631532669, 0.008883747272193432, 0.009498083963990211, 0.013053054921329021, 0.01311166025698185, 0.010405967943370342, 0.006831185892224312, 0.006938697770237923, 0.007144223898649216, 0.006842980161309242, 0.007531540468335152, 0.007608065381646156, 0.008104490116238594, 0.007746189832687378, 0.008390730246901512, 0.008234063163399696, 0.008788563311100006, 0.008962908759713173, 0.009288627654314041, 0.009596863761544228, 0.01120670698583126, 0.013520335778594017, 0.01482359692454338, 0.012347454205155373, 0.013569420203566551, 0.013981176540255547, 0.01470249705016613, 0.015635645017027855, 0.014849493280053139, 0.012750929221510887, 0.014561934396624565, 0.013836786150932312, 0.01006571389734745, 0.00755753368139267, 0.00602303259074688, 0.006297977641224861, 0.00574745237827301, 0.005173422396183014, 0.004901105538010597, 0.004804717376828194, 0.004413014277815819, 0.004478646442294121, 0.005141302943229675, 0.005086779594421387, 0.005110373720526695, 0.005116073414683342, 0.004926491528749466, 0.0046541765332221985, 0.004723604768514633, 0.0045167226344347, 0.0051065776497125626, 0.005333468317985535, 0.004787517711520195, 0.004940589889883995, 0.005520131438970566, 0.006519343703985214, 0.007162999361753464, 0.00784715823829174, 0.006723735481500626, 0.005478531122207642, 0.005318282172083855, 0.004758808761835098, 0.004577634856104851, 0.004792980849742889, 0.004672421142458916, 0.004447637125849724, 0.004569968208670616, 0.004561169072985649, 0.004608782008290291, 0.004815898835659027, 0.005014622583985329, 0.004989590495824814, 0.0054229311645030975, 0.005355877801775932, 0.00530412420630455, 0.005751626566052437, 0.005379730835556984, 0.005965167656540871, 0.006475253030657768, 0.007922926917672157, 0.008226150646805763, 0.00896291434764862, 0.008220130577683449, 0.008571377024054527, 0.008116401731967926, 0.0079701729118824, 0.007714051753282547, 0.007156992331147194, 0.007127363234758377, 0.007094677537679672, 0.006928199902176857, 0.006523486226797104, 0.0064766425639390945, 0.006712896749377251, 0.007413148880004883, 0.007533174008131027, 0.008040789514780045, 0.00865415669977665, 0.007761619985103607, 0.008060965687036514, 0.007954591885209084, 0.0075109656900167465, 0.007833173498511314, 0.007703959941864014, 0.006752949208021164, 0.0067527275532484055, 0.005995709449052811, 0.005390150472521782, 0.005251064896583557, 0.005729613825678825, 0.0057130493223667145, 0.005751986056566238, 0.006080780178308487, 0.006109291687607765, 0.00719069316983223, 0.008699335157871246, 0.007592448964715004, 0.006325343623757362, 0.006013855338096619, 0.005616532638669014, 0.005702156573534012, 0.0056632403284311295, 0.00610068254172802, 0.0054766517132520676, 0.006247078999876976, 0.006548384204506874, 0.007349010556936264, 0.007393324747681618, 0.007275670766830444, 0.008072961121797562, 0.009345337748527527, 0.010346172377467155, 0.01154334843158722, 0.012045355513691902, 0.013288293033838272, 0.013060212135314941, 0.013039717450737953, 0.013935431838035583, 0.013816948980093002, 0.016300585120916367, 0.011100409552454948, 0.01026451587677002, 0.007649267092347145, 0.008874122053384781, 0.010043792426586151, 0.007652049884200096, 0.005471136420965195, 0.004761926829814911, 0.0052666813135147095, 0.004259554669260979, 0.0038991980254650116, 0.0036529581993818283, 0.0029988158494234085, 0.003122106194496155, 0.004101257771253586, 0.0034943968057632446, 0.003877757117152214, 0.003797832876443863, 0.005226479843258858, 0.005414655432105064, 0.0056474097073078156, 0.005877884104847908, 0.004616988822817802, 0.004988996312022209, 0.005304343998432159, 0.0052055008709430695, 0.004975924268364906, 0.005986075848340988, 0.005738005042076111, 0.005678001791238785, 0.005557538941502571, 0.005708884447813034, 0.005957089364528656, 0.005224524065852165, 0.005423007532954216, 0.005085952579975128, 0.004822175949811935, 0.005518388003110886, 0.0071210674941539764, 0.006617072969675064, 0.006367841735482216, 0.005713030695915222, 0.006324935704469681, 0.005249332636594772, 0.00674007274210453, 0.00596962682902813, 0.006012242287397385, 0.007203543558716774, 0.007297515869140625, 0.007715489715337753, 0.007784154266119003, 0.0071908216923475266, 0.007166700437664986, 0.007157793268561363, 0.006811792030930519, 0.0067976173013448715, 0.006476636976003647, 0.007246082648634911, 0.005800100043416023, 0.00738835334777832, 0.0071448832750320435, 0.007568648084998131, 0.008363641798496246, 0.007525073364377022, 0.007999269291758537, 0.00676090270280838, 0.007310977205634117, 0.007743798196315765, 0.0061662457883358, 0.0063524190336465836, 0.0057663992047309875, 0.005998630076646805, 0.006681822240352631, 0.005607157945632935, 0.007038267329335213, 0.006254544481635094, 0.0058437008410692215, 0.005047449842095375, 0.005109531804919243, 0.004644745960831642, 0.004158236086368561, 0.004185108467936516, 0.005828751251101494, 0.00508304126560688, 0.004928797483444214, 0.005572356283664703, 0.0056663695722818375, 0.004919014871120453, 0.005198419094085693, 0.005876289680600166, 0.0047127120196819305, 0.004886209964752197, 0.006107712164521217, 0.004650404676795006, 0.005673632025718689, 0.005152849480509758, 0.004765292629599571, 0.005807029083371162, 0.0048218294978141785, 0.005669029429554939, 0.005119429901242256, 0.005424002185463905, 0.005190752446651459, 0.005458807572722435, 0.005584333091974258, 0.0052825212478637695, 0.00571027398109436, 0.005598325282335281, 0.0056969597935676575, 0.006281062960624695, 0.005952417850494385, 0.007072966545820236, 0.007208783179521561, 0.006582900881767273, 0.007509509101510048, 0.007626315578818321, 0.007076019421219826, 0.007992757484316826, 0.008795002475380898, 0.008577575907111168, 0.008671889081597328, 0.009252794086933136, 0.009782755747437477, 0.009505126625299454, 0.009296661242842674, 0.010189186781644821, 0.010458645410835743, 0.011094537563621998, 0.01168845221400261, 0.01132405735552311, 0.010621080175042152, 0.012210098095238209, 0.012579258531332016, 0.012284047901630402, 0.012936578132212162, 0.01237529143691063, 0.011622529476881027, 0.01161353848874569, 0.011951020918786526, 0.012634492479264736, 0.012539376504719257, 0.01291475910693407, 0.013872032053768635, 0.013717422261834145, 0.013223450630903244, 0.014298290945589542, 0.015803880989551544, 0.014603952877223492, 0.013679674826562405, 0.013899335637688637, 0.0142252491787076, 0.013667897321283817, 0.017979083582758904, 0.014475437812507153, 0.018328268080949783, 0.025322478264570236, 0.026736676692962646, 0.029994307085871696, 0.019927792251110077, 0.016754064708948135, 0.01825006864964962, 0.013387240469455719, 0.013379815965890884, 0.012904228642582893, 0.013974130153656006, 0.013235485181212425, 0.014678901992738247, 0.015332091599702835, 0.015682853758335114, 0.018001161515712738, 0.017502084374427795, 0.017554709687829018, 0.0176142156124115, 0.017551638185977936, 0.019621387124061584, 0.01823498122394085, 0.017605071887373924, 0.01829058863222599, 0.018073152750730515, 0.019027691334486008, 0.01873847469687462, 0.01680905558168888, 0.015639305114746094, 0.014286022633314133, 0.013283082284033298, 0.013117805123329163, 0.011739706620573997, 0.010355559177696705, 0.0094362273812294, 0.007768930867314339, 0.006618821993470192, 0.006187185645103455, 0.005819074809551239, 0.0058919452130794525, 0.0053022075444459915, 0.005178598687052727, 0.0050653982907533646, 0.00515960156917572, 0.005361100658774376, 0.005676617845892906, 0.005303915590047836, 0.005301220342516899, 0.005586827173829079, 0.005566097795963287, 0.004887783899903297, 0.004790732637047768, 0.005092961713671684, 0.005262194201350212, 0.0051176827400922775, 0.005198780447244644, 0.005442343652248383, 0.005796853452920914, 0.0060128103941679, 0.006112558767199516, 0.0058339498937129974, 0.006243323907256126, 0.005878478288650513, 0.005482148379087448, 0.0050988271832466125, 0.005381185561418533, 0.005602529272437096, 0.005705991759896278, 0.005908781662583351, 0.00585692934691906, 0.006904086098074913, 0.00665920227766037, 0.006782662123441696, 0.007764188572764397, 0.007071919739246368, 0.00842890702188015, 0.0072669219225645065, 0.007666511461138725, 0.007200663909316063, 0.007235584780573845, 0.006072580814361572, 0.005435207858681679, 0.006478762254118919, 0.0068313200026750565, 0.008351964876055717, 0.009694098494946957, 0.01120015885680914, 0.011704709380865097, 0.011939669027924538, 0.01870528608560562, 0.02186104655265808, 0.01823481172323227, 0.013997725211083889, 0.012320366688072681, 0.013631751760840416, 0.012660747393965721, 0.009881524369120598, 0.008289925754070282, 0.009155163541436195, 0.00866570696234703, 0.009218517690896988, 0.008798472583293915, 0.009235326200723648, 0.008447859436273575, 0.008922534063458443, 0.009076524525880814, 0.009597942233085632, 0.010295135900378227, 0.011374013498425484, 0.011982688680291176, 0.014492250978946686, 0.016686882823705673, 0.016978546977043152, 0.013881849125027657, 0.012055140919983387, 0.010142900049686432, 0.010175066068768501, 0.011285903863608837, 0.013531905598938465, 0.015004799701273441, 0.015163748525083065, 0.012478921562433243, 0.01113994512706995, 0.01069676410406828, 0.010385544039309025, 0.010126828216016293, 0.011659394018352032, 0.012698950245976448, 0.012995623983442783, 0.012506622821092606, 0.011943239718675613, 0.011570649221539497, 0.012644805945456028, 0.013322415761649609, 0.014494192786514759, 0.014159333892166615, 0.016300547868013382, 0.018246542662382126, 0.01820082776248455, 0.02074531838297844, 0.018970299512147903, 0.018132023513317108, 0.018625900149345398, 0.01664065569639206, 0.01611478254199028, 0.014908076263964176, 0.013911306858062744, 0.01434658095240593, 0.014736339449882507, 0.013704719953238964, 0.012988024391233921, 0.013541911728680134, 0.013747447170317173, 0.013356844894587994, 0.013798289000988007, 0.014832723885774612, 0.014427775517106056, 0.0148460166528821, 0.008832020685076714, 0.009613527916371822, 0.010980562306940556, 0.009873604401946068, 0.009985520504415035, 0.009462830610573292, 0.009341142140328884, 0.010060991160571575, 0.009049474261701107, 0.008559112437069416, 0.008460216224193573, 0.009244835004210472, 0.008617671206593513, 0.009041777811944485, 0.00887646246701479, 0.009667755104601383, 0.010476211085915565, 0.0120162945240736, 0.009690499864518642, 0.014730393886566162, 0.016364149749279022, 0.017207277938723564, 0.012213236652314663, 0.012076407670974731, 0.008822635747492313, 0.010603279806673527, 0.017774228006601334, 0.013871347531676292, 0.015418527647852898, 0.014873015694320202, 0.01600228250026703, 0.01342413667589426, 0.01775374263525009, 0.019880689680576324, 0.016483619809150696, 0.017640382051467896, 0.017405174672603607, 0.01635168492794037, 0.014340019784867764, 0.015368892811238766, 0.015412437729537487, 0.016733333468437195, 0.011710150167346], 'L_grad': [0.009407050907611847, 0.009282746352255344, 0.009803971275687218, 0.009835826233029366, 0.009859826415777206, 0.010611146688461304, 0.010537874884903431, 0.010554121807217598, 0.011509517207741737, 0.01153858844190836, 0.010564254596829414, 0.008697981014847755, 0.008746381849050522, 0.008893178775906563, 0.00855779554694891, 0.009049488231539726, 0.008977454155683517, 0.009144991636276245, 0.008912166580557823, 0.009351196698844433, 0.009299298748373985, 0.00959544163197279, 0.009968453086912632, 0.010332964360713959, 0.010866796597838402, 0.011706997640430927, 0.012886006385087967, 0.01372261717915535, 0.01288311555981636, 0.013657409697771072, 0.01381339505314827, 0.014783068560063839, 0.015014984644949436, 0.014321540482342243, 0.012357670813798904, 0.013338098302483559, 0.013264544308185577, 0.011571256443858147, 0.010008549317717552, 0.008912422694265842, 0.0090892743319273, 0.008378050290048122, 0.007973838597536087, 0.007930954918265343, 0.007962065748870373, 0.007383532822132111, 0.007503360044211149, 0.008034581318497658, 0.008044463582336903, 0.008011220954358578, 0.008138660341501236, 0.007911860942840576, 0.007422578055411577, 0.007410292513668537, 0.007343596778810024, 0.007902602665126324, 0.007989156991243362, 0.0076782177202403545, 0.007865444757044315, 0.008384715765714645, 0.00933216605335474, 0.009508326649665833, 0.009825898334383965, 0.009194883517920971, 0.008326677605509758, 0.007961912080645561, 0.007552763447165489, 0.007651031482964754, 0.007546025328338146, 0.0076307193376123905, 0.007562602404505014, 0.007636745925992727, 0.007667575031518936, 0.007870660163462162, 0.008092880249023438, 0.008515686728060246, 0.008480576798319817, 0.008636422455310822, 0.008876470848917961, 0.00889172125607729, 0.009333144873380661, 0.008837397210299969, 0.009375413879752159, 0.009945029392838478, 0.011188065633177757, 0.011487384326756, 0.011783995665609837, 0.011385432444512844, 0.011666028760373592, 0.011467625387012959, 0.011104668490588665, 0.010617895983159542, 0.010090780444443226, 0.01007113978266716, 0.010174241848289967, 0.009928524494171143, 0.009676707908511162, 0.009754964150488377, 0.009763696230947971, 0.010388108901679516, 0.010997489094734192, 0.011659654788672924, 0.012194730341434479, 0.011423783376812935, 0.011762499809265137, 0.011807680130004883, 0.01149076595902443, 0.011498993262648582, 0.011482704430818558, 0.010790222324430943, 0.01074247620999813, 0.010261462070047855, 0.009601620957255363, 0.009343769401311874, 0.009944126941263676, 0.01018436998128891, 0.010079186409711838, 0.010050931014120579, 0.009995115920901299, 0.010816715657711029, 0.011766432784497738, 0.011498167179524899, 0.010399064049124718, 0.01039421558380127, 0.009992953389883041, 0.009832951240241528, 0.00999327003955841, 0.010276841931045055, 0.0100315622985363, 0.010862196795642376, 0.010750661604106426, 0.011262931860983372, 0.011656070128083229, 0.011293144896626472, 0.01165818516165018, 0.012540096417069435, 0.013501431792974472, 0.014173250645399094, 0.014509884640574455, 0.015253856778144836, 0.015307998284697533, 0.01584808900952339, 0.015428655780851841, 0.015058686956763268, 0.01612805388867855, 0.013195715844631195, 0.01213107444345951, 0.011069739237427711, 0.011570500209927559, 0.011712757870554924, 0.010462232865393162, 0.008750760927796364, 0.007910067215561867, 0.007898963987827301, 0.007087969221174717, 0.0066650910302996635, 0.006555087398737669, 0.006448288448154926, 0.006282043643295765, 0.007472220342606306, 0.0068577793426811695, 0.007004006300121546, 0.007018583826720715, 0.00785389170050621, 0.008210546337068081, 0.008387792855501175, 0.008353166282176971, 0.00804948154836893, 0.007980565540492535, 0.008162911981344223, 0.007965405471622944, 0.00811956636607647, 0.008467577397823334, 0.008327800780534744, 0.00836915336549282, 0.008290095254778862, 0.008330823853611946, 0.008494589477777481, 0.008135795593261719, 0.008324644528329372, 0.008165989071130753, 0.008199955336749554, 0.008485394529998302, 0.009109679609537125, 0.009020911529660225, 0.008953423239290714, 0.008446019142866135, 0.00851151067763567, 0.008000782690942287, 0.008453339338302612, 0.008103610947728157, 0.008269131183624268, 0.008457005023956299, 0.008429840207099915, 0.008360069245100021, 0.008397683501243591, 0.008197491988539696, 0.00817904993891716, 0.008201193064451218, 0.007906426675617695, 0.00780525803565979, 0.007894804701209068, 0.008146174252033234, 0.007572655566036701, 0.008219556882977486, 0.00812480878084898, 0.008297713473439217, 0.008755849674344063, 0.008442817255854607, 0.008741266094148159, 0.008368296548724174, 0.008632727898657322, 0.00899094995111227, 0.008235037326812744, 0.008644118905067444, 0.00825213547796011, 0.008391051553189754, 0.008501650765538216, 0.007865232415497303, 0.008740260265767574, 0.008056685328483582, 0.008115113712847233, 0.007818074896931648, 0.007859507575631142, 0.007316088769584894, 0.006903382018208504, 0.007110171485692263, 0.008449345827102661, 0.007881417870521545, 0.007622084580361843, 0.008163400925695896, 0.008271092548966408, 0.007584844715893269, 0.007761428132653236, 0.008319618180394173, 0.007276084274053574, 0.007468916475772858, 0.008454615250229836, 0.007208717055618763, 0.0080835847184062, 0.007703048177063465, 0.0073687005788087845, 0.008214221335947514, 0.007439455017447472, 0.00813001487404108, 0.007540283724665642, 0.007856600917875767, 0.0076173292472958565, 0.007998716086149216, 0.00805523619055748, 0.007685473188757896, 0.007994855754077435, 0.007845799438655376, 0.007860269397497177, 0.008151979185640812, 0.00791898276656866, 0.008733473718166351, 0.008731460198760033, 0.008413316681981087, 0.009085225872695446, 0.0090131014585495, 0.00844714418053627, 0.009051025845110416, 0.00946709793061018, 0.009529681876301765, 0.00951005332171917, 0.01001225970685482, 0.010648772120475769, 0.009875921532511711, 0.01001338567584753, 0.010294361039996147, 0.010690063238143921, 0.010871196165680885, 0.011118290014564991, 0.010842354036867619, 0.010384206660091877, 0.011487569659948349, 0.011927837505936623, 0.011685380712151527, 0.01215359941124916, 0.011713799089193344, 0.011356987059116364, 0.011071396991610527, 0.011027712374925613, 0.011453857645392418, 0.011338667944073677, 0.011094499379396439, 0.011048183776438236, 0.010891536250710487, 0.010807284153997898, 0.011665929108858109, 0.012451797723770142, 0.011504115536808968, 0.01110454648733139, 0.011294916272163391, 0.011337166652083397, 0.011235572397708893, 0.013625238090753555, 0.011921389028429985, 0.01463260967284441, 0.016630694270133972, 0.017105374485254288, 0.017878739163279533, 0.014602364972233772, 0.012842847034335136, 0.01202390342950821, 0.0096021369099617, 0.008924740366637707, 0.008544120006263256, 0.008992350660264492, 0.008703125640749931, 0.009976428933441639, 0.009848340414464474, 0.01005578599870205, 0.010854869149625301, 0.010385466739535332, 0.010600339621305466, 0.010852325707674026, 0.01076706126332283, 0.012144489213824272, 0.011841422878205776, 0.010832381434738636, 0.010907525196671486, 0.010759633034467697, 0.011402681469917297, 0.011632103472948074, 0.010972639545798302, 0.01052410900592804, 0.010102680884301662, 0.009523618035018444, 0.009341523051261902, 0.009284612722694874, 0.008687549270689487, 0.008555718697607517, 0.00797164998948574, 0.00807352177798748, 0.008129602298140526, 0.008320300839841366, 0.008999821729958057, 0.008808827959001064, 0.008567241951823235, 0.008430376648902893, 0.008652294054627419, 0.00871694553643465, 0.009120642207562923, 0.00893640797585249, 0.009026109240949154, 0.009312757290899754, 0.009441051632165909, 0.00868181325495243, 0.008646463043987751, 0.008979911915957928, 0.009176480583846569, 0.0088600292801857, 0.008989655412733555, 0.009128699079155922, 0.008954005315899849, 0.009215407073497772, 0.009397381916642189, 0.009494402445852757, 0.009715813212096691, 0.009033440612256527, 0.008584077470004559, 0.00849898997694254, 0.008793961256742477, 0.008959210477769375, 0.008955979719758034, 0.008958542719483376, 0.009167381562292576, 0.010031457990407944, 0.009674150496721268, 0.009595018811523914, 0.010175028815865517, 0.009908469393849373, 0.010668128728866577, 0.010066032409667969, 0.009890271350741386, 0.008929641917347908, 0.009267092682421207, 0.008848312310874462, 0.008373740129172802, 0.008520601317286491, 0.008365734480321407, 0.009148040786385536, 0.00983306486159563, 0.010968361981213093, 0.010870734229683876, 0.011046187952160835, 0.012909658253192902, 0.01387089304625988, 0.01389845460653305, 0.012115290388464928, 0.011328937485814095, 0.011853345669806004, 0.011962467804551125, 0.010656075552105904, 0.009778083302080631, 0.00995358545333147, 0.00995031651109457, 0.010126451961696148, 0.009874834679067135, 0.009921123273670673, 0.009635773487389088, 0.009805716574192047, 0.00987651851028204, 0.010216000489890575, 0.010814550332725048, 0.011307685635983944, 0.011735782027244568, 0.012859538197517395, 0.013181960210204124, 0.013259125873446465, 0.012177661992609501, 0.011598877608776093, 0.010556129738688469, 0.010526730678975582, 0.011238699778914452, 0.012363765388727188, 0.013353363610804081, 0.01301176380366087, 0.011655746959149837, 0.010850835591554642, 0.010820334777235985, 0.01045200414955616, 0.010372909717261791, 0.011324841529130936, 0.01162012293934822, 0.012177443131804466, 0.011996137909591198, 0.01157138217240572, 0.011471690610051155, 0.012219155207276344, 0.012177002616226673, 0.012580137699842453, 0.01237807609140873, 0.013034084811806679, 0.014122877269983292, 0.01372385025024414, 0.01430395245552063, 0.013835109770298004, 0.013594532385468483, 0.014140138402581215, 0.013338498771190643, 0.012819760479032993, 0.012004591524600983, 0.011468958109617233, 0.011420687660574913, 0.011629167012870312, 0.011171957477927208, 0.010717653669416904, 0.011085160076618195, 0.01140635646879673, 0.011391070671379566, 0.011425364762544632, 0.011641747318208218, 0.011379243806004524, 0.01102309301495552, 0.007927456870675087, 0.008294181898236275, 0.009288889355957508, 0.0085208211094141, 0.008967170491814613, 0.008755099959671497, 0.008570292964577675, 0.00890685711055994, 0.008149717934429646, 0.007935551926493645, 0.007789824157953262, 0.008102821186184883, 0.007929167710244656, 0.008252659812569618, 0.008437935262918472, 0.008589346893131733, 0.008783775381743908, 0.01016630232334137, 0.008874626830220222, 0.011465480551123619, 0.012011788785457611, 0.01198744960129261, 0.010821470990777016, 0.010853198356926441, 0.00912716519087553, 0.009988815523684025, 0.013172082602977753, 0.011742092669010162, 0.011934177950024605, 0.012233580462634563, 0.012474622577428818, 0.011652778834104538, 0.01396961696445942, 0.013871876522898674, 0.0131108108907938, 0.012442510575056076, 0.012549175880849361, 0.01274433545768261, 0.011971307918429375, 0.01238600630313158, 0.011915833689272404, 0.012081519700586796, 0.004777390044182539]}
Saving current best: model_best.pth.tar ...
all losses in batch in validation:  {'loss': [0.014913957566022873, 0.015584051609039307, 0.015894588083028793, 0.016047721728682518, 0.01556672714650631, 0.015757553279399872, 0.01579063944518566, 0.015567177906632423, 0.01684594713151455, 0.016181550920009613, 0.015535114333033562, 0.015668177977204323, 0.015528813935816288, 0.01577724702656269, 0.015237166546285152, 0.01563262939453125, 0.01615418866276741, 0.016536343842744827, 0.015922091901302338, 0.01643187366425991, 0.016227059066295624, 0.017111334949731827, 0.017226099967956543, 0.017578385770320892, 0.018055211752653122, 0.02065958082675934, 0.023216277360916138, 0.023314569145441055, 0.02217737026512623, 0.02396765723824501, 0.02556118741631508, 0.026970379054546356, 0.029528601095080376, 0.027806714177131653, 0.024300090968608856, 0.02616201341152191, 0.020474251359701157, 0.014597880654036999, 0.014351489953696728, 0.014301531948149204, 0.014375823549926281, 0.013784000650048256, 0.012876395136117935, 0.012408405542373657, 0.012370936572551727, 0.011587710119783878, 0.011407693848013878, 0.012881658971309662, 0.012475213967263699, 0.011468727141618729, 0.011484003625810146, 0.011264177970588207, 0.011091509833931923, 0.011354725807905197, 0.01130517479032278, 0.011822907254099846, 0.011494401842355728, 0.011655865237116814, 0.011898400261998177, 0.012625956907868385, 0.013822621665894985, 0.013604299165308475, 0.012732523493468761, 0.011878125369548798, 0.011816887184977531, 0.011548543348908424, 0.011753416620194912, 0.011431567370891571, 0.01140503864735365, 0.011372643522918224, 0.01146378368139267, 0.011434206739068031, 0.011621897108852863, 0.011925154365599155, 0.01219082996249199, 0.013216380029916763, 0.013041581027209759, 0.012513832189142704, 0.012627762742340565, 0.013018925674259663, 0.01385385449975729, 0.013784155249595642, 0.014253470115363598, 0.014685211703181267, 0.016145408153533936, 0.0175437331199646, 0.01810409687459469, 0.0163007490336895, 0.016156379133462906, 0.015975089743733406, 0.015949193388223648, 0.01596834696829319, 0.015625573694705963, 0.016005732119083405, 0.016376905143260956, 0.015486394055187702, 0.015112877823412418, 0.015274197794497013, 0.015502898022532463, 0.01638583280146122, 0.01681102067232132, 0.017085524275898933, 0.01900661364197731, 0.01779085025191307, 0.017594963312149048, 0.017193762585520744, 0.017054591327905655, 0.01677071675658226, 0.016602773219347, 0.01532408595085144, 0.015236551873385906, 0.014268701896071434, 0.01304519921541214, 0.012823793105781078, 0.0134545573964715, 0.013746805489063263, 0.013679376803338528, 0.013938961550593376, 0.013790642842650414, 0.015126575715839863, 0.014593583531677723, 0.013856414705514908, 0.01298760250210762, 0.013715167529881, 0.01288615446537733, 0.013226490467786789, 0.013369222171604633, 0.014235654845833778, 0.014353333972394466, 0.016127489507198334, 0.01594175025820732, 0.01761523261666298, 0.017706483602523804, 0.016813065856695175, 0.017243146896362305, 0.01955745369195938, 0.022456755861639977, 0.024217840284109116, 0.023857388645410538, 0.024842485785484314, 0.02417701855301857, 0.02464708685874939, 0.027198240160942078, 0.025819305330514908, 0.024654585868120193, 0.022753538563847542, 0.021415743976831436, 0.017984354868531227, 0.017779529094696045, 0.01825414039194584, 0.017514580860733986, 0.016711082309484482, 0.016812853515148163, 0.01775316521525383, 0.012497217394411564, 0.010872315615415573, 0.010904163122177124, 0.012092485092580318, 0.009289290755987167, 0.009980576112866402, 0.009196220897138119, 0.00992918387055397, 0.009710774756968021, 0.010372492484748363, 0.010516487061977386, 0.010814783163368702, 0.009988266974687576, 0.010198809206485748, 0.011038916185498238, 0.011255638673901558, 0.011989735066890717, 0.011932523921132088, 0.013254589401185513, 0.012865908443927765, 0.014160800725221634, 0.013912463560700417, 0.014075201004743576, 0.013661129400134087, 0.011949131265282631, 0.011970404535531998, 0.01198447123169899, 0.013042828068137169, 0.013392625376582146, 0.014822060242295265, 0.01464902050793171, 0.01450044009834528, 0.014552031643688679, 0.014080565422773361, 0.012797808274626732, 0.01587444357573986, 0.013375550508499146, 0.01403226051479578, 0.01365321222692728, 0.01456058956682682, 0.015242821536958218, 0.014669627882540226, 0.013882177881896496, 0.013621861115098, 0.012388425879180431, 0.012252223677933216, 0.010557177476584911, 0.012358376756310463, 0.01247676182538271, 0.012569867074489594, 0.013887698762118816, 0.014517686329782009, 0.01646369695663452, 0.016520433127880096, 0.01528441533446312, 0.015811774879693985, 0.013822561129927635, 0.015296105295419693, 0.014683077111840248, 0.012963760644197464, 0.012777415104210377, 0.013738670386373997, 0.013314824551343918, 0.013265023939311504, 0.010378590784966946, 0.012908769771456718, 0.01141398772597313, 0.011114746332168579, 0.010706651024520397, 0.011442789807915688, 0.010796991176903248, 0.009878508746623993, 0.010077619925141335, 0.012697874568402767, 0.011241910047829151, 0.011149480938911438, 0.012204013764858246, 0.012873304076492786, 0.011092036962509155, 0.01204119436442852, 0.01269935816526413, 0.010912437923252583, 0.011486466974020004, 0.013554063625633717, 0.010691585950553417, 0.012876261956989765, 0.011992108076810837, 0.011454274877905846, 0.013754969462752342, 0.011530405841767788, 0.013378656469285488, 0.012591114267706871, 0.01274186186492443, 0.012887210585176945, 0.013129690662026405, 0.01276153139770031, 0.012315100990235806, 0.013118945993483067, 0.012928932905197144, 0.013022679835557938, 0.013724813237786293, 0.01310670841485262, 0.01464681327342987, 0.013683263212442398, 0.012880943715572357, 0.014561574906110764, 0.01493212953209877, 0.013384595513343811, 0.015292832627892494, 0.0164700448513031, 0.016594549641013145, 0.01658979058265686, 0.01718512549996376, 0.01826922595500946, 0.01820075511932373, 0.017917905002832413, 0.01859910599887371, 0.01992921531200409, 0.020420825108885765, 0.020365970209240913, 0.02029099315404892, 0.01878960244357586, 0.02190139889717102, 0.022597521543502808, 0.021270878612995148, 0.023295648396015167, 0.022200532257556915, 0.021504003554582596, 0.020923074334859848, 0.020604867488145828, 0.02237153798341751, 0.022633904591202736, 0.023126114159822464, 0.024365423247218132, 0.02367199957370758, 0.023865703493356705, 0.02487114444375038, 0.026209339499473572, 0.02430088073015213, 0.02279912307858467, 0.021794866770505905, 0.019915958866477013, 0.019784336909651756, 0.02086489088833332, 0.020576227456331253, 0.02330688200891018, 0.029784496873617172, 0.03890328109264374, 0.04136943072080612, 0.03136945888400078, 0.026541542261838913, 0.025490611791610718, 0.023470504209399223, 0.023114729672670364, 0.023363854736089706, 0.024213768541812897, 0.024162936955690384, 0.024133026599884033, 0.025207556784152985, 0.029673999175429344, 0.03030245378613472, 0.0312747061252594, 0.031814612448215485, 0.03148594871163368, 0.03200492635369301, 0.033186011016368866, 0.032762881368398666, 0.032480642199516296, 0.03418790549039841, 0.03353012353181839, 0.034005146473646164, 0.0334668904542923, 0.032485976815223694, 0.032174184918403625, 0.0286600012332201, 0.027456387877464294, 0.02723349817097187, 0.024087999016046524, 0.02174438163638115, 0.02058553695678711, 0.01861376315355301, 0.017399882897734642, 0.015702344477176666, 0.015309677459299564, 0.014636882580816746, 0.014084864407777786, 0.013180973939597607, 0.013344215229153633, 0.013702262192964554, 0.013781351037323475, 0.014284860342741013, 0.01361690554767847, 0.013443928211927414, 0.014115923084318638, 0.013364815153181553, 0.012782039120793343, 0.012738300487399101, 0.012794610112905502, 0.01293997187167406, 0.012967530637979507, 0.013208053074777126, 0.014093196019530296, 0.01450358796864748, 0.014978696592152119, 0.01567307859659195, 0.015000821091234684, 0.015049832873046398, 0.013887919485569, 0.01363713201135397, 0.013437841087579727, 0.013613294810056686, 0.01365591585636139, 0.013932537287473679, 0.013726279139518738, 0.013824297115206718, 0.015039697289466858, 0.013999288901686668, 0.014773990027606487, 0.01558896154165268, 0.01547051128000021, 0.01563906855881214, 0.01543937623500824, 0.015310199931263924, 0.014050447382032871, 0.015226148068904877, 0.013921803794801235, 0.013436381705105305, 0.013751030899584293, 0.013704461976885796, 0.014925594441592693, 0.015783751383423805, 0.017933528870344162, 0.0186555627733469, 0.020028531551361084, 0.02835625410079956, 0.02829832211136818, 0.020851340144872665, 0.022449050098657608, 0.02076401561498642, 0.02323596179485321, 0.022141462191939354, 0.019604496657848358, 0.01631791517138481, 0.01584945246577263, 0.016620468348264694, 0.016644297167658806, 0.01693677343428135, 0.016335347667336464, 0.016296379268169403, 0.016443459317088127, 0.01681109517812729, 0.016253270208835602, 0.016388248652219772, 0.017281994223594666, 0.01679067872464657, 0.01779027283191681, 0.017183037474751472, 0.017295392230153084, 0.017230425029993057, 0.016893282532691956, 0.018004266545176506, 0.0181422121822834, 0.018641557544469833, 0.018825408071279526, 0.01883130893111229, 0.01925305649638176, 0.019180232658982277, 0.01961055025458336, 0.019944366067647934, 0.01909457892179489, 0.01928659901022911, 0.019222799688577652, 0.019897036254405975, 0.019966457039117813, 0.02016599476337433, 0.020915556699037552, 0.021410658955574036, 0.02100176177918911, 0.01988147385418415, 0.020528161898255348, 0.02088300511240959, 0.02109413594007492, 0.021676931530237198, 0.021559081971645355, 0.02144327387213707, 0.02254607528448105, 0.02246399223804474, 0.024321747943758965, 0.023866504430770874, 0.023646565154194832, 0.023062799125909805, 0.023555023595690727, 0.024461809545755386, 0.024013198912143707, 0.02293986640870571, 0.021758828312158585, 0.02166697569191456, 0.02126123569905758, 0.020719753578305244, 0.0215913113206625, 0.022571386769413948, 0.022780440747737885, 0.02272537164390087, 0.016215667128562927, 0.01770564541220665, 0.017481449991464615, 0.018102550879120827, 0.01789739914238453, 0.018477577716112137, 0.020063545554876328, 0.021014893427491188, 0.019219262525439262, 0.020089630037546158, 0.01826132833957672, 0.02156771346926689, 0.021956462413072586, 0.02097918838262558, 0.03214620426297188, 0.035917747765779495, 0.030891211703419685, 0.019588351249694824, 0.01749943569302559, 0.01949271932244301, 0.024707704782485962, 0.025170069187879562, 0.02285655401647091, 0.019328799098730087, 0.01909569837152958, 0.020785897970199585, 0.020205456763505936, 0.01922352984547615, 0.019342191517353058, 0.01978546939790249, 0.02083582803606987, 0.019936729222536087, 0.02006467618048191, 0.02113422565162182, 0.020931150764226913, 0.020294640213251114, 0.019856730476021767, 0.02070499211549759, 0.02118450216948986, 0.020640665665268898, 0.020288582891225815, 0.02118244394659996, 0.016553988680243492], 'L_si': [0.006602866109460592, 0.006947966758161783, 0.007120443973690271, 0.007297912146896124, 0.006993644405156374, 0.007153345737606287, 0.007167367730289698, 0.0070488955825567245, 0.0076975044794380665, 0.00740308640524745, 0.007017015013843775, 0.0070700678043067455, 0.0069695040583610535, 0.007116610184311867, 0.006853767670691013, 0.007044335827231407, 0.007444105111062527, 0.007742768619209528, 0.007335765287280083, 0.0076181418262422085, 0.007423329167068005, 0.008059279061853886, 0.008001496084034443, 0.008159748278558254, 0.00837648008018732, 0.009993205778300762, 0.011691730469465256, 0.01148065086454153, 0.010523378849029541, 0.011547176167368889, 0.01255168579518795, 0.013245136477053165, 0.015008751302957535, 0.014393419027328491, 0.012485986575484276, 0.014505341649055481, 0.009941847063601017, 0.006162252277135849, 0.005978425033390522, 0.005968316458165646, 0.006016773171722889, 0.0056836241856217384, 0.005329148843884468, 0.004932403564453125, 0.004874595440924168, 0.004538176581263542, 0.004334104247391224, 0.005191918462514877, 0.004963603802025318, 0.004405065439641476, 0.004367263987660408, 0.004308632574975491, 0.00434067752212286, 0.004533793777227402, 0.004469540901482105, 0.0046250419691205025, 0.004437347874045372, 0.004509708844125271, 0.004663641564548016, 0.005037459544837475, 0.005488967522978783, 0.005456550978124142, 0.004937169142067432, 0.004566268064081669, 0.0046540191397070885, 0.004515904933214188, 0.004599069245159626, 0.004318758845329285, 0.004375011660158634, 0.004329361021518707, 0.004326571710407734, 0.004321531392633915, 0.0043542757630348206, 0.004479389637708664, 0.004550679586827755, 0.004910625517368317, 0.004729642532765865, 0.004606249742209911, 0.0046678148210048676, 0.0048758890479803085, 0.0052107395604252815, 0.005150358192622662, 0.005424736998975277, 0.005630124360322952, 0.0064086103811860085, 0.007125440984964371, 0.007437880150973797, 0.006398617289960384, 0.006382910534739494, 0.006379162892699242, 0.006630449555814266, 0.006766366772353649, 0.006507697515189648, 0.006747802719473839, 0.006891059689223766, 0.006449365057051182, 0.0062558576464653015, 0.006216160021722317, 0.006420403718948364, 0.006943698972463608, 0.0070099299773573875, 0.006945755332708359, 0.0079583078622818, 0.007235926575958729, 0.0070668598636984825, 0.006753532215952873, 0.006756329908967018, 0.00664413720369339, 0.006546461954712868, 0.0058746058493852615, 0.005776871927082539, 0.005281188525259495, 0.004640938714146614, 0.0045553529635071754, 0.0047141313552856445, 0.004807911813259125, 0.004804258234798908, 0.005083741620182991, 0.00500138197094202, 0.005712262354791164, 0.0054743727669119835, 0.0050274888053536415, 0.004615133628249168, 0.004910443909466267, 0.004571491852402687, 0.004800422117114067, 0.004771403037011623, 0.005298330448567867, 0.005176715552806854, 0.006049308925867081, 0.005926359444856644, 0.0068480269983410835, 0.0068552615121006966, 0.006480176001787186, 0.00678460206836462, 0.008043074980378151, 0.009652981534600258, 0.010669022798538208, 0.010396087542176247, 0.011057805269956589, 0.010556260123848915, 0.01059805043041706, 0.012863392010331154, 0.012183785438537598, 0.010968218557536602, 0.009998382069170475, 0.009687148034572601, 0.007388539612293243, 0.007497662678360939, 0.008029155433177948, 0.007644925266504288, 0.007619990035891533, 0.008093614131212234, 0.009143702685832977, 0.005297794938087463, 0.004203999415040016, 0.004133833572268486, 0.005035346373915672, 0.0032153967767953873, 0.0033336617052555084, 0.002977750264108181, 0.00338614359498024, 0.0032398998737335205, 0.0035125259310007095, 0.0035390155389904976, 0.0037041623145341873, 0.0032501844689249992, 0.003362509422004223, 0.003835979849100113, 0.004018772393465042, 0.004514811560511589, 0.004396275617182255, 0.0052517857402563095, 0.005139949731528759, 0.005982453003525734, 0.005846595391631126, 0.006003418006002903, 0.005715499632060528, 0.004611586220562458, 0.004483512602746487, 0.004534847103059292, 0.005116653628647327, 0.005359752103686333, 0.0062888264656066895, 0.0061513278633356094, 0.006001506932079792, 0.006129522807896137, 0.00596070010215044, 0.005162574350833893, 0.007523662410676479, 0.005733015015721321, 0.00607856921851635, 0.0059905750676989555, 0.006783539429306984, 0.00726458802819252, 0.006949746981263161, 0.006337815895676613, 0.006325738504528999, 0.005135040730237961, 0.005114749073982239, 0.003960045054554939, 0.005281694233417511, 0.005344003438949585, 0.005525763146579266, 0.00633042398840189, 0.006933184340596199, 0.008428135886788368, 0.008268728852272034, 0.007477238774299622, 0.007637125439941883, 0.006176390685141087, 0.0073797572404146194, 0.006875190883874893, 0.005592456087470055, 0.005297273397445679, 0.005833967588841915, 0.005610331892967224, 0.005674273706972599, 0.0038060415536165237, 0.005369805730879307, 0.004437391646206379, 0.00416449923068285, 0.00386094581335783, 0.0042846109718084335, 0.003971991129219532, 0.003572956658899784, 0.0035178670659661293, 0.004996836185455322, 0.004116863943636417, 0.004134247079491615, 0.004711609333753586, 0.005027382634580135, 0.004088724963366985, 0.004640295170247555, 0.005061180330812931, 0.004104671999812126, 0.004423605278134346, 0.005587376654148102, 0.004032839089632034, 0.005200552754104137, 0.004756872542202473, 0.0045043183490633965, 0.005698035471141338, 0.004480638541281223, 0.005545196123421192, 0.005161630921065807, 0.005237109959125519, 0.005359183065593243, 0.005409472621977329, 0.005259389989078045, 0.005081790499389172, 0.00559394434094429, 0.005475427955389023, 0.005603809840977192, 0.006102028302848339, 0.005769955925643444, 0.006609519477933645, 0.006075598299503326, 0.005514740943908691, 0.006591834127902985, 0.006767795886844397, 0.006061718333512545, 0.00721791060641408, 0.00797327421605587, 0.007969481870532036, 0.007984209805727005, 0.008387338370084763, 0.008881775662302971, 0.009028270840644836, 0.00878199189901352, 0.009224388748407364, 0.010021062567830086, 0.010338487103581429, 0.010309995152056217, 0.010254324413836002, 0.009349247440695763, 0.011282678693532944, 0.011644301936030388, 0.010805431753396988, 0.012105132453143597, 0.011391391977667809, 0.010981623083353043, 0.010641702450811863, 0.010599448345601559, 0.011792558245360851, 0.012237630784511566, 0.01272262167185545, 0.013903938233852386, 0.013417800888419151, 0.013609322719275951, 0.014234406873583794, 0.015294608660042286, 0.014113540761172771, 0.013119515962898731, 0.01253877580165863, 0.011422542855143547, 0.011202793568372726, 0.011519672349095345, 0.011104803532361984, 0.012503594160079956, 0.016722025349736214, 0.023382652550935745, 0.02545292116701603, 0.01876796968281269, 0.01545705460011959, 0.014975988306105137, 0.014196503907442093, 0.014346742071211338, 0.014497079886496067, 0.015162528492510319, 0.015164869837462902, 0.014909290708601475, 0.015798412263393402, 0.018719490617513657, 0.019261792302131653, 0.020182061940431595, 0.02049327827990055, 0.02026955969631672, 0.020667560398578644, 0.021357139572501183, 0.020870625972747803, 0.020750857889652252, 0.0222245454788208, 0.021685760468244553, 0.021793529391288757, 0.0210017841309309, 0.019970407709479332, 0.01970870979130268, 0.017263514921069145, 0.01645750366151333, 0.016415562480688095, 0.013910079374909401, 0.012438671663403511, 0.011488918215036392, 0.00993503537029028, 0.00857367180287838, 0.007327551953494549, 0.00695622805505991, 0.006362651474773884, 0.005654560402035713, 0.005117152817547321, 0.005190031602978706, 0.005378687754273415, 0.005471634678542614, 0.0055855643004179, 0.005114334635436535, 0.004928735084831715, 0.005318603478372097, 0.00485833827406168, 0.004640372470021248, 0.004636077210307121, 0.004706909880042076, 0.004904506728053093, 0.004990234039723873, 0.005024697631597519, 0.005544253624975681, 0.005977836437523365, 0.006155012175440788, 0.006447254680097103, 0.005939696915447712, 0.005961625836789608, 0.005513815209269524, 0.005390312522649765, 0.005237683653831482, 0.005284721031785011, 0.00526916328817606, 0.005488742142915726, 0.005438411608338356, 0.0054082116112113, 0.00595802441239357, 0.005571676418185234, 0.0059989215806126595, 0.006452529691159725, 0.0063452525064349174, 0.006583242677152157, 0.006478597410023212, 0.006509391590952873, 0.00614668894559145, 0.00672355480492115, 0.005667665973305702, 0.005300858989357948, 0.005820222198963165, 0.005942276678979397, 0.006500258110463619, 0.007058705668896437, 0.008135950192809105, 0.00867905281484127, 0.009599372744560242, 0.016207223758101463, 0.015616809017956257, 0.010334586724638939, 0.011815836653113365, 0.010446492582559586, 0.012243655510246754, 0.010960811749100685, 0.00934909749776125, 0.007196770049631596, 0.00693595502525568, 0.00741972029209137, 0.007521620020270348, 0.007733632810413837, 0.007428713142871857, 0.0073899379931390285, 0.007523006293922663, 0.007769792340695858, 0.007421703077852726, 0.007504302076995373, 0.008039632812142372, 0.0076421331614255905, 0.008190471678972244, 0.007892176508903503, 0.00800580345094204, 0.008007143624126911, 0.0077603901736438274, 0.008550098165869713, 0.008750390261411667, 0.009043119847774506, 0.009062149561941624, 0.009088439866900444, 0.009214465506374836, 0.009360026568174362, 0.009506438858807087, 0.009768719784915447, 0.009276626631617546, 0.009371818974614143, 0.009320157580077648, 0.009764069691300392, 0.009752806276082993, 0.00982095766812563, 0.010343651287257671, 0.01070956140756607, 0.010379798710346222, 0.009651081636548042, 0.010070888325572014, 0.01052611880004406, 0.010719077661633492, 0.01102860551327467, 0.011045698076486588, 0.011043034493923187, 0.011786004528403282, 0.011804991401731968, 0.013067474588751793, 0.012936927378177643, 0.012887302786111832, 0.012430403381586075, 0.01267251931130886, 0.013476422056555748, 0.013257404789328575, 0.012413868680596352, 0.011605774983763695, 0.01152222603559494, 0.011340208351612091, 0.010855967178940773, 0.011630039662122726, 0.012506291270256042, 0.012561649084091187, 0.0127598587423563, 0.008615127764642239, 0.00958101637661457, 0.009544850327074528, 0.009921176359057426, 0.009607105515897274, 0.009764309041202068, 0.010710460133850574, 0.011526552960276604, 0.010332074016332626, 0.010848483070731163, 0.009709017351269722, 0.012021350674331188, 0.01222228817641735, 0.01145239733159542, 0.020142056047916412, 0.02388819493353367, 0.01967746391892433, 0.010598510503768921, 0.009355539456009865, 0.010582275688648224, 0.014288052916526794, 0.014836261980235577, 0.01287619024515152, 0.010453431867063046, 0.010288041085004807, 0.011408232152462006, 0.011028650216758251, 0.01044895127415657, 0.01035689190030098, 0.010693795047700405, 0.011472757905721664, 0.01104072853922844, 0.011076548136770725, 0.012050772085785866, 0.01178158912807703, 0.01134372130036354, 0.010968176648020744, 0.01158970594406128, 0.011978665366768837, 0.011436637490987778, 0.011188139207661152, 0.011907730251550674, 0.011992180719971657], 'L_grad': [0.008311090990900993, 0.00863608531653881, 0.00877414457499981, 0.008749810047447681, 0.008573083207011223, 0.008604207076132298, 0.008623271249234676, 0.008518282324075699, 0.00914844311773777, 0.008778464049100876, 0.0085180988535285, 0.00859810970723629, 0.008559309877455235, 0.008660636842250824, 0.008383398875594139, 0.008588293567299843, 0.008710083551704884, 0.008793574757874012, 0.00858632568269968, 0.008813731372356415, 0.008803728967905045, 0.009052054956555367, 0.0092246038839221, 0.009418638423085213, 0.009678732603788376, 0.01066637597978115, 0.011524546891450882, 0.01183391734957695, 0.011653991416096687, 0.012420481070876122, 0.013009501621127129, 0.013725243508815765, 0.014519849792122841, 0.013413295149803162, 0.011814105324447155, 0.011656672693789005, 0.01053240429610014, 0.00843562837690115, 0.008373064920306206, 0.008333215489983559, 0.008359050378203392, 0.008100376464426517, 0.007547246292233467, 0.007476001512259245, 0.00749634113162756, 0.007049533538520336, 0.007073589600622654, 0.007689740974456072, 0.00751161016523838, 0.007063661701977253, 0.007116739638149738, 0.006955545395612717, 0.006750831846147776, 0.006820932496339083, 0.006835633888840675, 0.007197864819318056, 0.007057053502649069, 0.0071461559273302555, 0.007234758697450161, 0.0075884973630309105, 0.008333654142916203, 0.008147748187184334, 0.007795354351401329, 0.007311857305467129, 0.007162868045270443, 0.007032638881355524, 0.007154347375035286, 0.007112808525562286, 0.007030026987195015, 0.007043282501399517, 0.007137211970984936, 0.007112675346434116, 0.007267621345818043, 0.0074457647278904915, 0.007640150375664234, 0.008305754512548447, 0.008311938494443893, 0.007907582446932793, 0.007959947921335697, 0.008143036626279354, 0.008643114939332008, 0.00863379705697298, 0.008828733116388321, 0.009055087342858315, 0.009736796841025352, 0.010418292135000229, 0.010666216723620892, 0.00990213081240654, 0.009773468598723412, 0.009595926851034164, 0.009318743832409382, 0.00920198019593954, 0.00911787711083889, 0.009257929399609566, 0.009485846385359764, 0.00903702899813652, 0.008857020176947117, 0.009058037772774696, 0.009082494303584099, 0.009442133828997612, 0.009801091626286507, 0.010139768943190575, 0.01104830577969551, 0.010554922744631767, 0.010528103448450565, 0.010440230369567871, 0.010298261418938637, 0.01012657955288887, 0.010056311264634132, 0.009449480101466179, 0.009459679946303368, 0.00898751337081194, 0.008404260501265526, 0.008268440142273903, 0.008740426041185856, 0.008938893675804138, 0.00887511856853962, 0.008855219930410385, 0.008789260871708393, 0.009414313361048698, 0.00911921076476574, 0.008828925900161266, 0.008372468873858452, 0.008804723620414734, 0.008314662612974644, 0.008426068350672722, 0.00859781913459301, 0.008937324397265911, 0.009176618419587612, 0.010078180581331253, 0.010015391744673252, 0.010767204686999321, 0.010851221159100533, 0.010332890786230564, 0.01045854389667511, 0.01151437871158123, 0.012803774327039719, 0.013548818416893482, 0.013461300171911716, 0.013784680515527725, 0.01362075936049223, 0.014049035497009754, 0.014334848150610924, 0.013635518960654736, 0.013686368241906166, 0.012755156494677067, 0.011728595942258835, 0.010595815256237984, 0.010281866416335106, 0.010224984958767891, 0.009869655594229698, 0.009091091342270374, 0.008719239383935928, 0.008609463460743427, 0.0071994224563241005, 0.006668316200375557, 0.006770329084247351, 0.007057138718664646, 0.00607389397919178, 0.006646913941949606, 0.006218470633029938, 0.006543039809912443, 0.006470874883234501, 0.006859966553747654, 0.006977471522986889, 0.007110620848834515, 0.006738082505762577, 0.006836299318820238, 0.007202936336398125, 0.0072368658147752285, 0.0074749235063791275, 0.007536248303949833, 0.008002803660929203, 0.007725958246737719, 0.0081783477216959, 0.00806586816906929, 0.008071782998740673, 0.007945629768073559, 0.007337545044720173, 0.007486891932785511, 0.007449623662978411, 0.007926174439489841, 0.008032873272895813, 0.008533233776688576, 0.0084976926445961, 0.008498933166265488, 0.008422508835792542, 0.008119865320622921, 0.007635233923792839, 0.008350781165063381, 0.007642535492777824, 0.00795369129627943, 0.007662637159228325, 0.007777049671858549, 0.007978233508765697, 0.007719880901277065, 0.007544361986219883, 0.007296122610569, 0.0072533851489424706, 0.007137474603950977, 0.006597132422029972, 0.007076682522892952, 0.0071327583864331245, 0.007044103927910328, 0.007557274773716927, 0.00758450198918581, 0.008035562001168728, 0.008251704275608063, 0.007807176560163498, 0.008174650371074677, 0.007646170910447836, 0.007916348055005074, 0.007807886227965355, 0.007371304091066122, 0.007480141706764698, 0.007904702797532082, 0.007704493124037981, 0.007590750232338905, 0.006572549231350422, 0.007538964040577412, 0.00697659607976675, 0.0069502475671470165, 0.006845705211162567, 0.007158178836107254, 0.006825000047683716, 0.006305552087724209, 0.006559752859175205, 0.007701038382947445, 0.007125046104192734, 0.007015233859419823, 0.00749240443110466, 0.007845921441912651, 0.007003311533480883, 0.007400899194180965, 0.007638177834451199, 0.006807765923440456, 0.007062861230224371, 0.007966686971485615, 0.006658746860921383, 0.007675709202885628, 0.007235235534608364, 0.006949956528842449, 0.008056933991611004, 0.007049767300486565, 0.007833460345864296, 0.007429483346641064, 0.007504751440137625, 0.007528027519583702, 0.007720218040049076, 0.0075021409429609776, 0.007233310490846634, 0.007525001652538776, 0.007453504949808121, 0.007418869994580746, 0.007622784934937954, 0.007336752489209175, 0.008037293329834938, 0.007607664912939072, 0.007366203237324953, 0.007969740778207779, 0.008164333179593086, 0.007322876714169979, 0.008074922487139702, 0.00849677063524723, 0.00862506777048111, 0.00860557984560728, 0.008797787129878998, 0.009387451224029064, 0.009172485210001469, 0.009135913103818893, 0.009374717250466347, 0.009908153675496578, 0.010082338005304337, 0.010055975057184696, 0.010036667808890343, 0.009440355002880096, 0.010618721134960651, 0.01095321960747242, 0.010465447790920734, 0.011190515011548996, 0.010809140279889107, 0.010522380471229553, 0.01028137095272541, 0.010005420073866844, 0.01057897973805666, 0.01039627380669117, 0.010403493419289589, 0.010461485013365746, 0.010254199616611004, 0.010256379842758179, 0.010636737570166588, 0.010914729908108711, 0.010187340900301933, 0.009679606184363365, 0.0092560900375247, 0.008493416011333466, 0.00858154334127903, 0.009345218539237976, 0.009471424855291843, 0.010803287848830223, 0.013062472455203533, 0.015520630404353142, 0.015916509553790092, 0.012601489201188087, 0.011084487661719322, 0.010514622554183006, 0.00927400030195713, 0.008767986670136452, 0.008866773918271065, 0.009051240980625153, 0.008998066186904907, 0.009223735891282558, 0.009409144520759583, 0.010954508557915688, 0.011040661484003067, 0.011092642322182655, 0.011321334168314934, 0.011216389946639538, 0.011337365955114365, 0.011828869581222534, 0.011892256326973438, 0.01172978337854147, 0.01196336094290018, 0.011844361200928688, 0.012211616151034832, 0.012465105392038822, 0.012515570968389511, 0.01246547605842352, 0.011396486312150955, 0.010998884215950966, 0.010817935690283775, 0.010177919641137123, 0.009305710904300213, 0.009096617810428143, 0.008678726851940155, 0.008826211094856262, 0.008374792523682117, 0.008353449404239655, 0.008274231106042862, 0.008430304005742073, 0.008063821122050285, 0.008154183626174927, 0.00832357443869114, 0.008309716358780861, 0.008699296042323112, 0.008502570912241936, 0.0085151931270957, 0.00879731960594654, 0.008506476879119873, 0.008141666650772095, 0.00810222327709198, 0.008087700232863426, 0.008035465143620968, 0.007977296598255634, 0.008183355443179607, 0.008548942394554615, 0.008525751531124115, 0.00882368441671133, 0.009225822985172272, 0.009061124175786972, 0.00908820703625679, 0.008374104276299477, 0.008246819488704205, 0.008200157433748245, 0.008328573778271675, 0.00838675256818533, 0.008443795144557953, 0.008287867531180382, 0.008416085503995419, 0.009081672877073288, 0.008427612483501434, 0.008775068446993828, 0.009136431850492954, 0.009125258773565292, 0.009055825881659985, 0.008960778824985027, 0.00880080834031105, 0.007903758436441422, 0.008502593263983727, 0.008254137821495533, 0.008135522715747356, 0.007930808700621128, 0.007762185297906399, 0.008425336331129074, 0.008725045248866081, 0.009797578677535057, 0.00997650995850563, 0.010429159738123417, 0.012149031274020672, 0.012681514024734497, 0.010516753420233727, 0.010633213445544243, 0.01031752210110426, 0.010992307215929031, 0.011180650442838669, 0.010255400091409683, 0.009121144190430641, 0.008913496509194374, 0.009200748056173325, 0.009122677147388458, 0.009203140623867512, 0.008906634524464607, 0.008906441740691662, 0.008920453488826752, 0.009041301906108856, 0.00883156806230545, 0.0088839465752244, 0.009242362342774868, 0.009148545563220978, 0.00959980022162199, 0.009290860965847969, 0.009289588779211044, 0.00922328233718872, 0.00913289189338684, 0.009454168379306793, 0.00939182098954916, 0.009598436765372753, 0.009763258509337902, 0.00974286999553442, 0.010038591921329498, 0.009820206090807915, 0.010104112327098846, 0.010175645351409912, 0.009817952290177345, 0.009914780035614967, 0.009902642108500004, 0.010132965631783009, 0.01021365076303482, 0.0103450370952487, 0.010571904480457306, 0.010701097548007965, 0.010621963068842888, 0.010230392217636108, 0.010457273572683334, 0.010356886312365532, 0.010375057347118855, 0.010648325085639954, 0.010513384826481342, 0.010400240309536457, 0.010760070756077766, 0.01065900083631277, 0.011254273355007172, 0.010929576121270657, 0.010759262368083, 0.01063239574432373, 0.010882504284381866, 0.010985388420522213, 0.010755793191492558, 0.01052599772810936, 0.01015305332839489, 0.010144749656319618, 0.009921027347445488, 0.009863786399364471, 0.009961271658539772, 0.010065095499157906, 0.010218791663646698, 0.009965512901544571, 0.007600540295243263, 0.008124629966914654, 0.007936599664390087, 0.0081813745200634, 0.008290293626487255, 0.008713269606232643, 0.009353084489703178, 0.009488340467214584, 0.008887188509106636, 0.009241146966814995, 0.008552311919629574, 0.009546361863613129, 0.00973417516797781, 0.009526791051030159, 0.012004148215055466, 0.012029551900923252, 0.011213747784495354, 0.008989841677248478, 0.008143896237015724, 0.00891044456511736, 0.010419651865959167, 0.010333806276321411, 0.00998036377131939, 0.008875366300344467, 0.008807657286524773, 0.00937766581773758, 0.009176807478070259, 0.00877457857131958, 0.008985299617052078, 0.009091674350202084, 0.009363069199025631, 0.008896000683307648, 0.008988128043711185, 0.009083453565835953, 0.009149560704827309, 0.008950919844210148, 0.008888553828001022, 0.00911528617143631, 0.009205836802721024, 0.00920402817428112, 0.009100442752242088, 0.00927471462637186, 0.004561808425933123]}
Saving current best: model_best.pth.tar ...
all losses in batch in validation:  {'loss': [0.01514408364892006, 0.015746984630823135, 0.015804432332515717, 0.016896719112992287, 0.01564609259366989, 0.016568882390856743, 0.0156539473682642, 0.014914748258888721, 0.016640545800328255, 0.016811765730381012, 0.014530840329825878, 0.014363180845975876, 0.014466170221567154, 0.015000537037849426, 0.013633593916893005, 0.014170060865581036, 0.014146448113024235, 0.015191802754998207, 0.014096841216087341, 0.014741971157491207, 0.014254442416131496, 0.015189580619335175, 0.015651091933250427, 0.015498194843530655, 0.0158747136592865, 0.020946502685546875, 0.02709461934864521, 0.025661464780569077, 0.02033715695142746, 0.020513160154223442, 0.021197527647018433, 0.022176822647452354, 0.023714009672403336, 0.022911593317985535, 0.018848955631256104, 0.020667899399995804, 0.018852926790714264, 0.01674380525946617, 0.014584455639123917, 0.013558815233409405, 0.014037974178791046, 0.013647625222802162, 0.012984507717192173, 0.012489037588238716, 0.012380748055875301, 0.011358767747879028, 0.010883517563343048, 0.011736363172531128, 0.011599126271903515, 0.011112602427601814, 0.011529916897416115, 0.011318597942590714, 0.011295018717646599, 0.011641288176178932, 0.011637553572654724, 0.011946047656238079, 0.011772902682423592, 0.011848642490804195, 0.011853350326418877, 0.01245184801518917, 0.013190953060984612, 0.01281699724495411, 0.012297593988478184, 0.01165645569562912, 0.01192861795425415, 0.011612031608819962, 0.011934332549571991, 0.011680861935019493, 0.011551514267921448, 0.01166658103466034, 0.011896112002432346, 0.012154549360275269, 0.012065166607499123, 0.012480475008487701, 0.012596295215189457, 0.013399118557572365, 0.013186909258365631, 0.012940384447574615, 0.012920685112476349, 0.012945730239152908, 0.013523979112505913, 0.013556297868490219, 0.013639416545629501, 0.013711011037230492, 0.01481613889336586, 0.015535889193415642, 0.01515999436378479, 0.014543800614774227, 0.014932112768292427, 0.015575919300317764, 0.01610945537686348, 0.01642961986362934, 0.015926804393529892, 0.016361279413104057, 0.017123673111200333, 0.015637382864952087, 0.015299668535590172, 0.015549291856586933, 0.01572754606604576, 0.01683507300913334, 0.01739412359893322, 0.018247090280056, 0.01992766372859478, 0.01863468438386917, 0.01868254691362381, 0.017236828804016113, 0.017500033602118492, 0.017394447699189186, 0.017240263521671295, 0.016045380383729935, 0.015556812286376953, 0.014784092083573341, 0.0135568305850029, 0.013500578701496124, 0.014221152290701866, 0.014221993274986744, 0.013908330351114273, 0.013912666589021683, 0.01324419490993023, 0.014546971768140793, 0.013864638283848763, 0.013679217547178268, 0.012673772871494293, 0.01345005352050066, 0.012668471783399582, 0.013385739177465439, 0.013636568561196327, 0.014720208942890167, 0.014655533246695995, 0.01581282541155815, 0.01565578393638134, 0.01836412027478218, 0.018913336098194122, 0.017482224851846695, 0.01841500960290432, 0.020423652604222298, 0.02208499051630497, 0.022784508764743805, 0.023383673280477524, 0.024600867182016373, 0.024312544614076614, 0.024654988199472427, 0.028707144781947136, 0.026421919465065002, 0.024636054411530495, 0.02193121612071991, 0.020688649266958237, 0.017077118158340454, 0.018177926540374756, 0.021124061197042465, 0.024657506495714188, 0.02565099112689495, 0.025582540780305862, 0.025903550907969475, 0.02323967218399048, 0.020889291539788246, 0.02026156522333622, 0.022469278424978256, 0.02241595834493637, 0.016089577227830887, 0.01386781595647335, 0.01237417384982109, 0.014825109392404556, 0.014736946672201157, 0.01677262969315052, 0.01806386560201645, 0.014421377331018448, 0.014596226625144482, 0.01657254621386528, 0.01557233091443777, 0.014219101518392563, 0.014483627863228321, 0.015318530611693859, 0.015961404889822006, 0.018297571688890457, 0.01929263025522232, 0.02068478986620903, 0.021585609763860703, 0.01986820623278618, 0.019603723660111427, 0.018680546432733536, 0.020575180649757385, 0.02315637841820717, 0.02470255270600319, 0.024676252156496048, 0.02604093588888645, 0.026917491108179092, 0.02426469698548317, 0.02431786060333252, 0.026537645608186722, 0.024601943790912628, 0.023055050522089005, 0.0229254812002182, 0.0227426216006279, 0.02517325058579445, 0.024426978081464767, 0.021691443398594856, 0.023302732035517693, 0.023628704249858856, 0.023788616061210632, 0.023666754364967346, 0.023343665525317192, 0.024724647402763367, 0.025060173124074936, 0.027703609317541122, 0.026602549478411674, 0.02548924647271633, 0.02412698045372963, 0.022833608090877533, 0.024414176121354103, 0.02194695547223091, 0.024093400686979294, 0.024609459564089775, 0.022660084068775177, 0.021006841212511063, 0.021263666450977325, 0.018596701323986053, 0.01891348883509636, 0.014354424551129341, 0.016605328768491745, 0.013895312324166298, 0.014097275212407112, 0.011653833091259003, 0.012506809085607529, 0.010435893200337887, 0.010154055431485176, 0.01036133710294962, 0.013110940344631672, 0.01194507721811533, 0.011381414718925953, 0.012357562780380249, 0.011892629787325859, 0.011100821197032928, 0.011304328218102455, 0.012073369696736336, 0.010271143168210983, 0.01027457881718874, 0.012422733008861542, 0.009580477140843868, 0.011790484189987183, 0.01091262511909008, 0.010824646800756454, 0.012417304329574108, 0.010194115340709686, 0.011884915642440319, 0.01060405746102333, 0.010884634219110012, 0.01086394116282463, 0.010517571121454239, 0.010482467710971832, 0.009989830665290356, 0.010966871865093708, 0.01077323965728283, 0.010495346039533615, 0.011370837688446045, 0.011155151762068272, 0.012723988853394985, 0.011779587715864182, 0.010497724637389183, 0.01219981536269188, 0.012504431419074535, 0.011204404756426811, 0.012499336153268814, 0.013283750973641872, 0.013331081718206406, 0.013403607532382011, 0.014111114665865898, 0.014469355344772339, 0.01535866316407919, 0.014601930044591427, 0.015448208898305893, 0.01651226356625557, 0.017319824546575546, 0.017851121723651886, 0.017413830384612083, 0.01651138812303543, 0.019241146743297577, 0.019870594143867493, 0.018741164356470108, 0.021000666543841362, 0.020027048885822296, 0.020330728963017464, 0.020135320723056793, 0.020043931901454926, 0.02141507714986801, 0.021444566547870636, 0.02173197641968727, 0.023116618394851685, 0.022804714739322662, 0.022749651223421097, 0.023570841178297997, 0.02459089830517769, 0.02337687835097313, 0.021835293620824814, 0.021012963727116585, 0.018498297780752182, 0.019382577389478683, 0.02315918356180191, 0.026998523622751236, 0.028897225856781006, 0.032921548932790756, 0.03902571648359299, 0.03669195622205734, 0.030971625819802284, 0.024699617177248, 0.023092247545719147, 0.022026047110557556, 0.022339362651109695, 0.02268226258456707, 0.023619113489985466, 0.023597342893481255, 0.025067869573831558, 0.026509050279855728, 0.03324557840824127, 0.03839455544948578, 0.029907096177339554, 0.031411051750183105, 0.029649971053004265, 0.03178100287914276, 0.03382354602217674, 0.032455507665872574, 0.0312371663749218, 0.03188712149858475, 0.03274315968155861, 0.03358195722103119, 0.03241953253746033, 0.03216404840350151, 0.03029366210103035, 0.0276000015437603, 0.025736678391695023, 0.025126494467258453, 0.02185262367129326, 0.019521662965416908, 0.018338436260819435, 0.01675971783697605, 0.015589152462780476, 0.015451564453542233, 0.014906264841556549, 0.014560630545020103, 0.013826921582221985, 0.012882303446531296, 0.012621384114027023, 0.013161102309823036, 0.013084247708320618, 0.013671521097421646, 0.01325237937271595, 0.013685185462236404, 0.01441867183893919, 0.01390744000673294, 0.012986142188310623, 0.012765670195221901, 0.013685548678040504, 0.01402914896607399, 0.013624320738017559, 0.013964669778943062, 0.015505678951740265, 0.01487065851688385, 0.014800947159528732, 0.01552205253392458, 0.014596298336982727, 0.015181666240096092, 0.014424546621739864, 0.013699604198336601, 0.01356404460966587, 0.014088612981140614, 0.014321273192763329, 0.014429429545998573, 0.013968903571367264, 0.014131749048829079, 0.015662308782339096, 0.014384104870259762, 0.014222871512174606, 0.015090158209204674, 0.014970919117331505, 0.014876358211040497, 0.014897124841809273, 0.01484532281756401, 0.013221455737948418, 0.013849802315235138, 0.013713575899600983, 0.013101594522595406, 0.013609682209789753, 0.01431068405508995, 0.016576459631323814, 0.018100839108228683, 0.01973888650536537, 0.020855315029621124, 0.020968599244952202, 0.023043660447001457, 0.028211865574121475, 0.023853782564401627, 0.027369782328605652, 0.0294705368578434, 0.0321587473154068, 0.031919948756694794, 0.02502911165356636, 0.01701955497264862, 0.016744282096624374, 0.01710757426917553, 0.017833800986409187, 0.01789337769150734, 0.01734941080212593, 0.0161240566521883, 0.017191804945468903, 0.017327681183815002, 0.01605239138007164, 0.016710029914975166, 0.01687222346663475, 0.01697944849729538, 0.017484938725829124, 0.016884159296751022, 0.017022782936692238, 0.017655419185757637, 0.017555223777890205, 0.01936207339167595, 0.018914707005023956, 0.01920580305159092, 0.020527735352516174, 0.020445697009563446, 0.021311428397893906, 0.02038896270096302, 0.020709920674562454, 0.020595159381628036, 0.020946640521287918, 0.021153848618268967, 0.02164568565785885, 0.021811848506331444, 0.021893277764320374, 0.02053915336728096, 0.021140575408935547, 0.02101203054189682, 0.02159484475851059, 0.019941406324505806, 0.020015627145767212, 0.02077079378068447, 0.021266933530569077, 0.021636124700307846, 0.021319422870874405, 0.021933360025286674, 0.02209782972931862, 0.022496510297060013, 0.024529151618480682, 0.023627733811736107, 0.023560678586363792, 0.023782506585121155, 0.024511221796274185, 0.024772757664322853, 0.022344890981912613, 0.021470259875059128, 0.019772645086050034, 0.0201858077198267, 0.01985805109143257, 0.019652221351861954, 0.019608236849308014, 0.020575348287820816, 0.02058808133006096, 0.02103005163371563, 0.015158390626311302, 0.01639590412378311, 0.0166526660323143, 0.016971390694379807, 0.016940921545028687, 0.016613764688372612, 0.01728351041674614, 0.017362594604492188, 0.01639411970973015, 0.016190359368920326, 0.016232512891292572, 0.017039604485034943, 0.01688816212117672, 0.01751203089952469, 0.018896080553531647, 0.02042558789253235, 0.018232982605695724, 0.017664171755313873, 0.01640050858259201, 0.01743517443537712, 0.017663028091192245, 0.01801210641860962, 0.01798771508038044, 0.018070662394165993, 0.0177888385951519, 0.019171206280589104, 0.019728196784853935, 0.02005729451775551, 0.019888797774910927, 0.0204135924577713, 0.02057810313999653, 0.02053694613277912, 0.021064378321170807, 0.020749036222696304, 0.021676916629076004, 0.02046121470630169, 0.02073320373892784, 0.022834625095129013, 0.021472040563821793, 0.02106025628745556, 0.020665807649493217, 0.022184127941727638, 0.015923339873552322], 'L_si': [0.006807213649153709, 0.007150057703256607, 0.007136387284845114, 0.0078058200888335705, 0.007084464654326439, 0.007692841812968254, 0.007198774721473455, 0.006689312867820263, 0.007609093561768532, 0.007758992724120617, 0.006330043077468872, 0.0062271598726511, 0.0062403324991464615, 0.006489994935691357, 0.0056679886765778065, 0.005961479619145393, 0.006086605601012707, 0.006695212796330452, 0.006011088844388723, 0.00642950925976038, 0.006124262697994709, 0.006588988471776247, 0.0067062983289361, 0.006627237424254417, 0.006805545650422573, 0.00989676732569933, 0.014626618474721909, 0.012962432578206062, 0.009003658778965473, 0.009178418666124344, 0.009599296376109123, 0.010064473375678062, 0.011100785806775093, 0.010957900434732437, 0.008785168640315533, 0.01059442013502121, 0.00879579782485962, 0.007621739991009235, 0.006194381508976221, 0.005527293309569359, 0.005744196940213442, 0.005632410291582346, 0.005420361645519733, 0.004957318305969238, 0.004852350801229477, 0.004345876630395651, 0.0041098142974078655, 0.004500111564993858, 0.00434435298666358, 0.004158510360866785, 0.004358073230832815, 0.004365679807960987, 0.00442884536460042, 0.004640239756554365, 0.004608015529811382, 0.00471429992467165, 0.004580346401780844, 0.0046117124147713184, 0.004627458285540342, 0.004894000478088856, 0.005133535712957382, 0.004975446034222841, 0.0047495001927018166, 0.004546855576336384, 0.004740444477647543, 0.004577099811285734, 0.004732491914182901, 0.004420719109475613, 0.004409526940435171, 0.00442033726722002, 0.004445008933544159, 0.004526716656982899, 0.0045349933207035065, 0.004686384461820126, 0.00473055150359869, 0.005088999401777983, 0.004894810263067484, 0.004857365973293781, 0.0048269531689584255, 0.004884080495685339, 0.005078520160168409, 0.005137245636433363, 0.005205143708735704, 0.005245021544396877, 0.0057889842428267, 0.006196454167366028, 0.005932140629738569, 0.005688859149813652, 0.0059523251838982105, 0.0063418191857635975, 0.006853152997791767, 0.007035369519144297, 0.006690911948680878, 0.006812978070229292, 0.007215066812932491, 0.006550454068928957, 0.006380744744092226, 0.006394889205694199, 0.006508054211735725, 0.007148963864892721, 0.007186892908066511, 0.007511399686336517, 0.008454989641904831, 0.00760397594422102, 0.007634101901203394, 0.006770710460841656, 0.006961499806493521, 0.006988272536545992, 0.006809994578361511, 0.006228348705917597, 0.005982764530926943, 0.00556880421936512, 0.0049154930748045444, 0.004863965790718794, 0.005131070502102375, 0.005158558487892151, 0.005044024437665939, 0.005113332532346249, 0.004727922845631838, 0.005439092870801687, 0.005124703515321016, 0.0050650290213525295, 0.004572373349219561, 0.004896663129329681, 0.0045012617483735085, 0.00494617223739624, 0.0049858540296554565, 0.005509298760443926, 0.0053168656304478645, 0.005979939363896847, 0.005840971600264311, 0.00732833007350564, 0.007669840008020401, 0.006889642216265202, 0.007382830139249563, 0.008644253015518188, 0.00963562447577715, 0.009804912842810154, 0.010306088253855705, 0.011030159890651703, 0.010778546333312988, 0.010846026241779327, 0.014306724071502686, 0.012653257697820663, 0.011070221662521362, 0.009935026057064533, 0.00938352569937706, 0.00704233767464757, 0.007829527370631695, 0.010405218228697777, 0.013568246737122536, 0.015029827132821083, 0.015154658816754818, 0.015650231391191483, 0.013684574514627457, 0.011587699875235558, 0.01096176914870739, 0.013108878396451473, 0.013172924518585205, 0.0077918036840856075, 0.0063587757758796215, 0.005326294805854559, 0.007153591141104698, 0.006924803834408522, 0.008242087438702583, 0.008791599422693253, 0.006342725828289986, 0.006538803689181805, 0.008142431266605854, 0.007292258553206921, 0.006014674436300993, 0.0063162147998809814, 0.006828184239566326, 0.007603608071804047, 0.009463613852858543, 0.010086369700729847, 0.011286834254860878, 0.01205762755125761, 0.01073391828685999, 0.010426865890622139, 0.009772060438990593, 0.01110156998038292, 0.013268147595226765, 0.014510033652186394, 0.014278080314397812, 0.015330739319324493, 0.016352415084838867, 0.014331088401377201, 0.014406817965209484, 0.01630621775984764, 0.014952249825000763, 0.013625774532556534, 0.013649534434080124, 0.013584287837147713, 0.015457989647984505, 0.01506038848310709, 0.01286177709698677, 0.0145118935033679, 0.01445635687559843, 0.014605213887989521, 0.014822464436292648, 0.014419280923902988, 0.015498101711273193, 0.0158526711165905, 0.01783791184425354, 0.017038792371749878, 0.015923988074064255, 0.014624462462961674, 0.013734464533627033, 0.014747805893421173, 0.012746046297252178, 0.014557461254298687, 0.014765801839530468, 0.013327020220458508, 0.01170077733695507, 0.012047951109707355, 0.009795300662517548, 0.010107142850756645, 0.006690334063023329, 0.008007843047380447, 0.006115364842116833, 0.006330340635031462, 0.004682878497987986, 0.005104410462081432, 0.003902662545442581, 0.0038067824207246304, 0.003959013149142265, 0.0054603461176157, 0.004727665334939957, 0.004394902847707272, 0.004947383422404528, 0.004526564851403236, 0.004190538078546524, 0.004319856408983469, 0.004634631797671318, 0.0037582959048449993, 0.0037320766132324934, 0.0047747902572155, 0.0032358341850340366, 0.00436814920976758, 0.003997732885181904, 0.003999196458607912, 0.00475836219266057, 0.003597283735871315, 0.004540229216217995, 0.0038518323563039303, 0.004095279611647129, 0.004051432479172945, 0.0038277541752904654, 0.003851713379845023, 0.003678695298731327, 0.004248220473527908, 0.004125013016164303, 0.004065832123160362, 0.004677985329180956, 0.0045117344707250595, 0.005465588998049498, 0.004965499043464661, 0.004126705229282379, 0.0051950728520751, 0.0053331442177295685, 0.004636996425688267, 0.005411389283835888, 0.005817222408950329, 0.005796677432954311, 0.005764898844063282, 0.006074065342545509, 0.006141098216176033, 0.0068624308332800865, 0.006290494464337826, 0.006853746250271797, 0.007449757307767868, 0.008017195388674736, 0.00836085807532072, 0.008138995617628098, 0.007606925908476114, 0.009306897409260273, 0.009653009474277496, 0.00894041359424591, 0.010399706661701202, 0.009684864431619644, 0.010031614452600479, 0.01008614245802164, 0.010121415369212627, 0.011117450892925262, 0.011293990537524223, 0.011636803857982159, 0.012944980524480343, 0.012734076008200645, 0.012717866338789463, 0.013194374740123749, 0.013954698108136654, 0.013254041783511639, 0.012247603386640549, 0.011773761361837387, 0.010090037249028683, 0.010615834966301918, 0.012492450885474682, 0.014900130219757557, 0.016009202226996422, 0.019167624413967133, 0.02376645617187023, 0.021863678470253944, 0.018009604886174202, 0.013932134956121445, 0.013359501026570797, 0.013244767673313618, 0.01360620092600584, 0.013872317969799042, 0.014627590775489807, 0.01472659595310688, 0.015474408864974976, 0.016504669561982155, 0.020669488236308098, 0.02391648292541504, 0.018743939697742462, 0.019755899906158447, 0.018605023622512817, 0.01988101191818714, 0.021106671541929245, 0.020210929214954376, 0.01985100470483303, 0.0203824732452631, 0.020824266597628593, 0.021204698830842972, 0.020177017897367477, 0.01967214047908783, 0.018386321142315865, 0.01638001762330532, 0.015174261294305325, 0.014961838722229004, 0.012434415519237518, 0.010852829553186893, 0.00987461768090725, 0.0085526742041111, 0.00741090252995491, 0.007052883505821228, 0.006699346471577883, 0.006315363571047783, 0.005411746446043253, 0.004891702439635992, 0.004734491929411888, 0.004903693683445454, 0.004948269575834274, 0.005139998625963926, 0.00484186178073287, 0.00501986825838685, 0.005485321395099163, 0.0051909275352954865, 0.0047286092303693295, 0.004731963388621807, 0.005312660243362188, 0.005599557887762785, 0.00535877700895071, 0.0055564772337675095, 0.006631019059568644, 0.006424404680728912, 0.006372920703142881, 0.006735350005328655, 0.006053512450307608, 0.006388677749782801, 0.0060297222808003426, 0.005633221939206123, 0.005434377584606409, 0.005660415627062321, 0.005781020037829876, 0.00590448547154665, 0.005612383130937815, 0.005583074875175953, 0.0064281742088496685, 0.00584414042532444, 0.005750035867094994, 0.006292959675192833, 0.006122278515249491, 0.006144341081380844, 0.0061478037387132645, 0.0061699459329247475, 0.005462981294840574, 0.005686772521585226, 0.00551068177446723, 0.005217814818024635, 0.0057693962007761, 0.006289161276072264, 0.007641558535397053, 0.008692948147654533, 0.009522540494799614, 0.010375280864536762, 0.010366810485720634, 0.011592386290431023, 0.015870941802859306, 0.013267374597489834, 0.016202524304389954, 0.01764541119337082, 0.019386349245905876, 0.018726984038949013, 0.013779059052467346, 0.007715228013694286, 0.007518043741583824, 0.0077215526252985, 0.008197258226573467, 0.008266502991318703, 0.007982867769896984, 0.007201837841421366, 0.00787733867764473, 0.007978775538504124, 0.007163673639297485, 0.007528973743319511, 0.007636362686753273, 0.0076253535225987434, 0.007929190061986446, 0.0076689207926392555, 0.0077551184222102165, 0.008065430447459221, 0.00807164702564478, 0.009416607208549976, 0.009137836284935474, 0.009273458272218704, 0.010151243768632412, 0.009995865635573864, 0.010581498965620995, 0.010081585496664047, 0.010228979401290417, 0.010140635073184967, 0.01042601466178894, 0.010502707213163376, 0.010802775621414185, 0.010885512456297874, 0.011122606694698334, 0.010070041753351688, 0.010496244765818119, 0.010219462215900421, 0.010616970248520374, 0.009520452469587326, 0.009424058720469475, 0.01011095941066742, 0.010550997219979763, 0.010724831372499466, 0.01072803232818842, 0.011310682632029057, 0.011266995221376419, 0.011651076376438141, 0.013038694858551025, 0.012509949505329132, 0.01260107196867466, 0.012792376801371574, 0.013164746575057507, 0.013396397233009338, 0.011806197464466095, 0.011168492957949638, 0.010064275935292244, 0.010382356122136116, 0.010168441571295261, 0.010010401718318462, 0.010058842599391937, 0.010894795879721642, 0.010868039913475513, 0.01157322246581316, 0.007941420190036297, 0.008673664182424545, 0.008931443095207214, 0.009075326845049858, 0.008928746916353703, 0.008624007925391197, 0.009129955433309078, 0.00934884138405323, 0.008682812564074993, 0.00858886819332838, 0.008678417652845383, 0.00930213276296854, 0.009050561115145683, 0.009268118999898434, 0.010036394000053406, 0.01123747881501913, 0.009697185829281807, 0.009067798033356667, 0.008461358956992626, 0.008906765840947628, 0.009149881079792976, 0.009475858882069588, 0.00917027797549963, 0.009457928128540516, 0.009273439645767212, 0.010086319409310818, 0.010425945743918419, 0.010834766551852226, 0.010524086654186249, 0.01098269410431385, 0.011250963434576988, 0.011220798827707767, 0.011316817253828049, 0.011300960555672646, 0.011732282117009163, 0.01104678213596344, 0.011119194328784943, 0.012694376520812511, 0.0119908032938838, 0.0114622563123703, 0.010890515521168709, 0.01200073678046465, 0.011148565448820591], 'L_grad': [0.00833686999976635, 0.008596925996243954, 0.00866804551333189, 0.009090898558497429, 0.008561628870666027, 0.008876040577888489, 0.008455172181129456, 0.008225435391068459, 0.009031452238559723, 0.00905277207493782, 0.008200797252357006, 0.008136020973324776, 0.008225837722420692, 0.00851054210215807, 0.007965604774653912, 0.008208581246435642, 0.008059842512011528, 0.008496589958667755, 0.00808575190603733, 0.008312461897730827, 0.008130179718136787, 0.008600592613220215, 0.008944793604314327, 0.008870957419276237, 0.009069167077541351, 0.011049734428524971, 0.012468000873923302, 0.01269903127104044, 0.011333498172461987, 0.011334741488099098, 0.01159823127090931, 0.012112349271774292, 0.012613223865628242, 0.011953693814575672, 0.010063786059617996, 0.010073480196297169, 0.01005712989717722, 0.00912206619977951, 0.008390074595808983, 0.008031521923840046, 0.008293777704238892, 0.008015215396881104, 0.00756414607167244, 0.007531719282269478, 0.007528397254645824, 0.00701289065182209, 0.006773702800273895, 0.007236252073198557, 0.007254773285239935, 0.0069540925323963165, 0.007171844132244587, 0.006952918600291014, 0.0068661728873848915, 0.007001048885285854, 0.0070295375771820545, 0.007231747731566429, 0.007192556746304035, 0.007236930076032877, 0.007225891575217247, 0.007557847537100315, 0.00805741734802723, 0.00784155074506998, 0.007548093795776367, 0.007109600119292736, 0.0071881734766066074, 0.007034932263195515, 0.00720184063538909, 0.007260142359882593, 0.007141986861824989, 0.007246243767440319, 0.007451103068888187, 0.007627833168953657, 0.007530172821134329, 0.007794090546667576, 0.007865743711590767, 0.00831011962145567, 0.00829209852963686, 0.008083018474280834, 0.008093731477856636, 0.008061649277806282, 0.008445458486676216, 0.008419051766395569, 0.008434273302555084, 0.008465989492833614, 0.009027154184877872, 0.009339435026049614, 0.009227853268384933, 0.008854941464960575, 0.008979788050055504, 0.009234100580215454, 0.009256303310394287, 0.009394250810146332, 0.009235892444849014, 0.009548300877213478, 0.009908605366945267, 0.009086929261684418, 0.008918924257159233, 0.009154402650892735, 0.009219491854310036, 0.00968610867857933, 0.010207230225205421, 0.010735690593719482, 0.011472674086689949, 0.011030707508325577, 0.011048444546759129, 0.010466118343174458, 0.010538533329963684, 0.010406175628304482, 0.01043026801198721, 0.00981703121215105, 0.009574048221111298, 0.009215287864208221, 0.008641337044537067, 0.008636613376438618, 0.009090081788599491, 0.009063434787094593, 0.008864305913448334, 0.008799334056675434, 0.008516272529959679, 0.009107879363000393, 0.008739935234189034, 0.008614188991487026, 0.008101399056613445, 0.008553390391170979, 0.008167210035026073, 0.008439566940069199, 0.00865071453154087, 0.009210909716784954, 0.00933866761624813, 0.009832886978983879, 0.009814811870455742, 0.011035790666937828, 0.011243497021496296, 0.010592581704258919, 0.011032179929316044, 0.01177939958870411, 0.01244936604052782, 0.012979596853256226, 0.013077585957944393, 0.013570706360042095, 0.013533997349441051, 0.0138089619576931, 0.01440042071044445, 0.013768661767244339, 0.013565832749009132, 0.011996189132332802, 0.011305122636258602, 0.010034780949354172, 0.010348399169743061, 0.010718842968344688, 0.011089258827269077, 0.010621163994073868, 0.010427882894873619, 0.010253319516777992, 0.009555096738040447, 0.009301591664552689, 0.00929979607462883, 0.009360399097204208, 0.009243032895028591, 0.008297774009406567, 0.007509040180593729, 0.007047879043966532, 0.007671518716961145, 0.007812143303453922, 0.008530542254447937, 0.009272267110645771, 0.008078651502728462, 0.008057422935962677, 0.008430114015936852, 0.00828007236123085, 0.008204426616430283, 0.00816741306334734, 0.008490346372127533, 0.008357797749340534, 0.008833958767354488, 0.009206261485815048, 0.009397955611348152, 0.009527983143925667, 0.009134287014603615, 0.009176857769489288, 0.008908485993742943, 0.00947361160069704, 0.00988822989165783, 0.01019251998513937, 0.010398171842098236, 0.010710196569561958, 0.010565076023340225, 0.009933607652783394, 0.00991104356944561, 0.01023142784833908, 0.009649693965911865, 0.009429275058209896, 0.009275946766138077, 0.009158334694802761, 0.009715260937809944, 0.009366588667035103, 0.008829666301608086, 0.008790838532149792, 0.009172348305583, 0.009183401241898537, 0.008844288997352123, 0.008924384601414204, 0.009226545691490173, 0.00920750293880701, 0.009865697473287582, 0.009563757106661797, 0.009565258398652077, 0.009502517059445381, 0.009099142625927925, 0.00966637022793293, 0.009200908243656158, 0.009535938501358032, 0.009843657724559307, 0.009333064779639244, 0.009306062944233418, 0.009215716272592545, 0.008801399730145931, 0.008806345984339714, 0.007664090488106012, 0.008597486652433872, 0.007779947482049465, 0.00776693457737565, 0.006970955058932304, 0.007402398157864809, 0.006533230654895306, 0.006347273476421833, 0.006402323953807354, 0.007650594227015972, 0.007217411883175373, 0.006986511871218681, 0.007410179823637009, 0.007366064935922623, 0.006910283118486404, 0.0069844722747802734, 0.007438737899065018, 0.006512847263365984, 0.00654250243678689, 0.007647943217307329, 0.006344642955809832, 0.00742233544588089, 0.006914892233908176, 0.006825449876487255, 0.007658942136913538, 0.006596831139177084, 0.007344686426222324, 0.006752225570380688, 0.006789354607462883, 0.006812508217990398, 0.006689817178994417, 0.006630754563957453, 0.006311135366559029, 0.0067186513915658, 0.006648227106779814, 0.006429513916373253, 0.006692851893603802, 0.006643417291343212, 0.007258399855345488, 0.0068140882067382336, 0.006371018942445517, 0.007004742510616779, 0.007171287201344967, 0.0065674083307385445, 0.007087946869432926, 0.007466528564691544, 0.007534404750913382, 0.007638708688318729, 0.008037049323320389, 0.008328257128596306, 0.008496232330799103, 0.008311435580253601, 0.008594462648034096, 0.009062506258487701, 0.00930262915790081, 0.00949026457965374, 0.009274834766983986, 0.00890446174889803, 0.00993424840271473, 0.010217583738267422, 0.009800750762224197, 0.01060095988214016, 0.010342184454202652, 0.010299114510416985, 0.010049179196357727, 0.009922517463564873, 0.010297625325620174, 0.010150576941668987, 0.010095173493027687, 0.010171636939048767, 0.010070637799799442, 0.01003178395330906, 0.010376466438174248, 0.01063619926571846, 0.010122837498784065, 0.009587690234184265, 0.009239202365279198, 0.008408261463046074, 0.00876674149185419, 0.010666733607649803, 0.012098393402993679, 0.012888023629784584, 0.013753924518823624, 0.015259260311722755, 0.014828279614448547, 0.012962020933628082, 0.010767481289803982, 0.009732747450470924, 0.008781280368566513, 0.00873316079378128, 0.008809944614768028, 0.008991522714495659, 0.008870746940374374, 0.009593460708856583, 0.010004380717873573, 0.012576092034578323, 0.014478074386715889, 0.011163156479597092, 0.011655149981379509, 0.011044947430491447, 0.01189998909831047, 0.012716874480247498, 0.012244577519595623, 0.011386161670088768, 0.011504648253321648, 0.011918892152607441, 0.012377260252833366, 0.012242516502737999, 0.012491908855736256, 0.011907340958714485, 0.011219983920454979, 0.010562416166067123, 0.01016465574502945, 0.009418209083378315, 0.008668833412230015, 0.008463818579912186, 0.008207043632864952, 0.008178249932825565, 0.008398680947721004, 0.008206917904317379, 0.00824526697397232, 0.00841517560184002, 0.007990601472556591, 0.007886892184615135, 0.008257408626377583, 0.008135978132486343, 0.008531522937119007, 0.008410517126321793, 0.008665317669510841, 0.008933350443840027, 0.008716512471437454, 0.008257532492280006, 0.008033706806600094, 0.008372887969017029, 0.008429590612649918, 0.008265543729066849, 0.008408192545175552, 0.008874660357832909, 0.008446253836154938, 0.008428025990724564, 0.008786702528595924, 0.008542785421013832, 0.008792988024652004, 0.008394824340939522, 0.008066382259130478, 0.008129666559398174, 0.008428197354078293, 0.008540253154933453, 0.008524944074451923, 0.008356519974768162, 0.008548674173653126, 0.00923413410782814, 0.008539964444935322, 0.008472835645079613, 0.00879719853401184, 0.008848640136420727, 0.008732017129659653, 0.008749321103096008, 0.008675376884639263, 0.007758473977446556, 0.0081630302593112, 0.00820289459079504, 0.00788377970457077, 0.007840286009013653, 0.0080215223133564, 0.008934901095926762, 0.009407890029251575, 0.010216346010565758, 0.010480034165084362, 0.010601788759231567, 0.011451274156570435, 0.012340923771262169, 0.010586407966911793, 0.011167257092893124, 0.011825124733150005, 0.012772399932146072, 0.01319296658039093, 0.011250053532421589, 0.00930432602763176, 0.00922623835504055, 0.00938602164387703, 0.00963654275983572, 0.009626874700188637, 0.009366543963551521, 0.008922219276428223, 0.009314466267824173, 0.009348906576633453, 0.008888717740774155, 0.009181056171655655, 0.009235860779881477, 0.00935409590601921, 0.009555748663842678, 0.009215237572789192, 0.009267664514482021, 0.009589988738298416, 0.009483576752245426, 0.009945466183125973, 0.009776869788765907, 0.009932344779372215, 0.010376490652561188, 0.010449832305312157, 0.010729930363595486, 0.010307377204298973, 0.010480942204594612, 0.01045452430844307, 0.010520624928176403, 0.010651142336428165, 0.010842910036444664, 0.01092633605003357, 0.01077067106962204, 0.010469112545251846, 0.010644329711794853, 0.010792568325996399, 0.01097787544131279, 0.01042095385491848, 0.010591568425297737, 0.010659834370017052, 0.010715935379266739, 0.01091129332780838, 0.01059139147400856, 0.010622677393257618, 0.0108308345079422, 0.010845432989299297, 0.011490456759929657, 0.011117784306406975, 0.010959606617689133, 0.01099012978374958, 0.011346474289894104, 0.011376360431313515, 0.010538694448769093, 0.010301767848432064, 0.009708370082080364, 0.009803451597690582, 0.009689610451459885, 0.009641820564866066, 0.009549394249916077, 0.0096805514767766, 0.009720041416585445, 0.00945682916790247, 0.007216969970613718, 0.007722239475697279, 0.0077212220057845116, 0.007896064780652523, 0.00801217369735241, 0.007989756762981415, 0.008153554052114487, 0.008013753220438957, 0.0077113076113164425, 0.007601491175591946, 0.007554094307124615, 0.00773747218772769, 0.007837601006031036, 0.008243911899626255, 0.008859686553478241, 0.009188110008835793, 0.008535796776413918, 0.008596373721957207, 0.00793914869427681, 0.008528407663106918, 0.008513147011399269, 0.008536247536540031, 0.00881743710488081, 0.008612734265625477, 0.008515399880707264, 0.009084886871278286, 0.009302251040935516, 0.009222528897225857, 0.009364711120724678, 0.00943089835345745, 0.00932713970541954, 0.009316147305071354, 0.009747561998665333, 0.009448075667023659, 0.009944633580744267, 0.00941443257033825, 0.009614008478820324, 0.010140247642993927, 0.009481237269937992, 0.009597999975085258, 0.009775292128324509, 0.010183391161262989, 0.004774774890393019]}
all losses in batch in validation:  {'loss': [0.02654685452580452, 0.026872068643569946, 0.028328215703368187, 0.027712173759937286, 0.027926718816161156, 0.02530447021126747, 0.02652672678232193, 0.025363938882946968, 0.025440823286771774, 0.023190690204501152, 0.019191402941942215, 0.016303956508636475, 0.015322803519666195, 0.015624146908521652, 0.015481407754123211, 0.015741383656859398, 0.015962861478328705, 0.0163615420460701, 0.015763144940137863, 0.015839744359254837, 0.016188904643058777, 0.0165493655949831, 0.017465990036725998, 0.01782752200961113, 0.017695942893624306, 0.020725728943943977, 0.021832138299942017, 0.023710858076810837, 0.02332860790193081, 0.023781199008226395, 0.024770889431238174, 0.024365978315472603, 0.025540441274642944, 0.02572854980826378, 0.022469690069556236, 0.023486826568841934, 0.023020103573799133, 0.015882709994912148, 0.013908697292208672, 0.015337727963924408, 0.013637522235512733, 0.014600495807826519, 0.012633917853236198, 0.011963525786995888, 0.012820849195122719, 0.011637886054813862, 0.010485583916306496, 0.011147931218147278, 0.011660470627248287, 0.013286706060171127, 0.0121600441634655, 0.011996913701295853, 0.011783991008996964, 0.011969377286732197, 0.012426404282450676, 0.01263460237532854, 0.011685021221637726, 0.012767115607857704, 0.017861153930425644, 0.0209572184830904, 0.024021770805120468, 0.01755494624376297, 0.014745678752660751, 0.012985607609152794, 0.012075033038854599, 0.011535746045410633, 0.011677337810397148, 0.01137551385909319, 0.011496953666210175, 0.011546550318598747, 0.011535072699189186, 0.011678737588226795, 0.012279334478080273, 0.012117426842451096, 0.012278791517019272, 0.013068024069070816, 0.014021283015608788, 0.013990416191518307, 0.013653026893734932, 0.012945202179253101, 0.013210060074925423, 0.012975659221410751, 0.013176258653402328, 0.013449294492602348, 0.014067264273762703, 0.014346125535666943, 0.014483054168522358, 0.014358505606651306, 0.014919593930244446, 0.015473590232431889, 0.01645020954310894, 0.016339601948857307, 0.01647104322910309, 0.015930648893117905, 0.016170687973499298, 0.015224955976009369, 0.01498762983828783, 0.015190891921520233, 0.015181327238678932, 0.015808969736099243, 0.016440093517303467, 0.016877135261893272, 0.018111271783709526, 0.017809752374887466, 0.016844317317008972, 0.016341548413038254, 0.015987074002623558, 0.016749588772654533, 0.01654726080596447, 0.016253702342510223, 0.015436582267284393, 0.01475958339869976, 0.013461392372846603, 0.013137931004166603, 0.013648929074406624, 0.014863362535834312, 0.013899963349103928, 0.013977184891700745, 0.013589179143309593, 0.013866854831576347, 0.013353962451219559, 0.013390055857598782, 0.012702098116278648, 0.01307995431125164, 0.012776579707860947, 0.013957553543150425, 0.013507834635674953, 0.015122756361961365, 0.01506287232041359, 0.016220154240727425, 0.016932999715209007, 0.018107399344444275, 0.017816051840782166, 0.016353854909539223, 0.017681796103715897, 0.0202570091933012, 0.02199900895357132, 0.022559087723493576, 0.02085133083164692, 0.02288505807518959, 0.02202065847814083, 0.022382520139217377, 0.0261599849909544, 0.025026138871908188, 0.026013357564806938, 0.02398218959569931, 0.016933299601078033, 0.013649877160787582, 0.01306356955319643, 0.013024521991610527, 0.0134435361251235, 0.013572053983807564, 0.014114038087427616, 0.013986329548060894, 0.013060454279184341, 0.012337729334831238, 0.012760225683450699, 0.011199277825653553, 0.010805332101881504, 0.010712146759033203, 0.010740319266915321, 0.010701855644583702, 0.010448948480188847, 0.010453950613737106, 0.010519541800022125, 0.010881394147872925, 0.010401945561170578, 0.010459545999765396, 0.010108109563589096, 0.010818989016115665, 0.01141044870018959, 0.01112567912787199, 0.01183278113603592, 0.011205161921679974, 0.01149146631360054, 0.011965145356953144, 0.011312100104987621, 0.011074114590883255, 0.010592006146907806, 0.01145450584590435, 0.012130683287978172, 0.012184243649244308, 0.01279149018228054, 0.012627728283405304, 0.013416394591331482, 0.013601494021713734, 0.013087334111332893, 0.012411161325871944, 0.012934206984937191, 0.012938503175973892, 0.011946529150009155, 0.011754150502383709, 0.011300293728709221, 0.010802749544382095, 0.01101709995418787, 0.01061039324849844, 0.009892444126307964, 0.008716044947504997, 0.01004529558122158, 0.009681083261966705, 0.009107346646487713, 0.00927777774631977, 0.009437107481062412, 0.008843864314258099, 0.010401365347206593, 0.009343212470412254, 0.009683161973953247, 0.009943213313817978, 0.009568314999341965, 0.010515851899981499, 0.010124051943421364, 0.01066063717007637, 0.010917967185378075, 0.01005631685256958, 0.010929347947239876, 0.011072875000536442, 0.010713491588830948, 0.010166487656533718, 0.010204116813838482, 0.012191418558359146, 0.011108331382274628, 0.010710125789046288, 0.010525070130825043, 0.011223729699850082, 0.010485788807272911, 0.010104537010192871, 0.00962740182876587, 0.012135546654462814, 0.010435118339955807, 0.010404921136796474, 0.011243009939789772, 0.011356271803379059, 0.010372365824878216, 0.011690711602568626, 0.01242239959537983, 0.010528233833611012, 0.01110882218927145, 0.013768728822469711, 0.010791607201099396, 0.012580834329128265, 0.011923623271286488, 0.011760739609599113, 0.013937740586698055, 0.01172042079269886, 0.013518331572413445, 0.012776140123605728, 0.012867536395788193, 0.012368377298116684, 0.012217947281897068, 0.012887861579656601, 0.012279653921723366, 0.013132363557815552, 0.013035551644861698, 0.012829910963773727, 0.013213110156357288, 0.012633467093110085, 0.01450417935848236, 0.013747811317443848, 0.012825865298509598, 0.014111973345279694, 0.014382241293787956, 0.013506336137652397, 0.014744136482477188, 0.015258654952049255, 0.015712149441242218, 0.015798160806298256, 0.016557827591896057, 0.016802622005343437, 0.017141245305538177, 0.016628993675112724, 0.017236964777112007, 0.01846420392394066, 0.019420333206653595, 0.019513728097081184, 0.019222553819417953, 0.018156349658966064, 0.020950477570295334, 0.021584026515483856, 0.020518820732831955, 0.0228269025683403, 0.02186804637312889, 0.022260010242462158, 0.021485116332769394, 0.021434612572193146, 0.022095322608947754, 0.022260546684265137, 0.02289826050400734, 0.02413279190659523, 0.023401930928230286, 0.02354244329035282, 0.025352399796247482, 0.027276232838630676, 0.02785390242934227, 0.031219452619552612, 0.050688110291957855, 0.06662990152835846, 0.07723201811313629, 0.08235683292150497, 0.08099235594272614, 0.0835530236363411, 0.09174709022045135, 0.09305566549301147, 0.08837765455245972, 0.08441352844238281, 0.07240362465381622, 0.07194966822862625, 0.07400015741586685, 0.08045552670955658, 0.07354173064231873, 0.07119335234165192, 0.0475844107568264, 0.06534312665462494, 0.08506224304437637, 0.10561125725507736, 0.11522752046585083, 0.10392516851425171, 0.10199521481990814, 0.08595702052116394, 0.0807894840836525, 0.08090005815029144, 0.07438577711582184, 0.06091530993580818, 0.05826081335544586, 0.059575632214546204, 0.06105932965874672, 0.06141199171543121, 0.048503875732421875, 0.041750915348529816, 0.04447285085916519, 0.03478483483195305, 0.028400763869285583, 0.03016979619860649, 0.02686840295791626, 0.019157273694872856, 0.016953108832240105, 0.016202401369810104, 0.015633737668395042, 0.014224499464035034, 0.013602687045931816, 0.013671930879354477, 0.013511855155229568, 0.01340237632393837, 0.013757511973381042, 0.013522460125386715, 0.013835950754582882, 0.0130739975720644, 0.013494037091732025, 0.014251709915697575, 0.013493545353412628, 0.012295011430978775, 0.012037279084324837, 0.012743168510496616, 0.01330479420721531, 0.012746281921863556, 0.013436086475849152, 0.015934264287352562, 0.017051201313734055, 0.015617289580404758, 0.026578975841403008, 0.027767963707447052, 0.019482413306832314, 0.013788089156150818, 0.012895962223410606, 0.013354131951928139, 0.013407094404101372, 0.013637814670801163, 0.013125419616699219, 0.013604500330984592, 0.013526629656553268, 0.014703065156936646, 0.013263864442706108, 0.013860183767974377, 0.014827493578195572, 0.014960703440010548, 0.014228682033717632, 0.014131625182926655, 0.01430785283446312, 0.013014601543545723, 0.013978095725178719, 0.013724134303629398, 0.012844797223806381, 0.013941165059804916, 0.014866591431200504, 0.016173312440514565, 0.01610833965241909, 0.017623011022806168, 0.01909796893596649, 0.023486554622650146, 0.03226391226053238, 0.035278163850307465, 0.03357819840312004, 0.027330882847309113, 0.023668834939599037, 0.024784965440630913, 0.02556944638490677, 0.023354269564151764, 0.02170979231595993, 0.023229382932186127, 0.02449103072285652, 0.02251327969133854, 0.021523889154195786, 0.020133771002292633, 0.021459583193063736, 0.01881125383079052, 0.017952408641576767, 0.017308395355939865, 0.019330687820911407, 0.026186414062976837, 0.03229125216603279, 0.036117102950811386, 0.03669942170381546, 0.038589462637901306, 0.03881040960550308, 0.038815759122371674, 0.039886265993118286, 0.040684156119823456, 0.04188886284828186, 0.03967837989330292, 0.03795788064599037, 0.03683600574731827, 0.03227360546588898, 0.030471373349428177, 0.02791132964193821, 0.025194533169269562, 0.025578806176781654, 0.028368031606078148, 0.026498518884181976, 0.0260950718075037, 0.023088902235031128, 0.023449238389730453, 0.020365003496408463, 0.02074131742119789, 0.02088225446641445, 0.01979147270321846, 0.020242532715201378, 0.02569061890244484, 0.026589609682559967, 0.027505014091730118, 0.031065478920936584, 0.027371704578399658, 0.02873508259654045, 0.028804313391447067, 0.026675593107938766, 0.027226567268371582, 0.028234753757715225, 0.02648969739675522, 0.028082219883799553, 0.02599480003118515, 0.0251312293112278, 0.02467673271894455, 0.029105953872203827, 0.03179444745182991, 0.03178907558321953, 0.0333259180188179, 0.03628409653902054, 0.041932061314582825, 0.054964579641819, 0.04690786823630333, 0.05274423584342003, 0.05831681936979294, 0.0497802309691906, 0.046296026557683945, 0.041833505034446716, 0.03741341829299927, 0.0388067364692688, 0.033161889761686325, 0.030051730573177338, 0.02779921144247055, 0.027893992140889168, 0.030432136729359627, 0.032640714198350906, 0.0348525196313858, 0.03864805027842522, 0.043814659118652344, 0.048052478581666946, 0.0481177419424057, 0.05076643079519272, 0.05599715933203697, 0.052313677966594696, 0.035093165934085846, 0.029924437403678894, 0.025201063603162766, 0.03413378447294235, 0.034858789294958115, 0.03560013324022293, 0.03267628699541092, 0.030608711764216423, 0.031248483806848526, 0.03528634458780289, 0.02929188683629036, 0.03720051795244217, 0.028364360332489014, 0.02316334843635559, 0.028892681002616882, 0.02939666621387005, 0.026967428624629974, 0.028872115537524223, 0.02628270536661148, 0.028234967961907387, 0.020111439749598503], 'L_si': [0.0132407546043396, 0.013407990336418152, 0.014550336636602879, 0.014411850832402706, 0.014753419905900955, 0.012860599905252457, 0.014054952189326286, 0.013256371021270752, 0.013471577316522598, 0.011757846921682358, 0.008810863830149174, 0.007003394886851311, 0.006456059403717518, 0.006701221223920584, 0.00669359415769577, 0.006916377227753401, 0.0071825068444013596, 0.007543569430708885, 0.007112821098417044, 0.007107266690582037, 0.007314668502658606, 0.0076161534525454044, 0.008100182749330997, 0.008377335034310818, 0.0082201873883605, 0.009972849860787392, 0.010598409920930862, 0.011724491603672504, 0.011415282264351845, 0.011585171334445477, 0.012251082807779312, 0.012053156271576881, 0.012872784398496151, 0.013449322432279587, 0.011929642409086227, 0.012926244176924229, 0.012224004603922367, 0.006955286953598261, 0.005800002254545689, 0.006636553443968296, 0.005604747217148542, 0.006380935199558735, 0.0052671064622700214, 0.004764301236718893, 0.00515576358884573, 0.004568465985357761, 0.004014420323073864, 0.004300384782254696, 0.004501450341194868, 0.00540549773722887, 0.00468212366104126, 0.00463713938370347, 0.004623181186616421, 0.004755672998726368, 0.004906101617962122, 0.004990209825336933, 0.004516998305916786, 0.005047186277806759, 0.008496737107634544, 0.010534505359828472, 0.012871387414634228, 0.008269830606877804, 0.006308943498879671, 0.005260123871266842, 0.004825581330806017, 0.004528428427875042, 0.0045977248810231686, 0.004297729581594467, 0.00436266977339983, 0.004389993380755186, 0.0043314783833920956, 0.004410587716847658, 0.004734619986265898, 0.0046481541357934475, 0.004680275917053223, 0.005098053719848394, 0.005515342578291893, 0.0054820021614432335, 0.0052760508842766285, 0.004878745414316654, 0.00493422569707036, 0.004904417786747217, 0.005056861788034439, 0.005154034122824669, 0.005408703815191984, 0.005583025515079498, 0.0057050371542572975, 0.005574023816734552, 0.005920817144215107, 0.006268414668738842, 0.006893363315612078, 0.006851314567029476, 0.006932610645890236, 0.006670857314020395, 0.006794847548007965, 0.006395861506462097, 0.006260187365114689, 0.0063733989372849464, 0.006346231326460838, 0.0066786170937120914, 0.006932907737791538, 0.007079544942826033, 0.0077254269272089005, 0.007496399339288473, 0.006856955122202635, 0.006567737553268671, 0.006404508370906115, 0.0069122896529734135, 0.0066506448201835155, 0.006428183522075415, 0.006024497095495462, 0.0056283664889633656, 0.004930261522531509, 0.004817375913262367, 0.005007901228964329, 0.005537338089197874, 0.005109158810228109, 0.005178493447601795, 0.005068079102784395, 0.0052201952785253525, 0.00496953958645463, 0.004898170940577984, 0.004624488297849894, 0.0047104149125516415, 0.0046466258354485035, 0.00522532407194376, 0.004861324094235897, 0.0055396961979568005, 0.005440948531031609, 0.006182513665407896, 0.006570011377334595, 0.007239191792905331, 0.007085877470672131, 0.006410189438611269, 0.0070019918493926525, 0.008473814465105534, 0.009721359238028526, 0.010129298083484173, 0.008974825032055378, 0.010270879603922367, 0.009694856591522694, 0.009723772294819355, 0.013333085924386978, 0.012391224503517151, 0.012776225805282593, 0.01120391022413969, 0.007427284959703684, 0.005207724403589964, 0.004961066879332066, 0.005069955717772245, 0.005291133187711239, 0.005532931536436081, 0.005882390774786472, 0.005896084010601044, 0.005416307598352432, 0.0050898767076432705, 0.005182664841413498, 0.004197383299469948, 0.0040257833898067474, 0.004160693846642971, 0.004119235556572676, 0.00409762654453516, 0.003971870057284832, 0.003980709705501795, 0.003957366105169058, 0.0040942528285086155, 0.003785890294238925, 0.0037355527747422457, 0.003602254204452038, 0.003976493142545223, 0.004472215194255114, 0.004240397363901138, 0.004645901266485453, 0.004236724227666855, 0.004328425507992506, 0.004596523009240627, 0.0041588470339775085, 0.004038278013467789, 0.003803297644481063, 0.004211040213704109, 0.004710411187261343, 0.0047208690084517, 0.005064211320132017, 0.004940077196806669, 0.005268581677228212, 0.005526413209736347, 0.005505609326064587, 0.005118544213473797, 0.005508418194949627, 0.005513526499271393, 0.004823632538318634, 0.004647300578653812, 0.0044852192513644695, 0.0041755447164177895, 0.004335162229835987, 0.004109983332455158, 0.003560393350198865, 0.002926823915913701, 0.0037223640829324722, 0.0034956098534166813, 0.0031540188938379288, 0.003255703952163458, 0.003416157327592373, 0.0031377142295241356, 0.003964819945394993, 0.0032752719707787037, 0.00348069379106164, 0.003577077528461814, 0.0033347709104418755, 0.0038610254414379597, 0.0035842321813106537, 0.0038760132156312466, 0.004052980337291956, 0.0035019000060856342, 0.003994519356638193, 0.0041501689702272415, 0.003985500894486904, 0.003632589941844344, 0.0034941798076033592, 0.0046421829611063, 0.004081442952156067, 0.003879514755681157, 0.0037382529117166996, 0.004184182733297348, 0.0038096471689641476, 0.003601313102990389, 0.003284803591668606, 0.004651069641113281, 0.003641907125711441, 0.003637304762378335, 0.004098508041352034, 0.004213791340589523, 0.003667922457680106, 0.004364717286080122, 0.004761832300573587, 0.0037867624778300524, 0.004060804843902588, 0.005517197772860527, 0.00393765140324831, 0.004893335979431868, 0.0045784395188093185, 0.004514798056334257, 0.005547532811760902, 0.004480199888348579, 0.005552124697715044, 0.00515788234770298, 0.005248731467872858, 0.005010116379708052, 0.004836798645555973, 0.005227025598287582, 0.004988736007362604, 0.005469986237585545, 0.0054893153719604015, 0.005401656497269869, 0.005742157809436321, 0.005378146190196276, 0.00650573568418622, 0.006128352601081133, 0.005505141336470842, 0.006356038618832827, 0.006514443550258875, 0.006056050304323435, 0.006722960155457258, 0.006975075230002403, 0.007190072443336248, 0.007283948827534914, 0.007703292649239302, 0.007686975412070751, 0.008071132004261017, 0.0076036700047552586, 0.00804916676133871, 0.008744766935706139, 0.009394863620400429, 0.009431576356291771, 0.009254640899598598, 0.008499684743583202, 0.010264759883284569, 0.010536237619817257, 0.009958761744201183, 0.011448264122009277, 0.010781528428196907, 0.011131036095321178, 0.010733981616795063, 0.010902312584221363, 0.01130560040473938, 0.011543277651071548, 0.012131118215620518, 0.013260564766824245, 0.012807286344468594, 0.012806806713342667, 0.013838290236890316, 0.015107146464288235, 0.015243951231241226, 0.017141927033662796, 0.03149929270148277, 0.04561610519886017, 0.05521540343761444, 0.05991416051983833, 0.05879836529493332, 0.061078544706106186, 0.06872200220823288, 0.06944729387760162, 0.06477407366037369, 0.06081027165055275, 0.04952321574091911, 0.050847116857767105, 0.05323116481304169, 0.05995258316397667, 0.0531560443341732, 0.05163014680147171, 0.0312705896794796, 0.046928297728300095, 0.06378142535686493, 0.083031065762043, 0.09159894287586212, 0.08009801805019379, 0.07791583985090256, 0.06270462274551392, 0.05815068259835243, 0.05820665508508682, 0.0518912747502327, 0.04062718152999878, 0.03955881670117378, 0.04086741805076599, 0.04180828109383583, 0.04221823811531067, 0.031381018459796906, 0.02620461769402027, 0.029206935316324234, 0.021612560376524925, 0.016930697485804558, 0.018527597188949585, 0.016158411279320717, 0.010446036234498024, 0.008815036155283451, 0.008216396905481815, 0.007439122535288334, 0.006306218449026346, 0.005729325115680695, 0.005356754641979933, 0.005246176850050688, 0.005175915081053972, 0.005224370863288641, 0.0050731925293803215, 0.005283869802951813, 0.004782909993082285, 0.004923563450574875, 0.005335663445293903, 0.004945764318108559, 0.004487311467528343, 0.004439335782080889, 0.004732501693069935, 0.005011828616261482, 0.0047113606706261635, 0.005051959306001663, 0.0065967314876616, 0.0076644038781523705, 0.006554140709340572, 0.015259850770235062, 0.01639060117304325, 0.009018516167998314, 0.005291903391480446, 0.004907121416181326, 0.005072500556707382, 0.005111519247293472, 0.005162224639207125, 0.0050437371246516705, 0.005310751497745514, 0.005231404211372137, 0.005902301985770464, 0.005254360847175121, 0.005580416880548, 0.006135719828307629, 0.006095028482377529, 0.00581764243543148, 0.005782405845820904, 0.005847057327628136, 0.0053069400601089, 0.0058233714662492275, 0.005575038492679596, 0.005181165412068367, 0.006224490702152252, 0.007019874639809132, 0.007690570782870054, 0.0075210281647741795, 0.008228831924498081, 0.009478259831666946, 0.012903647497296333, 0.020504672080278397, 0.022237053140997887, 0.01997077278792858, 0.01483903732150793, 0.012203054502606392, 0.012935280799865723, 0.012974904850125313, 0.011545686982572079, 0.010460923425853252, 0.011511757969856262, 0.012397424317896366, 0.010934241116046906, 0.010212506167590618, 0.009402640163898468, 0.010263855569064617, 0.008572923950850964, 0.008161675184965134, 0.007693173363804817, 0.008861267007887363, 0.013961373828351498, 0.019002748653292656, 0.02233085408806801, 0.02297947369515896, 0.024046843871474266, 0.023980677127838135, 0.024064958095550537, 0.024833841249346733, 0.02540174499154091, 0.026187269017100334, 0.024168482050299644, 0.022904152050614357, 0.02213398553431034, 0.018314708024263382, 0.016861336305737495, 0.014872570522129536, 0.012772995047271252, 0.01296950876712799, 0.015009276568889618, 0.01381585281342268, 0.013447331264615059, 0.011179477907717228, 0.011436392553150654, 0.00960257463157177, 0.009718534536659718, 0.009994296357035637, 0.009275023825466633, 0.009629549458622932, 0.013347604312002659, 0.013794314116239548, 0.01460339780896902, 0.017474209889769554, 0.01460864394903183, 0.015705028548836708, 0.01563163660466671, 0.014127432368695736, 0.01448158547282219, 0.01510503888130188, 0.013972644694149494, 0.015186301432549953, 0.013908942230045795, 0.013435836881399155, 0.013355175033211708, 0.01646347902715206, 0.018413851037621498, 0.01811375468969345, 0.01931462250649929, 0.021189408376812935, 0.02486238442361355, 0.03531276062130928, 0.02973080426454544, 0.03453965112566948, 0.03982764482498169, 0.032555315643548965, 0.029975926503539085, 0.02635991759598255, 0.022743571549654007, 0.0241004079580307, 0.02035902999341488, 0.01802794449031353, 0.01620682142674923, 0.016184020787477493, 0.018483858555555344, 0.02024877443909645, 0.021909767761826515, 0.02473430149257183, 0.028312858194112778, 0.031510256230831146, 0.032119039446115494, 0.034069452434778214, 0.03816656395792961, 0.034300193190574646, 0.019768226891756058, 0.0161808542907238, 0.01297739427536726, 0.019380295649170876, 0.01967892237007618, 0.020874567329883575, 0.019198870286345482, 0.017830099910497665, 0.018529949709773064, 0.021606238558888435, 0.016720673069357872, 0.022906655445694923, 0.015494115650653839, 0.012354159727692604, 0.016207242384552956, 0.01660056971013546, 0.015289770439267159, 0.016207661479711533, 0.014130388386547565, 0.015511929988861084, 0.014177108183503151], 'L_grad': [0.013306098990142345, 0.013464078307151794, 0.013777879066765308, 0.013300323858857155, 0.0131732989102602, 0.012443870306015015, 0.012471775524318218, 0.012107567861676216, 0.011969245970249176, 0.011432843282818794, 0.010380538180470467, 0.00930056069046259, 0.008866744115948677, 0.008922926150262356, 0.00878781359642744, 0.00882500596344471, 0.008780354633927345, 0.008817972615361214, 0.008650324307382107, 0.008732477203011513, 0.008874235674738884, 0.00893321167677641, 0.009365806356072426, 0.009450187906622887, 0.009475755505263805, 0.010752879083156586, 0.011233729310333729, 0.011986367404460907, 0.011913325637578964, 0.012196026742458344, 0.012519805692136288, 0.012312822043895721, 0.012667656876146793, 0.012279226444661617, 0.010540047660470009, 0.010560581460595131, 0.010796098969876766, 0.008927423506975174, 0.008108695037662983, 0.008701174519956112, 0.008032775484025478, 0.008219560608267784, 0.007366811856627464, 0.007199224084615707, 0.007665085606276989, 0.0070694200694561005, 0.006471163593232632, 0.006847546435892582, 0.007159020286053419, 0.007881208322942257, 0.00747792050242424, 0.00735977478325367, 0.007160809822380543, 0.007213704288005829, 0.007520303130149841, 0.007644392549991608, 0.00716802291572094, 0.007719929330050945, 0.009364417754113674, 0.010422713123261929, 0.011150384321808815, 0.009285114705562592, 0.008436734788119793, 0.007725483272224665, 0.007249451242387295, 0.007007317617535591, 0.007079612463712692, 0.007077784277498722, 0.007134283892810345, 0.007156556472182274, 0.0072035943157970905, 0.007268149871379137, 0.007544714491814375, 0.007469272706657648, 0.007598515599966049, 0.007969969883561134, 0.008505940437316895, 0.008508414030075073, 0.008376975543797016, 0.008066456764936447, 0.008275833912193775, 0.008071241900324821, 0.00811939686536789, 0.00829526036977768, 0.008658559992909431, 0.008763100020587444, 0.00877801701426506, 0.008784481324255466, 0.008998776786029339, 0.009205175563693047, 0.00955684669315815, 0.009488287381827831, 0.009538432583212852, 0.009259792044758797, 0.009375840425491333, 0.008829094469547272, 0.008727442473173141, 0.008817492984235287, 0.008835095912218094, 0.009130353108048439, 0.009507184848189354, 0.009797589853405952, 0.010385844856500626, 0.010313352569937706, 0.009987362660467625, 0.00977381132543087, 0.00958256609737873, 0.009837299585342407, 0.009896616451442242, 0.009825518354773521, 0.009412085637450218, 0.009131217375397682, 0.008531130850315094, 0.008320555090904236, 0.008641027845442295, 0.009326023980975151, 0.008790804073214531, 0.00879869144409895, 0.008521100506186485, 0.008646659553050995, 0.008384423330426216, 0.008491884917020798, 0.008077610284090042, 0.008369538933038712, 0.00812995433807373, 0.008732229471206665, 0.008646510541439056, 0.009583059698343277, 0.009621923789381981, 0.010037641040980816, 0.010362988337874413, 0.01086820662021637, 0.01073017343878746, 0.009943665936589241, 0.010679803788661957, 0.011783194728195667, 0.012277649715542793, 0.012429788708686829, 0.011876505799591541, 0.012614179402589798, 0.012325801886618137, 0.012658746913075447, 0.012826899066567421, 0.012634913437068462, 0.013237131759524345, 0.012778278440237045, 0.009506015107035637, 0.008442152291536331, 0.008102502673864365, 0.007954565808176994, 0.008152402937412262, 0.008039122447371483, 0.008231647312641144, 0.00809024553745985, 0.007644146680831909, 0.00724785216152668, 0.007577560842037201, 0.007001894526183605, 0.006779548712074757, 0.006551452912390232, 0.006621084176003933, 0.006604229100048542, 0.006477078422904015, 0.006473241373896599, 0.006562176160514355, 0.006787140853703022, 0.006616055034101009, 0.006723993457853794, 0.006505855359137058, 0.006842495873570442, 0.0069382330402731895, 0.006885281763970852, 0.007186880335211754, 0.006968437694013119, 0.007163040339946747, 0.007368622347712517, 0.007153253071010113, 0.007035836111754179, 0.0067887082695961, 0.007243465632200241, 0.007420272566378117, 0.007463375106453896, 0.007727279327809811, 0.007687651086598635, 0.008147812448441982, 0.008075080811977386, 0.007581724319607019, 0.007292617112398148, 0.007425788789987564, 0.007424976676702499, 0.007122896611690521, 0.0071068499237298965, 0.006815074943006039, 0.006627204827964306, 0.006681937724351883, 0.0065004099160432816, 0.006332051008939743, 0.0057892207987606525, 0.006322931963950396, 0.006185472942888737, 0.005953327752649784, 0.0060220742598176, 0.006020950153470039, 0.005706150084733963, 0.0064365454018116, 0.006067940965294838, 0.006202468648552895, 0.00636613555252552, 0.006233544088900089, 0.006654825992882252, 0.006539819296449423, 0.006784623954445124, 0.006864987313747406, 0.006554417312145233, 0.00693482905626297, 0.0069227060303092, 0.006727990694344044, 0.00653389748185873, 0.006709937006235123, 0.007549235597252846, 0.007026888430118561, 0.006830611266195774, 0.00678681768476963, 0.007039546500891447, 0.006676142103970051, 0.006503223441541195, 0.006342598237097263, 0.007484476547688246, 0.006793211214244366, 0.006767616141587496, 0.007144501432776451, 0.0071424804627895355, 0.006704443600028753, 0.007325993850827217, 0.007660567294806242, 0.0067414711229503155, 0.007048017345368862, 0.008251531049609184, 0.006853955332189798, 0.007687498349696398, 0.007345183752477169, 0.007245941553264856, 0.008390207774937153, 0.007240220904350281, 0.007966207340359688, 0.007618257310241461, 0.007618804462254047, 0.007358260452747345, 0.007381148636341095, 0.0076608359813690186, 0.007290917448699474, 0.007662377320230007, 0.007546236272901297, 0.0074282544665038586, 0.007470952346920967, 0.007255321368575096, 0.007998443208634853, 0.0076194582507014275, 0.007320724427700043, 0.007755935192108154, 0.007867797277867794, 0.00745028629899025, 0.008021175861358643, 0.008283579722046852, 0.008522076532244682, 0.00851421244442463, 0.008854534476995468, 0.009115646593272686, 0.00907011330127716, 0.009025323204696178, 0.009187798015773296, 0.00971943698823452, 0.01002547051757574, 0.010082151740789413, 0.00996791385114193, 0.009656664915382862, 0.01068571675568819, 0.011047789826989174, 0.010560058988630772, 0.011378639377653599, 0.011086517944931984, 0.011128975078463554, 0.010751134715974331, 0.010532299056649208, 0.010789723135530949, 0.010717269964516163, 0.010767141357064247, 0.01087222620844841, 0.010594644583761692, 0.010735636577010155, 0.011514108628034592, 0.012169085443019867, 0.012609951198101044, 0.014077525585889816, 0.019188817590475082, 0.021013792604207993, 0.02201661840081215, 0.02244267240166664, 0.022193986922502518, 0.02247448079288006, 0.023025089874863625, 0.02360837161540985, 0.02360357716679573, 0.023603254929184914, 0.02288040891289711, 0.021102553233504295, 0.020768992602825165, 0.02050294354557991, 0.02038569003343582, 0.019563209265470505, 0.016313821077346802, 0.018414825201034546, 0.021280817687511444, 0.022580191493034363, 0.02362857386469841, 0.023827146738767624, 0.024079378694295883, 0.023252397775650024, 0.022638803347945213, 0.022693399339914322, 0.022494498640298843, 0.020288128405809402, 0.01870199851691723, 0.01870821602642536, 0.01925104856491089, 0.019193755462765694, 0.01712285727262497, 0.01554629672318697, 0.015265913680195808, 0.013172274455428123, 0.011470066383481026, 0.011642199009656906, 0.010709990747272968, 0.008711237460374832, 0.008138072676956654, 0.007986004464328289, 0.008194615133106709, 0.0079182805493474, 0.007873361930251122, 0.008315175771713257, 0.008265678770840168, 0.00822646077722311, 0.008533140644431114, 0.008449267596006393, 0.00855208095163107, 0.008291088044643402, 0.00857047364115715, 0.008916046470403671, 0.00854778103530407, 0.007807699963450432, 0.007597942836582661, 0.008010666817426682, 0.008292965590953827, 0.008034921251237392, 0.008384127169847488, 0.00933753326535225, 0.00938679650425911, 0.009063148871064186, 0.011319125071167946, 0.011377362534403801, 0.010463897138834, 0.008496185764670372, 0.007988840341567993, 0.008281631395220757, 0.0082955751568079, 0.00847558956593275, 0.008081682957708836, 0.008293748833239079, 0.008295224979519844, 0.008800763636827469, 0.008009503595530987, 0.008279766887426376, 0.008691773749887943, 0.008865674957633018, 0.008411039598286152, 0.008349219337105751, 0.008460795506834984, 0.00770766194909811, 0.008154723793268204, 0.008149095810949802, 0.007663631346076727, 0.007716673891991377, 0.007846716791391373, 0.008482742123305798, 0.008587311953306198, 0.009394179098308086, 0.00961971003562212, 0.010582907125353813, 0.011759240180253983, 0.013041108846664429, 0.01360742561519146, 0.012491846457123756, 0.011465780436992645, 0.01184968464076519, 0.012594541534781456, 0.01180858165025711, 0.011248869821429253, 0.011717624962329865, 0.01209360733628273, 0.011579038575291634, 0.011311382055282593, 0.010731130838394165, 0.011195728555321693, 0.010238329879939556, 0.009790733456611633, 0.009615222923457623, 0.01046941988170147, 0.012225041165947914, 0.01328850444406271, 0.013786247931420803, 0.013719948008656502, 0.014542616903781891, 0.014829734340310097, 0.014750800095498562, 0.015052424743771553, 0.015282411128282547, 0.015701595693826675, 0.015509896911680698, 0.015053728595376015, 0.014702018350362778, 0.013958899304270744, 0.013610037043690681, 0.013038759119808674, 0.012421539053320885, 0.012609297409653664, 0.01335875503718853, 0.012682667002081871, 0.012647740542888641, 0.011909423395991325, 0.012012844905257225, 0.010762428864836693, 0.011022782884538174, 0.010887958109378815, 0.010516449809074402, 0.010612983256578445, 0.012343013659119606, 0.01279529556632042, 0.012901617214083672, 0.01359126903116703, 0.012763059698045254, 0.013030054047703743, 0.013172675855457783, 0.012548159807920456, 0.012744981795549393, 0.01312971580773592, 0.012517053633928299, 0.0128959184512496, 0.01208585873246193, 0.011695392429828644, 0.011321557685732841, 0.012642474845051765, 0.013380596414208412, 0.013675320893526077, 0.014011295512318611, 0.015094689093530178, 0.017069675028324127, 0.01965181715786457, 0.01717706397175789, 0.01820458471775055, 0.01848917454481125, 0.017224915325641632, 0.01632010005414486, 0.015473585575819016, 0.01466984860599041, 0.014706330373883247, 0.012802859768271446, 0.012023786082863808, 0.011592390015721321, 0.011709971353411674, 0.011948278173804283, 0.012391939759254456, 0.012942750006914139, 0.013913747854530811, 0.015501802787184715, 0.0165422223508358, 0.015998704358935356, 0.016696976497769356, 0.01783059537410736, 0.0180134829133749, 0.015324939973652363, 0.013743583112955093, 0.01222367025911808, 0.014753488823771477, 0.015179866924881935, 0.014725567772984505, 0.013477416709065437, 0.012778611853718758, 0.012718534097075462, 0.013680105097591877, 0.012571214698255062, 0.014293860644102097, 0.012870244681835175, 0.010809188708662987, 0.012685439549386501, 0.012796096503734589, 0.011677658185362816, 0.01266445405781269, 0.01215231791138649, 0.012723037973046303, 0.005934331566095352]}
Saving checkpoint: train_runs/checkpoints/train_s2d_MambaSSM_STRICT_20260306_124138_bs2/checkpoint-epoch008-loss-0.0059.pth.tar ...
all losses in batch in validation:  {'loss': [0.01732185110449791, 0.019743528217077255, 0.020202327519655228, 0.020477717742323875, 0.019511781632900238, 0.019286401569843292, 0.020743852481245995, 0.01876200921833515, 0.021282844245433807, 0.02265692688524723, 0.01927533745765686, 0.016237489879131317, 0.016302987933158875, 0.016689985990524292, 0.01650227978825569, 0.01675425097346306, 0.01670093461871147, 0.01640387997031212, 0.01629081927239895, 0.015580495819449425, 0.016261078417301178, 0.020433146506547928, 0.01776888780295849, 0.017556138336658478, 0.017485208809375763, 0.019896268844604492, 0.02573438361287117, 0.023449184373021126, 0.021014109253883362, 0.02203269675374031, 0.02304059825837612, 0.023803342133760452, 0.024513043463230133, 0.0251300185918808, 0.022307751700282097, 0.02306397631764412, 0.019854813814163208, 0.015250569209456444, 0.01458599604666233, 0.014570510014891624, 0.014656114391982555, 0.014551695436239243, 0.012859540991485119, 0.012471536174416542, 0.012159883044660091, 0.01098024845123291, 0.010482117533683777, 0.012021319009363651, 0.012352501973509789, 0.0121755450963974, 0.01263377070426941, 0.012024136260151863, 0.011316677555441856, 0.011496566236019135, 0.011565519496798515, 0.012078593485057354, 0.011706647463142872, 0.012236027978360653, 0.012616541236639023, 0.013126926496624947, 0.013843873515725136, 0.014470165595412254, 0.01326386071741581, 0.012089094147086143, 0.012160105630755424, 0.011515399441123009, 0.011691557243466377, 0.011435030028223991, 0.011633450165390968, 0.011704349890351295, 0.011537229642271996, 0.011329174041748047, 0.01157708466053009, 0.011586193926632404, 0.012083319947123528, 0.012541813775897026, 0.012539633549749851, 0.012546710669994354, 0.013164939358830452, 0.014056114479899406, 0.015273290686309338, 0.01497664488852024, 0.0152538837864995, 0.015374280512332916, 0.0176915992051363, 0.01880364678800106, 0.017964117228984833, 0.016818610951304436, 0.017074717208743095, 0.0158124640583992, 0.015706690028309822, 0.015595225617289543, 0.015579158440232277, 0.015472935512661934, 0.01587565243244171, 0.015205979347229004, 0.014737356454133987, 0.015270388685166836, 0.01545301079750061, 0.016091108322143555, 0.016927368938922882, 0.017483314499258995, 0.020008325576782227, 0.01871446706354618, 0.018191080540418625, 0.01734345592558384, 0.017910733819007874, 0.017705457285046577, 0.018821168690919876, 0.016970008611679077, 0.016645248979330063, 0.01522376760840416, 0.01388874277472496, 0.013675982132554054, 0.014562626369297504, 0.014747481793165207, 0.014687150716781616, 0.014872574247419834, 0.014686924405395985, 0.015034615062177181, 0.016024161130189896, 0.014173059724271297, 0.013318445533514023, 0.013205248862504959, 0.012987006455659866, 0.01313558779656887, 0.01346195861697197, 0.01459221076220274, 0.014769570901989937, 0.0160620529204607, 0.01647709682583809, 0.018438536673784256, 0.018408311530947685, 0.01711096242070198, 0.018160926178097725, 0.02005494013428688, 0.021369095891714096, 0.023492339998483658, 0.023619743064045906, 0.02591170370578766, 0.022801222279667854, 0.022107072174549103, 0.024146877229213715, 0.022605447098612785, 0.02232770249247551, 0.02020316570997238, 0.018216926604509354, 0.015550702810287476, 0.01743101142346859, 0.019274447113275528, 0.020283563062548637, 0.022805027663707733, 0.022535672411322594, 0.02548476681113243, 0.021546941250562668, 0.01723741553723812, 0.01527402549982071, 0.021074380725622177, 0.020708903670310974, 0.012719343416392803, 0.011923045851290226, 0.01181424967944622, 0.013892192393541336, 0.01273605041205883, 0.014896418899297714, 0.015482551418244839, 0.013636830262839794, 0.014651009812951088, 0.013959120027720928, 0.016169611364603043, 0.014292731881141663, 0.015340752899646759, 0.015871189534664154, 0.018777523189783096, 0.018647069111466408, 0.019830409437417984, 0.02143213525414467, 0.023334188386797905, 0.019862040877342224, 0.02090858295559883, 0.018643664196133614, 0.019538838416337967, 0.021006155759096146, 0.02352195791900158, 0.02140449546277523, 0.02247542515397072, 0.023655306547880173, 0.021583816036581993, 0.022497164085507393, 0.02355443686246872, 0.023150689899921417, 0.022863831371068954, 0.02313816174864769, 0.02167423814535141, 0.023678041994571686, 0.022815972566604614, 0.023260559886693954, 0.02241504192352295, 0.022683467715978622, 0.022489016875624657, 0.0237903892993927, 0.02360791340470314, 0.023628853261470795, 0.02471752092242241, 0.0270712710916996, 0.02454434335231781, 0.024312850087881088, 0.023770827800035477, 0.022380227223038673, 0.023154912516474724, 0.02207138016819954, 0.02393418177962303, 0.0255531445145607, 0.0217810720205307, 0.020925965160131454, 0.021201811730861664, 0.020850770175457, 0.02096671611070633, 0.018374478444457054, 0.019258558750152588, 0.016385626047849655, 0.015177056193351746, 0.014111924916505814, 0.014912091195583344, 0.013542285189032555, 0.012502972036600113, 0.012136774137616158, 0.01633758842945099, 0.014306709170341492, 0.01395420078188181, 0.015008136630058289, 0.0154576376080513, 0.013721799477934837, 0.01411469653248787, 0.014531310647726059, 0.013224085792899132, 0.01345712598413229, 0.014828436076641083, 0.011652685701847076, 0.013321543112397194, 0.011813152581453323, 0.011072058230638504, 0.01257343590259552, 0.009986690245568752, 0.011562637984752655, 0.010531112551689148, 0.01116679422557354, 0.010806807316839695, 0.010707521811127663, 0.011163045652210712, 0.010517152026295662, 0.011742224916815758, 0.010904110968112946, 0.0108925960958004, 0.011188838630914688, 0.010617192834615707, 0.012485664337873459, 0.011503162793815136, 0.011563717387616634, 0.012839779257774353, 0.012540403753519058, 0.011098703369498253, 0.01276008877903223, 0.013479216024279594, 0.0139594916254282, 0.014166515320539474, 0.01506521925330162, 0.015500039793550968, 0.015783123672008514, 0.015048087574541569, 0.01598002202808857, 0.017378555610775948, 0.018019622191786766, 0.018575578927993774, 0.01806165650486946, 0.017504796385765076, 0.020718781277537346, 0.021019678562879562, 0.019602768123149872, 0.022912081331014633, 0.022720955312252045, 0.0230054073035717, 0.022849850356578827, 0.023047778755426407, 0.02370666339993477, 0.024084731936454773, 0.024906037375330925, 0.025129899382591248, 0.024354536086320877, 0.024539019912481308, 0.025216037407517433, 0.027449842542409897, 0.0284117441624403, 0.02881087362766266, 0.026916611939668655, 0.024531401693820953, 0.021953348070383072, 0.023259900510311127, 0.023087460547685623, 0.023462478071451187, 0.02066575363278389, 0.025413362309336662, 0.02783956751227379, 0.02948692813515663, 0.022065753117203712, 0.022735290229320526, 0.022476676851511, 0.022959504276514053, 0.02310927025973797, 0.023912811651825905, 0.023587673902511597, 0.023597046732902527, 0.024495527148246765, 0.02715906873345375, 0.027999626472592354, 0.0286227036267519, 0.029603196308016777, 0.030003836378455162, 0.031082455068826675, 0.03213232010602951, 0.030931171029806137, 0.030833367258310318, 0.03144355118274689, 0.03230877220630646, 0.03242682293057442, 0.031418152153491974, 0.03068983368575573, 0.02926233783364296, 0.027386028319597244, 0.02678005024790764, 0.025864768773317337, 0.022705093026161194, 0.020497333258390427, 0.019473224878311157, 0.018281813710927963, 0.0173671692609787, 0.0163956917822361, 0.015032390132546425, 0.013916103169322014, 0.01433305162936449, 0.013843407854437828, 0.014067043550312519, 0.014318279922008514, 0.013988926075398922, 0.014453237876296043, 0.014332191087305546, 0.014140046201646328, 0.01383605133742094, 0.013428941369056702, 0.012653687968850136, 0.012365264818072319, 0.01244036853313446, 0.012438063509762287, 0.01256532035768032, 0.012834563851356506, 0.014019550755620003, 0.013585248962044716, 0.013740832917392254, 0.01448008231818676, 0.014160164631903172, 0.015102924779057503, 0.013645878061652184, 0.01390022598206997, 0.013864601030945778, 0.013875240460038185, 0.014440561644732952, 0.014721382409334183, 0.01420293003320694, 0.01464790292084217, 0.01549522951245308, 0.014326352626085281, 0.014604524709284306, 0.015277566388249397, 0.015486469492316246, 0.015732094645500183, 0.015096800401806831, 0.015290562994778156, 0.014356818050146103, 0.014499465934932232, 0.014792589470744133, 0.013664702884852886, 0.01495326217263937, 0.015204589813947678, 0.016812721267342567, 0.01841815933585167, 0.020528685301542282, 0.02168945036828518, 0.02494286373257637, 0.028975127264857292, 0.030543919652700424, 0.028811145573854446, 0.026774069294333458, 0.02452131360769272, 0.026314962655305862, 0.026355555281043053, 0.02224629372358322, 0.017766781151294708, 0.01764718070626259, 0.017696615308523178, 0.0176103375852108, 0.016627544537186623, 0.016197897493839264, 0.01580057665705681, 0.015837376937270164, 0.015109047293663025, 0.01579354703426361, 0.015934504568576813, 0.01568407192826271, 0.015996340662240982, 0.0166719201952219, 0.0161091610789299, 0.017477650195360184, 0.017247453331947327, 0.01694590225815773, 0.01756936125457287, 0.017883189022541046, 0.018693266436457634, 0.019850850105285645, 0.019049234688282013, 0.01916377805173397, 0.018807392567396164, 0.019786007702350616, 0.020098531618714333, 0.019449856132268906, 0.02070564404129982, 0.020070098340511322, 0.020508786663413048, 0.0202597938477993, 0.020629052072763443, 0.021078340709209442, 0.021807828918099403, 0.021941348910331726, 0.020943693816661835, 0.021197736263275146, 0.02213387005031109, 0.02317226678133011, 0.02393190935254097, 0.02250589244067669, 0.023952830582857132, 0.023736346513032913, 0.02417045831680298, 0.025868728756904602, 0.02508852630853653, 0.024805009365081787, 0.023876717314124107, 0.02449597418308258, 0.025078147649765015, 0.023689961060881615, 0.02326025441288948, 0.021465562283992767, 0.022550620138645172, 0.021808946505188942, 0.02112516015768051, 0.021913573145866394, 0.023328950628638268, 0.02187451906502247, 0.022394375875592232, 0.016863171011209488, 0.017723171040415764, 0.018101835623383522, 0.01910124160349369, 0.019640561193227768, 0.018526587635278702, 0.01878313720226288, 0.01928587257862091, 0.018126074224710464, 0.018091831356287003, 0.018122106790542603, 0.01907149702310562, 0.020818248391151428, 0.02063506841659546, 0.027747254818677902, 0.028403300791978836, 0.022495850920677185, 0.01870732009410858, 0.017887350171804428, 0.01862204074859619, 0.01970047503709793, 0.019473645836114883, 0.018650222569704056, 0.018653061240911484, 0.018182359635829926, 0.019053712487220764, 0.01961890235543251, 0.019298672676086426, 0.020053543150424957, 0.021790124475955963, 0.022557631134986877, 0.022254113107919693, 0.022729210555553436, 0.023366238921880722, 0.023252904415130615, 0.022967103868722916, 0.02253877744078636, 0.024302510544657707, 0.024511955678462982, 0.023156600072979927, 0.021615685895085335, 0.021253831684589386, 0.015683360397815704], 'L_si': [0.008033345453441143, 0.00972006469964981, 0.010010376572608948, 0.010189243592321873, 0.009577418677508831, 0.009506862610578537, 0.010535323061048985, 0.00909637100994587, 0.010632721707224846, 0.011637112125754356, 0.009365519508719444, 0.007350169122219086, 0.007377123460173607, 0.007485110778361559, 0.007519788108766079, 0.007549125701189041, 0.007627986837178469, 0.007455739658325911, 0.007295852992683649, 0.006924609187990427, 0.007359119597822428, 0.010176997631788254, 0.008033961988985538, 0.007775429170578718, 0.007593855261802673, 0.00927254930138588, 0.01342843472957611, 0.011360841803252697, 0.009652881883084774, 0.010244131088256836, 0.010948983021080494, 0.011346696875989437, 0.011846411973237991, 0.01256952527910471, 0.010937772691249847, 0.011798229068517685, 0.009406868368387222, 0.006317567080259323, 0.006053973454982042, 0.005997891072183847, 0.00617489218711853, 0.006349090952426195, 0.005372322164475918, 0.004930267576128244, 0.004741237498819828, 0.00421726843342185, 0.00397460488602519, 0.0047984253615140915, 0.004952679853886366, 0.004753585904836655, 0.004953623749315739, 0.004635716322809458, 0.0043257069773972034, 0.004489234648644924, 0.004483687691390514, 0.004676767624914646, 0.00452352175489068, 0.00474894605576992, 0.004965015687048435, 0.005311920773237944, 0.0054921843111515045, 0.005863061640411615, 0.005067696329206228, 0.004542256239801645, 0.004703123588114977, 0.0044256653636693954, 0.004549170378595591, 0.004305862821638584, 0.004411386325955391, 0.004430685192346573, 0.004322764463722706, 0.004239234607666731, 0.0043387929908931255, 0.004384235478937626, 0.004524851683527231, 0.004746097140014172, 0.0046698302030563354, 0.004738400224596262, 0.0050070337019860744, 0.00547155411913991, 0.006075180135667324, 0.005851299036294222, 0.006029895506799221, 0.006015401799231768, 0.0073212324641644955, 0.007936891168355942, 0.007383937016129494, 0.006643951404839754, 0.006812341511249542, 0.0061771562322974205, 0.006455449387431145, 0.006499484647065401, 0.006358535494655371, 0.0063460757955908775, 0.006472280248999596, 0.006196244154125452, 0.005990493576973677, 0.006176687777042389, 0.006266276817768812, 0.006525059230625629, 0.006883906666189432, 0.006971154361963272, 0.008329006843268871, 0.007589112501591444, 0.007299472577869892, 0.006771564949303865, 0.007318125106394291, 0.007233396638184786, 0.007774082012474537, 0.00669842679053545, 0.006387069821357727, 0.005642018746584654, 0.00488542765378952, 0.004838285036385059, 0.005191566422581673, 0.00528246583417058, 0.00528944656252861, 0.005366169847548008, 0.0052502332255244255, 0.00545144360512495, 0.006144239567220211, 0.005082977935671806, 0.004764752462506294, 0.004711506888270378, 0.0046283043920993805, 0.0047294264659285545, 0.004813310690224171, 0.005392479710280895, 0.005371605511754751, 0.00608708756044507, 0.006313859485089779, 0.007148256059736013, 0.007157463580369949, 0.006506770849227905, 0.0070359352976083755, 0.008171637542545795, 0.009279261343181133, 0.01047392189502716, 0.01041470468044281, 0.011813768185675144, 0.00993726309388876, 0.009481631219387054, 0.011147215962409973, 0.010636460036039352, 0.010058806277811527, 0.009082622826099396, 0.008046162314713001, 0.006251123733818531, 0.007744868751615286, 0.009633851237595081, 0.010429905727505684, 0.012958039529621601, 0.012789804488420486, 0.015380265191197395, 0.011997256428003311, 0.008627993986010551, 0.007155105471611023, 0.012093918398022652, 0.011638401076197624, 0.005584549158811569, 0.0050674015656113625, 0.004973023664206266, 0.006398756522685289, 0.005590982735157013, 0.007143212482333183, 0.007438645698130131, 0.006270056590437889, 0.007039188407361507, 0.006400588899850845, 0.00797155499458313, 0.006502408068627119, 0.0072040855884552, 0.007494909223169088, 0.009869657456874847, 0.009635958820581436, 0.010525573045015335, 0.011868509463965893, 0.01349392719566822, 0.010778795927762985, 0.011524136178195477, 0.00971505232155323, 0.010237793438136578, 0.011487589217722416, 0.013451734557747841, 0.011515123769640923, 0.0123335225507617, 0.013497579842805862, 0.011867132969200611, 0.012644678354263306, 0.013637558557093143, 0.013600549660623074, 0.013237211853265762, 0.013707251287996769, 0.01268647238612175, 0.014425701461732388, 0.013802791014313698, 0.014171939343214035, 0.013683226890861988, 0.013697804883122444, 0.013671178370714188, 0.014906440861523151, 0.014602236449718475, 0.014517767354846, 0.01561919879168272, 0.01732177846133709, 0.015482252463698387, 0.015125301666557789, 0.014527351595461369, 0.013464240357279778, 0.013867590576410294, 0.013047747313976288, 0.01450422964990139, 0.015707137063145638, 0.012691810727119446, 0.011896113865077496, 0.012112435884773731, 0.01181566808372736, 0.01185809075832367, 0.009961409494280815, 0.01029402855783701, 0.008319850079715252, 0.007374439388513565, 0.006650805007666349, 0.00700801657512784, 0.0061509269289672375, 0.00557794189080596, 0.005202403292059898, 0.00755118764936924, 0.006323349196463823, 0.006114966236054897, 0.006667799782007933, 0.007027307990938425, 0.006104483734816313, 0.00616846838966012, 0.00630169128999114, 0.005733204074203968, 0.005768578499555588, 0.006187298335134983, 0.004385656211525202, 0.005130745470523834, 0.004284505266696215, 0.003876469563692808, 0.0046479650773108006, 0.0032726163044571877, 0.00420655682682991, 0.003625583602115512, 0.004007177893072367, 0.0038506861310452223, 0.0037967811804264784, 0.004088346380740404, 0.003761507570743561, 0.00451258709654212, 0.004076216835528612, 0.004062979947775602, 0.004358550533652306, 0.003962950315326452, 0.00508884759619832, 0.004564058035612106, 0.00447375513613224, 0.005341347772628069, 0.005197272635996342, 0.00439414894208312, 0.005375598557293415, 0.00578469829633832, 0.006054928991943598, 0.006102489307522774, 0.0067015900276601315, 0.006805763579905033, 0.007172455545514822, 0.0066617438569664955, 0.007365869823843241, 0.008254448883235455, 0.008678802289068699, 0.008985334075987339, 0.00869658961892128, 0.00835755281150341, 0.010372035205364227, 0.010519473813474178, 0.009702082723379135, 0.011897427029907703, 0.011799641884863377, 0.012114251032471657, 0.012163138948380947, 0.012409893795847893, 0.012644903734326363, 0.013013340532779694, 0.013701707124710083, 0.014239723794162273, 0.013705688528716564, 0.013751648366451263, 0.014119191095232964, 0.015423073433339596, 0.016141388565301895, 0.016422851011157036, 0.015234841033816338, 0.013791442848742008, 0.01250234991312027, 0.01300870068371296, 0.012733114883303642, 0.013106952421367168, 0.01172873005270958, 0.014325227588415146, 0.015877878293395042, 0.01760970801115036, 0.01336028054356575, 0.013821547850966454, 0.013951417058706284, 0.014426438137888908, 0.01459689810872078, 0.015164211392402649, 0.014915172941982746, 0.014768781140446663, 0.015542400069534779, 0.017445582896471024, 0.018137061968445778, 0.018508877605199814, 0.01921369880437851, 0.019509300589561462, 0.020234134048223495, 0.020933812484145164, 0.019911911338567734, 0.019786566495895386, 0.020359188318252563, 0.020882634446024895, 0.02079576998949051, 0.01979171298444271, 0.01896638795733452, 0.017841089516878128, 0.016384828835725784, 0.016090990975499153, 0.015512758865952492, 0.013019107282161713, 0.011585257947444916, 0.01065157726407051, 0.009661143645644188, 0.008578724227845669, 0.007753824349492788, 0.006759071256965399, 0.005910869687795639, 0.005715671926736832, 0.005372587125748396, 0.005426567979156971, 0.005541708320379257, 0.005356919951736927, 0.005590608809143305, 0.005397003144025803, 0.005240151658654213, 0.0051415106281638145, 0.004847016651183367, 0.004518422763794661, 0.004397889599204063, 0.004423835780471563, 0.004540305584669113, 0.0046418290585279465, 0.004681091755628586, 0.005303127691149712, 0.005147811956703663, 0.005300681106746197, 0.005734321195632219, 0.005450239405035973, 0.006027379538863897, 0.005332199390977621, 0.005501575767993927, 0.005443219561129808, 0.005413420032709837, 0.005685540847480297, 0.00587061233818531, 0.005655805114656687, 0.00579233281314373, 0.0062299324199557304, 0.005718642845749855, 0.005894483998417854, 0.006253346335142851, 0.006317329593002796, 0.006451497785747051, 0.006219874136149883, 0.006429003551602364, 0.006058519706130028, 0.005993143655359745, 0.006253414787352085, 0.005810752511024475, 0.0069654108956456184, 0.0073537384159862995, 0.008206754922866821, 0.009233217686414719, 0.010303794406354427, 0.011346605606377125, 0.013704508543014526, 0.016408074647188187, 0.017199791967868805, 0.01613486185669899, 0.01471860334277153, 0.01295547280460596, 0.014091881923377514, 0.013531886041164398, 0.011171187274158001, 0.00815640389919281, 0.008032222278416157, 0.00804934836924076, 0.008212443441152573, 0.00762280123308301, 0.007478098850697279, 0.0072111766785383224, 0.007230344694107771, 0.006773211061954498, 0.007144574075937271, 0.007182245142757893, 0.007051338441669941, 0.0072031221352517605, 0.007370609324425459, 0.0070854537189006805, 0.00784437358379364, 0.007696186192333698, 0.007656418718397617, 0.008164480328559875, 0.00832649227231741, 0.008702127262949944, 0.009422998875379562, 0.009031788446009159, 0.009036732837557793, 0.008787618018686771, 0.009488764218986034, 0.009536907076835632, 0.009102807380259037, 0.009977337904274464, 0.009508113376796246, 0.009939571842551231, 0.009837332181632519, 0.010198437608778477, 0.010518822818994522, 0.01100216805934906, 0.010965516790747643, 0.010393927805125713, 0.010556484572589397, 0.011128782294690609, 0.011889110319316387, 0.012245265766978264, 0.0112849036231637, 0.012436600401997566, 0.012130704708397388, 0.012509697116911411, 0.013736328110098839, 0.013372757472097874, 0.01341105718165636, 0.012833790853619576, 0.013347361236810684, 0.01388542354106903, 0.013031372800469398, 0.012772489339113235, 0.011581264436244965, 0.01221640408039093, 0.011845945380628109, 0.01141178235411644, 0.01198969129472971, 0.013067465275526047, 0.01207528356462717, 0.01265628356486559, 0.009175547398626804, 0.009772214107215405, 0.009958148933947086, 0.010249758139252663, 0.010418309830129147, 0.00985281728208065, 0.01019721943885088, 0.010583908297121525, 0.009889684617519379, 0.009762846864759922, 0.010015938431024551, 0.010685754008591175, 0.01172826811671257, 0.01135273464024067, 0.016835719347000122, 0.01762489601969719, 0.012888305820524693, 0.010341721586883068, 0.010031289421021938, 0.010431160219013691, 0.011002592742443085, 0.010900432243943214, 0.010174334049224854, 0.010227413848042488, 0.009797699749469757, 0.010159465484321117, 0.009960480965673923, 0.010127649642527103, 0.010783413425087929, 0.012109254486858845, 0.012800660915672779, 0.012541442178189754, 0.01274594571441412, 0.013471727259457111, 0.01316150464117527, 0.013278216123580933, 0.012872674502432346, 0.014360370114445686, 0.014663420617580414, 0.013231032527983189, 0.012168020941317081, 0.011921179480850697, 0.011274616234004498], 'L_grad': [0.009288506582379341, 0.010023463517427444, 0.010191951878368855, 0.010288474150002003, 0.009934362955391407, 0.009779538959264755, 0.01020852942019701, 0.009665638208389282, 0.010650122538208961, 0.011019814759492874, 0.009909817948937416, 0.008887320756912231, 0.008925864472985268, 0.009204874746501446, 0.008982491679489613, 0.009205124340951443, 0.00907294824719429, 0.00894813984632492, 0.008994966745376587, 0.00865588616579771, 0.008901958353817463, 0.010256149806082249, 0.00973492581397295, 0.009780708700418472, 0.00989135354757309, 0.010623719543218613, 0.01230594888329506, 0.012088342569768429, 0.011361226439476013, 0.0117885647341609, 0.012091615237295628, 0.01245664618909359, 0.012666630558669567, 0.012560492381453514, 0.01136997900903225, 0.011265748180449009, 0.010447945445775986, 0.00893300212919712, 0.008532022126019001, 0.008572619408369064, 0.008481222204864025, 0.008202604949474335, 0.007487218827009201, 0.00754126813262701, 0.007418645545840263, 0.006762979552149773, 0.006507513113319874, 0.00722289364784956, 0.007399821653962135, 0.007421958725899458, 0.0076801469549536705, 0.007388419937342405, 0.00699097104370594, 0.00700733158737421, 0.007081831805408001, 0.007401825860142708, 0.0071831257082521915, 0.007487081922590733, 0.007651526015251875, 0.007815005257725716, 0.008351689204573631, 0.008607104420661926, 0.008196164853870869, 0.0075468383729457855, 0.00745698157697916, 0.007089734543114901, 0.007142386864870787, 0.007129167206585407, 0.007222063839435577, 0.007273664698004723, 0.007214464712888002, 0.007089938968420029, 0.0072382912039756775, 0.0072019584476947784, 0.007558468263596296, 0.0077957166358828545, 0.007869803346693516, 0.007808309979736805, 0.008157906122505665, 0.008584560826420784, 0.009198110550642014, 0.009125345386564732, 0.00922398827970028, 0.009358879178762436, 0.010370367206633091, 0.010866755619645119, 0.010580180212855339, 0.010174660012125969, 0.010262375697493553, 0.009635308757424355, 0.009251240640878677, 0.009095740504562855, 0.009220623411238194, 0.009126859717071056, 0.009403371252119541, 0.00900973565876484, 0.008746862411499023, 0.009093700908124447, 0.009186734445393085, 0.0095660500228405, 0.010043462738394737, 0.010512160137295723, 0.011679318733513355, 0.01112535409629345, 0.010891607031226158, 0.010571891441941261, 0.010592609643936157, 0.010472061112523079, 0.01104708667844534, 0.010271582752466202, 0.01025818008929491, 0.009581748396158218, 0.00900331512093544, 0.008837697096168995, 0.009371059946715832, 0.009465016424655914, 0.009397704154253006, 0.009506404399871826, 0.00943669117987156, 0.00958317145705223, 0.00987992249429226, 0.009090081788599491, 0.008553693071007729, 0.008493741974234581, 0.008358702063560486, 0.008406161330640316, 0.008648647926747799, 0.009199731051921844, 0.009397964924573898, 0.009974965825676918, 0.010163236409425735, 0.011290280148386955, 0.011250847950577736, 0.010604191571474075, 0.01112499088048935, 0.01188330166041851, 0.012089835479855537, 0.013018417172133923, 0.013205038383603096, 0.014097935520112514, 0.012863959185779095, 0.012625441886484623, 0.012999661266803741, 0.011968987062573433, 0.012268897145986557, 0.011120542883872986, 0.010170765221118927, 0.009299579076468945, 0.009686142206192017, 0.009640594944357872, 0.009853657335042953, 0.009846989065408707, 0.009745867922902107, 0.010104501619935036, 0.009549683891236782, 0.00860942155122757, 0.008118920028209686, 0.0089804632589221, 0.009070503525435925, 0.007134794257581234, 0.0068556442856788635, 0.006841225549578667, 0.007493435405194759, 0.00714506721124053, 0.007753206416964531, 0.008043905720114708, 0.007366773672401905, 0.007611820939928293, 0.007558531127870083, 0.008198057301342487, 0.007790323346853256, 0.008136667311191559, 0.008376279845833778, 0.008907865732908249, 0.009011110290884972, 0.009304836392402649, 0.009563624858856201, 0.009840261191129684, 0.009083244949579239, 0.00938444584608078, 0.008928611874580383, 0.009301045909523964, 0.00951856654137373, 0.010070223361253738, 0.009889371693134308, 0.010141903534531593, 0.01015772670507431, 0.009716683067381382, 0.009852485731244087, 0.00991687923669815, 0.009550140239298344, 0.009626620449125767, 0.009430909529328346, 0.008987766690552235, 0.009252341464161873, 0.009013181552290916, 0.009088621474802494, 0.008731814101338387, 0.008985663764178753, 0.008817838504910469, 0.008883949369192123, 0.009005676954984665, 0.009111085906624794, 0.009098323062062263, 0.00974949263036251, 0.009062090888619423, 0.009187549352645874, 0.009243477135896683, 0.008915986865758896, 0.00928732194006443, 0.009023632854223251, 0.009429953061044216, 0.009846007451415062, 0.00908926036208868, 0.009029851295053959, 0.009089375846087933, 0.009035101160407066, 0.00910862535238266, 0.008413068950176239, 0.008964531123638153, 0.008065775036811829, 0.007802616339176893, 0.0074611203745007515, 0.007904074154794216, 0.00739135779440403, 0.0069250306114554405, 0.006934370845556259, 0.008786400780081749, 0.007983359508216381, 0.007839234545826912, 0.008340336382389069, 0.008430329151451588, 0.007617315277457237, 0.007946227677166462, 0.008229618892073631, 0.007490881718695164, 0.007688547484576702, 0.0086411377415061, 0.007267029024660587, 0.00819079764187336, 0.007528646849095821, 0.007195588201284409, 0.007925470359623432, 0.006714073941111565, 0.007356081157922745, 0.006905528716742992, 0.00715961679816246, 0.006956120952963829, 0.006910740397870541, 0.007074699271470308, 0.006755644455552101, 0.007229638285934925, 0.006827893666923046, 0.0068296161480247974, 0.0068302880972623825, 0.006654242519289255, 0.007396816276013851, 0.00693910475820303, 0.007089962251484394, 0.007498431950807571, 0.0073431311175227165, 0.00670455489307642, 0.007384490221738815, 0.007694518193602562, 0.00790456309914589, 0.0080640260130167, 0.008363628759980202, 0.008694276213645935, 0.008610667660832405, 0.008386343717575073, 0.008614151738584042, 0.009124106727540493, 0.009340819902718067, 0.00959024578332901, 0.009365067817270756, 0.00914724450558424, 0.010346746072173119, 0.010500205680727959, 0.009900684468448162, 0.011014653369784355, 0.010921312496066093, 0.010891156271100044, 0.010686712339520454, 0.01063788402825594, 0.011061759665608406, 0.01107139140367508, 0.011204330250620842, 0.0108901746571064, 0.010648846626281738, 0.01078737061470747, 0.01109684631228447, 0.012026770040392876, 0.012270355597138405, 0.012388021685183048, 0.011681770905852318, 0.01073995977640152, 0.009450998157262802, 0.010251198895275593, 0.010354346595704556, 0.010355524718761444, 0.008937024511396885, 0.011088134720921516, 0.011961689218878746, 0.011877221055328846, 0.008705472573637962, 0.008913743309676647, 0.008525258861482143, 0.008533066138625145, 0.008512372151017189, 0.008748600259423256, 0.008672500029206276, 0.008828266523778439, 0.008953127078711987, 0.009713486768305302, 0.009862564504146576, 0.010113826021552086, 0.010389497503638268, 0.0104945357888937, 0.01084832102060318, 0.011198507621884346, 0.011019259691238403, 0.011046799831092358, 0.011084362864494324, 0.011426139622926712, 0.011631053872406483, 0.011626437306404114, 0.011723445728421211, 0.011421248316764832, 0.01100119948387146, 0.01068906020373106, 0.010352009907364845, 0.009685984812676907, 0.008912076242268085, 0.008821647614240646, 0.008620670065283775, 0.008788444101810455, 0.008641867898404598, 0.008273318409919739, 0.008005233481526375, 0.008617379702627659, 0.008470820263028145, 0.008640475571155548, 0.008776571601629257, 0.008632006123661995, 0.008862629532814026, 0.008935187943279743, 0.008899894542992115, 0.008694540709257126, 0.008581924252212048, 0.008135264739394188, 0.007967375218868256, 0.00801653228700161, 0.007897757925093174, 0.007923491299152374, 0.00815347209572792, 0.008716423064470291, 0.008437437005341053, 0.008440151810646057, 0.008745760656893253, 0.008709925226867199, 0.009075544774532318, 0.008313678205013275, 0.008398650214076042, 0.008421381935477257, 0.00846181996166706, 0.008755020797252655, 0.008850770071148872, 0.00854712538421154, 0.00885557010769844, 0.009265297092497349, 0.008607709780335426, 0.008710040710866451, 0.009024219587445259, 0.00916913989931345, 0.009280595928430557, 0.008876926265656948, 0.008861559443175793, 0.008298298344016075, 0.008506322279572487, 0.008539174683392048, 0.007853950373828411, 0.007987851276993752, 0.007850851863622665, 0.008605966344475746, 0.009184942580759525, 0.01022488996386528, 0.010342844761908054, 0.011238355189561844, 0.012567052617669106, 0.013344128616154194, 0.012676283717155457, 0.012055465951561928, 0.011565839871764183, 0.012223079800605774, 0.012823669239878654, 0.011075107380747795, 0.009610376320779324, 0.009614958427846432, 0.009647267870604992, 0.009397895075380802, 0.009004742838442326, 0.008719799108803272, 0.008589399978518486, 0.008607032708823681, 0.008335836231708527, 0.00864897295832634, 0.008752258494496346, 0.008632734417915344, 0.008793218061327934, 0.009301310405135155, 0.009023706428706646, 0.009633276611566544, 0.009551266208291054, 0.009289483539760113, 0.009404880926012993, 0.009556697681546211, 0.00999113917350769, 0.010427850298583508, 0.01001744531095028, 0.010127045214176178, 0.010019773617386818, 0.010297244414687157, 0.0105616245418787, 0.010347049683332443, 0.010728307068347931, 0.010561985895037651, 0.010569214820861816, 0.010422460734844208, 0.010430615395307541, 0.01055951789021492, 0.010805660858750343, 0.010975831188261509, 0.010549766942858696, 0.010641252622008324, 0.01100508775562048, 0.011283155530691147, 0.011686643585562706, 0.011220988817512989, 0.011516230180859566, 0.0116056427359581, 0.011660762131214142, 0.012132400646805763, 0.01171576976776123, 0.011393953114748001, 0.011042926460504532, 0.011148612946271896, 0.011192725040018559, 0.010658588260412216, 0.010487765073776245, 0.009884296916425228, 0.010334216058254242, 0.009963001124560833, 0.009713377803564072, 0.009923881851136684, 0.01026148535311222, 0.009799235500395298, 0.009738092310726643, 0.0076876236125826836, 0.00795095693320036, 0.008143686689436436, 0.008851483464241028, 0.009222252294421196, 0.008673770353198051, 0.008585917763411999, 0.008701964281499386, 0.008236389607191086, 0.008328983560204506, 0.008106168359518051, 0.008385743945837021, 0.009089979343116283, 0.00928233377635479, 0.010911536403000355, 0.010778404772281647, 0.009607544168829918, 0.008365599438548088, 0.007856061682105064, 0.0081908805295825, 0.008697881363332272, 0.008573212660849094, 0.008475888520479202, 0.008425647392868996, 0.008384660817682743, 0.008894246071577072, 0.009658421389758587, 0.009171022102236748, 0.009270128794014454, 0.009680869057774544, 0.009756971150636673, 0.009712669998407364, 0.009983265772461891, 0.00989451166242361, 0.01009139884263277, 0.009688888676464558, 0.00966610386967659, 0.009942140430212021, 0.009848535060882568, 0.009925567544996738, 0.009447664953768253, 0.00933265220373869, 0.004408744163811207]}
all losses in batch in validation:  {'loss': [0.020161675289273262, 0.021556135267019272, 0.02116755209863186, 0.024088051170110703, 0.02016459032893181, 0.019265666604042053, 0.02118387073278427, 0.01987934298813343, 0.02013116329908371, 0.020242515951395035, 0.01677650399506092, 0.01578500121831894, 0.015760574489831924, 0.0158238522708416, 0.01647096499800682, 0.017045749351382256, 0.016076356172561646, 0.016312044113874435, 0.016865022480487823, 0.015854794532060623, 0.01662270911037922, 0.019183572381734848, 0.018500637263059616, 0.018871519714593887, 0.017619790509343147, 0.020231150090694427, 0.029333388432860374, 0.026014842092990875, 0.021432554349303246, 0.021371610462665558, 0.022546516731381416, 0.02282056212425232, 0.02399962581694126, 0.02462579868733883, 0.020679686218500137, 0.022375108674168587, 0.01863015443086624, 0.014617943204939365, 0.014148633927106857, 0.01471511647105217, 0.01461748220026493, 0.015373161993920803, 0.01345905102789402, 0.012303892523050308, 0.011844886466860771, 0.010875951498746872, 0.01026567630469799, 0.011324585415422916, 0.011929047293961048, 0.012087136507034302, 0.0120152048766613, 0.012196661904454231, 0.011400412768125534, 0.011385303921997547, 0.011505691334605217, 0.01171114481985569, 0.011334165930747986, 0.011674659326672554, 0.011830143630504608, 0.01259449403733015, 0.013235045596957207, 0.01343491580337286, 0.012944767251610756, 0.012222280725836754, 0.012150119990110397, 0.011690440587699413, 0.011760268360376358, 0.011470450088381767, 0.011486819013953209, 0.0117063969373703, 0.011636471375823021, 0.011417577974498272, 0.011836952529847622, 0.011813722550868988, 0.012031677179038525, 0.012659717351198196, 0.012502126395702362, 0.012826966121792793, 0.012918832711875439, 0.013234508223831654, 0.013748999685049057, 0.013588003814220428, 0.013676144182682037, 0.014127383939921856, 0.015375865623354912, 0.016295645385980606, 0.01582813449203968, 0.015721745789051056, 0.01621387153863907, 0.016082264482975006, 0.01606566831469536, 0.01579606533050537, 0.01604592241346836, 0.01579064317047596, 0.016413714736700058, 0.015048019587993622, 0.014798960648477077, 0.015239419415593147, 0.015323427505791187, 0.016187245026230812, 0.017302121967077255, 0.0181492380797863, 0.02033069357275963, 0.019529171288013458, 0.01875711977481842, 0.017454123124480247, 0.01860787346959114, 0.018540773540735245, 0.018479621037840843, 0.017661992460489273, 0.016734998673200607, 0.016232671216130257, 0.015211056917905807, 0.015549613162875175, 0.016428643837571144, 0.01698724925518036, 0.016642041504383087, 0.017077740281820297, 0.01591396890580654, 0.016574803739786148, 0.013332709670066833, 0.013360697776079178, 0.012931080535054207, 0.013202453032135963, 0.013108910992741585, 0.013250591233372688, 0.013406947255134583, 0.014224542304873466, 0.014161732979118824, 0.015255872160196304, 0.015679921954870224, 0.016722528263926506, 0.01722337119281292, 0.01618948206305504, 0.01697430945932865, 0.01896391436457634, 0.021836712956428528, 0.023859839886426926, 0.022765565663576126, 0.025480765849351883, 0.02408788725733757, 0.023746829479932785, 0.02777288854122162, 0.02571663074195385, 0.02328125759959221, 0.021516188979148865, 0.020400429144501686, 0.018537942320108414, 0.019737934693694115, 0.022106900811195374, 0.023745333775877953, 0.02571660839021206, 0.026544716209173203, 0.027183309197425842, 0.027598127722740173, 0.023171693086624146, 0.02054242417216301, 0.026538271456956863, 0.02554662525653839, 0.012428492307662964, 0.012938311323523521, 0.010958084836602211, 0.011293288320302963, 0.011966335587203503, 0.013806667178869247, 0.01608080044388771, 0.012678496539592743, 0.012388719245791435, 0.01217768993228674, 0.01319633424282074, 0.012688392773270607, 0.013700339011847973, 0.014513309113681316, 0.015605994500219822, 0.016720116138458252, 0.01837136223912239, 0.017455929890275, 0.02058829739689827, 0.017813513055443764, 0.017655804753303528, 0.01718035526573658, 0.01759604923427105, 0.017707496881484985, 0.01927812024950981, 0.01901976205408573, 0.02042333222925663, 0.02111896499991417, 0.01578729972243309, 0.020925994962453842, 0.018039299175143242, 0.018969591706991196, 0.01734609715640545, 0.01892950013279915, 0.019613195210695267, 0.01973669044673443, 0.02126399800181389, 0.020776037126779556, 0.020440861582756042, 0.021854441612958908, 0.021350380033254623, 0.02274134010076523, 0.02232954278588295, 0.02158057503402233, 0.02221480756998062, 0.023389523848891258, 0.021635036915540695, 0.023107457906007767, 0.022431112825870514, 0.022562086582183838, 0.02391299605369568, 0.02223321609199047, 0.02338329702615738, 0.02402203343808651, 0.022173192352056503, 0.020688043907284737, 0.02010127156972885, 0.02003582753241062, 0.01985526643693447, 0.017182599753141403, 0.018480435013771057, 0.016330959275364876, 0.01618769019842148, 0.014517208561301231, 0.01566033437848091, 0.014592570252716541, 0.013953147456049919, 0.013618376106023788, 0.01703321561217308, 0.015487032011151314, 0.015990832820534706, 0.017454273998737335, 0.016888419166207314, 0.014864204451441765, 0.016074465587735176, 0.015462903305888176, 0.013320710510015488, 0.013669213280081749, 0.01473686657845974, 0.012081827968358994, 0.013068288564682007, 0.01207554992288351, 0.01133727841079235, 0.012938725762069225, 0.010488761588931084, 0.012130413204431534, 0.0112074613571167, 0.011041123420000076, 0.010950451716780663, 0.010682225227355957, 0.01104280911386013, 0.010381012223660946, 0.011743498966097832, 0.011086871847510338, 0.010410228744149208, 0.011030860245227814, 0.010885538533329964, 0.012799730524420738, 0.011461703106760979, 0.010633722878992558, 0.013065803796052933, 0.012623319402337074, 0.01179894246160984, 0.013401778414845467, 0.014084842056035995, 0.014460069127380848, 0.014112279750406742, 0.014792924746870995, 0.015229875221848488, 0.015442568808794022, 0.015007320791482925, 0.015473364852368832, 0.01670672744512558, 0.017411112785339355, 0.01812588982284069, 0.01733824796974659, 0.016345931217074394, 0.019697776064276695, 0.020584359765052795, 0.01932106912136078, 0.022079404443502426, 0.021170303225517273, 0.021350055932998657, 0.02102058380842209, 0.0209873728454113, 0.022418223321437836, 0.023051876574754715, 0.023256449028849602, 0.024396657943725586, 0.023803463205695152, 0.02393464371562004, 0.0246488768607378, 0.02587149292230606, 0.024729959666728973, 0.02248690277338028, 0.021092548966407776, 0.017888061702251434, 0.019092870876193047, 0.01878533698618412, 0.018612444400787354, 0.021282337605953217, 0.024748392403125763, 0.027194416150450706, 0.025889907032251358, 0.023162275552749634, 0.02220189943909645, 0.022293519228696823, 0.022258980199694633, 0.0225919708609581, 0.02306813932955265, 0.023280691355466843, 0.023094946518540382, 0.02297622337937355, 0.02374456077814102, 0.027013860642910004, 0.027826447039842606, 0.028141792863607407, 0.028844494372606277, 0.028365716338157654, 0.02944296970963478, 0.03154648840427399, 0.030432485044002533, 0.031006358563899994, 0.03136788308620453, 0.03163289651274681, 0.03207708150148392, 0.030906936153769493, 0.02948586642742157, 0.027521127834916115, 0.02486361376941204, 0.024972934275865555, 0.024124089628458023, 0.021358082070946693, 0.01977163925766945, 0.01902713254094124, 0.017677143216133118, 0.01567484810948372, 0.014749197289347649, 0.013554403558373451, 0.013439634814858437, 0.013993076980113983, 0.01316581666469574, 0.013812421821057796, 0.014149382710456848, 0.014154326170682907, 0.014235598035156727, 0.014542082324624062, 0.014934576116502285, 0.014602924697101116, 0.014213616959750652, 0.013246597722172737, 0.01303317490965128, 0.012893152423202991, 0.012745177373290062, 0.012963867746293545, 0.01337510161101818, 0.01388862356543541, 0.013669620268046856, 0.013551920652389526, 0.013881394639611244, 0.0135716013610363, 0.014489144086837769, 0.012762820348143578, 0.012953069061040878, 0.013039838522672653, 0.0129751767963171, 0.01301030907779932, 0.013281870633363724, 0.013336392119526863, 0.013784879818558693, 0.013770818710327148, 0.013552598655223846, 0.01351600419729948, 0.014477778226137161, 0.01457875408232212, 0.014988323673605919, 0.014269383624196053, 0.014377695508301258, 0.01347932405769825, 0.014060404151678085, 0.013874982483685017, 0.013652997091412544, 0.014631488360464573, 0.015595691278576851, 0.018153514713048935, 0.018745699897408485, 0.02100348472595215, 0.02063644491136074, 0.022254981100559235, 0.024127427488565445, 0.024243462830781937, 0.02195478416979313, 0.023692511022090912, 0.022676512598991394, 0.02600092440843582, 0.023815929889678955, 0.021350696682929993, 0.01665862463414669, 0.01715586706995964, 0.017606176435947418, 0.01834174618124962, 0.01861465908586979, 0.017935460433363914, 0.017896436154842377, 0.018073102459311485, 0.017724741250276566, 0.01781788095831871, 0.0171408262103796, 0.01740342006087303, 0.017827359959483147, 0.018128514289855957, 0.01793714612722397, 0.018016353249549866, 0.017012443393468857, 0.016269156709313393, 0.016783321276307106, 0.016362156718969345, 0.0176059752702713, 0.017845705151557922, 0.01772299036383629, 0.017722949385643005, 0.017980527132749557, 0.01805831864476204, 0.01865207403898239, 0.018045127391815186, 0.017982762306928635, 0.017603248357772827, 0.018734313547611237, 0.01924809440970421, 0.019829530268907547, 0.020093847066164017, 0.021154623478651047, 0.021732408553361893, 0.019973650574684143, 0.019679168239235878, 0.019737686961889267, 0.020468473434448242, 0.020225809887051582, 0.020273437723517418, 0.02115790732204914, 0.021302934736013412, 0.022147519513964653, 0.02371920458972454, 0.02350321225821972, 0.02337314747273922, 0.02358110621571541, 0.024464715272188187, 0.025654857978224754, 0.024483323097229004, 0.024384409189224243, 0.024815184995532036, 0.02525661513209343, 0.024445239454507828, 0.02410885877907276, 0.023976165801286697, 0.02291352115571499, 0.0227291751652956, 0.023122532293200493, 0.018107376992702484, 0.019376706331968307, 0.018202155828475952, 0.018258102238178253, 0.017826242372393608, 0.016802776604890823, 0.017880244180560112, 0.017824754118919373, 0.016981028020381927, 0.016553066670894623, 0.01664576306939125, 0.01738881692290306, 0.016917530447244644, 0.016762444749474525, 0.016794715076684952, 0.017261698842048645, 0.018132586032152176, 0.018238382413983345, 0.016734078526496887, 0.017524084076285362, 0.017556428909301758, 0.017937272787094116, 0.0178990475833416, 0.01853354647755623, 0.017696736380457878, 0.018877489492297173, 0.02228575199842453, 0.02043084427714348, 0.02056831493973732, 0.022055786103010178, 0.023415837436914444, 0.02107098139822483, 0.021816320717334747, 0.02313750423491001, 0.022738806903362274, 0.022473633289337158, 0.021277204155921936, 0.02131941169500351, 0.021013600751757622, 0.019413255155086517, 0.019862033426761627, 0.021292608231306076, 0.016182681545615196], 'L_si': [0.010128792375326157, 0.011058046482503414, 0.010603404603898525, 0.012853085994720459, 0.009926236234605312, 0.009406334720551968, 0.010707322508096695, 0.009722994640469551, 0.009783284738659859, 0.009967668913304806, 0.007778809405863285, 0.00712961982935667, 0.007048081606626511, 0.007027929183095694, 0.007378038018941879, 0.007644876837730408, 0.007119129411876202, 0.007306712679564953, 0.007526244968175888, 0.006954891141504049, 0.007373607251793146, 0.008967398665845394, 0.00841012503951788, 0.00858206395059824, 0.0076880077831447124, 0.009429343044757843, 0.016638340428471565, 0.013624816201627254, 0.010013468563556671, 0.01000283844769001, 0.010669881477952003, 0.010875371284782887, 0.011748968623578548, 0.012454969808459282, 0.010026377625763416, 0.01178399845957756, 0.008731691166758537, 0.006096339784562588, 0.00588025851175189, 0.006181064527481794, 0.006251541897654533, 0.007001075893640518, 0.005916220601648092, 0.004905593581497669, 0.004660898819565773, 0.004189210012555122, 0.0038896859623491764, 0.004407413303852081, 0.004680602345615625, 0.004755524918437004, 0.004644906613975763, 0.004811447579413652, 0.004423863720148802, 0.004486549645662308, 0.004479589872062206, 0.004578370600938797, 0.004377148114144802, 0.004541674163192511, 0.004636117722839117, 0.005007653031498194, 0.005231513641774654, 0.00531342439353466, 0.0050219218246638775, 0.004693002440035343, 0.004732867237180471, 0.0045163678005337715, 0.004612464923411608, 0.004368848633021116, 0.004386373795568943, 0.004437692929059267, 0.004397700075060129, 0.00434817373752594, 0.0045211296528577805, 0.004541573114693165, 0.004645588807761669, 0.00490950932726264, 0.004803018644452095, 0.0049842060543596745, 0.004980181343853474, 0.005071328021585941, 0.0053104860708117485, 0.005269051995128393, 0.005357060581445694, 0.005502243526279926, 0.006023149471729994, 0.006480020470917225, 0.0062665329314768314, 0.006213286891579628, 0.006508413702249527, 0.006480297539383173, 0.006737947929650545, 0.006664743646979332, 0.006711916532367468, 0.006674197036772966, 0.006957612000405788, 0.006322549656033516, 0.006222030147910118, 0.006310717668384314, 0.006315721198916435, 0.006654615048319101, 0.007096466608345509, 0.007399530149996281, 0.008635477162897587, 0.008181752637028694, 0.007675154134631157, 0.006809264421463013, 0.007696688640862703, 0.007677579298615456, 0.0076294573955237865, 0.007168820593506098, 0.006550946738570929, 0.006226114463061094, 0.005676592700183392, 0.005883426405489445, 0.006307770032435656, 0.0065730661153793335, 0.00657347496598959, 0.006763541139662266, 0.006076006684452295, 0.006320511922240257, 0.004785353783518076, 0.004833963233977556, 0.004729304928332567, 0.004788437392562628, 0.004786044359207153, 0.004808273632079363, 0.0049576121382415295, 0.00534218642860651, 0.005241678096354008, 0.005827944725751877, 0.0059837885200977325, 0.006468404084444046, 0.006608063820749521, 0.006230810657143593, 0.006612115539610386, 0.00782702211290598, 0.009591356851160526, 0.010469319298863411, 0.009561430662870407, 0.011030456982553005, 0.010331121273338795, 0.010182252153754234, 0.013731207698583603, 0.012325145304203033, 0.010400165803730488, 0.009518328122794628, 0.009109197184443474, 0.00782572291791439, 0.008921541273593903, 0.011420467868447304, 0.012981287203729153, 0.015106219798326492, 0.016293641179800034, 0.017124712467193604, 0.01756112277507782, 0.013670666143298149, 0.011247125454246998, 0.016717780381441116, 0.01568135805428028, 0.005099421367049217, 0.005547793116420507, 0.004319035913795233, 0.0045600454322993755, 0.004704801831394434, 0.006057607941329479, 0.007445898838341236, 0.00507909944280982, 0.005072594154626131, 0.0049577271565794945, 0.005592927802354097, 0.005067823920398951, 0.0059093595482409, 0.006377113051712513, 0.007408249191939831, 0.007890189066529274, 0.009044487029314041, 0.008524603210389614, 0.011116179637610912, 0.008866121992468834, 0.008536011911928654, 0.00833132490515709, 0.008403321728110313, 0.00854550302028656, 0.009765132330358028, 0.009426313452422619, 0.010544732213020325, 0.011236341670155525, 0.0071677593514323235, 0.011155199259519577, 0.008992626331746578, 0.009832553565502167, 0.008544769138097763, 0.010037621483206749, 0.010606247931718826, 0.010836586356163025, 0.012229355983436108, 0.011738305911421776, 0.011598455719649792, 0.012561127543449402, 0.012337124906480312, 0.013624338433146477, 0.013235557824373245, 0.012556320056319237, 0.01325039193034172, 0.01406615599989891, 0.012822343036532402, 0.013932624831795692, 0.01323281042277813, 0.013388607650995255, 0.014303901232779026, 0.0129901934415102, 0.013797090388834476, 0.014246398583054543, 0.0128592848777771, 0.011482920497655869, 0.011064558289945126, 0.011056200601160526, 0.010965818539261818, 0.008988170884549618, 0.009700513444840908, 0.008156091906130314, 0.008093792013823986, 0.00688506942242384, 0.0075895823538303375, 0.006934146396815777, 0.006652017589658499, 0.006322846747934818, 0.008162932470440865, 0.007207149639725685, 0.007385042030364275, 0.008389775641262531, 0.007930077612400055, 0.006819282192736864, 0.007494330871850252, 0.006931776646524668, 0.005820519290864468, 0.00594900269061327, 0.00621486222371459, 0.004738704301416874, 0.005133841652423143, 0.004567263647913933, 0.004255529493093491, 0.005004871636629105, 0.0035991747863590717, 0.004543229937553406, 0.004005313850939274, 0.004004259593784809, 0.0038775396533310413, 0.003758769016712904, 0.004025204107165337, 0.003615307155996561, 0.004431264940649271, 0.004147754050791264, 0.0038107107393443584, 0.0042715235613286495, 0.004087930079549551, 0.005246367305517197, 0.004531825892627239, 0.0039957440458238125, 0.0054490636102855206, 0.005235574673861265, 0.004753714893013239, 0.00567003944888711, 0.006048421375453472, 0.006265084259212017, 0.00602913461625576, 0.006371724419295788, 0.006501516327261925, 0.006840475369244814, 0.006451762747019529, 0.006797376088798046, 0.007527658250182867, 0.00803694874048233, 0.008533324114978313, 0.008120300248265266, 0.007580363657325506, 0.009705794975161552, 0.010171844623982906, 0.009408362209796906, 0.011134902946650982, 0.010638440027832985, 0.01088451873511076, 0.010828197002410889, 0.010930768214166164, 0.011872347444295883, 0.012475419789552689, 0.012802195735275745, 0.013835753314197063, 0.013479736633598804, 0.013699349947273731, 0.014111774042248726, 0.015086168423295021, 0.014422737993299961, 0.012907455675303936, 0.012098403647542, 0.010124248452484608, 0.011037344112992287, 0.010701097548007965, 0.01046018861234188, 0.012104365974664688, 0.014298712834715843, 0.015569263137876987, 0.015183155424892902, 0.0138699347153306, 0.013519372791051865, 0.013660851866006851, 0.013752163387835026, 0.014009201899170876, 0.014403983019292355, 0.014669239521026611, 0.014519309625029564, 0.014309309422969818, 0.014854282140731812, 0.0171740110963583, 0.017692741006612778, 0.017802229151129723, 0.018300551921129227, 0.017988109961152077, 0.01871620863676071, 0.020158126950263977, 0.01925450749695301, 0.01976265199482441, 0.02013758197426796, 0.020196616649627686, 0.020204750820994377, 0.01904998905956745, 0.017758555710315704, 0.016267767176032066, 0.014289669692516327, 0.014384969137609005, 0.013902927748858929, 0.01175851933658123, 0.010731911286711693, 0.010311255231499672, 0.009064631536602974, 0.007446739822626114, 0.006550162564963102, 0.005760533269494772, 0.005504623521119356, 0.005311852786689997, 0.004923282191157341, 0.005272834561765194, 0.005390024743974209, 0.0053623211570084095, 0.005432841368019581, 0.005448915995657444, 0.005579249933362007, 0.0054847607389092445, 0.005227180197834969, 0.004961827769875526, 0.0049233268946409225, 0.004824805073440075, 0.004810195881873369, 0.004940160550177097, 0.005076758563518524, 0.005270638968795538, 0.005260302685201168, 0.0051879119127988815, 0.005400312598794699, 0.005040854215621948, 0.005522978957742453, 0.004682786297053099, 0.004794082138687372, 0.004772915504872799, 0.004787318874150515, 0.004858017899096012, 0.005102409515529871, 0.005205474328249693, 0.005381627939641476, 0.0053705512546002865, 0.005253776907920837, 0.005309124477207661, 0.005846590735018253, 0.005840550642460585, 0.006145571358501911, 0.00580133032053709, 0.0058566248044371605, 0.005521443672478199, 0.00573345273733139, 0.005569159053266048, 0.005619957577437162, 0.006551065482199192, 0.007367823272943497, 0.0089265750721097, 0.00926971435546875, 0.010410076007246971, 0.01044290978461504, 0.01140675786882639, 0.012414592318236828, 0.012620214372873306, 0.011951111257076263, 0.013230955228209496, 0.01201289240270853, 0.014234085567295551, 0.01220034435391426, 0.010651619173586369, 0.00746806338429451, 0.007628587074577808, 0.007940834388136864, 0.008581545203924179, 0.008628027513623238, 0.008402771316468716, 0.008404736407101154, 0.008509962819516659, 0.008375102654099464, 0.008446332067251205, 0.008068690076470375, 0.008203606121242046, 0.008421431295573711, 0.008553799241781235, 0.008591240271925926, 0.00862264633178711, 0.007871395908296108, 0.0074957008473575115, 0.007795181591063738, 0.00752626545727253, 0.008263641968369484, 0.008323859423398972, 0.008257861249148846, 0.008183884434401989, 0.008450748398900032, 0.008477369323372841, 0.008870230056345463, 0.008459112606942654, 0.008324836380779743, 0.008084334433078766, 0.008754098787903786, 0.00918595027178526, 0.009533698670566082, 0.009633652865886688, 0.010300864465534687, 0.010627334006130695, 0.009478363208472729, 0.009161531925201416, 0.009350495412945747, 0.009984814561903477, 0.009728064760565758, 0.009641924872994423, 0.010308850556612015, 0.010456634685397148, 0.011125984601676464, 0.012233145534992218, 0.012307519093155861, 0.012309414334595203, 0.012533840723335743, 0.013190669938921928, 0.014150015078485012, 0.013363457284867764, 0.013411876745522022, 0.01385493203997612, 0.014174029231071472, 0.013365610502660275, 0.01312628760933876, 0.013204357586801052, 0.012580112554132938, 0.012367917224764824, 0.012996954843401909, 0.009896578267216682, 0.010793402791023254, 0.010033476166427135, 0.009924096055328846, 0.009498386643826962, 0.008833326399326324, 0.00925767607986927, 0.009307417087256908, 0.008854320272803307, 0.00856535229831934, 0.008672572672367096, 0.009282726794481277, 0.008943001739680767, 0.008823057636618614, 0.008831147104501724, 0.009107722900807858, 0.009442860260605812, 0.009342024102807045, 0.008496331982314587, 0.008985165506601334, 0.009137806482613087, 0.009185019880533218, 0.009119034744799137, 0.009628922678530216, 0.009093072265386581, 0.009745744988322258, 0.011532532051205635, 0.010596834123134613, 0.010818129405379295, 0.011813393794000149, 0.01291701104491949, 0.011571617797017097, 0.012160053476691246, 0.013372723944485188, 0.012809225358068943, 0.01262580044567585, 0.01155572198331356, 0.01151989120990038, 0.011326889507472515, 0.010159567929804325, 0.010516814887523651, 0.011578052304685116, 0.011366782709956169], 'L_grad': [0.010032882913947105, 0.010498089715838432, 0.010564147494733334, 0.011234965175390244, 0.010238353163003922, 0.009859331883490086, 0.010476548224687576, 0.01015634834766388, 0.010347878560423851, 0.010274847038090229, 0.008997694589197636, 0.008655380457639694, 0.008712493814527988, 0.008795922622084618, 0.009092926979064941, 0.009400872513651848, 0.008957226760685444, 0.009005330502986908, 0.009338777512311935, 0.008899903856217861, 0.00924910232424736, 0.01021617278456688, 0.010090512223541737, 0.010289454832673073, 0.009931782260537148, 0.010801807977259159, 0.01269504800438881, 0.012390026822686195, 0.011419085785746574, 0.011368772014975548, 0.011876635253429413, 0.011945191770792007, 0.012250657193362713, 0.012170828878879547, 0.010653309524059296, 0.010591110214591026, 0.00989846233278513, 0.008521603420376778, 0.008268375881016254, 0.008534051477909088, 0.008365940302610397, 0.008372086100280285, 0.007542830891907215, 0.007398298941552639, 0.007183987647294998, 0.006686741020530462, 0.006375990808010101, 0.006917172111570835, 0.007248444948345423, 0.007331611588597298, 0.00737029779702425, 0.007385214790701866, 0.006976548582315445, 0.006898754276335239, 0.007026101462543011, 0.007132774218916893, 0.006957018282264471, 0.007132985629141331, 0.007194026373326778, 0.007586841005831957, 0.008003531955182552, 0.0081214914098382, 0.007922844961285591, 0.007529277820140123, 0.007417252287268639, 0.007174072787165642, 0.007147803902626038, 0.007101600989699364, 0.007100445684045553, 0.007268704008311033, 0.007238771766424179, 0.007069404236972332, 0.0073158228769898415, 0.0072721499018371105, 0.0073860883712768555, 0.007750208489596844, 0.007699107751250267, 0.007842759601771832, 0.007938651368021965, 0.008163180202245712, 0.008438513614237309, 0.008318952284753323, 0.008319083601236343, 0.00862514041364193, 0.009352716617286205, 0.009815623983740807, 0.009561601094901562, 0.009508457966148853, 0.009705457836389542, 0.00960196740925312, 0.0093277208507061, 0.009131322614848614, 0.009334005415439606, 0.00911644659936428, 0.009456101804971695, 0.008725469931960106, 0.00857693050056696, 0.008928701281547546, 0.009007706306874752, 0.009532630443572998, 0.010205656290054321, 0.01074970792979002, 0.011695217341184616, 0.01134741771966219, 0.011081964708864689, 0.010644858703017235, 0.010911185294389725, 0.010863195173442364, 0.01085016317665577, 0.010493171401321888, 0.010184051468968391, 0.010006556287407875, 0.009534464217722416, 0.00966618675738573, 0.010120874270796776, 0.010414183139801025, 0.010068565607070923, 0.010314198210835457, 0.009837962687015533, 0.01025429181754589, 0.008547356352210045, 0.008526735007762909, 0.008201776072382927, 0.008414015173912048, 0.008322866633534431, 0.008442318066954613, 0.00844933558255434, 0.008882355876266956, 0.008920054882764816, 0.009427927434444427, 0.009696132503449917, 0.01025412417948246, 0.010615307837724686, 0.009958671405911446, 0.010362193919718266, 0.011136891320347786, 0.012245355173945427, 0.01339052151888609, 0.013204134069383144, 0.014450309798121452, 0.01375676691532135, 0.01356457732617855, 0.014041680842638016, 0.013391485437750816, 0.012881090864539146, 0.011997860856354237, 0.011291231960058212, 0.010712218470871449, 0.010816393420100212, 0.01068643294274807, 0.0107640465721488, 0.010610388591885567, 0.010251075960695744, 0.010058597661554813, 0.010037004947662354, 0.009501026012003422, 0.009295297786593437, 0.009820491075515747, 0.00986526720225811, 0.007329070474952459, 0.007390518207103014, 0.006639048457145691, 0.0067332424223423, 0.007261533755809069, 0.007749059237539768, 0.008634901605546474, 0.00759939756244421, 0.007316124625504017, 0.007219962775707245, 0.007603405974805355, 0.007620569318532944, 0.007790979463607073, 0.008136196061968803, 0.008197745308279991, 0.008829928003251553, 0.00932687520980835, 0.008931326679885387, 0.009472116827964783, 0.00894739106297493, 0.0091197919100523, 0.00884903036057949, 0.009192727506160736, 0.00916199292987585, 0.009512988850474358, 0.009593448601663113, 0.009878600016236305, 0.009882623329758644, 0.008619539439678192, 0.00977079663425684, 0.009046672843396664, 0.009137038141489029, 0.008801328018307686, 0.0088918786495924, 0.009006946347653866, 0.008900104090571404, 0.009034641087055206, 0.009037732146680355, 0.008842406794428825, 0.009293313138186932, 0.009013254195451736, 0.009117001667618752, 0.009093984961509705, 0.009024254977703094, 0.0089644156396389, 0.009323367848992348, 0.008812694810330868, 0.009174833074212074, 0.009198302403092384, 0.009173479862511158, 0.009609095752239227, 0.00924302265048027, 0.009586207568645477, 0.009775634855031967, 0.009313907474279404, 0.009205123409628868, 0.009036712348461151, 0.008979626931250095, 0.008889447897672653, 0.00819442793726921, 0.008779922500252724, 0.008174867369234562, 0.008093898184597492, 0.0076321386732161045, 0.008070752955973148, 0.0076584238559007645, 0.007301129400730133, 0.0072955298237502575, 0.00887028407305479, 0.008279882371425629, 0.008605791255831718, 0.009064498357474804, 0.008958341553807259, 0.008044922724366188, 0.008580134250223637, 0.008531126193702221, 0.00750019121915102, 0.007720210589468479, 0.008522003889083862, 0.007343124132603407, 0.00793444737792015, 0.007508286274969578, 0.00708174891769886, 0.00793385412544012, 0.006889586802572012, 0.007587183266878128, 0.007202147506177425, 0.007036863826215267, 0.007072912063449621, 0.006923455744981766, 0.007017604541033506, 0.006765705067664385, 0.007312233559787273, 0.0069391182623803616, 0.006599517539143562, 0.006759336218237877, 0.006797607988119125, 0.0075533632189035416, 0.0069298772141337395, 0.006637978833168745, 0.0076167406514286995, 0.007387744262814522, 0.007045227102935314, 0.0077317385002970695, 0.008036420680582523, 0.008194984868168831, 0.008083145134150982, 0.008421200327575207, 0.008728358894586563, 0.00860209297388792, 0.008555557578802109, 0.008675988763570786, 0.009179068729281425, 0.0093741649761796, 0.009592565707862377, 0.009217947721481323, 0.0087655670940876, 0.009991981089115143, 0.010412516072392464, 0.009912706911563873, 0.010944501496851444, 0.010531864129006863, 0.010465538129210472, 0.010192387737333775, 0.010056604631245136, 0.010545875877141953, 0.010576456785202026, 0.010454253293573856, 0.010560905560851097, 0.010323726572096348, 0.010235294699668884, 0.010537102818489075, 0.01078532449901104, 0.010307222604751587, 0.009579446166753769, 0.00899414625018835, 0.007763813249766827, 0.00805552676320076, 0.008084239438176155, 0.008152255788445473, 0.009177971631288528, 0.010449678637087345, 0.011625153012573719, 0.010706751607358456, 0.009292339906096458, 0.008682526648044586, 0.008632668294012547, 0.008506816811859608, 0.008582768961787224, 0.008664156310260296, 0.008611450903117657, 0.008575636893510818, 0.008666913956403732, 0.00889027863740921, 0.009839849546551704, 0.010133706033229828, 0.01033956278115511, 0.010543941520154476, 0.010377606377005577, 0.01072676107287407, 0.01138836145401001, 0.011177977547049522, 0.011243707500398159, 0.011230302974581718, 0.0114362807944417, 0.01187233068048954, 0.011856947094202042, 0.011727310717105865, 0.011253360658884048, 0.010573944076895714, 0.01058796513825655, 0.01022116094827652, 0.009599562734365463, 0.009039727039635181, 0.008715876378118992, 0.008612512610852718, 0.00822810921818018, 0.008199034258723259, 0.007793869823217392, 0.007935011759400368, 0.008681223727762699, 0.008242534473538399, 0.008539587259292603, 0.00875935796648264, 0.008792005479335785, 0.008802756667137146, 0.009093166328966618, 0.009355326183140278, 0.009118163958191872, 0.008986436761915684, 0.00828476995229721, 0.008109848015010357, 0.008068347349762917, 0.00793498195707798, 0.008023707196116447, 0.008298343047499657, 0.008617985062301159, 0.008409317582845688, 0.008364008739590645, 0.008481081575155258, 0.008530747145414352, 0.008966164663434029, 0.008080033585429192, 0.008158987388014793, 0.008266923017799854, 0.008187858387827873, 0.008152291178703308, 0.008179460652172565, 0.008130917325615883, 0.008403251878917217, 0.00840026792138815, 0.008298821747303009, 0.00820687972009182, 0.008631187491118908, 0.008738202974200249, 0.008842752315104008, 0.008468053303658962, 0.008521070703864098, 0.00795788038522005, 0.008326951414346695, 0.008305823430418968, 0.008033039048314095, 0.00808042287826538, 0.008227868005633354, 0.009226938709616661, 0.009475985541939735, 0.010593409650027752, 0.0101935351267457, 0.01084822416305542, 0.011712836101651192, 0.01162324845790863, 0.010003672912716866, 0.010461554862558842, 0.010663621127605438, 0.011766837909817696, 0.011615585535764694, 0.010699078440666199, 0.00919056124985218, 0.009527279064059258, 0.009665342047810555, 0.009760200046002865, 0.009986631572246552, 0.009532689116895199, 0.009491698816418648, 0.009563139639794827, 0.009349638596177101, 0.009371548891067505, 0.009072136133909225, 0.00919981487095356, 0.009405928663909435, 0.009574714116752148, 0.009345906786620617, 0.009393706917762756, 0.009141048416495323, 0.008773455396294594, 0.008988140150904655, 0.008835890330374241, 0.009342333301901817, 0.009521846659481525, 0.009465128183364868, 0.009539064019918442, 0.0095297796651721, 0.009580949321389198, 0.009781844913959503, 0.009586014784872532, 0.009657925926148891, 0.009518913924694061, 0.009980213828384876, 0.010062145069241524, 0.01029583066701889, 0.010460195131599903, 0.010853758081793785, 0.011105074547231197, 0.010495288297533989, 0.010517636314034462, 0.010387192480266094, 0.01048365794122219, 0.010497745126485825, 0.010631512850522995, 0.010849056765437126, 0.01084629911929369, 0.011021534912288189, 0.011486059054732323, 0.011195693165063858, 0.011063733138144016, 0.01104726456105709, 0.011274045333266258, 0.011504842899739742, 0.011119864881038666, 0.010972533375024796, 0.010960252955555916, 0.011082585901021957, 0.011079629883170128, 0.010982571169734001, 0.01077180914580822, 0.01033340860158205, 0.010361257940530777, 0.010125577449798584, 0.008210797794163227, 0.008583303540945053, 0.008168678730726242, 0.008334006182849407, 0.008327855728566647, 0.007969450205564499, 0.008622568100690842, 0.008517337962985039, 0.008126707747578621, 0.007987713441252708, 0.007973190397024155, 0.008106091059744358, 0.007974529638886452, 0.007939387112855911, 0.007963567040860653, 0.008153975009918213, 0.008689725771546364, 0.0088963583111763, 0.008237745612859726, 0.008538918569684029, 0.008418623358011246, 0.008752253837883472, 0.008780011907219887, 0.008904623799026012, 0.008603664115071297, 0.009131744503974915, 0.010753219947218895, 0.009834010154008865, 0.00975018460303545, 0.010242391377687454, 0.010498827323317528, 0.009499363601207733, 0.009656266309320927, 0.009764780290424824, 0.009929581545293331, 0.009847832843661308, 0.009721481241285801, 0.009799521416425705, 0.009686711244285107, 0.009253687225282192, 0.009345217607915401, 0.009714556857943535, 0.00481589836999774]}
all losses in batch in validation:  {'loss': [0.022214055061340332, 0.023269465193152428, 0.023121297359466553, 0.023528169840574265, 0.021744444966316223, 0.021365009248256683, 0.02320101484656334, 0.02207527682185173, 0.021677225828170776, 0.024445656687021255, 0.02045273594558239, 0.017378218472003937, 0.017435222864151, 0.018000539392232895, 0.018440183252096176, 0.018543405458331108, 0.016455674543976784, 0.016433056443929672, 0.01625199243426323, 0.015062754973769188, 0.016376599669456482, 0.021745730191469193, 0.01933629997074604, 0.020738422870635986, 0.019326522946357727, 0.027343453839421272, 0.03179677948355675, 0.028867118060588837, 0.022508300840854645, 0.02193007618188858, 0.022284701466560364, 0.02387949451804161, 0.025708245113492012, 0.02654033899307251, 0.023132052272558212, 0.023581264540553093, 0.021055400371551514, 0.017994359135627747, 0.015623682178556919, 0.015535539947450161, 0.015284717082977295, 0.016353854909539223, 0.014108318835496902, 0.012135632336139679, 0.01172788068652153, 0.01069738157093525, 0.010106824338436127, 0.010962008498609066, 0.011276357807219028, 0.01125319954007864, 0.011513726785779, 0.011533260345458984, 0.011103406548500061, 0.01137591153383255, 0.011277173645794392, 0.011537021026015282, 0.01108800433576107, 0.011266377754509449, 0.011334547773003578, 0.012036767788231373, 0.012458141893148422, 0.012444091029465199, 0.012050212360918522, 0.011327303946018219, 0.011680186726152897, 0.01138103287667036, 0.0119562903419137, 0.011726520955562592, 0.011851251125335693, 0.011946020647883415, 0.011927318759262562, 0.01197529025375843, 0.01228535920381546, 0.012610791251063347, 0.012649880722165108, 0.015279358252882957, 0.01389695517718792, 0.01694660633802414, 0.01668529585003853, 0.013358143158257008, 0.01394608709961176, 0.014179021120071411, 0.014224957674741745, 0.014770356938242912, 0.015983551740646362, 0.01627281680703163, 0.01588386856019497, 0.014880113303661346, 0.015237944200634956, 0.015549318864941597, 0.015567794442176819, 0.015424520708620548, 0.015804648399353027, 0.015665356069803238, 0.01564960554242134, 0.01472149696201086, 0.014300434850156307, 0.014679580926895142, 0.015123400837182999, 0.015910420566797256, 0.01688549667596817, 0.01763680949807167, 0.02003508247435093, 0.01917942613363266, 0.018098564818501472, 0.017996013164520264, 0.017962852492928505, 0.01787407696247101, 0.01755232736468315, 0.015899870544672012, 0.01543176919221878, 0.014949014410376549, 0.013593316078186035, 0.013865716755390167, 0.014253970235586166, 0.014556714333593845, 0.013992310501635075, 0.013984479010105133, 0.013702774420380592, 0.014169353991746902, 0.013120421208441257, 0.012960562482476234, 0.013133402913808823, 0.013020962476730347, 0.013032300397753716, 0.013194488361477852, 0.01340555027127266, 0.013983618468046188, 0.014503947459161282, 0.015091793611645699, 0.015416455455124378, 0.016770487651228905, 0.016714952886104584, 0.016258208081126213, 0.01667250692844391, 0.01947643980383873, 0.022400379180908203, 0.02402142435312271, 0.0230722576379776, 0.022333916276693344, 0.020883560180664062, 0.020444173365831375, 0.025049593299627304, 0.021530907601118088, 0.020282544195652008, 0.019021563231945038, 0.018252339214086533, 0.01862967014312744, 0.020494520664215088, 0.023274706676602364, 0.025403745472431183, 0.028328001499176025, 0.029132897034287453, 0.029624782502651215, 0.028428014367818832, 0.02672954462468624, 0.02213992550969124, 0.02466709353029728, 0.02503618784248829, 0.01791250705718994, 0.0181584432721138, 0.016984274610877037, 0.019273826852440834, 0.019067587330937386, 0.02051630988717079, 0.021862294524908066, 0.020625844597816467, 0.019900385290384293, 0.020703822374343872, 0.02049918659031391, 0.01999645307660103, 0.019993003457784653, 0.020509198307991028, 0.02171061560511589, 0.0218098945915699, 0.022329458966851234, 0.02311043255031109, 0.024848438799381256, 0.024132467806339264, 0.02332039177417755, 0.022587284445762634, 0.024066396057605743, 0.02419154904782772, 0.02534329704940319, 0.02545701339840889, 0.027343418449163437, 0.027061590924859047, 0.02684449963271618, 0.027268946170806885, 0.027140339836478233, 0.027272485196590424, 0.02694936841726303, 0.027477551251649857, 0.027697432786226273, 0.027159472927451134, 0.02710360288619995, 0.02678011730313301, 0.026862995699048042, 0.027013348415493965, 0.024989280849695206, 0.02619277499616146, 0.025077134370803833, 0.026040948927402496, 0.0261085145175457, 0.027160771191120148, 0.025180205702781677, 0.025189708918333054, 0.026820210739970207, 0.02618643455207348, 0.027377571910619736, 0.02523885667324066, 0.025873666629195213, 0.026734182611107826, 0.024289648979902267, 0.022872526198625565, 0.022278431802988052, 0.022087041288614273, 0.02210233546793461, 0.019037693738937378, 0.018787458539009094, 0.017358317971229553, 0.016772843897342682, 0.0158974751830101, 0.016028190031647682, 0.01504658441990614, 0.013617981225252151, 0.014709455892443657, 0.017658038064837456, 0.016314782202243805, 0.015487173572182655, 0.015977710485458374, 0.017227236181497574, 0.014985766261816025, 0.01633394882082939, 0.016295189037919044, 0.014712040312588215, 0.015311645343899727, 0.016444258391857147, 0.01386578194797039, 0.015375155955553055, 0.013654205948114395, 0.012293849140405655, 0.013384869322180748, 0.010664124973118305, 0.012503976002335548, 0.01153509970754385, 0.011519634164869785, 0.011867323890328407, 0.01206560805439949, 0.01212457474321127, 0.011359937489032745, 0.011911706998944283, 0.010908031836152077, 0.010306799784302711, 0.010937731713056564, 0.010544529184699059, 0.012886695563793182, 0.011723766103386879, 0.011324185878038406, 0.013201840221881866, 0.013496938161551952, 0.011621713638305664, 0.013246942311525345, 0.013532880693674088, 0.014225250110030174, 0.013661082834005356, 0.014373766258358955, 0.014825325459241867, 0.01494386326521635, 0.014853913336992264, 0.015566261485219002, 0.016775542870163918, 0.017160218209028244, 0.017399966716766357, 0.016916396096348763, 0.016055582091212273, 0.018851935863494873, 0.019263796508312225, 0.017817681655287743, 0.020393218845129013, 0.019440937787294388, 0.01909423992037773, 0.019004307687282562, 0.018749631941318512, 0.020600393414497375, 0.021208424121141434, 0.022030344232916832, 0.022627726197242737, 0.02284795418381691, 0.023370234295725822, 0.024286732077598572, 0.025442346930503845, 0.025159884244203568, 0.026792095974087715, 0.03107038140296936, 0.029430314898490906, 0.03158983215689659, 0.03332400321960449, 0.03368844836950302, 0.027014998719096184, 0.02242332510650158, 0.02253459393978119, 0.025463014841079712, 0.022618697956204414, 0.021668609231710434, 0.02200176566839218, 0.021952085196971893, 0.022791311144828796, 0.023233110085129738, 0.02382420375943184, 0.02396058291196823, 0.024170272052288055, 0.02534012496471405, 0.027518369257450104, 0.027750711888074875, 0.028445694595575333, 0.028773292899131775, 0.028387386351823807, 0.028862157836556435, 0.029774818569421768, 0.0296237301081419, 0.029760688543319702, 0.030305057764053345, 0.03075137920677662, 0.03014630265533924, 0.02983012981712818, 0.02842864766716957, 0.027040444314479828, 0.026174288243055344, 0.025700978934764862, 0.024900414049625397, 0.02227046899497509, 0.020192723721265793, 0.018402038142085075, 0.017165444791316986, 0.016259690746665, 0.015762370079755783, 0.015339480713009834, 0.014793090522289276, 0.014965158887207508, 0.01386826392263174, 0.014670543372631073, 0.014984061941504478, 0.01463414542376995, 0.014963426627218723, 0.014999301172792912, 0.015620000660419464, 0.015325075015425682, 0.01529775932431221, 0.013827618211507797, 0.01337825320661068, 0.01351131685078144, 0.013394182547926903, 0.0136430524289608, 0.014034340158104897, 0.01441081240773201, 0.014560972340404987, 0.014235815033316612, 0.015052087604999542, 0.019949086010456085, 0.014751655980944633, 0.013624269515275955, 0.013627404347062111, 0.013594345189630985, 0.013602402061223984, 0.013538060709834099, 0.01373458281159401, 0.01374836452305317, 0.01368019450455904, 0.0132374856621027, 0.013260221108794212, 0.013151051476597786, 0.013749487698078156, 0.013853825628757477, 0.014055742882192135, 0.013908056542277336, 0.014194617047905922, 0.01340923085808754, 0.014024687930941582, 0.013421465642750263, 0.013102533295750618, 0.014018809422850609, 0.014280758798122406, 0.016051141545176506, 0.016282327473163605, 0.018118012696504593, 0.01908838003873825, 0.022230297327041626, 0.032272547483444214, 0.041998717933893204, 0.041220322251319885, 0.03949104994535446, 0.03188995644450188, 0.03298083692789078, 0.02913958579301834, 0.023675382137298584, 0.017279887571930885, 0.01739509403705597, 0.018832478672266006, 0.02013690583407879, 0.021094288676977158, 0.02021218091249466, 0.01883595809340477, 0.018746033310890198, 0.019130323082208633, 0.01991233229637146, 0.020170539617538452, 0.020853811874985695, 0.021938763558864594, 0.02252821996808052, 0.023203521966934204, 0.023681610822677612, 0.023936908692121506, 0.023918762803077698, 0.024544965475797653, 0.022627118974924088, 0.023467279970645905, 0.024808920919895172, 0.024916667491197586, 0.02472589537501335, 0.02402903139591217, 0.02405221201479435, 0.024220284074544907, 0.02338952198624611, 0.023543227463960648, 0.02352551743388176, 0.02444402687251568, 0.02487334981560707, 0.024304542690515518, 0.0243547223508358, 0.02452462539076805, 0.024576857686042786, 0.02407122775912285, 0.024350963532924652, 0.025029636919498444, 0.026031704619526863, 0.02582928165793419, 0.026241853833198547, 0.026289455592632294, 0.0268123596906662, 0.02800801768898964, 0.029682442545890808, 0.028085196390748024, 0.027096517384052277, 0.02686231955885887, 0.027329973876476288, 0.028277460485696793, 0.02773921564221382, 0.027202829718589783, 0.027258651331067085, 0.028032131493091583, 0.028734244406223297, 0.031020505353808403, 0.03151119500398636, 0.03130251169204712, 0.029476581141352654, 0.02982139028608799, 0.025490475818514824, 0.02533688396215439, 0.023904629051685333, 0.023720361292362213, 0.023316025733947754, 0.021477684378623962, 0.02135554701089859, 0.02105877548456192, 0.019962996244430542, 0.020221885293722153, 0.020019881427288055, 0.01975080370903015, 0.019013606011867523, 0.01934484764933586, 0.01940978318452835, 0.02065429836511612, 0.021740060299634933, 0.021815136075019836, 0.021190710365772247, 0.020342960953712463, 0.02022424340248108, 0.020247194916009903, 0.01971113309264183, 0.02015560306608677, 0.01947639137506485, 0.021351559087634087, 0.024504641070961952, 0.023029763251543045, 0.023431073874235153, 0.024148661643266678, 0.02365305833518505, 0.023038232699036598, 0.023197386413812637, 0.02462950348854065, 0.025992335751652718, 0.023244459182024002, 0.022451668977737427, 0.022307414561510086, 0.02103910781443119, 0.020411144942045212, 0.02023293636739254, 0.024110956117510796, 0.018681872636079788], 'L_si': [0.011110512539744377, 0.01177238393574953, 0.011649307794868946, 0.012235048227012157, 0.010873272083699703, 0.010711065493524075, 0.012159178033471107, 0.011312028393149376, 0.01082504540681839, 0.012742321938276291, 0.009898965246975422, 0.007813970558345318, 0.007840565405786037, 0.008165481500327587, 0.00851790513843298, 0.00857488438487053, 0.007226439192891121, 0.007240380626171827, 0.007017671596258879, 0.0063139889389276505, 0.007102727424353361, 0.010992315597832203, 0.008871154859662056, 0.009717646054923534, 0.008696204051375389, 0.014947408810257912, 0.018869001418352127, 0.016009202226996422, 0.010736791417002678, 0.010401125065982342, 0.010587536729872227, 0.011467483825981617, 0.012623807415366173, 0.013574429787695408, 0.011587857268750668, 0.012222068384289742, 0.010261325165629387, 0.008732343092560768, 0.007067402824759483, 0.006966413930058479, 0.006976575590670109, 0.007996836677193642, 0.006543092429637909, 0.004987549968063831, 0.004721217788755894, 0.004193514119833708, 0.0038895646575838327, 0.00429127924144268, 0.004416757263243198, 0.0043766251765191555, 0.004481647629290819, 0.004526510834693909, 0.0044473763555288315, 0.004600019194185734, 0.00453005637973547, 0.004649900831282139, 0.004396816249936819, 0.0044698528945446014, 0.004494429100304842, 0.004786890931427479, 0.0048804571852087975, 0.004792121239006519, 0.004652859643101692, 0.004381460603326559, 0.0046918923035264015, 0.004569764249026775, 0.004881988279521465, 0.004652505740523338, 0.00478742178529501, 0.004790683276951313, 0.004766717553138733, 0.004803166259080172, 0.004874399863183498, 0.005020479671657085, 0.005015046335756779, 0.006532654631882906, 0.0055554527789354324, 0.007849722169339657, 0.007403619587421417, 0.0052014002576470375, 0.005500894971191883, 0.005653775297105312, 0.0057124188169837, 0.005902317818254232, 0.006423973944038153, 0.006561406422406435, 0.006443600635975599, 0.005931308027356863, 0.0061228773556649685, 0.00632556201890111, 0.006580555811524391, 0.0065446216613054276, 0.006591014564037323, 0.006597734987735748, 0.006582626607269049, 0.006196586415171623, 0.006026340648531914, 0.006097050849348307, 0.0062703341245651245, 0.006531502120196819, 0.006991853471845388, 0.007273526396602392, 0.008423522114753723, 0.008012238889932632, 0.007382022682577372, 0.007137461099773645, 0.007260901853442192, 0.007179092615842819, 0.00704019283875823, 0.006186709739267826, 0.0059544420801103115, 0.0056969583965837955, 0.004885813221335411, 0.004938637372106314, 0.005043275188654661, 0.0052473172545433044, 0.0050583332777023315, 0.005129823926836252, 0.004950280301272869, 0.0051515232771635056, 0.00472605973482132, 0.004644131753593683, 0.0047766962088644505, 0.004713944159448147, 0.004706514533609152, 0.004805963020771742, 0.004978838376700878, 0.005282234866172075, 0.005503345280885696, 0.005885215010493994, 0.005985409952700138, 0.006636829115450382, 0.006488502956926823, 0.006496456917375326, 0.006712363567203283, 0.0082913339138031, 0.010147111490368843, 0.0105929309502244, 0.009777355939149857, 0.009403538890182972, 0.008633144199848175, 0.008248899132013321, 0.01186987292021513, 0.00951517652720213, 0.00861650425940752, 0.008154795505106449, 0.007915505208075047, 0.008399179205298424, 0.010120876133441925, 0.01273459941148758, 0.01457018218934536, 0.01744787208735943, 0.018374796956777573, 0.01891300641000271, 0.0180967990309, 0.01650996319949627, 0.012562657706439495, 0.015064073726534843, 0.015229906886816025, 0.009471935220062733, 0.009650776162743568, 0.008700821548700333, 0.010477237403392792, 0.010188888758420944, 0.011289645917713642, 0.012064406648278236, 0.011232960969209671, 0.01084326021373272, 0.011545703746378422, 0.011357237584888935, 0.010837082751095295, 0.010869909077882767, 0.011234821751713753, 0.0121634965762496, 0.012173600494861603, 0.012449824251234531, 0.013268369249999523, 0.014776318334043026, 0.01415933482348919, 0.01347057893872261, 0.012816266156733036, 0.013874073512852192, 0.014038104563951492, 0.014883267693221569, 0.014712037518620491, 0.016419250518083572, 0.016348443925380707, 0.016232959926128387, 0.01653674803674221, 0.016443496569991112, 0.016765698790550232, 0.01647952012717724, 0.017148446291685104, 0.01747262105345726, 0.01711544767022133, 0.017022931948304176, 0.016785776242613792, 0.01700824871659279, 0.016998447477817535, 0.015585148707032204, 0.016739320009946823, 0.015721848234534264, 0.01651078648865223, 0.01673533394932747, 0.017378119751811028, 0.015827303752303123, 0.015734616667032242, 0.01686033234000206, 0.016381138935685158, 0.017054075375199318, 0.01536591537296772, 0.015852656215429306, 0.016433820128440857, 0.01458678673952818, 0.013296760618686676, 0.01296737976372242, 0.01272231712937355, 0.012744402512907982, 0.010456448420882225, 0.009988872334361076, 0.008813329041004181, 0.008336947299540043, 0.007882104255259037, 0.007922469638288021, 0.007275802083313465, 0.006320252548903227, 0.007167576812207699, 0.008654954843223095, 0.007793898694217205, 0.0073265191167593, 0.007360314950346947, 0.008156944066286087, 0.006832203362137079, 0.007667220663279295, 0.007542781066149473, 0.006717776879668236, 0.00707175862044096, 0.007424167823046446, 0.00603503966704011, 0.006695266347378492, 0.005567602347582579, 0.004786075558513403, 0.0052509792149066925, 0.003707591677084565, 0.0047261714935302734, 0.004147679544985294, 0.00428178533911705, 0.004495466593652964, 0.004573549143970013, 0.0047337887808680534, 0.004289722070097923, 0.0046103098429739475, 0.0040510850958526134, 0.003733402118086815, 0.004144568461924791, 0.0038699456490576267, 0.005308767315000296, 0.004639423917979002, 0.004316936247050762, 0.00552139850333333, 0.005835435353219509, 0.004674929194152355, 0.005654334556311369, 0.005701170768588781, 0.006170619744807482, 0.00575638422742486, 0.0061189341358840466, 0.006303161848336458, 0.006469841115176678, 0.0063766720704734325, 0.0067590936087071896, 0.007343484554439783, 0.007625780068337917, 0.007798181846737862, 0.007506534922868013, 0.00699903629720211, 0.00876009464263916, 0.008978207595646381, 0.008063295856118202, 0.009666665457189083, 0.009050067514181137, 0.008931504562497139, 0.009065685793757439, 0.008987626992166042, 0.0102120665833354, 0.01066756434738636, 0.011258859187364578, 0.012008379213511944, 0.012091608718037605, 0.012409758754074574, 0.012904258444905281, 0.013805080205202103, 0.013462606817483902, 0.014152063056826591, 0.017453432083129883, 0.016571028158068657, 0.01820392906665802, 0.019367096945643425, 0.01947246678173542, 0.014572925865650177, 0.011903424747288227, 0.01200970821082592, 0.014185527339577675, 0.01290222816169262, 0.012742552906274796, 0.013013592921197414, 0.013071859255433083, 0.013621234335005283, 0.01393372192978859, 0.014421846717596054, 0.014585665427148342, 0.014640409499406815, 0.015437887981534004, 0.017012454569339752, 0.017169291153550148, 0.01743677817285061, 0.017592525109648705, 0.017284248024225235, 0.017517976462841034, 0.018155913800001144, 0.017919685691595078, 0.018073420971632004, 0.018744733184576035, 0.018915079534053802, 0.018171224743127823, 0.01766323111951351, 0.016402099281549454, 0.015376945026218891, 0.014908293262124062, 0.01472564972937107, 0.014280116185545921, 0.012368004769086838, 0.011105915531516075, 0.009880423545837402, 0.008803816512227058, 0.008004802279174328, 0.007460593245923519, 0.007072892040014267, 0.006586471106857061, 0.005856429226696491, 0.005254814401268959, 0.00567792309448123, 0.005800573620945215, 0.005676692817360163, 0.005968705751001835, 0.005882900208234787, 0.006212981417775154, 0.006145067512989044, 0.00601418549194932, 0.005381826311349869, 0.005219581536948681, 0.0053676217794418335, 0.005395498592406511, 0.005547685548663139, 0.005710951052606106, 0.005838458891957998, 0.0058945296332240105, 0.005680523347109556, 0.006133922841399908, 0.009777397848665714, 0.005830017849802971, 0.005441371817141771, 0.005432008299976587, 0.0053573306649923325, 0.005285779945552349, 0.005163145717233419, 0.005316818132996559, 0.005343708675354719, 0.005244932137429714, 0.005013017449527979, 0.005108599551022053, 0.005077410954982042, 0.005483625922352076, 0.005461547523736954, 0.005619975738227367, 0.005586632527410984, 0.005775997415184975, 0.005463609006255865, 0.0056596314534544945, 0.00525320041924715, 0.005091509316116571, 0.005895049776881933, 0.0061492519453167915, 0.0070788501761853695, 0.007210260257124901, 0.00813009962439537, 0.009143139235675335, 0.011094401590526104, 0.018561962991952896, 0.026226956397294998, 0.025537466630339622, 0.024230588227510452, 0.01811273768544197, 0.018810205161571503, 0.015880415216088295, 0.012428243644535542, 0.007765558082610369, 0.007862417958676815, 0.008952452801167965, 0.009918655268847942, 0.01056538987904787, 0.01004470232874155, 0.008998347446322441, 0.009029821492731571, 0.009361382573843002, 0.009804962202906609, 0.009939108975231647, 0.010416829958558083, 0.011157546192407608, 0.011533400043845177, 0.011998837813735008, 0.012035644613206387, 0.01212752889841795, 0.012195819988846779, 0.012648318894207478, 0.011514272540807724, 0.011997117660939693, 0.01313691958785057, 0.013174837455153465, 0.013093278743326664, 0.012554844841361046, 0.012626729905605316, 0.012707354500889778, 0.01204643677920103, 0.01213707122951746, 0.012064268812537193, 0.012692824937403202, 0.013211876153945923, 0.012697420082986355, 0.012685111723840237, 0.012720415368676186, 0.012684933841228485, 0.012321178801357746, 0.012429336085915565, 0.012943497858941555, 0.013644885271787643, 0.013308082707226276, 0.013507493771612644, 0.013668668456375599, 0.013955924659967422, 0.014769794419407845, 0.015915753319859505, 0.015067797154188156, 0.014508338645100594, 0.014462152495980263, 0.01486335787922144, 0.015569431707262993, 0.01513331662863493, 0.014839917421340942, 0.014961834996938705, 0.015315080061554909, 0.015210242941975594, 0.01669025793671608, 0.01712977886199951, 0.01708127185702324, 0.01615067571401596, 0.016582457348704338, 0.014204863458871841, 0.01435982994735241, 0.01314996276050806, 0.013201995752751827, 0.012646547518670559, 0.011393090710043907, 0.0110845435410738, 0.010871405713260174, 0.01017583068460226, 0.01019195094704628, 0.009974170476198196, 0.00988606084138155, 0.009354155510663986, 0.00941355712711811, 0.009449591860175133, 0.010057002305984497, 0.01109111774712801, 0.01084838341921568, 0.010464414022862911, 0.01010753121227026, 0.01021241582930088, 0.010209362022578716, 0.009855840355157852, 0.010205138474702835, 0.009833083488047123, 0.010839851573109627, 0.012463493272662163, 0.011608123779296875, 0.01217213086783886, 0.012982898391783237, 0.013147672638297081, 0.012528542429208755, 0.012491208501160145, 0.013443018309772015, 0.01385287381708622, 0.012455699034035206, 0.011881455779075623, 0.012145481072366238, 0.01119797769933939, 0.010698176920413971, 0.010675201192498207, 0.013069197535514832, 0.013034621253609657], 'L_grad': [0.011103542521595955, 0.011497081257402897, 0.011471990495920181, 0.011293122544884682, 0.010871173813939095, 0.010653944686055183, 0.011041836813092232, 0.01076324749737978, 0.010852179490029812, 0.011703334748744965, 0.010553770698606968, 0.009564248844981194, 0.009594658389687538, 0.009835056960582733, 0.009922279044985771, 0.009968521073460579, 0.009229235351085663, 0.009192675352096558, 0.009234320372343063, 0.008748766034841537, 0.009273872710764408, 0.010753413662314415, 0.010465145111083984, 0.011020777747035027, 0.010630318894982338, 0.01239604502916336, 0.012927777133882046, 0.01285791676491499, 0.011771508492529392, 0.011528950184583664, 0.011697165668010712, 0.012412011623382568, 0.01308443769812584, 0.012965908274054527, 0.01154419593513012, 0.011359196156263351, 0.010794075205922127, 0.009262016043066978, 0.008556279353797436, 0.008569126017391682, 0.008308141492307186, 0.008357018232345581, 0.007565225940197706, 0.00714808190241456, 0.007006662432104349, 0.006503867916762829, 0.006217259913682938, 0.006670729257166386, 0.00685960054397583, 0.0068765743635594845, 0.007032078690826893, 0.007006749510765076, 0.006656029727309942, 0.006775892339646816, 0.006747117266058922, 0.006887120194733143, 0.0066911885514855385, 0.0067965248599648476, 0.006840118207037449, 0.007249876856803894, 0.007577684707939625, 0.007651969790458679, 0.00739735271781683, 0.00694584334269166, 0.006988294422626495, 0.006811268627643585, 0.007074302062392235, 0.007074014749377966, 0.007063829340040684, 0.0071553378365933895, 0.007160601206123829, 0.007172123529016972, 0.007410959340631962, 0.007590311113744974, 0.007634834386408329, 0.008746703155338764, 0.008341502398252487, 0.009096883237361908, 0.009281675331294537, 0.00815674290060997, 0.008445192128419876, 0.008525245822966099, 0.008512538857758045, 0.008868039585649967, 0.009559577330946922, 0.009711410850286484, 0.009440267458558083, 0.008948804810643196, 0.009115067310631275, 0.009223757311701775, 0.008987238630652428, 0.00887989904731512, 0.009213633835315704, 0.00906762108206749, 0.009066978469491005, 0.008524910546839237, 0.008274094201624393, 0.008582530543208122, 0.008853066712617874, 0.009378919377923012, 0.009893642738461494, 0.010363282635807991, 0.011611560359597206, 0.011167186312377453, 0.010716541670262814, 0.010858551599085331, 0.010701950639486313, 0.010694985277950764, 0.010512134991586208, 0.009713159874081612, 0.009477326646447182, 0.009252055548131466, 0.008707502856850624, 0.00892707984894514, 0.009210694581270218, 0.009309397079050541, 0.008933977223932743, 0.008854654617607594, 0.008752494119107723, 0.009017830714583397, 0.008394361473619938, 0.008316430263221264, 0.00835670717060566, 0.0083070183172822, 0.008325785398483276, 0.008388524875044823, 0.008426711894571781, 0.0087013840675354, 0.009000602178275585, 0.009206579066812992, 0.00943104550242424, 0.010133658535778522, 0.010226450860500336, 0.009761751629412174, 0.009960142895579338, 0.01118510589003563, 0.01225326769053936, 0.013428492471575737, 0.013294900767505169, 0.012930377386510372, 0.012250416912138462, 0.012195274233818054, 0.0131797194480896, 0.012015730142593384, 0.011666040867567062, 0.010866768658161163, 0.010336834006011486, 0.010230490006506443, 0.010373643599450588, 0.010540107265114784, 0.010833564214408398, 0.010880129411816597, 0.01075810007750988, 0.010711775161325932, 0.010331215336918831, 0.010219581425189972, 0.009577266871929169, 0.009603019803762436, 0.009806280955672264, 0.008440572768449783, 0.008507667109370232, 0.008283453062176704, 0.008796589449048042, 0.008878698572516441, 0.00922666396945715, 0.009797888807952404, 0.009392883628606796, 0.009057125076651573, 0.009158117696642876, 0.009141949005424976, 0.009159370325505733, 0.00912309531122446, 0.009274376556277275, 0.009547119960188866, 0.009636294096708298, 0.009879634715616703, 0.009842063300311565, 0.010072121396660805, 0.009973132982850075, 0.00984981283545494, 0.009771019220352173, 0.010192323476076126, 0.010153444483876228, 0.010460029356181622, 0.010744975879788399, 0.010924167931079865, 0.01071314699947834, 0.010611539706587791, 0.010732198134064674, 0.010696843266487122, 0.010506786406040192, 0.010469847358763218, 0.010329104028642178, 0.010224812664091587, 0.010044025257229805, 0.010080670937895775, 0.009994341060519218, 0.009854746982455254, 0.01001490093767643, 0.009404133073985577, 0.009453454986214638, 0.009355285204946995, 0.009530162438750267, 0.009373179636895657, 0.009782650507986546, 0.009352902881801128, 0.009455092251300812, 0.009959878399968147, 0.009805295616388321, 0.010323496535420418, 0.009872940368950367, 0.010021010413765907, 0.01030036248266697, 0.009702863171696663, 0.009575764648616314, 0.009311052039265633, 0.009364725090563297, 0.009357932955026627, 0.008581245318055153, 0.008798586204648018, 0.008544989861547947, 0.008435896597802639, 0.008015371859073639, 0.008105720393359661, 0.007770782336592674, 0.007297729142010212, 0.007541879080235958, 0.00900308322161436, 0.008520882576704025, 0.008160654455423355, 0.008617394603788853, 0.009070293046534061, 0.008153563365340233, 0.00866672769188881, 0.008752407506108284, 0.007994263432919979, 0.008239886723458767, 0.009020090103149414, 0.007830742746591568, 0.008679889142513275, 0.008086604066193104, 0.007507773116230965, 0.008133890107274055, 0.006956533528864384, 0.007777804508805275, 0.007387420162558556, 0.007237848825752735, 0.007371857762336731, 0.007492058910429478, 0.007390785962343216, 0.007070215884596109, 0.007301397621631622, 0.006856946274638176, 0.006573397666215897, 0.006793162785470486, 0.006674584001302719, 0.007577927783131599, 0.007084342185407877, 0.007007249630987644, 0.007680442184209824, 0.007661502808332443, 0.006946784444153309, 0.007592607289552689, 0.007831709459424019, 0.008054629899561405, 0.007904699072241783, 0.008254831656813622, 0.008522164076566696, 0.008474022150039673, 0.008477241732180119, 0.008807167410850525, 0.009432058781385422, 0.009534437209367752, 0.009601784870028496, 0.009409860707819462, 0.009056545794010162, 0.010091840289533138, 0.010285589843988419, 0.00975438579916954, 0.010726552456617355, 0.01039087027311325, 0.010162736289203167, 0.009938620962202549, 0.009762004017829895, 0.010388325899839401, 0.010540858842432499, 0.010771485045552254, 0.010619346052408218, 0.010756345465779305, 0.010960475541651249, 0.01138247363269329, 0.011637267656624317, 0.011697277426719666, 0.012640032917261124, 0.013616948388516903, 0.012859286740422249, 0.013385904021561146, 0.013956908136606216, 0.014215982519090176, 0.012442072853446007, 0.010519900359213352, 0.010524885728955269, 0.011277487501502037, 0.009716469794511795, 0.008926057256758213, 0.008988172747194767, 0.00888022594153881, 0.009170075878500938, 0.009299388155341148, 0.009402357041835785, 0.009374918416142464, 0.00952986255288124, 0.009902236051857471, 0.010505915619432926, 0.010581419803202152, 0.011008916422724724, 0.011180766858160496, 0.011103138327598572, 0.0113441813737154, 0.011618904769420624, 0.011704044416546822, 0.011687267571687698, 0.01156032457947731, 0.011836299672722816, 0.011975077912211418, 0.01216689869761467, 0.012026549316942692, 0.011663500219583511, 0.011265995912253857, 0.010975330136716366, 0.0106202969327569, 0.009902464225888252, 0.009086808189749718, 0.008521614596247673, 0.008361627347767353, 0.008254888467490673, 0.008301777765154839, 0.008266588672995567, 0.008206619881093502, 0.009108729660511017, 0.008613449521362782, 0.008992619812488556, 0.00918348878622055, 0.0089574521407485, 0.008994720876216888, 0.009116400964558125, 0.00940701924264431, 0.009180007502436638, 0.009283574298024178, 0.008445791900157928, 0.008158671669661999, 0.008143695071339607, 0.007998684421181679, 0.00809536688029766, 0.00832338910549879, 0.008572353981435299, 0.008666442707180977, 0.008555292151868343, 0.008918164297938347, 0.010171687230467796, 0.008921638131141663, 0.008182898163795471, 0.008195396512746811, 0.008237014524638653, 0.008316622115671635, 0.008374914526939392, 0.00841776467859745, 0.008404655382037163, 0.008435262367129326, 0.008224467746913433, 0.00815162155777216, 0.008073640987277031, 0.008265861310064793, 0.008392278105020523, 0.008435767143964767, 0.008321424014866352, 0.008418619632720947, 0.007945621386170387, 0.008365056477487087, 0.008168265223503113, 0.008011024445295334, 0.008123759180307388, 0.008131506852805614, 0.008972291834652424, 0.009072067216038704, 0.009987913072109222, 0.009945240803062916, 0.011135896667838097, 0.013710586354136467, 0.015771761536598206, 0.015682857483625412, 0.01526046171784401, 0.013777217827737331, 0.014170631766319275, 0.013259170576930046, 0.011247139424085617, 0.009514329954981804, 0.00953267514705658, 0.009880026802420616, 0.010218250565230846, 0.010528897866606712, 0.010167479515075684, 0.009837610647082329, 0.009716211818158627, 0.009768940508365631, 0.010107371024787426, 0.01023142971098423, 0.010436981916427612, 0.010781217366456985, 0.010994819924235344, 0.011204683221876621, 0.011645966209471226, 0.011809378862380981, 0.011722942814230919, 0.01189664751291275, 0.011112847365438938, 0.011470161378383636, 0.011672002263367176, 0.01174183003604412, 0.011632617563009262, 0.01147418562322855, 0.011425482109189034, 0.011512930504977703, 0.011343086138367653, 0.011406156234443188, 0.011461249552667141, 0.011751201935112476, 0.011661473661661148, 0.011607123538851738, 0.011669611558318138, 0.011804210022091866, 0.0118919238448143, 0.011750048026442528, 0.011921627447009087, 0.012086139991879463, 0.01238681934773922, 0.012521199882030487, 0.012734359130263329, 0.01262078806757927, 0.012856434099376202, 0.01323822233825922, 0.013766690157353878, 0.013017399236559868, 0.012588177807629108, 0.012400167062878609, 0.012466616928577423, 0.012708027847111225, 0.012605899944901466, 0.01236291229724884, 0.01229681633412838, 0.0127170505002141, 0.013524000532925129, 0.014330247417092323, 0.014381418004631996, 0.014221238903701305, 0.013325905427336693, 0.013238932937383652, 0.011285612359642982, 0.010977054014801979, 0.010754667222499847, 0.010518365539610386, 0.010669478215277195, 0.010084593668580055, 0.010271003469824791, 0.010187370702624321, 0.009787166491150856, 0.010029933415353298, 0.010045711882412434, 0.009864741936326027, 0.009659451432526112, 0.00993129052221775, 0.009960190393030643, 0.010597295127809048, 0.010648941621184349, 0.010966751724481583, 0.010726295411586761, 0.010235428810119629, 0.010011826641857624, 0.010037833824753761, 0.009855292737483978, 0.009950464591383934, 0.009643308818340302, 0.01051170751452446, 0.01204114779829979, 0.01142163947224617, 0.011258942075073719, 0.011165762320160866, 0.01050538569688797, 0.010509690269827843, 0.010706177912652493, 0.01118648611009121, 0.012139461934566498, 0.010788759216666222, 0.010570214129984379, 0.010161933489143848, 0.0098411301150918, 0.00971296802163124, 0.009557735174894333, 0.011041758581995964, 0.0056472523137927055]}
all losses in batch in validation:  {'loss': [0.01702743023633957, 0.017383484169840813, 0.017944078892469406, 0.019151847809553146, 0.018032606691122055, 0.017500534653663635, 0.017606379464268684, 0.016820652410387993, 0.01699446514248848, 0.016815781593322754, 0.016310717910528183, 0.016137078404426575, 0.016063854098320007, 0.015966951847076416, 0.015525905415415764, 0.01583027094602585, 0.01661241427063942, 0.016575675457715988, 0.01614377275109291, 0.0162035021930933, 0.01701621152460575, 0.01707807555794716, 0.016947589814662933, 0.01713051088154316, 0.017810091376304626, 0.0202297642827034, 0.0210824366658926, 0.02220311015844345, 0.02254938893020153, 0.023573879152536392, 0.024140415713191032, 0.02580726146697998, 0.02642374485731125, 0.02781962975859642, 0.026137296110391617, 0.027502071112394333, 0.02814302034676075, 0.016876645386219025, 0.01438138447701931, 0.014285541139543056, 0.014149445109069347, 0.015154925175011158, 0.012752044945955276, 0.01124056801199913, 0.011157441884279251, 0.010414614342153072, 0.009682806208729744, 0.010681882500648499, 0.010762540623545647, 0.010477022267878056, 0.010578627698123455, 0.010506384074687958, 0.010306647047400475, 0.010583696886897087, 0.010406151413917542, 0.01061498373746872, 0.010450247675180435, 0.01074923388659954, 0.010786987841129303, 0.01103881187736988, 0.011273564770817757, 0.011489307507872581, 0.011099721305072308, 0.010691288858652115, 0.010889971628785133, 0.010572969913482666, 0.010926647111773491, 0.010681701824069023, 0.010621944442391396, 0.010760439559817314, 0.01076654065400362, 0.010710958391427994, 0.010908622294664383, 0.010957496240735054, 0.011217284947633743, 0.011276754550635815, 0.01164558157324791, 0.01220749132335186, 0.01287703774869442, 0.01299478393048048, 0.013827485032379627, 0.014565438963472843, 0.014524184167385101, 0.014760691672563553, 0.01614612713456154, 0.016118936240673065, 0.015891823917627335, 0.015165428631007671, 0.014840591698884964, 0.01496495958417654, 0.015192976221442223, 0.014934295788407326, 0.014929166063666344, 0.014791951514780521, 0.014801746234297752, 0.013897661119699478, 0.013695809990167618, 0.014170999638736248, 0.01446819119155407, 0.01482430100440979, 0.015769505873322487, 0.01597287505865097, 0.017925970256328583, 0.01729436032474041, 0.016778714954853058, 0.016346875578165054, 0.01668616198003292, 0.01627424731850624, 0.016163518652319908, 0.014950281009078026, 0.01481517031788826, 0.014236515387892723, 0.013143202289938927, 0.0128035182133317, 0.013058282434940338, 0.012992307543754578, 0.013347720727324486, 0.012836555019021034, 0.012552792206406593, 0.012942183762788773, 0.012487487867474556, 0.012800309807062149, 0.013036493211984634, 0.013285988941788673, 0.012740414589643478, 0.013300027698278427, 0.013725066557526588, 0.01438198983669281, 0.014352364465594292, 0.015665903687477112, 0.016158994287252426, 0.01751379482448101, 0.01740981824696064, 0.01683840900659561, 0.01743302308022976, 0.019172433763742447, 0.02127835713326931, 0.022932659834623337, 0.023160625249147415, 0.024115893989801407, 0.022432269528508186, 0.022213788703083992, 0.028346136212348938, 0.024044901132583618, 0.021896976977586746, 0.020002558827400208, 0.018866389989852905, 0.017251363024115562, 0.01588664948940277, 0.017638185992836952, 0.01586120016872883, 0.015102464705705643, 0.01415356993675232, 0.013632098212838173, 0.012494511902332306, 0.012260451912879944, 0.011798756197094917, 0.009624386206269264, 0.01028178259730339, 0.010071702301502228, 0.009805726818740368, 0.010257436893880367, 0.01126578077673912, 0.011508224532008171, 0.011825966648757458, 0.012532412074506283, 0.012695926241576672, 0.011977382004261017, 0.011723672971129417, 0.011351733468472958, 0.012073947116732597, 0.010914666578173637, 0.011837271973490715, 0.011179199442267418, 0.010852622799575329, 0.012250076979398727, 0.012462890706956387, 0.012306194752454758, 0.011619608849287033, 0.011206420138478279, 0.010992415249347687, 0.011898733675479889, 0.012261918745934963, 0.012307118624448776, 0.013474785722792149, 0.013035992160439491, 0.01293713878840208, 0.011699769645929337, 0.01242995448410511, 0.012256949208676815, 0.011154789477586746, 0.01159556582570076, 0.010716467164456844, 0.010880914516746998, 0.010753601789474487, 0.01054987870156765, 0.01049242727458477, 0.00930849090218544, 0.010631166398525238, 0.009980767965316772, 0.009743469767272472, 0.009751478210091591, 0.010112905874848366, 0.009650607593357563, 0.01099105179309845, 0.010068628005683422, 0.010101315565407276, 0.010098770260810852, 0.00931594055145979, 0.010239845141768456, 0.010213512927293777, 0.011235445737838745, 0.011519184336066246, 0.01186795998364687, 0.012383393943309784, 0.012296352535486221, 0.012967737391591072, 0.013252034783363342, 0.012648332864046097, 0.014949767850339413, 0.013428587466478348, 0.012017710134387016, 0.011384062469005585, 0.011747007258236408, 0.011620039120316505, 0.011011946015059948, 0.011107186786830425, 0.014134187251329422, 0.012909719720482826, 0.012345613911747932, 0.013888616114854813, 0.014146690256893635, 0.012716425582766533, 0.013875306583940983, 0.014275586232542992, 0.012295818887650967, 0.012714349664747715, 0.014343934133648872, 0.011175621300935745, 0.013120261952280998, 0.01287783682346344, 0.012211684137582779, 0.013948794454336166, 0.011682301759719849, 0.01338850986212492, 0.01209702342748642, 0.011997135356068611, 0.012003341689705849, 0.012042639777064323, 0.011813253164291382, 0.011660299263894558, 0.012595590204000473, 0.012279815971851349, 0.012025486677885056, 0.012501724064350128, 0.012256617657840252, 0.01411447487771511, 0.013049156405031681, 0.012528467923402786, 0.014502432197332382, 0.014631344005465508, 0.013098804280161858, 0.014863023534417152, 0.015341565012931824, 0.01590796373784542, 0.015901468694210052, 0.016618644818663597, 0.0175420343875885, 0.017545249313116074, 0.017030388116836548, 0.017699433490633965, 0.019170064479112625, 0.019259057939052582, 0.019194146618247032, 0.018330711871385574, 0.017801418900489807, 0.02026834711432457, 0.020489659160375595, 0.019142111763358116, 0.021476395428180695, 0.021181121468544006, 0.02110481634736061, 0.02115791104733944, 0.021391449496150017, 0.021743081510066986, 0.02160937339067459, 0.02260187827050686, 0.024073917418718338, 0.023935463279485703, 0.023493459448218346, 0.023930832743644714, 0.0247919000685215, 0.023808902129530907, 0.02275385521352291, 0.02097991108894348, 0.01889580488204956, 0.019631467759609222, 0.019864816218614578, 0.01889636181294918, 0.020258963108062744, 0.019888199865818024, 0.019908633083105087, 0.0202130526304245, 0.022034306079149246, 0.021100137382745743, 0.020924799144268036, 0.02078203670680523, 0.021425949409604073, 0.022058721631765366, 0.0223732627928257, 0.02242766134440899, 0.022358130663633347, 0.023037180304527283, 0.025148093700408936, 0.02604661136865616, 0.02676619030535221, 0.02724866382777691, 0.026555083692073822, 0.02648342400789261, 0.027452975511550903, 0.027671951800584793, 0.02882484346628189, 0.02847893536090851, 0.029525769874453545, 0.029185496270656586, 0.02846098318696022, 0.028192179277539253, 0.026619981974363327, 0.02497618831694126, 0.025039561092853546, 0.02436003088951111, 0.022243110463023186, 0.020244140177965164, 0.018299339339137077, 0.017352662980556488, 0.01624373532831669, 0.014377357438206673, 0.014370610937476158, 0.015007028356194496, 0.016924651339650154, 0.016263805329799652, 0.016350427642464638, 0.016045883297920227, 0.01578475721180439, 0.015346433967351913, 0.014608134515583515, 0.015306339599192142, 0.015240602195262909, 0.014903243631124496, 0.01288932841271162, 0.012036263942718506, 0.011970143765211105, 0.012528563849627972, 0.01282239519059658, 0.013429751619696617, 0.014909190125763416, 0.014650543220341206, 0.014267371967434883, 0.014689749106764793, 0.014627992175519466, 0.015825573354959488, 0.014764660969376564, 0.015049310401082039, 0.014924509450793266, 0.015055536292493343, 0.014593048021197319, 0.014681700617074966, 0.01390136405825615, 0.01411851029843092, 0.014147750101983547, 0.013320947997272015, 0.013837093487381935, 0.014069691300392151, 0.014025259763002396, 0.014570500701665878, 0.013771045953035355, 0.0142550989985466, 0.012946736067533493, 0.014029267244040966, 0.014752290211617947, 0.014614971354603767, 0.015433741733431816, 0.01628066971898079, 0.019104622304439545, 0.01937299780547619, 0.021653324365615845, 0.022243725135922432, 0.02513962611556053, 0.026546891778707504, 0.02499748393893242, 0.02178630605340004, 0.021814465522766113, 0.02061617374420166, 0.02176583930850029, 0.021294107660651207, 0.019340138882398605, 0.016192972660064697, 0.015920881181955338, 0.016364620998501778, 0.01691495068371296, 0.016518790274858475, 0.016068369150161743, 0.01608707383275032, 0.015243567526340485, 0.015529036521911621, 0.01680685020983219, 0.01692858897149563, 0.01700425334274769, 0.016625432297587395, 0.016136376187205315, 0.015515848994255066, 0.017204007133841515, 0.017295213416218758, 0.017201926559209824, 0.017608437687158585, 0.017049994319677353, 0.017862774431705475, 0.017736483365297318, 0.017596883699297905, 0.01746252179145813, 0.017379269003868103, 0.01773007959127426, 0.018473275005817413, 0.017676077783107758, 0.017775755375623703, 0.018530961126089096, 0.019641324877738953, 0.01977696642279625, 0.019641518592834473, 0.019845768809318542, 0.019906938076019287, 0.020395003259181976, 0.0204412080347538, 0.020831435918807983, 0.02167394571006298, 0.020974058657884598, 0.020840510725975037, 0.021120980381965637, 0.021598219871520996, 0.021849796175956726, 0.021762525662779808, 0.023804616183042526, 0.0232839472591877, 0.023580649867653847, 0.023403435945510864, 0.02241351082921028, 0.022650476545095444, 0.021922897547483444, 0.020160844549536705, 0.019280090928077698, 0.019537467509508133, 0.02033398486673832, 0.020057663321495056, 0.02029254660010338, 0.020802831277251244, 0.020571287721395493, 0.021164316684007645, 0.01625385880470276, 0.016680771484971046, 0.016670944169163704, 0.016178235411643982, 0.016685299575328827, 0.016535118222236633, 0.01686571165919304, 0.017442723736166954, 0.016794195398688316, 0.01683860644698143, 0.016740474849939346, 0.017402365803718567, 0.017262320965528488, 0.016125932335853577, 0.016881514340639114, 0.01950584352016449, 0.018113432452082634, 0.01750214397907257, 0.016464481130242348, 0.01712721399962902, 0.017298346385359764, 0.017911694943904877, 0.017661936581134796, 0.01922544091939926, 0.01905457116663456, 0.019317172467708588, 0.018790317699313164, 0.018522880971431732, 0.019866179674863815, 0.02079642191529274, 0.020987313240766525, 0.02057134546339512, 0.019403953105211258, 0.018945515155792236, 0.020334161818027496, 0.019860487431287766, 0.019147759303450584, 0.019623689353466034, 0.019844520837068558, 0.019193431362509727, 0.01952439546585083, 0.02037898078560829, 0.014711793512105942], 'L_si': [0.007834464311599731, 0.008001000620424747, 0.008304504677653313, 0.008987881243228912, 0.008224979043006897, 0.007838248275220394, 0.007925543934106827, 0.007575608789920807, 0.0076561011373996735, 0.007655174471437931, 0.0074127912521362305, 0.007261716295033693, 0.007235684432089329, 0.007138652727007866, 0.006977416574954987, 0.0071695419028401375, 0.007715314626693726, 0.007760607171803713, 0.007454677484929562, 0.007444176822900772, 0.007909316569566727, 0.007949231192469597, 0.007667009253054857, 0.0076801530085504055, 0.007967093028128147, 0.009265308268368244, 0.009852569550275803, 0.01037103496491909, 0.01048998348414898, 0.010965658351778984, 0.011269129812717438, 0.012126757763326168, 0.012673487886786461, 0.014103119261562824, 0.013211063109338284, 0.014584699645638466, 0.015150661580264568, 0.007337288465350866, 0.0059149726293981075, 0.00595921091735363, 0.006073799915611744, 0.0070329224690794945, 0.00558595871552825, 0.004388768691569567, 0.004228363279253244, 0.0038915518671274185, 0.0035398139152675867, 0.004038982093334198, 0.004045800771564245, 0.003862893907353282, 0.0038963754195719957, 0.0039480505511164665, 0.003920873627066612, 0.004074352327734232, 0.003966419026255608, 0.004040598403662443, 0.0038939346559345722, 0.003992357756942511, 0.004024251829832792, 0.004126703832298517, 0.004168292507529259, 0.004187336657196283, 0.0040887584909796715, 0.003968981560319662, 0.004171581473201513, 0.004016986582428217, 0.004194366745650768, 0.00395322497934103, 0.003936093300580978, 0.003961729351431131, 0.003904672572389245, 0.0038600752595812082, 0.0039911651983857155, 0.004072051495313644, 0.0041028885170817375, 0.004175039939582348, 0.004244448617100716, 0.0044416100718081, 0.004784391727298498, 0.004868996329605579, 0.005282045342028141, 0.005611986853182316, 0.005562618840485811, 0.005592495668679476, 0.006301655899733305, 0.00623253732919693, 0.00615250738337636, 0.005700335837900639, 0.005655375774949789, 0.005734598264098167, 0.005994412582367659, 0.005992152728140354, 0.0059485663659870625, 0.005906878970563412, 0.0058665149845182896, 0.005434005055576563, 0.0053193033672869205, 0.005452421493828297, 0.005668474826961756, 0.005681694019585848, 0.006065919529646635, 0.006146107334643602, 0.007035751361399889, 0.006662704516202211, 0.006331234704703093, 0.00606788182631135, 0.006364821922034025, 0.006202678196132183, 0.006108138244599104, 0.005468504037708044, 0.005439287517219782, 0.005157108884304762, 0.004568454809486866, 0.004434248432517052, 0.0044556730426847935, 0.0044348896481096745, 0.004615363199263811, 0.004472887143492699, 0.004353702533990145, 0.004483924712985754, 0.004364618565887213, 0.004453901667147875, 0.0046264613047242165, 0.004845768678933382, 0.004595906939357519, 0.00483074551448226, 0.005169157404452562, 0.00547527801245451, 0.005329035222530365, 0.0060427747666835785, 0.006299729458987713, 0.006990116089582443, 0.006871676072478294, 0.0066774096339941025, 0.006971288006752729, 0.00802729930728674, 0.009341111406683922, 0.009746712632477283, 0.009817698039114475, 0.010162635706365108, 0.00922522135078907, 0.009055441245436668, 0.014033754356205463, 0.011276709847152233, 0.009373601526021957, 0.008444896899163723, 0.007694523315876722, 0.006605708505958319, 0.006026939023286104, 0.007316047791391611, 0.006149309687316418, 0.006010218057781458, 0.005647461395710707, 0.005489229690283537, 0.0049878377467393875, 0.004903174005448818, 0.0045602223835885525, 0.0033924421295523643, 0.003832068294286728, 0.003610007930546999, 0.0034311090130358934, 0.0037832828238606453, 0.004328107461333275, 0.004449831787496805, 0.004502485506236553, 0.004957227502018213, 0.004966361448168755, 0.004578505177050829, 0.004528407007455826, 0.004363741725683212, 0.004901342559605837, 0.004071574192494154, 0.004721020348370075, 0.004266612231731415, 0.004028211813420057, 0.0048174732364714146, 0.005077310837805271, 0.005040594842284918, 0.004570870194584131, 0.0041167293675243855, 0.004025220405310392, 0.004568431060761213, 0.004824280738830566, 0.004824057221412659, 0.005562081933021545, 0.005413297563791275, 0.005368338897824287, 0.0046021887101233006, 0.005088031757622957, 0.0049873702228069305, 0.004267540760338306, 0.0045825713314116, 0.004162591882050037, 0.004212251864373684, 0.00416521355509758, 0.003993780817836523, 0.0038493755273520947, 0.0032044420950114727, 0.004005607683211565, 0.0036628362722694874, 0.0035670187789946795, 0.003497377270832658, 0.003767353016883135, 0.0035225520841777325, 0.004245813004672527, 0.0036886397283524275, 0.0036184575874358416, 0.0036247633397579193, 0.003149867756292224, 0.0036707825493067503, 0.003688000375404954, 0.004260213579982519, 0.004436183255165815, 0.004658857360482216, 0.004938395228236914, 0.004893693141639233, 0.0053648496977984905, 0.005664833355695009, 0.005401786882430315, 0.006832484155893326, 0.005802955478429794, 0.004935856908559799, 0.0044291652739048, 0.004649467766284943, 0.0045860582031309605, 0.0042788623832166195, 0.004164498299360275, 0.005711705889552832, 0.004837900400161743, 0.004621666856110096, 0.005425490904599428, 0.00556039996445179, 0.004806021694093943, 0.005379839800298214, 0.005614922847598791, 0.004651762545108795, 0.004855385050177574, 0.005682042799890041, 0.004007566720247269, 0.005002456251531839, 0.004922229330986738, 0.00464922608807683, 0.005556854885071516, 0.004276713822036982, 0.005202660337090492, 0.004589472431689501, 0.004626539070159197, 0.004600743763148785, 0.004563574213534594, 0.0044755032286047935, 0.004378016106784344, 0.005072545725852251, 0.004962545353919268, 0.004872061312198639, 0.005208184476941824, 0.0050451369024813175, 0.006180147174745798, 0.005698015913367271, 0.005273330025374889, 0.006538033951073885, 0.00650147395208478, 0.005678251385688782, 0.006763231474906206, 0.007068614009767771, 0.007392732426524162, 0.0073167686350643635, 0.007796885911375284, 0.008212326094508171, 0.008323145098984241, 0.007947147823870182, 0.008392841555178165, 0.009226828813552856, 0.009215423837304115, 0.009189371019601822, 0.008646202273666859, 0.00831166747957468, 0.009906306862831116, 0.010077813640236855, 0.009288077242672443, 0.010770379565656185, 0.010600528679788113, 0.010603548027575016, 0.010737106204032898, 0.01088703703135252, 0.01113083679229021, 0.011114210821688175, 0.01186782494187355, 0.013279200531542301, 0.01325717382133007, 0.012994485907256603, 0.013174077495932579, 0.013950617052614689, 0.013376589864492416, 0.012700384482741356, 0.011794136837124825, 0.010630547069013119, 0.011193104088306427, 0.011223997920751572, 0.010629205033183098, 0.011578163132071495, 0.011458583176136017, 0.011490152217447758, 0.01168855931609869, 0.013182980939745903, 0.012644854374229908, 0.01261306181550026, 0.01260514184832573, 0.013091995380818844, 0.013579217717051506, 0.013908052816987038, 0.013973157852888107, 0.01380404457449913, 0.01417837105691433, 0.015469289384782314, 0.016131630167365074, 0.016576217487454414, 0.016798246651887894, 0.01631515473127365, 0.01623108610510826, 0.016867734491825104, 0.01697966828942299, 0.017919044941663742, 0.017786629498004913, 0.018490757793188095, 0.017920225858688354, 0.01708667352795601, 0.01672322303056717, 0.015527990646660328, 0.01427214965224266, 0.014571214094758034, 0.014178890734910965, 0.012513082474470139, 0.011205067858099937, 0.009779365733265877, 0.009030484594404697, 0.007962532341480255, 0.006452054250985384, 0.006193458568304777, 0.006196428555995226, 0.0069495500065386295, 0.006914150435477495, 0.007000704761594534, 0.00652296980842948, 0.006207639817148447, 0.005870090331882238, 0.005369235761463642, 0.0056543368846178055, 0.005614974070340395, 0.005510580725967884, 0.004639255814254284, 0.004303875844925642, 0.004252196755260229, 0.004544366151094437, 0.0047088079154491425, 0.004979968536645174, 0.005864749662578106, 0.005769640207290649, 0.005476061720401049, 0.005696175619959831, 0.005649310536682606, 0.006505663972347975, 0.00587815698236227, 0.006151434499770403, 0.005963062401860952, 0.005943247117102146, 0.005633278284221888, 0.005700989626348019, 0.005314341280609369, 0.005468091927468777, 0.0054247332736849785, 0.005181518383324146, 0.005400708876550198, 0.005646886769682169, 0.0055436971597373486, 0.00584516441449523, 0.0054933144710958, 0.005874789785593748, 0.00534639460965991, 0.005773652344942093, 0.006105872802436352, 0.006169955246150494, 0.007101933937519789, 0.00784323364496231, 0.009552676230669022, 0.00950399786233902, 0.010768825188279152, 0.011686275713145733, 0.01366873923689127, 0.014488056302070618, 0.013458365574479103, 0.011558109894394875, 0.011549574322998524, 0.010485243052244186, 0.011174260638654232, 0.010276061482727528, 0.009203043766319752, 0.0070947809144854546, 0.006878485903143883, 0.007248742040246725, 0.007625582627952099, 0.007342180237174034, 0.007126953918486834, 0.007194135338068008, 0.0066772145219147205, 0.006983904633671045, 0.007748752366751432, 0.007815025746822357, 0.007841984741389751, 0.0075738029554486275, 0.007084133103489876, 0.006704048719257116, 0.007578056771308184, 0.007657701149582863, 0.0076711843721568584, 0.007971576415002346, 0.007734112907201052, 0.008036800660192966, 0.007852389477193356, 0.007885361090302467, 0.007643813267350197, 0.007767448201775551, 0.007857984863221645, 0.008342156186699867, 0.007840142585337162, 0.00782166887074709, 0.008281302638351917, 0.009042507037520409, 0.009325694292783737, 0.009376832284033298, 0.00955162663012743, 0.009431853890419006, 0.00960858166217804, 0.009741143323481083, 0.010021824389696121, 0.010697269812226295, 0.0100305937230587, 0.009987547062337399, 0.01024315133690834, 0.010475904680788517, 0.010738799348473549, 0.010717428289353848, 0.012049184180796146, 0.011988220736384392, 0.01244883518666029, 0.012369140982627869, 0.011831505224108696, 0.012181935831904411, 0.011680888012051582, 0.010489558801054955, 0.009972985833883286, 0.010127879679203033, 0.01060187816619873, 0.010480187833309174, 0.010819414630532265, 0.011305902153253555, 0.01109034288674593, 0.01174266915768385, 0.008884485810995102, 0.009092677384614944, 0.00908952858299017, 0.008606072515249252, 0.008728127926588058, 0.008676886558532715, 0.008874890394508839, 0.009266739711165428, 0.008782614022493362, 0.008775148540735245, 0.008772029541432858, 0.009194226935505867, 0.009150031954050064, 0.008308980613946915, 0.008838856592774391, 0.010519063100218773, 0.009863234125077724, 0.009415616281330585, 0.009008463472127914, 0.009343117475509644, 0.009465223178267479, 0.009582282043993473, 0.009422960691154003, 0.01020866259932518, 0.009911690838634968, 0.009923109784722328, 0.009563418105244637, 0.009686896577477455, 0.010440967977046967, 0.011309645138680935, 0.01151973195374012, 0.011236772872507572, 0.010288647376000881, 0.009946020320057869, 0.010819151066243649, 0.010849266313016415, 0.010064799338579178, 0.010481521487236023, 0.010833794251084328, 0.010277703404426575, 0.010546903125941753, 0.01109518576413393, 0.010385067202150822], 'L_grad': [0.009192966856062412, 0.009382483549416065, 0.009639573283493519, 0.010163967497646809, 0.009807627648115158, 0.009662285447120667, 0.009680835530161858, 0.009245043620467186, 0.009338363073766232, 0.009160608053207397, 0.008897926658391953, 0.008875361643731594, 0.008828169666230679, 0.008828298188745975, 0.008548488840460777, 0.008660729974508286, 0.008897100575268269, 0.008815068751573563, 0.008689096197485924, 0.008759325370192528, 0.009106894955039024, 0.009128844365477562, 0.009280581027269363, 0.009450357407331467, 0.009842999279499054, 0.01096445694565773, 0.011229867115616798, 0.01183207519352436, 0.012059405446052551, 0.012608220800757408, 0.012871285900473595, 0.013680504634976387, 0.013750256970524788, 0.01371651142835617, 0.012926233932375908, 0.012917371466755867, 0.012992358766496181, 0.009539357386529446, 0.008466411381959915, 0.008326330222189426, 0.008075645193457603, 0.008122002705931664, 0.007166086696088314, 0.006851799786090851, 0.006929079070687294, 0.006523062475025654, 0.006142992526292801, 0.006642899941653013, 0.006716740317642689, 0.00661412812769413, 0.006682252511382103, 0.006558333523571491, 0.006385773420333862, 0.006509344093501568, 0.006439732853323221, 0.006574384868144989, 0.00655631348490715, 0.006756875663995743, 0.006762736476957798, 0.006912107579410076, 0.007105271797627211, 0.0073019713163375854, 0.007010962814092636, 0.00672230776399374, 0.006718389689922333, 0.006555983331054449, 0.006732280366122723, 0.006728476844727993, 0.006685851141810417, 0.00679871067404747, 0.0068618678487837315, 0.006850882899016142, 0.00691745663061738, 0.00688544474542141, 0.0071143959648907185, 0.007101714611053467, 0.007401132490485907, 0.007765881717205048, 0.008092645555734634, 0.0081257876008749, 0.008545439690351486, 0.008953452110290527, 0.008961565792560577, 0.009168196469545364, 0.009844471700489521, 0.00988639984279871, 0.009739316068589687, 0.009465092793107033, 0.009185215458273888, 0.009230361320078373, 0.009198564104735851, 0.008942143060266972, 0.008980599232017994, 0.00888507254421711, 0.00893523171544075, 0.008463655598461628, 0.008376507088541985, 0.008718578144907951, 0.008799716830253601, 0.00914260745048523, 0.009703585878014565, 0.00982676725834608, 0.010890219360589981, 0.010631655342876911, 0.010447479784488678, 0.010278994217514992, 0.010321339592337608, 0.010071568191051483, 0.010055380873382092, 0.009481776505708694, 0.00937588233500719, 0.009079406969249249, 0.00857474748045206, 0.008369269780814648, 0.008602609857916832, 0.00855741836130619, 0.008732357993721962, 0.008363667875528336, 0.008199090138077736, 0.008458259515464306, 0.008122868835926056, 0.008346408605575562, 0.008410031907260418, 0.008440220728516579, 0.008144508115947247, 0.00846928171813488, 0.008555908687412739, 0.0089067118242383, 0.009023329243063927, 0.009623129852116108, 0.009859264828264713, 0.010523678734898567, 0.010538142174482346, 0.010160999372601509, 0.010461734607815742, 0.011145133525133133, 0.011937245726585388, 0.013185947202146053, 0.013342926278710365, 0.013953257352113724, 0.013207048177719116, 0.013158347457647324, 0.01431238278746605, 0.01276819221675396, 0.012523375451564789, 0.01155766285955906, 0.011171866208314896, 0.010645654052495956, 0.009859710931777954, 0.010322138667106628, 0.00971189048141241, 0.009092247113585472, 0.008506108075380325, 0.008142868988215923, 0.007506674155592918, 0.007357277907431126, 0.0072385333478450775, 0.0062319440767169, 0.00644971476867795, 0.0064616939052939415, 0.006374617572873831, 0.006474154070019722, 0.006937673315405846, 0.007058393210172653, 0.0073234811425209045, 0.0075751845724880695, 0.007729564793407917, 0.007398876361548901, 0.007195265963673592, 0.006987991742789745, 0.007172604091465473, 0.006843092851340771, 0.007116252090781927, 0.006912587210536003, 0.0068244109861552715, 0.0074326032772660255, 0.007385579869151115, 0.0072655994445085526, 0.0070487381890416145, 0.007089691236615181, 0.006967194378376007, 0.007330302149057388, 0.007437638007104397, 0.00748306093737483, 0.007912703789770603, 0.007622694596648216, 0.007568799890577793, 0.007097580470144749, 0.007341922726482153, 0.0072695789858698845, 0.00688724871724844, 0.0070129940286278725, 0.006553875282406807, 0.006668662652373314, 0.006588388700038195, 0.006556098349392414, 0.006643052212893963, 0.006104049272835255, 0.00662555918097496, 0.006317931227385998, 0.006176451221108437, 0.006254100706428289, 0.006345553323626518, 0.0061280555091798306, 0.006745238322764635, 0.006379988044500351, 0.006482858210802078, 0.006474006921052933, 0.006166072562336922, 0.0065690623596310616, 0.006525512784719467, 0.006975231692194939, 0.007083000615239143, 0.007209102623164654, 0.0074449991807341576, 0.007402658928185701, 0.007602888159453869, 0.007587200962007046, 0.0072465455159544945, 0.008117283694446087, 0.0076256319880485535, 0.00708185276016593, 0.006954896729439497, 0.007097539491951466, 0.007033981382846832, 0.0067330836318433285, 0.00694268848747015, 0.008422481827437878, 0.008071819320321083, 0.007723946589976549, 0.008463125675916672, 0.008586290292441845, 0.007910403423011303, 0.008495466783642769, 0.008660662919282913, 0.0076440563425421715, 0.00785896461457014, 0.008661891333758831, 0.0071680545806884766, 0.008117806166410446, 0.007955607026815414, 0.007562458049505949, 0.008391940034925938, 0.00740558747202158, 0.008185849525034428, 0.0075075505301356316, 0.007370595820248127, 0.007402597460895777, 0.0074790650978684425, 0.007337750401347876, 0.007282283157110214, 0.007523044012486935, 0.007317270152270794, 0.007153425365686417, 0.007293539121747017, 0.007211480755358934, 0.0079343281686306, 0.00735114049166441, 0.007255137898027897, 0.007964398711919785, 0.008129870519042015, 0.007420552894473076, 0.008099791593849659, 0.00827295146882534, 0.008515231311321259, 0.008584699593484402, 0.008821758441627026, 0.009329709224402905, 0.009222105145454407, 0.00908324122428894, 0.009306591935455799, 0.009943236596882343, 0.010043633170425892, 0.01000477559864521, 0.009684508666396141, 0.009489752352237701, 0.010362040251493454, 0.01041184552013874, 0.009854034520685673, 0.01070601586252451, 0.010580591857433319, 0.010501268319785595, 0.010420804843306541, 0.010504412464797497, 0.010612244717776775, 0.01049516350030899, 0.010734053328633308, 0.010794717818498611, 0.010678288526833057, 0.010498973540961742, 0.010756755247712135, 0.010841283947229385, 0.01043231226503849, 0.010053470730781555, 0.009185775183141232, 0.008265257813036442, 0.008438363671302795, 0.008640817366540432, 0.008267156779766083, 0.008680799044668674, 0.008429617621004581, 0.008418481796979904, 0.008524492383003235, 0.008851326070725918, 0.00845528207719326, 0.008311738260090351, 0.0081768948584795, 0.008333954028785229, 0.008479504846036434, 0.008465209975838661, 0.008454503491520882, 0.008554085157811642, 0.008858809247612953, 0.009678803384304047, 0.009914981201291084, 0.010189972817897797, 0.010450417175889015, 0.010239928029477596, 0.010252337902784348, 0.010585241951048374, 0.010692284442484379, 0.010905798524618149, 0.010692305862903595, 0.01103501208126545, 0.011265270411968231, 0.011374308727681637, 0.011468956246972084, 0.011091990396380424, 0.0107040386646986, 0.010468346998095512, 0.010181140154600143, 0.009730027988553047, 0.009039071388542652, 0.0085199736058712, 0.00832217838615179, 0.008281202986836433, 0.007925302721560001, 0.008177152834832668, 0.008810599334537983, 0.009975100867450237, 0.009349655359983444, 0.009349723346531391, 0.009522913955152035, 0.00957711786031723, 0.009476344101130962, 0.009238898754119873, 0.009652002714574337, 0.009625628590583801, 0.009392662905156612, 0.008250072598457336, 0.007732388563454151, 0.0077179474756121635, 0.007984197698533535, 0.008113587275147438, 0.00844978354871273, 0.00904444046318531, 0.008880903013050556, 0.008791309781372547, 0.008993573486804962, 0.00897868163883686, 0.009319908916950226, 0.008886503987014294, 0.008897875435650349, 0.008961446583271027, 0.009112289175391197, 0.008959769271314144, 0.008980710990726948, 0.008587022311985493, 0.008650418370962143, 0.008723016828298569, 0.008139429613947868, 0.008436384610831738, 0.00842280499637127, 0.008481563068926334, 0.008725335821509361, 0.008277731016278267, 0.008380308747291565, 0.0076003409922122955, 0.008255614899098873, 0.008646417409181595, 0.008445016108453274, 0.008331808261573315, 0.008437435142695904, 0.009551946073770523, 0.009868999943137169, 0.010884499177336693, 0.010557449422776699, 0.011470887809991837, 0.012058835476636887, 0.011539118364453316, 0.01022819522768259, 0.010264890268445015, 0.010130930691957474, 0.010591577738523483, 0.01101804617792368, 0.010137096047401428, 0.009098191745579243, 0.00904239434748888, 0.009115878492593765, 0.00928936805576086, 0.009176610969007015, 0.008941415697336197, 0.008892938494682312, 0.008566353470087051, 0.008545131422579288, 0.009058097377419472, 0.009113563224673271, 0.009162268601357937, 0.009051629342138767, 0.009052243083715439, 0.008811800740659237, 0.009625949896872044, 0.009637512266635895, 0.009530742652714252, 0.009636860340833664, 0.009315880946815014, 0.009825973771512508, 0.009884092956781387, 0.009711522608995438, 0.009818709455430508, 0.009611820802092552, 0.009872093796730042, 0.010131117887794971, 0.00983593612909317, 0.009954086504876614, 0.010249657556414604, 0.010598817840218544, 0.010451271198689938, 0.010264686308801174, 0.010294141247868538, 0.01047508418560028, 0.010786421597003937, 0.010700065642595291, 0.010809611529111862, 0.010976675897836685, 0.010943464934825897, 0.010852964594960213, 0.010877829045057297, 0.011122314259409904, 0.011110997758805752, 0.01104509737342596, 0.01175543200224638, 0.011295726522803307, 0.011131814680993557, 0.011034294962882996, 0.01058200467377901, 0.010468540713191032, 0.010242010466754436, 0.00967128574848175, 0.009307104162871838, 0.009409586898982525, 0.009732106700539589, 0.009577474556863308, 0.009473132900893688, 0.009496929123997688, 0.009480943903326988, 0.00942164845764637, 0.007369372062385082, 0.007588094100356102, 0.007581415586173534, 0.00757216289639473, 0.007957170717418194, 0.007858231663703918, 0.007990820333361626, 0.008175984025001526, 0.008011581376194954, 0.008063457906246185, 0.007968445308506489, 0.008208139799535275, 0.008112289942800999, 0.007816952653229237, 0.008042657747864723, 0.008986779488623142, 0.00825019832700491, 0.00808652676641941, 0.007456017192453146, 0.007784096524119377, 0.007833123207092285, 0.008329412899911404, 0.008238976821303368, 0.009016778320074081, 0.009142880327999592, 0.009394063614308834, 0.009226899594068527, 0.008835983462631702, 0.009425212629139423, 0.009486776776611805, 0.00946758035570383, 0.009334572590887547, 0.009115306660532951, 0.008999495767056942, 0.009515011683106422, 0.009011220186948776, 0.009082959964871407, 0.009142168797552586, 0.009010725654661655, 0.008915727958083153, 0.008977491408586502, 0.009283795021474361, 0.00432672630995512]}
Saving current best: model_best.pth.tar ...
all losses in batch in validation:  {'loss': [0.020846713334321976, 0.02196979895234108, 0.021231383085250854, 0.023148704320192337, 0.022298727184534073, 0.021992415189743042, 0.023226868361234665, 0.020593348890542984, 0.021204601973295212, 0.020231151953339577, 0.01705668494105339, 0.016279231756925583, 0.016529642045497894, 0.01623617671430111, 0.015045076608657837, 0.016487887129187584, 0.015931611880660057, 0.016272898763418198, 0.015867773443460464, 0.014975447207689285, 0.015741020441055298, 0.018862366676330566, 0.01644418202340603, 0.01698470301926136, 0.017439357936382294, 0.020189844071865082, 0.027163924649357796, 0.02687958814203739, 0.0228181891143322, 0.023731430992484093, 0.0238749161362648, 0.02484428510069847, 0.025831662118434906, 0.027209831401705742, 0.024064093828201294, 0.02511494979262352, 0.021631497889757156, 0.015794627368450165, 0.014700427651405334, 0.014307328499853611, 0.014912410639226437, 0.015517737716436386, 0.013405196368694305, 0.01182575710117817, 0.011554598808288574, 0.01080164685845375, 0.010198453441262245, 0.011175109073519707, 0.010772844776511192, 0.010929381474852562, 0.011047609150409698, 0.011008011177182198, 0.010734671726822853, 0.01115993782877922, 0.010894360952079296, 0.011079354211688042, 0.010841937735676765, 0.010988172143697739, 0.010877113789319992, 0.011053765192627907, 0.011008410714566708, 0.010666372254490852, 0.010963018983602524, 0.011069875210523605, 0.011568106710910797, 0.011396054178476334, 0.011578069999814034, 0.011253438889980316, 0.0114143630489707, 0.011392224580049515, 0.011291168630123138, 0.01117979921400547, 0.011341262608766556, 0.011607050895690918, 0.011696361005306244, 0.012036970816552639, 0.01234529446810484, 0.012685293331742287, 0.012756891548633575, 0.012666363269090652, 0.01301125530153513, 0.012978681363165379, 0.01277980301529169, 0.013220466673374176, 0.014450199902057648, 0.014464247971773148, 0.014186425134539604, 0.013789543882012367, 0.014228995889425278, 0.014756500720977783, 0.01520292367786169, 0.015414712950587273, 0.015082398429512978, 0.014895152300596237, 0.01505526527762413, 0.01403477881103754, 0.013984656892716885, 0.014454866759479046, 0.014551299624145031, 0.01457432471215725, 0.015496066771447659, 0.015931259840726852, 0.017677372321486473, 0.01682974025607109, 0.016247263178229332, 0.016339097172021866, 0.0167071633040905, 0.016589703038334846, 0.01612340658903122, 0.014702823013067245, 0.014360887929797173, 0.014169245958328247, 0.012553133070468903, 0.012379894033074379, 0.012755997478961945, 0.013375900685787201, 0.01251208409667015, 0.01230886485427618, 0.012219814583659172, 0.012336526066064835, 0.012177349999547005, 0.012566961348056793, 0.012769591063261032, 0.012849221006035805, 0.012723365798592567, 0.013035034760832787, 0.013518569059669971, 0.014438863843679428, 0.014539750292897224, 0.015315135940909386, 0.016065772622823715, 0.017677824944257736, 0.01753297820687294, 0.017307909205555916, 0.017965368926525116, 0.019543465226888657, 0.022265419363975525, 0.02505894936621189, 0.024860773235559464, 0.026885192841291428, 0.028176449239253998, 0.026276711374521255, 0.030050940811634064, 0.026428963989019394, 0.024977482855319977, 0.022857561707496643, 0.022055868059396744, 0.023033205419778824, 0.022573592141270638, 0.025531331077218056, 0.02666153758764267, 0.028881654143333435, 0.023763542994856834, 0.021784598007798195, 0.018375545740127563, 0.017175793647766113, 0.016731059178709984, 0.017372258007526398, 0.020400281995534897, 0.014276511035859585, 0.014577741734683514, 0.014266579411923885, 0.01720622554421425, 0.016726411879062653, 0.017899882048368454, 0.018166445195674896, 0.018672842532396317, 0.016642048954963684, 0.015412692911922932, 0.014881689101457596, 0.015896715223789215, 0.015057535842061043, 0.014975468628108501, 0.015474509447813034, 0.015832383185625076, 0.01678728125989437, 0.01831868104636669, 0.019457325339317322, 0.017941616475582123, 0.01771329715847969, 0.015719875693321228, 0.01766466349363327, 0.01787842996418476, 0.018386034294962883, 0.018383339047431946, 0.019168104976415634, 0.021749485284090042, 0.021264780312776566, 0.020144417881965637, 0.019256826490163803, 0.018745291978120804, 0.019923236221075058, 0.0207890085875988, 0.01829179935157299, 0.019737303256988525, 0.021211346611380577, 0.020073795691132545, 0.020200654864311218, 0.021109946072101593, 0.019399456679821014, 0.021118292585015297, 0.019069770351052284, 0.01955992542207241, 0.018883679062128067, 0.022236919030547142, 0.020843911916017532, 0.01892734318971634, 0.021490512415766716, 0.02060708776116371, 0.021421285346150398, 0.019738711416721344, 0.02132238820195198, 0.02194797620177269, 0.019389454275369644, 0.018917690962553024, 0.018301472067832947, 0.018305011093616486, 0.018128253519535065, 0.015128621831536293, 0.016350246965885162, 0.01475529558956623, 0.014078869484364986, 0.012666856870055199, 0.013579048216342926, 0.013080610893666744, 0.011411120183765888, 0.012368103489279747, 0.015544451773166656, 0.015263576060533524, 0.015145900659263134, 0.016162635758519173, 0.015987327322363853, 0.014111516065895557, 0.014874055050313473, 0.014941658824682236, 0.013087986037135124, 0.013651441782712936, 0.01519034430384636, 0.011524435132741928, 0.012828410603106022, 0.011553613469004631, 0.01074012741446495, 0.01278451457619667, 0.01023346558213234, 0.011843078769743443, 0.0108267143368721, 0.010487237945199013, 0.010206970386207104, 0.010238632559776306, 0.010222980752587318, 0.010027985088527203, 0.010872527956962585, 0.010723117738962173, 0.010423747822642326, 0.010911920107901096, 0.010385743342339993, 0.01249735802412033, 0.011596109718084335, 0.01102517545223236, 0.012742234393954277, 0.013211745768785477, 0.011306880041956902, 0.012955047190189362, 0.01393871009349823, 0.014510953798890114, 0.01378388050943613, 0.014663317240774632, 0.01532941684126854, 0.015282859094440937, 0.014823518693447113, 0.015559617429971695, 0.016440199688076973, 0.016539564356207848, 0.01736428216099739, 0.01668696105480194, 0.015864316374063492, 0.01918964833021164, 0.02013653889298439, 0.018448300659656525, 0.020578332245349884, 0.019794940948486328, 0.020109929144382477, 0.020027486607432365, 0.019803106784820557, 0.02130218967795372, 0.021546803414821625, 0.021939203143119812, 0.022587543353438377, 0.022310275584459305, 0.022199437022209167, 0.022117873653769493, 0.022957157343626022, 0.02172040194272995, 0.019549598917365074, 0.0188305601477623, 0.01584145799279213, 0.0165407732129097, 0.016807490959763527, 0.01688545010983944, 0.017767321318387985, 0.017210306599736214, 0.01728188619017601, 0.017213426530361176, 0.018329568207263947, 0.018273811787366867, 0.01886596903204918, 0.018795980140566826, 0.019592514261603355, 0.020327987149357796, 0.020583052188158035, 0.020793156698346138, 0.021454066038131714, 0.02239157259464264, 0.02462904527783394, 0.02491450309753418, 0.02541467174887657, 0.02559225633740425, 0.025539306923747063, 0.025863703340291977, 0.02726362645626068, 0.027543703094124794, 0.02800285816192627, 0.029578693211078644, 0.03123215213418007, 0.03121097944676876, 0.030092496424913406, 0.029517779126763344, 0.02733692154288292, 0.0250508114695549, 0.024634096771478653, 0.024471603333950043, 0.02101326361298561, 0.019618017598986626, 0.01726439781486988, 0.016039235517382622, 0.015186289325356483, 0.014744825661182404, 0.014853926375508308, 0.014787468127906322, 0.014567900449037552, 0.013851908966898918, 0.013941429555416107, 0.014073604717850685, 0.013495288789272308, 0.01447281427681446, 0.01417243666946888, 0.014317108318209648, 0.01381802186369896, 0.013431921601295471, 0.01285119540989399, 0.012422401458024979, 0.012389106675982475, 0.012692252174019814, 0.012779684737324715, 0.013216962106525898, 0.014418002218008041, 0.014557765796780586, 0.014569234102964401, 0.015164041891694069, 0.014055413194000721, 0.014489416964352131, 0.013386117294430733, 0.013226146809756756, 0.013564569875597954, 0.013551558367908001, 0.01330469734966755, 0.013080994598567486, 0.013113364577293396, 0.013376263901591301, 0.013145936653017998, 0.012941297143697739, 0.013302247039973736, 0.013858037069439888, 0.013872083276510239, 0.013891186565160751, 0.013952024281024933, 0.014564229175448418, 0.01369607076048851, 0.014553869143128395, 0.014347786083817482, 0.013239797204732895, 0.01394826639443636, 0.014454946853220463, 0.016216976568102837, 0.016908302903175354, 0.019773587584495544, 0.020787738263607025, 0.021969538182020187, 0.023768283426761627, 0.025766141712665558, 0.025571348145604134, 0.03077554516494274, 0.02809629961848259, 0.03045789711177349, 0.030961671844124794, 0.025478340685367584, 0.01878056302666664, 0.020121701061725616, 0.020568661391735077, 0.02153189852833748, 0.022396575659513474, 0.02154712751507759, 0.021151289343833923, 0.02066981792449951, 0.02041623741388321, 0.021112268790602684, 0.021156735718250275, 0.020916510373353958, 0.021067656576633453, 0.022095106542110443, 0.021775219589471817, 0.02049984596669674, 0.02077268809080124, 0.02044786885380745, 0.020337002351880074, 0.020938027650117874, 0.021394148468971252, 0.022027460858225822, 0.022655725479125977, 0.02291448786854744, 0.022646654397249222, 0.02294722944498062, 0.022778209298849106, 0.0212666317820549, 0.02197485789656639, 0.02171904966235161, 0.023102056235074997, 0.02343687042593956, 0.022985760122537613, 0.02336413599550724, 0.02306804433465004, 0.023716211318969727, 0.02319096028804779, 0.023969784379005432, 0.023967262357473373, 0.023938965052366257, 0.02505430392920971, 0.025554010644555092, 0.02608167566359043, 0.026280473917722702, 0.02688625268638134, 0.027268869802355766, 0.02614683285355568, 0.024973392486572266, 0.02460746094584465, 0.024239782243967056, 0.02296413853764534, 0.02258865162730217, 0.022329622879624367, 0.022153420373797417, 0.02344163879752159, 0.02214975655078888, 0.02126948907971382, 0.02145965024828911, 0.020412907004356384, 0.020708944648504257, 0.021625470370054245, 0.01597520336508751, 0.018097300082445145, 0.01735171303153038, 0.01687232032418251, 0.01717565581202507, 0.017298340797424316, 0.017123449593782425, 0.017096253111958504, 0.016779430210590363, 0.01641085371375084, 0.01635099947452545, 0.01679202727973461, 0.01693345047533512, 0.016013450920581818, 0.016953270882368088, 0.018367357552051544, 0.017610304057598114, 0.016934050247073174, 0.01622459664940834, 0.01678147166967392, 0.016303401440382004, 0.01661345362663269, 0.016616731882095337, 0.017207875847816467, 0.016645438969135284, 0.017204182222485542, 0.019202927127480507, 0.018043791875243187, 0.01939678192138672, 0.020228568464517593, 0.020398132503032684, 0.020582888275384903, 0.01911647617816925, 0.019041014835238457, 0.01961863972246647, 0.019069330766797066, 0.018611421808600426, 0.020297840237617493, 0.02046375535428524, 0.01975412666797638, 0.018859341740608215, 0.021393142640590668, 0.014766864478588104], 'L_si': [0.010782898403704166, 0.01148343738168478, 0.010992607101798058, 0.012353173457086086, 0.011815494857728481, 0.01164920348674059, 0.012536714784801006, 0.010604970157146454, 0.011036978103220463, 0.01025424525141716, 0.00811348482966423, 0.00757357943803072, 0.007587169762700796, 0.007398979738354683, 0.006792410276830196, 0.007431142497807741, 0.00717451237142086, 0.007351450156420469, 0.0069810752756893635, 0.006549071986228228, 0.007014212664216757, 0.008895180188119411, 0.007292581256479025, 0.0075423805974423885, 0.00779655622318387, 0.009389890357851982, 0.01457979902625084, 0.013880321756005287, 0.0104166055098176, 0.011157304979860783, 0.011336489580571651, 0.011979772709310055, 0.01265718974173069, 0.0140110207721591, 0.01223880983889103, 0.013429009355604649, 0.010791420005261898, 0.007133190520107746, 0.006426136940717697, 0.006142552010715008, 0.006677884608507156, 0.007398584391921759, 0.006075737066566944, 0.00482072914019227, 0.004680337850004435, 0.0042990949004888535, 0.0039804368279874325, 0.004467059392482042, 0.004214010667055845, 0.004241337068378925, 0.004278239794075489, 0.004318738356232643, 0.0042744288221001625, 0.004502208437770605, 0.004293584264814854, 0.004353183787316084, 0.00421324884518981, 0.004283231217414141, 0.004221771378070116, 0.004279645625501871, 0.004236597567796707, 0.00401525991037488, 0.004260738845914602, 0.004317299462854862, 0.004576361272484064, 0.004513723775744438, 0.004642473999410868, 0.004398951306939125, 0.004494398832321167, 0.004489073995500803, 0.004386745393276215, 0.004336737561970949, 0.004412520211189985, 0.004603964742273092, 0.004574541933834553, 0.004793653730303049, 0.004803773481398821, 0.004945586435496807, 0.0049750544130802155, 0.004918498452752829, 0.005037092603743076, 0.005037342198193073, 0.005052949767559767, 0.005273723509162664, 0.00577512476593256, 0.0058271256275475025, 0.0057719009928405285, 0.005594691727310419, 0.0058047897182404995, 0.006023751106113195, 0.006436835043132305, 0.006542854011058807, 0.006309368181973696, 0.006161363795399666, 0.006237681955099106, 0.005675198510289192, 0.005661291070282459, 0.0058545805513858795, 0.005917687900364399, 0.005822474602609873, 0.006287670694291592, 0.006438570097088814, 0.0072142076678574085, 0.006751697976142168, 0.006403971929103136, 0.006233519408851862, 0.006483258679509163, 0.006536726374179125, 0.006255784071981907, 0.005519865546375513, 0.005362531170248985, 0.00524676451459527, 0.004390477202832699, 0.0043587158434093, 0.004438128788024187, 0.004704547580331564, 0.004367447458207607, 0.004313181154429913, 0.004271741956472397, 0.004300277680158615, 0.004336492158472538, 0.004430816508829594, 0.0045377896167337894, 0.004624594002962112, 0.004683064762502909, 0.004814600571990013, 0.005153353326022625, 0.0056364587508141994, 0.005603307858109474, 0.005972674116492271, 0.0062627848237752914, 0.007131531834602356, 0.007020832039415836, 0.0069870189763605595, 0.0073189521208405495, 0.008251341059803963, 0.010066112503409386, 0.011248018592596054, 0.010921433568000793, 0.011955823749303818, 0.012577815912663937, 0.011560531333088875, 0.014947749674320221, 0.012649454176425934, 0.011312616057693958, 0.010246980004012585, 0.009816871955990791, 0.010665146633982658, 0.010908467695116997, 0.0136118084192276, 0.01507128868252039, 0.017497271299362183, 0.013286307454109192, 0.012077610939741135, 0.009313391521573067, 0.00844196230173111, 0.008177516981959343, 0.00886373221874237, 0.011116394773125648, 0.0062886010855436325, 0.006560433655977249, 0.006430711597204208, 0.008279573172330856, 0.007663239724934101, 0.008530854247510433, 0.008788949809968472, 0.009256354533135891, 0.007774524390697479, 0.007062639109790325, 0.006804255768656731, 0.007437938824295998, 0.00684703141450882, 0.0067807761952281, 0.0071304976008832455, 0.007351593114435673, 0.008025266230106354, 0.009223273023962975, 0.010157953947782516, 0.00909450277686119, 0.008820933289825916, 0.007406334392726421, 0.00863461010158062, 0.008842818439006805, 0.009113891050219536, 0.008977129124104977, 0.009641559794545174, 0.011857548728585243, 0.011460530571639538, 0.010427342727780342, 0.009906952269375324, 0.009687136858701706, 0.010477817617356777, 0.011307350359857082, 0.009415172040462494, 0.010604326613247395, 0.011737624183297157, 0.010931354016065598, 0.011212932877242565, 0.01169558521360159, 0.01067348849028349, 0.012154863215982914, 0.010412098839879036, 0.010740231722593307, 0.010361460037529469, 0.012775860726833344, 0.011780483648180962, 0.01028106827288866, 0.012181827798485756, 0.011493387632071972, 0.011972293257713318, 0.010825109668076038, 0.01190411951392889, 0.012307925149798393, 0.010455313138663769, 0.009986940771341324, 0.009542012587189674, 0.009505112655460835, 0.009472007863223553, 0.00734015041962266, 0.00803661160171032, 0.0068457648158073425, 0.006403515115380287, 0.0054165092296898365, 0.0060190423391759396, 0.005762762390077114, 0.004801932722330093, 0.005444438196718693, 0.007197125349193811, 0.0070374333299696445, 0.0069085052236914635, 0.007400954607874155, 0.007336354348808527, 0.006311745382845402, 0.006675311364233494, 0.0066931466571986675, 0.005732199642807245, 0.006058903876692057, 0.006731355097144842, 0.004628824070096016, 0.005172395147383213, 0.00438221450895071, 0.003939987625926733, 0.004996438976377249, 0.0035807881504297256, 0.004500825889408588, 0.003940404858440161, 0.003838071832433343, 0.003648417768999934, 0.003637862391769886, 0.0036885258741676807, 0.003497348167002201, 0.004072204697877169, 0.003969296347349882, 0.003822923405095935, 0.004150965251028538, 0.0038476597983390093, 0.0050960867665708065, 0.004605328664183617, 0.004180391319096088, 0.005335066467523575, 0.005582717712968588, 0.004514600615948439, 0.0055466084741055965, 0.006102055311203003, 0.006414053495973349, 0.005950006656348705, 0.0064592789858579636, 0.0067400322295725346, 0.006823414005339146, 0.006521118804812431, 0.006992023438215256, 0.007455078419297934, 0.007562222424894571, 0.008045542053878307, 0.007713852915912867, 0.007223612163215876, 0.009298752062022686, 0.009816576726734638, 0.00884959939867258, 0.010199334472417831, 0.009719367139041424, 0.010038293898105621, 0.01012411154806614, 0.010113455355167389, 0.011120529845356941, 0.01130413543432951, 0.011666983366012573, 0.012455683201551437, 0.012245405465364456, 0.012154895812273026, 0.011984606273472309, 0.01260735560208559, 0.011945715174078941, 0.010529960505664349, 0.010239713825285435, 0.008412763476371765, 0.008878624066710472, 0.008959988132119179, 0.008992298506200314, 0.009613356553018093, 0.00940429326146841, 0.009429926052689552, 0.009503325447440147, 0.01036769151687622, 0.010534537956118584, 0.010986002162098885, 0.010940664447844028, 0.011541157960891724, 0.012166544795036316, 0.012410800904035568, 0.01258730050176382, 0.012978414073586464, 0.013642212375998497, 0.01522962749004364, 0.015488400124013424, 0.01574886590242386, 0.015764523297548294, 0.015715034678578377, 0.015929285436868668, 0.016810299828648567, 0.016968494281172752, 0.01724063977599144, 0.01862300932407379, 0.019678505137562752, 0.019496597349643707, 0.018429309129714966, 0.017704607918858528, 0.01613244041800499, 0.01430798415094614, 0.014176351949572563, 0.014249909669160843, 0.011818577535450459, 0.010860765352845192, 0.009270431473851204, 0.008180546574294567, 0.007444677408784628, 0.006799093447625637, 0.00660728570073843, 0.0063822632655501366, 0.005724858958274126, 0.005278104450553656, 0.005332704167813063, 0.0054006427526474, 0.005146823823451996, 0.00567279290407896, 0.005389426369220018, 0.005419305991381407, 0.005234642419964075, 0.005027742125093937, 0.004796551074832678, 0.004615443293005228, 0.004641600884497166, 0.004867074079811573, 0.004967763554304838, 0.005128046497702599, 0.005758661776781082, 0.005869743414223194, 0.005899740383028984, 0.006291237659752369, 0.005491906777024269, 0.0055854590609669685, 0.005143930669873953, 0.005138128995895386, 0.00525418808683753, 0.005227265879511833, 0.005047549959272146, 0.0050130486488342285, 0.005112485960125923, 0.0052492655813694, 0.005126178730279207, 0.005082010757178068, 0.005310297943651676, 0.005657863337546587, 0.005612522829324007, 0.005722455680370331, 0.005783718544989824, 0.006153944879770279, 0.005790930241346359, 0.006046358495950699, 0.005840656813234091, 0.005286126863211393, 0.006103319115936756, 0.006578448228538036, 0.007534258533269167, 0.007853838615119457, 0.00926851388067007, 0.010358982719480991, 0.011187687516212463, 0.012672526761889458, 0.014774205163121223, 0.015104440972208977, 0.01936177909374237, 0.016877666115760803, 0.01832572929561138, 0.018024176359176636, 0.013985621742904186, 0.009047972969710827, 0.01003581564873457, 0.010469022206962109, 0.011130419559776783, 0.011798507533967495, 0.011173075996339321, 0.01085472572594881, 0.010567616671323776, 0.010493422858417034, 0.01086459681391716, 0.010832234285771847, 0.010562500916421413, 0.010717873461544514, 0.011487683281302452, 0.011399141512811184, 0.010274417698383331, 0.01049660425633192, 0.010250597260892391, 0.010193983092904091, 0.01071952749043703, 0.01092445570975542, 0.011317338794469833, 0.011792447417974472, 0.011971176601946354, 0.011855830438435078, 0.011869548819959164, 0.011776578612625599, 0.010699198581278324, 0.0112762451171875, 0.0110632898285985, 0.012111060321331024, 0.01248002890497446, 0.012255264446139336, 0.012447258457541466, 0.012116414494812489, 0.01246914267539978, 0.012031174264848232, 0.012673726305365562, 0.012723205611109734, 0.012670749798417091, 0.013387816958129406, 0.013773350045084953, 0.01430580299347639, 0.014346927404403687, 0.014747990295290947, 0.014926686882972717, 0.014271019026637077, 0.013359070755541325, 0.013186214491724968, 0.012837599962949753, 0.011924737133085728, 0.011691861785948277, 0.01160162128508091, 0.011504014953970909, 0.012510762549936771, 0.01137208566069603, 0.010758854448795319, 0.01100650243461132, 0.01055254228413105, 0.01078377477824688, 0.011726743541657925, 0.008321070112287998, 0.009729073382914066, 0.009197371080517769, 0.008763832040131092, 0.00885024480521679, 0.008796661160886288, 0.008702102117240429, 0.00882017333060503, 0.008616537787020206, 0.008335549384355545, 0.008358261547982693, 0.00852126069366932, 0.008522341027855873, 0.007947100326418877, 0.008456862531602383, 0.0094370786100626, 0.009058649651706219, 0.008696455508470535, 0.008303701877593994, 0.00860817451030016, 0.008268778212368488, 0.008416921831667423, 0.008232793770730495, 0.008715923875570297, 0.008403810672461987, 0.008833033964037895, 0.010040134191513062, 0.009502239525318146, 0.010489793494343758, 0.011118209920823574, 0.011435388587415218, 0.011570527218282223, 0.010449306108057499, 0.01038319617509842, 0.010619362816214561, 0.01032907236367464, 0.009911523200571537, 0.01118004322052002, 0.011314424686133862, 0.010726275853812695, 0.01007645484060049, 0.011916382238268852, 0.010431124828755856], 'L_grad': [0.010063815861940384, 0.010486360639333725, 0.010238775983452797, 0.010795531794428825, 0.010483233258128166, 0.010343211703002453, 0.010690152645111084, 0.00998837873339653, 0.010167622938752174, 0.009976906701922417, 0.00894320011138916, 0.008705651387572289, 0.00894247181713581, 0.008837196975946426, 0.00825266633182764, 0.009056744165718555, 0.008757099509239197, 0.008921448141336441, 0.008886698633432388, 0.008426375687122345, 0.008726808242499828, 0.00996718741953373, 0.009151600301265717, 0.009442321956157684, 0.00964280217885971, 0.0107999537140131, 0.012584125623106956, 0.012999266386032104, 0.012401582673192024, 0.01257412601262331, 0.012538425624370575, 0.012864512391388416, 0.013174472376704216, 0.013198810629546642, 0.01182528492063284, 0.011685939505696297, 0.010840076953172684, 0.008661435917019844, 0.008274290710687637, 0.008164776489138603, 0.00823452603071928, 0.00811915285885334, 0.007329459302127361, 0.007005027495324612, 0.006874261423945427, 0.00650255149230361, 0.0062180170789361, 0.006708050146698952, 0.00655883364379406, 0.006688044406473637, 0.0067693693563342094, 0.0066892728209495544, 0.006460242904722691, 0.006657728925347328, 0.0066007766872644424, 0.006726170890033245, 0.006628688424825668, 0.006704940460622311, 0.006655342411249876, 0.006774119101464748, 0.0067718131467700005, 0.006651111878454685, 0.006702280603349209, 0.0067525762133300304, 0.006991744972765446, 0.0068823304027318954, 0.006935596000403166, 0.006854487117379904, 0.006919964216649532, 0.006903151050209999, 0.006904423236846924, 0.006843062117695808, 0.006928741931915283, 0.007003085687756538, 0.007121819071471691, 0.00724331708624959, 0.0075415209867060184, 0.00773970689624548, 0.007781837601214647, 0.007747865281999111, 0.007974162697792053, 0.007941339164972305, 0.007726853247731924, 0.007946743629872799, 0.008675075136125088, 0.008637122809886932, 0.008414523676037788, 0.008194852620363235, 0.008424205705523491, 0.0087327491492033, 0.008766088634729385, 0.008871858939528465, 0.008773029781877995, 0.008733788505196571, 0.008817583322525024, 0.008359580300748348, 0.008323365822434425, 0.008600286208093166, 0.008633611723780632, 0.008751850575208664, 0.009208396077156067, 0.009492689743638039, 0.010463165119290352, 0.01007804274559021, 0.009843291714787483, 0.010105578228831291, 0.010223904624581337, 0.010052976198494434, 0.009867621585726738, 0.009182957001030445, 0.008998356759548187, 0.008922481909394264, 0.008162655867636204, 0.008021177724003792, 0.008317869156599045, 0.00867135263979435, 0.008144636638462543, 0.007995683699846268, 0.007948072627186775, 0.00803624838590622, 0.007840857841074467, 0.0081361448392272, 0.00823180191218853, 0.008224627003073692, 0.008040301501750946, 0.008220434188842773, 0.008365215733647346, 0.008802404627203941, 0.00893644243478775, 0.009342461824417114, 0.009802987799048424, 0.010546294040977955, 0.010512147098779678, 0.010320890694856644, 0.010646417737007141, 0.011292124167084694, 0.01219930686056614, 0.013810930773615837, 0.01393933966755867, 0.014929370023310184, 0.015598632395267487, 0.01471618004143238, 0.015103190205991268, 0.013779510743916035, 0.013664865866303444, 0.012610582634806633, 0.012238996103405952, 0.01236805971711874, 0.01166512444615364, 0.011919522657990456, 0.011590247973799706, 0.011384382843971252, 0.010477235540747643, 0.00970698706805706, 0.009062154218554497, 0.008733831346035004, 0.008553542196750641, 0.008508524857461452, 0.009283887222409248, 0.007987909950315952, 0.008017308078706264, 0.007835867814719677, 0.008926652371883392, 0.009063173085451126, 0.009369026869535446, 0.00937749445438385, 0.009416488930583, 0.008867524564266205, 0.008350053802132607, 0.008077433332800865, 0.008458775468170643, 0.008210504427552223, 0.008194692432880402, 0.008344012312591076, 0.008480791002511978, 0.008762015029788017, 0.009095408022403717, 0.00929937046021223, 0.008847114630043507, 0.008892363868653774, 0.008313541300594807, 0.009030054323375225, 0.009035611525177956, 0.009272143244743347, 0.00940620992332697, 0.009526546113193035, 0.009891935624182224, 0.009804248809814453, 0.00971707608550787, 0.009349873289465904, 0.009058155119419098, 0.009445419535040855, 0.009481657296419144, 0.008876627311110497, 0.009132977575063705, 0.00947372242808342, 0.009142441675066948, 0.008987721987068653, 0.009414361789822578, 0.008725968189537525, 0.008963429369032383, 0.008657671511173248, 0.008819693699479103, 0.008522218093276024, 0.009461058303713799, 0.00906342826783657, 0.008646275848150253, 0.00930868461728096, 0.009113701060414314, 0.00944899208843708, 0.008913600817322731, 0.009418269619345665, 0.009640051051974297, 0.00893414206802845, 0.0089307501912117, 0.008759460411965847, 0.008799899369478226, 0.008656244724988937, 0.007788471411913633, 0.008313636295497417, 0.007909530773758888, 0.007675354368984699, 0.007250347174704075, 0.007560006342828274, 0.00731784850358963, 0.006609187461435795, 0.006923665292561054, 0.008347326889634132, 0.008226143196225166, 0.00823739543557167, 0.008761681616306305, 0.00865097250789404, 0.007799770683050156, 0.008198743686079979, 0.008248511701822281, 0.007355786394327879, 0.00759253790602088, 0.00845898874104023, 0.006895610596984625, 0.007656015455722809, 0.007171398960053921, 0.0068001397885382175, 0.007788076065480709, 0.006652677431702614, 0.007342252880334854, 0.006886309944093227, 0.0066491663455963135, 0.006558552850037813, 0.0066007706336677074, 0.00653445441275835, 0.0065306369215250015, 0.006800323259085417, 0.006753820925951004, 0.006600824650377035, 0.006760954856872559, 0.00653808331117034, 0.007401271723210812, 0.006990781053900719, 0.006844784133136272, 0.0074071683920919895, 0.0076290275901556015, 0.006792278960347176, 0.007408439181745052, 0.007836654782295227, 0.008096900768578053, 0.007833873853087425, 0.008204038254916668, 0.008589385077357292, 0.008459445089101791, 0.008302399888634682, 0.00856759399175644, 0.008985120803117752, 0.008977341465651989, 0.009318740107119083, 0.008973108604550362, 0.008640703745186329, 0.009890895336866379, 0.010319963097572327, 0.00959870032966137, 0.010378996841609478, 0.010075573809444904, 0.01007163617759943, 0.009903375059366226, 0.009689652360975742, 0.010181659832596779, 0.010242667980492115, 0.010272218845784664, 0.01013186015188694, 0.010064869187772274, 0.010044541209936142, 0.010133267380297184, 0.010349800810217857, 0.009774686768651009, 0.009019638411700726, 0.00859084539115429, 0.007428694516420364, 0.007662149146199226, 0.007847502827644348, 0.007893151603639126, 0.008153965696692467, 0.007806012872606516, 0.007851960137486458, 0.007710101082921028, 0.007961876690387726, 0.007739274296909571, 0.007879966869950294, 0.007855315692722797, 0.008051356300711632, 0.00816144235432148, 0.008172251284122467, 0.008205856196582317, 0.00847565196454525, 0.008749359287321568, 0.009399417787790298, 0.00942610390484333, 0.009665805846452713, 0.009827733039855957, 0.009824272245168686, 0.009934418834745884, 0.010453326627612114, 0.010575208812952042, 0.01076221838593483, 0.010955683887004852, 0.011553646996617317, 0.011714382097125053, 0.01166318729519844, 0.011813171207904816, 0.01120448112487793, 0.010742828249931335, 0.01045774482190609, 0.010221694596111774, 0.009194687008857727, 0.008757252246141434, 0.007993966341018677, 0.007858688943088055, 0.007741612382233143, 0.007945732213556767, 0.008246640674769878, 0.008405204862356186, 0.008843041956424713, 0.00857380498200655, 0.008608724921941757, 0.008672961965203285, 0.008348464965820312, 0.0088000213727355, 0.008783010765910149, 0.008897801861166954, 0.008583379909396172, 0.008404179476201534, 0.008054643869400024, 0.007806958630681038, 0.007747505325824022, 0.00782517809420824, 0.007811921648681164, 0.0080889156088233, 0.00865934044122696, 0.008688022382557392, 0.008669493719935417, 0.0088728042319417, 0.008563506416976452, 0.008903957903385162, 0.008242186158895493, 0.00808801781386137, 0.008310382254421711, 0.008324292488396168, 0.00825714785605669, 0.008067945949733257, 0.008000878617167473, 0.008126998320221901, 0.008019757457077503, 0.007859286852180958, 0.00799194909632206, 0.008200174197554588, 0.008259559981524944, 0.00816873088479042, 0.008168306201696396, 0.008410284295678139, 0.007905140519142151, 0.008507510647177696, 0.008507129736244678, 0.007953669875860214, 0.007844947278499603, 0.007876498624682426, 0.008682718500494957, 0.009054464288055897, 0.010505073703825474, 0.01042875461280346, 0.010781850665807724, 0.01109575666487217, 0.010991936549544334, 0.010466907173395157, 0.01141376607120037, 0.011218634434044361, 0.01213216781616211, 0.012937495484948158, 0.011492718011140823, 0.009732590988278389, 0.010085884481668472, 0.010099639184772968, 0.010401478968560696, 0.010598068125545979, 0.010374050587415695, 0.010296562686562538, 0.010102201253175735, 0.0099228136241436, 0.010247671976685524, 0.010324502363801003, 0.01035400852560997, 0.010349782183766365, 0.010607423260807991, 0.010376079007983208, 0.010225428268313408, 0.010276084765791893, 0.010197270661592484, 0.010143019258975983, 0.010218501091003418, 0.010469691827893257, 0.010710122063755989, 0.01086327712982893, 0.010943310335278511, 0.01079082302749157, 0.011077679693698883, 0.011001629754900932, 0.010567432269454002, 0.010698612779378891, 0.010655760765075684, 0.010990995913743973, 0.0109568415209651, 0.010730494745075703, 0.010916877537965775, 0.010951628908514977, 0.011247068643569946, 0.011159786954522133, 0.011296057142317295, 0.011244055815041065, 0.01126821618527174, 0.011666486971080303, 0.011780660599470139, 0.01177587267011404, 0.011933545581996441, 0.012138262391090393, 0.012342182919383049, 0.011875813826918602, 0.011614320799708366, 0.011421246454119682, 0.011402182281017303, 0.011039402335882187, 0.010896790772676468, 0.010728001594543457, 0.010649405419826508, 0.010930877178907394, 0.010777669958770275, 0.010510635562241077, 0.010453146882355213, 0.00986036378890276, 0.009925169870257378, 0.009898725897073746, 0.007654134184122086, 0.008368227630853653, 0.008154342882335186, 0.008108488284051418, 0.008325411006808281, 0.008501680567860603, 0.008421347476541996, 0.008276079781353474, 0.008162891492247581, 0.008075304329395294, 0.007992736995220184, 0.008270766586065292, 0.008411109447479248, 0.008066350594162941, 0.008496408350765705, 0.008930278941988945, 0.00855165347456932, 0.008237594738602638, 0.007920893840491772, 0.008173296228051186, 0.00803462229669094, 0.008196530863642693, 0.008383937180042267, 0.00849195197224617, 0.008241627365350723, 0.008371148258447647, 0.009162792935967445, 0.008541552349925041, 0.008906989358365536, 0.009110357612371445, 0.00896274484694004, 0.00901236105710268, 0.008667171001434326, 0.008657818660140038, 0.008999276906251907, 0.008740258403122425, 0.008699898608028889, 0.009117797017097473, 0.009149330668151379, 0.00902785174548626, 0.008782886900007725, 0.00947676133364439, 0.004335739184170961]}
all losses in batch in validation:  {'loss': [0.02022758685052395, 0.0211825929582119, 0.02123267576098442, 0.02320222370326519, 0.024044077843427658, 0.022586965933442116, 0.024038633331656456, 0.02247217670083046, 0.02138693258166313, 0.01908176764845848, 0.016722600907087326, 0.015528984367847443, 0.015252489596605301, 0.01490189228206873, 0.01393946260213852, 0.014444146305322647, 0.01483995746821165, 0.015080517157912254, 0.015079980716109276, 0.015006285160779953, 0.015796490013599396, 0.015923907980322838, 0.015963293612003326, 0.016422217711806297, 0.016093764454126358, 0.018808383494615555, 0.024809211492538452, 0.022917352616786957, 0.020656894892454147, 0.02157406136393547, 0.021740011870861053, 0.021862126886844635, 0.023428788408637047, 0.024262551218271255, 0.020894719287753105, 0.022301197052001953, 0.018219826743006706, 0.014705808833241463, 0.013948493637144566, 0.013376753777265549, 0.014041510410606861, 0.014348221011459827, 0.01297152042388916, 0.011647704988718033, 0.011645752936601639, 0.010831847786903381, 0.010304133407771587, 0.010875005275011063, 0.010974465869367123, 0.010936025530099869, 0.010984610766172409, 0.011320525780320168, 0.01117508951574564, 0.011469458229839802, 0.011485382914543152, 0.011586451902985573, 0.011310110799968243, 0.011311289854347706, 0.011218395084142685, 0.011468399316072464, 0.011546483263373375, 0.011042448692023754, 0.011089393869042397, 0.010909439995884895, 0.011320710182189941, 0.011139542795717716, 0.011494476348161697, 0.011258456856012344, 0.01138533279299736, 0.011482741683721542, 0.011559411883354187, 0.011620862409472466, 0.01173749566078186, 0.012157180346548557, 0.012513482943177223, 0.012828793376684189, 0.01249433122575283, 0.01257646270096302, 0.012859119102358818, 0.012774745002388954, 0.012903779745101929, 0.013215366750955582, 0.01353784091770649, 0.013818573206663132, 0.01435194443911314, 0.014097495004534721, 0.014017311856150627, 0.01395155768841505, 0.014084333553910255, 0.014382432214915752, 0.014518996700644493, 0.014734175056219101, 0.015184951014816761, 0.01469111442565918, 0.014722305350005627, 0.013948299922049046, 0.013842795044183731, 0.01418546587228775, 0.01457153633236885, 0.01462659053504467, 0.015727337449789047, 0.016204724088311195, 0.017971986904740334, 0.017286013811826706, 0.01640389859676361, 0.016478057950735092, 0.016523823142051697, 0.016648972406983376, 0.016498465090990067, 0.015594867058098316, 0.015273697674274445, 0.015140571631491184, 0.013859783299267292, 0.014190346002578735, 0.014228655025362968, 0.015264995396137238, 0.014435626566410065, 0.014266828075051308, 0.013627834618091583, 0.013461209833621979, 0.012968065217137337, 0.013606231659650803, 0.01383497565984726, 0.013766802847385406, 0.013516807928681374, 0.013990439474582672, 0.014219222590327263, 0.014742079190909863, 0.014848282560706139, 0.01553831622004509, 0.015675628557801247, 0.016968093812465668, 0.017233798280358315, 0.016843363642692566, 0.017590951174497604, 0.01946653053164482, 0.021912306547164917, 0.02693566121160984, 0.02605489082634449, 0.029491059482097626, 0.028913374990224838, 0.026844337582588196, 0.03211049735546112, 0.029263922944664955, 0.028944719582796097, 0.025599785149097443, 0.026151113212108612, 0.0227675624191761, 0.02356523647904396, 0.02512224018573761, 0.02449054643511772, 0.028263676911592484, 0.02806779183447361, 0.025992080569267273, 0.022251756861805916, 0.02015846036374569, 0.01740630529820919, 0.02237134426832199, 0.022278454154729843, 0.010040647350251675, 0.009922586381435394, 0.010007582604885101, 0.01045995019376278, 0.010390695184469223, 0.011365449987351894, 0.011913720518350601, 0.011937831528484821, 0.011730046942830086, 0.01135445199906826, 0.011302515864372253, 0.011708065867424011, 0.011006144806742668, 0.012890604324638844, 0.01475641131401062, 0.013728953897953033, 0.014468980953097343, 0.014793621376156807, 0.01756056770682335, 0.014747265726327896, 0.013498423621058464, 0.013421257957816124, 0.01457954104989767, 0.014545777812600136, 0.014625698328018188, 0.01499314233660698, 0.015571249648928642, 0.016846057027578354, 0.014060508459806442, 0.015059958212077618, 0.013985742814838886, 0.013513135723769665, 0.013156158849596977, 0.012847400270402431, 0.013727815821766853, 0.012915275990962982, 0.014447622932493687, 0.016193583607673645, 0.014561014249920845, 0.01625426486134529, 0.015301350504159927, 0.015005718916654587, 0.014623071998357773, 0.015235214494168758, 0.014425292611122131, 0.017193490639328957, 0.016173377633094788, 0.017237499356269836, 0.017497917637228966, 0.015669742599129677, 0.01720033586025238, 0.0158698670566082, 0.015788484364748, 0.016600023955106735, 0.01515145692974329, 0.014313843101263046, 0.013745281845331192, 0.013124004006385803, 0.01248406246304512, 0.00946823786944151, 0.011307952925562859, 0.00945298932492733, 0.00992690771818161, 0.009468814358115196, 0.01054297760128975, 0.009867081418633461, 0.009636472910642624, 0.00971657782793045, 0.013319171033799648, 0.012302491813898087, 0.014258142560720444, 0.014016760513186455, 0.013167365454137325, 0.01159893348813057, 0.012945020571351051, 0.0133964279666543, 0.011111870408058167, 0.010995205491781235, 0.012611005455255508, 0.009454060345888138, 0.011588003486394882, 0.010790904983878136, 0.0101130036637187, 0.012033132836222649, 0.009771708399057388, 0.01170852780342102, 0.010731196030974388, 0.010564078576862812, 0.010670404881238937, 0.010872067883610725, 0.010908443480730057, 0.010500024072825909, 0.011600710451602936, 0.01165982149541378, 0.011331437155604362, 0.01140872947871685, 0.010888240300118923, 0.012860178016126156, 0.012142563238739967, 0.012063744477927685, 0.014099789783358574, 0.013680567033588886, 0.011338609270751476, 0.0130657609552145, 0.013370510190725327, 0.014054622501134872, 0.013503140769898891, 0.014410044997930527, 0.01522389892488718, 0.014997951686382294, 0.015451280400156975, 0.016121026128530502, 0.017066173255443573, 0.016787614673376083, 0.0175623781979084, 0.01656157895922661, 0.015683859586715698, 0.018985509872436523, 0.019447200000286102, 0.018178176134824753, 0.020444918423891068, 0.019744370132684708, 0.01990072801709175, 0.01978415437042713, 0.01967208832502365, 0.021255020052194595, 0.02151663787662983, 0.021586429327726364, 0.02244483307003975, 0.022481022402644157, 0.022488169372081757, 0.022412732243537903, 0.023884382098913193, 0.022759437561035156, 0.020930420607328415, 0.020412549376487732, 0.018177350983023643, 0.02018876001238823, 0.021424859762191772, 0.02154589630663395, 0.02044563740491867, 0.01935364305973053, 0.01919841393828392, 0.019291751086711884, 0.020417097955942154, 0.02102208323776722, 0.02097288891673088, 0.02051740325987339, 0.021187156438827515, 0.02152940258383751, 0.02221287228167057, 0.022544296458363533, 0.02280140481889248, 0.0238475501537323, 0.02753463387489319, 0.029187187552452087, 0.029794197529554367, 0.03021165356040001, 0.029924776405096054, 0.031028222292661667, 0.03329706937074661, 0.03330722451210022, 0.03297153115272522, 0.03323075920343399, 0.03374858945608139, 0.03399499133229256, 0.03297243267297745, 0.032216787338256836, 0.029955821111798286, 0.027497990056872368, 0.0266290083527565, 0.026352792978286743, 0.02262284979224205, 0.0202614888548851, 0.01874839887022972, 0.017638320103287697, 0.016137797385454178, 0.015480986796319485, 0.015339704230427742, 0.014663560315966606, 0.014392860233783722, 0.013253669254481792, 0.013572144322097301, 0.013483732007443905, 0.013751590624451637, 0.014116218313574791, 0.014200586825609207, 0.01407255046069622, 0.013902011327445507, 0.013529696501791477, 0.012715164572000504, 0.01239571813493967, 0.012350395321846008, 0.012462344951927662, 0.012957648374140263, 0.01353480201214552, 0.014336805790662766, 0.014599907211959362, 0.014710872434079647, 0.01513616181910038, 0.014680860564112663, 0.015103432349860668, 0.013730203732848167, 0.013553321361541748, 0.01361758727580309, 0.013881810009479523, 0.01387009397149086, 0.013963766396045685, 0.014028586447238922, 0.014332348480820656, 0.014379932545125484, 0.013838695362210274, 0.01436676736921072, 0.014512164518237114, 0.01461467333137989, 0.014722746796905994, 0.014332840219140053, 0.014462120831012726, 0.01382560096681118, 0.014709473587572575, 0.01425684429705143, 0.013923539780080318, 0.014632739126682281, 0.015283728018403053, 0.0173091609030962, 0.018829306587576866, 0.021833060309290886, 0.02236546017229557, 0.02325175516307354, 0.0233164019882679, 0.026109013706445694, 0.024667561054229736, 0.02782578021287918, 0.026022810488939285, 0.02894870936870575, 0.028305932879447937, 0.023800935596227646, 0.01686159521341324, 0.016797028481960297, 0.01709512248635292, 0.017846036702394485, 0.018071310594677925, 0.017439544200897217, 0.01737198978662491, 0.017143165692687035, 0.0172133669257164, 0.01752666011452675, 0.01738104596734047, 0.01827496662735939, 0.018377704545855522, 0.01840246468782425, 0.018296673893928528, 0.018940530717372894, 0.01937929168343544, 0.018606893718242645, 0.018164686858654022, 0.017988253384828568, 0.01875443011522293, 0.018893975764513016, 0.018802877515554428, 0.019390594214200974, 0.019008301198482513, 0.019552081823349, 0.019775576889514923, 0.019047679379582405, 0.018677061423659325, 0.019548118114471436, 0.020118676126003265, 0.020559202879667282, 0.020963307470083237, 0.021025322377681732, 0.021052170544862747, 0.02126452326774597, 0.020490169525146484, 0.020756330341100693, 0.020877227187156677, 0.022194668650627136, 0.022447342053055763, 0.02328447625041008, 0.0228717103600502, 0.02236206829547882, 0.02192767895758152, 0.023515844717621803, 0.02277749590575695, 0.02328391745686531, 0.024635080248117447, 0.02305271476507187, 0.022591397166252136, 0.021387189626693726, 0.020960208028554916, 0.020796731114387512, 0.021095577627420425, 0.020502593368291855, 0.02003714069724083, 0.019134730100631714, 0.02003694698214531, 0.019145455211400986, 0.019908307120203972, 0.014981122687458992, 0.01582529954612255, 0.015936270356178284, 0.016453279182314873, 0.016876716166734695, 0.017003264278173447, 0.017417199909687042, 0.017578832805156708, 0.017378943040966988, 0.016825079917907715, 0.01648932509124279, 0.01714729517698288, 0.0168934129178524, 0.016617000102996826, 0.01681169681251049, 0.01783876121044159, 0.018557701259851456, 0.017556412145495415, 0.01645553857088089, 0.017123199999332428, 0.01675022393465042, 0.017055585980415344, 0.017239617183804512, 0.017932677641510963, 0.017336606979370117, 0.0178464837372303, 0.018346115946769714, 0.018675005063414574, 0.0201416052877903, 0.02104790136218071, 0.020692165940999985, 0.019881902262568474, 0.019711067900061607, 0.02026882767677307, 0.02042291685938835, 0.020109767094254494, 0.020520925521850586, 0.021034877747297287, 0.021219749003648758, 0.020689303055405617, 0.01935313642024994, 0.020867377519607544, 0.015049749054014683], 'L_si': [0.01030157320201397, 0.01092691719532013, 0.010957389138638973, 0.012345165014266968, 0.013000351376831532, 0.012049972079694271, 0.012907411903142929, 0.01166562084108591, 0.010911241173744202, 0.0093996562063694, 0.00788856390863657, 0.0070992507971823215, 0.00684413593262434, 0.006601396948099136, 0.00598099734634161, 0.006202944088727236, 0.0063318051397800446, 0.006539060268551111, 0.006444073747843504, 0.006462300196290016, 0.006858246400952339, 0.006854258012026548, 0.006722387857735157, 0.0069115604273974895, 0.006808048579841852, 0.008390686474740505, 0.012690749950706959, 0.011074681766331196, 0.009304204024374485, 0.009867381304502487, 0.009935357607901096, 0.01009452622383833, 0.011211671866476536, 0.012304285541176796, 0.01054742094129324, 0.011991440318524837, 0.008815910667181015, 0.006430529989302158, 0.006010073237121105, 0.005581077188253403, 0.006099573336541653, 0.006450318731367588, 0.005582715850323439, 0.004705732222646475, 0.004695500712841749, 0.004302126821130514, 0.004033928271383047, 0.004304547794163227, 0.004368126392364502, 0.00428737560287118, 0.00425625080242753, 0.004457599949091673, 0.0044914246536791325, 0.0046953558921813965, 0.004638206213712692, 0.004696999676525593, 0.0045694936998188496, 0.0045547629706561565, 0.004508958663791418, 0.00459045497700572, 0.004605260211974382, 0.004307542461901903, 0.004384865518659353, 0.0042550149373710155, 0.004460094962269068, 0.00439953338354826, 0.004578116349875927, 0.004357258323580027, 0.004471442196518183, 0.004513094201683998, 0.004561182577162981, 0.004561282228678465, 0.004631891846656799, 0.004936065059155226, 0.005052077118307352, 0.005182080436497927, 0.004930785391479731, 0.004967367276549339, 0.005042045842856169, 0.005009755492210388, 0.004965405911207199, 0.005143785383552313, 0.005321805831044912, 0.005481314845383167, 0.00563980545848608, 0.005517454817891121, 0.005501573905348778, 0.005465860478579998, 0.005519635044038296, 0.005663054063916206, 0.0058812834322452545, 0.0059945727698504925, 0.006152472458779812, 0.006010294426232576, 0.006023004651069641, 0.005594910122454166, 0.005597556009888649, 0.005690405145287514, 0.005866170860826969, 0.005711340345442295, 0.006204987410455942, 0.00633402680978179, 0.00719798868522048, 0.006890501827001572, 0.006336326245218515, 0.006197492126375437, 0.00629942724481225, 0.006418121512979269, 0.006253239698708057, 0.0058014774695038795, 0.005656489636749029, 0.005595006980001926, 0.004921514540910721, 0.005081829149276018, 0.005092026200145483, 0.005497609730809927, 0.005108235403895378, 0.005128499120473862, 0.004807806108146906, 0.004766462836414576, 0.004617250058799982, 0.004880007356405258, 0.005057110916823149, 0.005089763086289167, 0.004947897046804428, 0.005192892625927925, 0.005343156401067972, 0.005590301938354969, 0.005584114231169224, 0.00601953687146306, 0.006077610421925783, 0.006661530584096909, 0.006762214470654726, 0.00663562398403883, 0.007063805125653744, 0.008106815628707409, 0.009592922404408455, 0.012156207114458084, 0.011355957947671413, 0.0133514991030097, 0.013016591779887676, 0.011579538695514202, 0.015766341239213943, 0.013957398012280464, 0.013202985748648643, 0.011398907750844955, 0.012199843302369118, 0.010029090568423271, 0.010837779380381107, 0.012566918507218361, 0.012481899000704288, 0.016406437382102013, 0.01666436344385147, 0.015139048919081688, 0.01180159579962492, 0.010254556313157082, 0.008324580267071724, 0.01249324344098568, 0.012219692580401897, 0.00341799552552402, 0.0034389542415738106, 0.003594294423237443, 0.003712811740115285, 0.0035453801974654198, 0.004227777011692524, 0.004495698027312756, 0.004491870291531086, 0.004460216965526342, 0.004381474573165178, 0.004257610067725182, 0.004479290451854467, 0.004015396814793348, 0.005297339521348476, 0.006484472192823887, 0.005941271316260099, 0.006324294023215771, 0.00667956518009305, 0.008479584008455276, 0.006667896639555693, 0.0056860847398638725, 0.00564615661278367, 0.0063971951603889465, 0.006348165683448315, 0.006295602302998304, 0.006370867136865854, 0.006803310010582209, 0.007810673676431179, 0.005975256208330393, 0.0064744893461465836, 0.006037719547748566, 0.005811059847474098, 0.005534511990845203, 0.005391285289078951, 0.006052003242075443, 0.005502782296389341, 0.006530538201332092, 0.007943790405988693, 0.006858762353658676, 0.008021829649806023, 0.00755745405331254, 0.007425118703395128, 0.007131514605134726, 0.007584725972265005, 0.007082808297127485, 0.009040133096277714, 0.008379535749554634, 0.00917511060833931, 0.009289166890084743, 0.007911394350230694, 0.008956878446042538, 0.008047736249864101, 0.007975180633366108, 0.00852546188980341, 0.007554530166089535, 0.006763716693967581, 0.006275638472288847, 0.005787056405097246, 0.005386036820709705, 0.0034246393479406834, 0.004346249625086784, 0.003188051749020815, 0.003503847634419799, 0.003221735591068864, 0.0038246491458266973, 0.0034005206543952227, 0.00322727975435555, 0.003331575309857726, 0.005353075452148914, 0.004776627290993929, 0.006166283506900072, 0.005787106696516275, 0.005260557867586613, 0.004500661510974169, 0.005292797926813364, 0.005513997748494148, 0.004261150490492582, 0.004191630985587835, 0.004974604584276676, 0.0032351664267480373, 0.0043012662790715694, 0.003785336622968316, 0.003455490805208683, 0.004487285856157541, 0.003240416757762432, 0.004281557165086269, 0.0037801661528646946, 0.0038088399451225996, 0.003861528355628252, 0.003909762017428875, 0.003978548105806112, 0.0038152781780809164, 0.0044519477523863316, 0.004504241980612278, 0.0044203572906553745, 0.004531569313257933, 0.004222479648888111, 0.005363338626921177, 0.005033152177929878, 0.004880895838141441, 0.006112050265073776, 0.00589623861014843, 0.004627806134521961, 0.005557801574468613, 0.005697842221707106, 0.006070793140679598, 0.005702316761016846, 0.00630137650296092, 0.006660678423941135, 0.006698432844132185, 0.006922402884811163, 0.007349477149546146, 0.007866308093070984, 0.007818454876542091, 0.008237130008637905, 0.0077562169171869755, 0.0071871341206133366, 0.009248146787285805, 0.009479856118559837, 0.00876313354820013, 0.010229650884866714, 0.009814009070396423, 0.009997637942433357, 0.010034964419901371, 0.01007635798305273, 0.011173583567142487, 0.011364566162228584, 0.01145026832818985, 0.012327264063060284, 0.01231486164033413, 0.012323840521275997, 0.012223773635923862, 0.013311673887073994, 0.012665169313549995, 0.011508448980748653, 0.011302463710308075, 0.009912330657243729, 0.01105269230902195, 0.011742191389203072, 0.011872891336679459, 0.011307106353342533, 0.010876033455133438, 0.010863487608730793, 0.011067935265600681, 0.01221106294542551, 0.01281327847391367, 0.012807490304112434, 0.01252586767077446, 0.01302469801157713, 0.013266976922750473, 0.013805871829390526, 0.014060983434319496, 0.014170775189995766, 0.014910072088241577, 0.017553206533193588, 0.018720857799053192, 0.01904246397316456, 0.0192891713231802, 0.019163643941283226, 0.0198746956884861, 0.021469533443450928, 0.021495293825864792, 0.021008232608437538, 0.021449146792292595, 0.021819595247507095, 0.021733246743679047, 0.02069341391324997, 0.020084278658032417, 0.01846642792224884, 0.016484465450048447, 0.016112195327878, 0.016001878306269646, 0.013195273466408253, 0.011554054915904999, 0.010530978441238403, 0.009501198306679726, 0.008222552947700024, 0.007287625223398209, 0.00714144529774785, 0.006436757743358612, 0.005615625064820051, 0.004993287846446037, 0.005140754394233227, 0.005048541352152824, 0.00513051263988018, 0.005388031248003244, 0.005315253511071205, 0.005181904882192612, 0.005171660333871841, 0.005049096420407295, 0.004790012259036303, 0.004655038472265005, 0.004580547101795673, 0.004736391827464104, 0.0050782132893800735, 0.005338320508599281, 0.005807012785226107, 0.006012757308781147, 0.005973789840936661, 0.006283175200223923, 0.005925434175878763, 0.006136355921626091, 0.005483205430209637, 0.005374227184802294, 0.005272693932056427, 0.005467123351991177, 0.005384222138673067, 0.005495879799127579, 0.0055523645132780075, 0.005692280363291502, 0.005716429091989994, 0.005485724192112684, 0.005774211138486862, 0.005956336390227079, 0.005879290401935577, 0.006010853685438633, 0.005857423413544893, 0.006055767182260752, 0.0058077056892216206, 0.006182271055877209, 0.005740742664784193, 0.005671110935509205, 0.006291073281317949, 0.006784181110560894, 0.007963798940181732, 0.00896660890430212, 0.010706949047744274, 0.011475687846541405, 0.012151403352618217, 0.012099206447601318, 0.014277311973273754, 0.013827540911734104, 0.01661650463938713, 0.014923310838639736, 0.016693104058504105, 0.01570671983063221, 0.012609581463038921, 0.007757375482469797, 0.0076415035873651505, 0.007922138087451458, 0.008454362861812115, 0.008607089519500732, 0.008161266334354877, 0.008132818154990673, 0.008019148372113705, 0.008148958906531334, 0.008275765925645828, 0.008135169744491577, 0.008781485259532928, 0.008891705423593521, 0.008814792148768902, 0.00888348463922739, 0.009111769497394562, 0.009366339072585106, 0.008845984004437923, 0.00852994341403246, 0.0084415003657341, 0.00893855094909668, 0.008995049633085728, 0.008915726095438004, 0.00929190032184124, 0.009143191389739513, 0.009448429569602013, 0.009476842358708382, 0.00907476618885994, 0.008808930404484272, 0.009290719404816628, 0.00973395723849535, 0.010200954042375088, 0.010568547993898392, 0.010642885230481625, 0.010444995947182178, 0.010368014685809612, 0.009845714084804058, 0.010101309046149254, 0.010126367211341858, 0.010994363576173782, 0.01112902257591486, 0.011712085455656052, 0.011547002010047436, 0.01115002203732729, 0.010805495083332062, 0.01184718869626522, 0.011363711208105087, 0.0117343133315444, 0.012648524716496468, 0.011787362396717072, 0.011705066077411175, 0.010927396826446056, 0.010685823857784271, 0.010626759380102158, 0.010865897871553898, 0.010540870949625969, 0.01024259626865387, 0.009742536582052708, 0.010634006932377815, 0.01003278512507677, 0.0108761852607131, 0.007902119308710098, 0.008385666646063328, 0.008420723490417004, 0.008646588772535324, 0.008713203482329845, 0.008769706822931767, 0.009124942123889923, 0.009325571358203888, 0.00921371765434742, 0.008758424781262875, 0.008634749799966812, 0.009115775115787983, 0.008924625813961029, 0.008661243133246899, 0.008824320510029793, 0.009378503076732159, 0.009942405857145786, 0.00927206315100193, 0.008724472485482693, 0.008978541009128094, 0.008810805156826973, 0.009000858291983604, 0.0089418301358819, 0.009467985481023788, 0.009152421727776527, 0.00951519887894392, 0.009612442925572395, 0.009905964136123657, 0.010792168788611889, 0.011568170040845871, 0.011581995524466038, 0.01104526687413454, 0.010832265019416809, 0.01123817078769207, 0.011267205700278282, 0.011164452880620956, 0.0112505704164505, 0.011747347190976143, 0.0118230190128088, 0.011305699124932289, 0.010330170392990112, 0.011499209329485893, 0.010669127106666565], 'L_grad': [0.00992601364850998, 0.010255676694214344, 0.010275287553668022, 0.010857058688998222, 0.011043726466596127, 0.010536993853747845, 0.011131221428513527, 0.010806556791067123, 0.01047569140791893, 0.00968211144208908, 0.008834036998450756, 0.008429733105003834, 0.00840835366398096, 0.008300495333969593, 0.00795846525579691, 0.008241201750934124, 0.008508152328431606, 0.008541456423699856, 0.008635906502604485, 0.008543984964489937, 0.008938243612647057, 0.009069649502635002, 0.00924090575426817, 0.00951065681874752, 0.009285716339945793, 0.010417697951197624, 0.012118461541831493, 0.011842670850455761, 0.011352689936757088, 0.011706679128110409, 0.011804653331637383, 0.01176760159432888, 0.012217116542160511, 0.01195826567709446, 0.010347298346459866, 0.01030975766479969, 0.009403916075825691, 0.008275278843939304, 0.00793842040002346, 0.007795676589012146, 0.007941937074065208, 0.00789790228009224, 0.007388804107904434, 0.006941973231732845, 0.006950251758098602, 0.00652972050011158, 0.00627020513638854, 0.006570457946509123, 0.006606339477002621, 0.006648649927228689, 0.0067283594980835915, 0.006862926296889782, 0.006683664862066507, 0.006774102337658405, 0.00684717670083046, 0.00688945222645998, 0.006740617100149393, 0.006756526883691549, 0.006709436886012554, 0.006877944339066744, 0.00694122351706028, 0.006734906230121851, 0.006704527884721756, 0.0066544245928525925, 0.006860615219920874, 0.0067400094121694565, 0.00691635999828577, 0.006901198998093605, 0.00691389013081789, 0.006969647482037544, 0.006998228840529919, 0.007059579715132713, 0.007105603814125061, 0.0072211152873933315, 0.007461405359208584, 0.007646712940186262, 0.0075635458342731, 0.007609094958752394, 0.007817073725163937, 0.007764989510178566, 0.00793837383389473, 0.008071580901741982, 0.00821603462100029, 0.008337258361279964, 0.00871213898062706, 0.0085800401866436, 0.00851573795080185, 0.008485697209835052, 0.00856469850987196, 0.008719378150999546, 0.008637713268399239, 0.008739601820707321, 0.00903247855603695, 0.008680819533765316, 0.008699300698935986, 0.00835338979959488, 0.008245239034295082, 0.008495060727000237, 0.008705365471541882, 0.008915250189602375, 0.009522350504994392, 0.009870696812868118, 0.010773998685181141, 0.01039551105350256, 0.010067572817206383, 0.010280565358698368, 0.010224396362900734, 0.01023085042834282, 0.010245224460959435, 0.009793389588594437, 0.009617207571864128, 0.009545564651489258, 0.008938268758356571, 0.00910851638764143, 0.009136628359556198, 0.009767386130988598, 0.009327391162514687, 0.009138328954577446, 0.008820028975605965, 0.008694746531546116, 0.008350814692676067, 0.008726224303245544, 0.008777864277362823, 0.008677040226757526, 0.008568910881876945, 0.008797546848654747, 0.008876065723598003, 0.009151777252554893, 0.009264168329536915, 0.009518778882920742, 0.00959801860153675, 0.01030656322836876, 0.010471583344042301, 0.01020774058997631, 0.010527145117521286, 0.011359713971614838, 0.012319384142756462, 0.014779454097151756, 0.014698932878673077, 0.01613955944776535, 0.015896782279014587, 0.015264799818396568, 0.016344156116247177, 0.015306524932384491, 0.015741733834147453, 0.014200877398252487, 0.013951269909739494, 0.01273847185075283, 0.012727458029985428, 0.012555321678519249, 0.012008646503090858, 0.011857239529490471, 0.011403428390622139, 0.01085303071886301, 0.010450161062180996, 0.009903904050588608, 0.009081725031137466, 0.009878099896013737, 0.010058760643005371, 0.006622651591897011, 0.006483631674200296, 0.006413288414478302, 0.006747138686478138, 0.006845314987003803, 0.00713767297565937, 0.007418022025376558, 0.007445961236953735, 0.007269829511642456, 0.006972976960241795, 0.0070449053309857845, 0.0072287749499082565, 0.0069907475262880325, 0.007593264803290367, 0.008271939121186733, 0.007787683047354221, 0.008144686929881573, 0.008114056661725044, 0.009080984629690647, 0.00807936955243349, 0.007812338415533304, 0.007775100879371166, 0.008182345889508724, 0.008197612129151821, 0.008330096490681171, 0.008622275665402412, 0.008767939172685146, 0.0090353824198246, 0.008085252717137337, 0.008585468865931034, 0.00794802326709032, 0.0077020758762955666, 0.007621647324413061, 0.007456114981323481, 0.00767581257969141, 0.007412494160234928, 0.007917084731161594, 0.008249792270362377, 0.007702251896262169, 0.008232436142861843, 0.0077438959851861, 0.007580600678920746, 0.00749155692756176, 0.007650488521903753, 0.007342484779655933, 0.008153357543051243, 0.0077938418835401535, 0.008062388747930527, 0.008208750747144222, 0.007758348248898983, 0.008243456482887268, 0.007822130806744099, 0.007813303731381893, 0.008074561133980751, 0.007596926763653755, 0.007550125941634178, 0.007469642907381058, 0.00733694713562727, 0.007098025642335415, 0.006043598521500826, 0.006961703300476074, 0.006264938041567802, 0.006423059850931168, 0.006247078999876976, 0.0067183286882936954, 0.006466560997068882, 0.0064091929234564304, 0.006385002285242081, 0.007966095581650734, 0.00752586405724287, 0.008091859519481659, 0.008229654282331467, 0.007906807586550713, 0.007098271511495113, 0.007652223110198975, 0.007882430218160152, 0.0068507203832268715, 0.006803574040532112, 0.007636400870978832, 0.006218893453478813, 0.0072867376729846, 0.007005568593740463, 0.006657512858510017, 0.007545847445726395, 0.006531291641294956, 0.007426970172673464, 0.006951030343770981, 0.006755238398909569, 0.006808876059949398, 0.006962305400520563, 0.006929895840585232, 0.006684745661914349, 0.007148762699216604, 0.007155579514801502, 0.006911079399287701, 0.006877160165458918, 0.006665760651230812, 0.007496839389204979, 0.007109411060810089, 0.0071828486397862434, 0.007987739518284798, 0.007784328423440456, 0.006710803136229515, 0.007507959380745888, 0.007672667969018221, 0.007983829826116562, 0.007800824008882046, 0.008108668029308319, 0.008563220500946045, 0.008299519307911396, 0.0085288779810071, 0.008771548047661781, 0.009199865162372589, 0.008969159796833992, 0.009325247257947922, 0.00880536250770092, 0.008496725000441074, 0.009737364016473293, 0.009967343881726265, 0.009415042586624622, 0.010215267539024353, 0.009930361993610859, 0.009903090074658394, 0.00974918995052576, 0.009595729410648346, 0.010081436485052109, 0.010152071714401245, 0.01013616006821394, 0.010117569006979465, 0.010166160762310028, 0.010164329782128334, 0.010188959538936615, 0.010572707280516624, 0.01009426824748516, 0.009421972557902336, 0.009110084734857082, 0.008265020325779915, 0.009136068634688854, 0.0096826683729887, 0.00967300496995449, 0.009138531051576138, 0.008477608673274517, 0.008334925398230553, 0.008223815821111202, 0.008206034079194069, 0.00820880476385355, 0.008165398612618446, 0.00799153558909893, 0.00816245935857296, 0.00826242659240961, 0.008407000452280045, 0.008483313024044037, 0.008630629628896713, 0.008937478065490723, 0.009981426410377026, 0.01046633068472147, 0.010751733556389809, 0.010922483168542385, 0.010761133395135403, 0.011153527535498142, 0.011827535927295685, 0.011811928823590279, 0.011963298544287682, 0.011781610548496246, 0.011928992345929146, 0.01226174458861351, 0.012279018759727478, 0.012132510542869568, 0.011489393189549446, 0.011013524606823921, 0.010516813024878502, 0.010350914672017097, 0.009427575394511223, 0.008707433007657528, 0.008217421360313892, 0.008137121796607971, 0.007915244437754154, 0.008193361572921276, 0.008198259398341179, 0.008226802572607994, 0.008777235634624958, 0.008260381408035755, 0.008431389927864075, 0.00843519065529108, 0.008621077984571457, 0.008728187531232834, 0.008885333314538002, 0.008890645578503609, 0.008730350993573666, 0.008480600081384182, 0.007925152778625488, 0.0077406796626746655, 0.007769848220050335, 0.007725953124463558, 0.007879435084760189, 0.008196481503546238, 0.008529793471097946, 0.008587149903178215, 0.008737082593142986, 0.008852986618876457, 0.008755425922572613, 0.008967076428234577, 0.00824699830263853, 0.008179094642400742, 0.008344893343746662, 0.008414686657488346, 0.00848587229847908, 0.008467886596918106, 0.008476221933960915, 0.008640068583190441, 0.00866350345313549, 0.008352970704436302, 0.008592556230723858, 0.008555827662348747, 0.008735382929444313, 0.008711893111467361, 0.008475417271256447, 0.008406353183090687, 0.008017895743250847, 0.008527202531695366, 0.008516102097928524, 0.008252428844571114, 0.008341665379703045, 0.00849954690784216, 0.009345361962914467, 0.009862697683274746, 0.011126111261546612, 0.010889772325754166, 0.011100351810455322, 0.01121719554066658, 0.011831702664494514, 0.010840019211173058, 0.011209276504814625, 0.011099500581622124, 0.01225560437887907, 0.012599213048815727, 0.0111913550645113, 0.009104219265282154, 0.009155524894595146, 0.009172983467578888, 0.009391672909259796, 0.009464221075177193, 0.009278278797864914, 0.00923917070031166, 0.00912401732057333, 0.009064408019185066, 0.00925089418888092, 0.009245877154171467, 0.009493481367826462, 0.009485999122262001, 0.009587673470377922, 0.009413189254701138, 0.009828762151300907, 0.010012952610850334, 0.009760909713804722, 0.009634742513298988, 0.009546753019094467, 0.009815879166126251, 0.009898925200104713, 0.009887151420116425, 0.010098694823682308, 0.009865109808743, 0.010103651322424412, 0.010298734530806541, 0.009972913190722466, 0.009868131019175053, 0.010257398709654808, 0.010384717956185341, 0.010358249768614769, 0.01039475854486227, 0.010382436215877533, 0.010607175529003143, 0.010896509513258934, 0.010644456371665001, 0.010655021294951439, 0.010750860907137394, 0.01120030414313078, 0.011318319477140903, 0.011572390794754028, 0.01132470928132534, 0.011212047189474106, 0.011122183874249458, 0.011668656021356583, 0.011413784697651863, 0.011549603193998337, 0.01198655553162098, 0.011265352368354797, 0.010886331088840961, 0.010459791868925095, 0.01027438323944807, 0.01016997266560793, 0.010229678824543953, 0.009961722418665886, 0.009794545359909534, 0.00939219444990158, 0.009402940049767494, 0.009112670086324215, 0.009032121859490871, 0.007079003378748894, 0.0074396333657205105, 0.00751554686576128, 0.007806690875440836, 0.00816351268440485, 0.00823355745524168, 0.008292258717119694, 0.008253260515630245, 0.008165225386619568, 0.008066654205322266, 0.007854575291275978, 0.008031520061194897, 0.007968786172568798, 0.007955756038427353, 0.007987376302480698, 0.008460257202386856, 0.00861529540270567, 0.008284348994493484, 0.007731066085398197, 0.008144659921526909, 0.007939418777823448, 0.00805472768843174, 0.008297787047922611, 0.008464692160487175, 0.008184184320271015, 0.008331285789608955, 0.008733673021197319, 0.008769040927290916, 0.009349437430500984, 0.009479732252657413, 0.009110171347856522, 0.008836635388433933, 0.008878802880644798, 0.009030656889081001, 0.009155710227787495, 0.008945314213633537, 0.009270355105400085, 0.009287531487643719, 0.009396729990839958, 0.009383603930473328, 0.009022966027259827, 0.00936816819012165, 0.004380621947348118]}
all losses in batch in validation:  {'loss': [0.01969938538968563, 0.02081134170293808, 0.020908724516630173, 0.022503668442368507, 0.022135544568300247, 0.0217374786734581, 0.021827831864356995, 0.019986499100923538, 0.019704561680555344, 0.017829807475209236, 0.016282949596643448, 0.015025405213236809, 0.01447635143995285, 0.013934792950749397, 0.013037498109042645, 0.013504375703632832, 0.013731557875871658, 0.013656023889780045, 0.013256875798106194, 0.01315636932849884, 0.013937357813119888, 0.015171825885772705, 0.01539364829659462, 0.016537003219127655, 0.016122862696647644, 0.020854096859693527, 0.026746725663542747, 0.02440027892589569, 0.01976204290986061, 0.020718734711408615, 0.021188929677009583, 0.0220760777592659, 0.023612814024090767, 0.025234099477529526, 0.021547559648752213, 0.020057912915945053, 0.016066279262304306, 0.013408062979578972, 0.012920410372316837, 0.012982211075723171, 0.013760911300778389, 0.014345882460474968, 0.012733278796076775, 0.011329269036650658, 0.011361015029251575, 0.010664969682693481, 0.01004587858915329, 0.01025442872196436, 0.010463874787092209, 0.010607997886836529, 0.010683754459023476, 0.010819213464856148, 0.010714305564761162, 0.011039568111300468, 0.010896141640841961, 0.011146500706672668, 0.010864391922950745, 0.011193222366273403, 0.011182649061083794, 0.011398629285395145, 0.011579584330320358, 0.011182774789631367, 0.011291260831058025, 0.011101271957159042, 0.011422313749790192, 0.011259406805038452, 0.01143626682460308, 0.011007196269929409, 0.011180691421031952, 0.011139372363686562, 0.011166853830218315, 0.011204341426491737, 0.011300024576485157, 0.011469193734228611, 0.011955689638853073, 0.012479100376367569, 0.012820752337574959, 0.013138271868228912, 0.013005009852349758, 0.012887546792626381, 0.012492489069700241, 0.012780250981450081, 0.013096138834953308, 0.01365040522068739, 0.01390285138040781, 0.014003354124724865, 0.01418949943035841, 0.014117405749857426, 0.014170421287417412, 0.014533566311001778, 0.014914642088115215, 0.014858415350317955, 0.015222914516925812, 0.014771023765206337, 0.014929966069757938, 0.013777936808764935, 0.013884350657463074, 0.014234984293580055, 0.014688167721033096, 0.014308391138911247, 0.015043433755636215, 0.015223324298858643, 0.016307108104228973, 0.0155713502317667, 0.014444837346673012, 0.01478907186537981, 0.014587671495974064, 0.01506135519593954, 0.014983899891376495, 0.014333654195070267, 0.01415403001010418, 0.013748571276664734, 0.01273590698838234, 0.012503057718276978, 0.012572310864925385, 0.012782931327819824, 0.011967182159423828, 0.011968397535383701, 0.011979524046182632, 0.011969541199505329, 0.012152336537837982, 0.012753250077366829, 0.01313478872179985, 0.013172704726457596, 0.013064896687865257, 0.013045662082731724, 0.013332914561033249, 0.01420806534588337, 0.014421478845179081, 0.015089248307049274, 0.014714542776346207, 0.016127698123455048, 0.01699776202440262, 0.01667381450533867, 0.01781974360346794, 0.01968223787844181, 0.020802708342671394, 0.02347106859087944, 0.022569673135876656, 0.024242745712399483, 0.025780033320188522, 0.024694912135601044, 0.028839964419603348, 0.025624558329582214, 0.024403635412454605, 0.020724531263113022, 0.019750475883483887, 0.016777142882347107, 0.01654348336160183, 0.022025752812623978, 0.024625560268759727, 0.02836192026734352, 0.02649087831377983, 0.022662457078695297, 0.01788288913667202, 0.01655007153749466, 0.015061895363032818, 0.01643834449350834, 0.0154726542532444, 0.009241394698619843, 0.008987599983811378, 0.008911166340112686, 0.009515853598713875, 0.009832869283854961, 0.010381988249719143, 0.010617454536259174, 0.011080463416874409, 0.01075824722647667, 0.01168893277645111, 0.01241838838905096, 0.011880055069923401, 0.01220671646296978, 0.01316097006201744, 0.013632502406835556, 0.013096565380692482, 0.014054898172616959, 0.014340619556605816, 0.016169827431440353, 0.014928437769412994, 0.014029480516910553, 0.01484607346355915, 0.015341312624514103, 0.014800971373915672, 0.014653598889708519, 0.015874095261096954, 0.015683872625231743, 0.016445187851786613, 0.016489464789628983, 0.015296874567866325, 0.01498226635158062, 0.014919688925147057, 0.014604253694415092, 0.01528177224099636, 0.01513756439089775, 0.016694478690624237, 0.018101826310157776, 0.018845345824956894, 0.01695973239839077, 0.018252193927764893, 0.01777760684490204, 0.017458593472838402, 0.01686616614460945, 0.014950072392821312, 0.015104294754564762, 0.017439359799027443, 0.016322772949934006, 0.016284123063087463, 0.01661677099764347, 0.014141503721475601, 0.01605847105383873, 0.013508707284927368, 0.01374911330640316, 0.01527324691414833, 0.012767180800437927, 0.01256948709487915, 0.012046807445585728, 0.011913485825061798, 0.012153247371315956, 0.009819949977099895, 0.01123044267296791, 0.009790187701582909, 0.009766602888703346, 0.008721376769244671, 0.009550792165100574, 0.009067943319678307, 0.008827203884720802, 0.009102548472583294, 0.011774145066738129, 0.01101258210837841, 0.011357001960277557, 0.0120386378839612, 0.012256566435098648, 0.011003955267369747, 0.012083711102604866, 0.012130467221140862, 0.010057351551949978, 0.010305650532245636, 0.012302626855671406, 0.008876536972820759, 0.01090297196060419, 0.010090108029544353, 0.009608792141079903, 0.01177908293902874, 0.010046720504760742, 0.01175484899431467, 0.010752054862678051, 0.011059824377298355, 0.011140728369355202, 0.011483538895845413, 0.01161988452076912, 0.011093853041529655, 0.011804361827671528, 0.011739877052605152, 0.01107507012784481, 0.011382998898625374, 0.010785790160298347, 0.012758927419781685, 0.011836336925625801, 0.011156531050801277, 0.012816283851861954, 0.012812549248337746, 0.011485014110803604, 0.013112219050526619, 0.01337029505521059, 0.014008423313498497, 0.013467656448483467, 0.014603879302740097, 0.014972438104450703, 0.014856158755719662, 0.014698892831802368, 0.014959210529923439, 0.016141651198267937, 0.01670960709452629, 0.017330938950181007, 0.016834743320941925, 0.015850787982344627, 0.018808268010616302, 0.0190872885286808, 0.017667360603809357, 0.01982070505619049, 0.01924707368016243, 0.019137144088745117, 0.01835455372929573, 0.01841799169778824, 0.0200519822537899, 0.020183533430099487, 0.020218653604388237, 0.020834948867559433, 0.020573198795318604, 0.020663250237703323, 0.020711425691843033, 0.021996356546878815, 0.020812908187508583, 0.018869958817958832, 0.01808019168674946, 0.015481388196349144, 0.01579773798584938, 0.01644943282008171, 0.016918648034334183, 0.017060140147805214, 0.016734760254621506, 0.01716410368680954, 0.017429087311029434, 0.017830437049269676, 0.018789194524288177, 0.019455190747976303, 0.0192066989839077, 0.02001391351222992, 0.02058550715446472, 0.02091601863503456, 0.02103118598461151, 0.021489830687642097, 0.022618994116783142, 0.025299491360783577, 0.0259677954018116, 0.02687646448612213, 0.027185427024960518, 0.027493761852383614, 0.02814379706978798, 0.029967008158564568, 0.030056199058890343, 0.030268870294094086, 0.030429929494857788, 0.032317936420440674, 0.03212998807430267, 0.03198990225791931, 0.032028090208768845, 0.029768705368041992, 0.0270023625344038, 0.026481326669454575, 0.025374919176101685, 0.022540327161550522, 0.02070421352982521, 0.018705572932958603, 0.01745087467133999, 0.016728319227695465, 0.016105709597468376, 0.016521165147423744, 0.01577313244342804, 0.01519581489264965, 0.014245303347706795, 0.014033632352948189, 0.014352269470691681, 0.014281144365668297, 0.014532284811139107, 0.013975558802485466, 0.01403791829943657, 0.01400168240070343, 0.013433190062642097, 0.012985956855118275, 0.012425215914845467, 0.012295311316847801, 0.012223776429891586, 0.012408493086695671, 0.012846412137150764, 0.013731670565903187, 0.014014232903718948, 0.013935413211584091, 0.014521665871143341, 0.01349124126136303, 0.013902787119150162, 0.013430180959403515, 0.013440394774079323, 0.013499452732503414, 0.01349261961877346, 0.013406947255134583, 0.013983342796564102, 0.013867683708667755, 0.01403683703392744, 0.01444455236196518, 0.013854184187948704, 0.014392988756299019, 0.014938618056476116, 0.014200454577803612, 0.014264675788581371, 0.013881473802030087, 0.014283858239650726, 0.013053903356194496, 0.013066548854112625, 0.012477060779929161, 0.012093093246221542, 0.012734264135360718, 0.013154607266187668, 0.0150019945576787, 0.016760122030973434, 0.018743272870779037, 0.018889162689447403, 0.019568752497434616, 0.01925559528172016, 0.021976880729198456, 0.023563850671052933, 0.02587522380053997, 0.024703223258256912, 0.027085892856121063, 0.026041217148303986, 0.02242855355143547, 0.016491085290908813, 0.01665548048913479, 0.017022687941789627, 0.01746981590986252, 0.018131323158740997, 0.017540114000439644, 0.01782766357064247, 0.016971014440059662, 0.01703866571187973, 0.017618536949157715, 0.017820335924625397, 0.017848525196313858, 0.018095877021551132, 0.018504898995161057, 0.018239092081785202, 0.018928498029708862, 0.020087536424398422, 0.01929544098675251, 0.01859264075756073, 0.018709998577833176, 0.019318878650665283, 0.01962033472955227, 0.019731417298316956, 0.020169392228126526, 0.019201654940843582, 0.019760500639677048, 0.019954582676291466, 0.019213087856769562, 0.019066747277975082, 0.019668452441692352, 0.020274324342608452, 0.020187562331557274, 0.02052849903702736, 0.020314905792474747, 0.02070544846355915, 0.02050068788230419, 0.019914884120225906, 0.019893772900104523, 0.01960429735481739, 0.020661843940615654, 0.02101411297917366, 0.021519184112548828, 0.021412117406725883, 0.02123945951461792, 0.021046198904514313, 0.022655125707387924, 0.022133374586701393, 0.0209465604275465, 0.020832128822803497, 0.02119116485118866, 0.021732769906520844, 0.02137601003050804, 0.020966582000255585, 0.02097976580262184, 0.020928561687469482, 0.02048824355006218, 0.020178992301225662, 0.01970008574426174, 0.018996218219399452, 0.018819022923707962, 0.019695129245519638, 0.01495812926441431, 0.015310763381421566, 0.015642447397112846, 0.01569734327495098, 0.01580439880490303, 0.01597215235233307, 0.01624111831188202, 0.016221093013882637, 0.015743441879749298, 0.015594566240906715, 0.015555031597614288, 0.015282141044735909, 0.015243669040501118, 0.01522821094840765, 0.0156647227704525, 0.016035130247473717, 0.01664808578789234, 0.016899697482585907, 0.016435056924819946, 0.016752442345023155, 0.016424404457211494, 0.016765791922807693, 0.016929185017943382, 0.01738758757710457, 0.017246168106794357, 0.01755337603390217, 0.018291478976607323, 0.01867840811610222, 0.01994473487138748, 0.02114064246416092, 0.021476514637470245, 0.019796255975961685, 0.019298624247312546, 0.02050137147307396, 0.020815841853618622, 0.01927320845425129, 0.018828589469194412, 0.01962718926370144, 0.01995966210961342, 0.01937028579413891, 0.019476082175970078, 0.020100388675928116, 0.014817170798778534], 'L_si': [0.010224034078419209, 0.010915476828813553, 0.010927719995379448, 0.012157656252384186, 0.011921152472496033, 0.011620004661381245, 0.011606118641793728, 0.010332704521715641, 0.010072874836623669, 0.008807484991848469, 0.007753706071525812, 0.006838960573077202, 0.006452139467000961, 0.006054115016013384, 0.005583150312304497, 0.0058106048963963985, 0.005858751479536295, 0.005917475093156099, 0.005606275051832199, 0.005506323184818029, 0.0060068643651902676, 0.006725231651216745, 0.006776953581720591, 0.007485352456569672, 0.007200845051556826, 0.010236288420855999, 0.014766376465559006, 0.012454163283109665, 0.009005970321595669, 0.009582607075572014, 0.009868644177913666, 0.010452155023813248, 0.011645354330539703, 0.013232194818556309, 0.011206555180251598, 0.010429397225379944, 0.0073949433863162994, 0.005516118369996548, 0.0053142705000936985, 0.005252959672361612, 0.0057922485284507275, 0.0063517107628285885, 0.005377346184104681, 0.004393689334392548, 0.004416069947183132, 0.004081993829458952, 0.003731802571564913, 0.0038028776179999113, 0.003894693683832884, 0.003961108159273863, 0.0039795865304768085, 0.004127216059714556, 0.004176764283329248, 0.004350903909653425, 0.00423776637762785, 0.0043199206702411175, 0.004155131056904793, 0.004287635441869497, 0.004276399500668049, 0.004348102491348982, 0.004390530753880739, 0.004183490760624409, 0.004336237441748381, 0.0042157103307545185, 0.004427033010870218, 0.004338261671364307, 0.004418069031089544, 0.004105264320969582, 0.0042742774821817875, 0.004241292364895344, 0.004231215920299292, 0.00424788985401392, 0.0043073371052742004, 0.004480735398828983, 0.0046960157342255116, 0.005003020633012056, 0.005104632582515478, 0.005261797923594713, 0.0051924316212534904, 0.005108178127557039, 0.004833923187106848, 0.005036280024796724, 0.0052826800383627415, 0.005522590130567551, 0.005583916790783405, 0.005643305368721485, 0.005725896917283535, 0.005587995983660221, 0.005655182525515556, 0.005907284561544657, 0.006131395697593689, 0.0060411556623876095, 0.006190491374582052, 0.0060638911090791225, 0.006057674065232277, 0.005475010722875595, 0.005545830819755793, 0.00566963292658329, 0.005913327448070049, 0.0055944412015378475, 0.005919359624385834, 0.005966994911432266, 0.006538937799632549, 0.006242964416742325, 0.0055546541698277, 0.005618304945528507, 0.005559838376939297, 0.005792378447949886, 0.005615792702883482, 0.00526833301410079, 0.005168169736862183, 0.004899761639535427, 0.004351005889475346, 0.004296858329325914, 0.004274698439985514, 0.004333158954977989, 0.0040323687717318535, 0.004085189662873745, 0.004112815018743277, 0.004102055914700031, 0.0042442437261343, 0.0044481935910880566, 0.004692855756729841, 0.004706183914095163, 0.004634240176528692, 0.004605494439601898, 0.00486823171377182, 0.005250128451734781, 0.0053150104358792305, 0.005724395625293255, 0.0055155386216938496, 0.006239867769181728, 0.006650830619037151, 0.006665205582976341, 0.007275878917425871, 0.008343543857336044, 0.009023677557706833, 0.010186523199081421, 0.009456025436520576, 0.010181271471083164, 0.010939233005046844, 0.010229486040771008, 0.014108127914369106, 0.0115694310516119, 0.010436777956783772, 0.008705229498445988, 0.008348005823791027, 0.0067018927074968815, 0.00696428120136261, 0.011225972324609756, 0.013480506837368011, 0.017005346715450287, 0.015706485137343407, 0.012719839811325073, 0.008898496627807617, 0.007885408587753773, 0.006775195710361004, 0.008003734983503819, 0.007232255768030882, 0.0030219184700399637, 0.002919241786003113, 0.0029371106065809727, 0.0031626056879758835, 0.0033070610370486975, 0.0035768793895840645, 0.003687419928610325, 0.003990204073488712, 0.00394674576818943, 0.004642169456928968, 0.005025187972933054, 0.0047858902253210545, 0.004827350378036499, 0.005550631321966648, 0.005863711703568697, 0.005542983300983906, 0.006061466410756111, 0.0063429903239011765, 0.00761009193956852, 0.0067912316881120205, 0.006039625033736229, 0.006610087119042873, 0.006850643083453178, 0.006569486577063799, 0.006354693789035082, 0.006997087970376015, 0.0070677828043699265, 0.007721282076090574, 0.007957546040415764, 0.007046231999993324, 0.0068961274810135365, 0.0068312534131109715, 0.006565706338733435, 0.007190424017608166, 0.007114853709936142, 0.008258323185145855, 0.009257173165678978, 0.010000086389482021, 0.008717825636267662, 0.009497936815023422, 0.009373477660119534, 0.009206445887684822, 0.008662460371851921, 0.0073466310277581215, 0.007568684406578541, 0.009114434011280537, 0.008447453379631042, 0.008400745689868927, 0.008538697846233845, 0.006795997265726328, 0.008093279786407948, 0.006405457854270935, 0.006527713965624571, 0.007623871322721243, 0.005868485197424889, 0.005540597252547741, 0.005127483978867531, 0.004965171217918396, 0.0051977550610899925, 0.0037132760044187307, 0.004445016849786043, 0.0035186726599931717, 0.0035093289334326982, 0.002905435161665082, 0.003416955703869462, 0.0031445124186575413, 0.0029894954059273005, 0.0031929451506584883, 0.004644456785172224, 0.004173364490270615, 0.004409662913531065, 0.004684622399508953, 0.004754512570798397, 0.004151990637183189, 0.004799485206604004, 0.004824151750653982, 0.003697720356285572, 0.003832486690953374, 0.0048813968896865845, 0.0029496741481125355, 0.003994065336883068, 0.0034873776603490114, 0.003260156139731407, 0.004449436906725168, 0.0034893841948360205, 0.0044069066643714905, 0.003871562657877803, 0.004094343166798353, 0.004125260282307863, 0.0042640347965061665, 0.00437757046893239, 0.004154114983975887, 0.004637314938008785, 0.004567058756947517, 0.004243465140461922, 0.004466287791728973, 0.004113530274480581, 0.005315184593200684, 0.00482741417363286, 0.004382001236081123, 0.00543031794950366, 0.005364615470170975, 0.004618785809725523, 0.005476124119013548, 0.005661039613187313, 0.0060376934707164764, 0.005749118514358997, 0.006511929910629988, 0.006665281020104885, 0.00669033732265234, 0.006558159366250038, 0.006823019590228796, 0.007457489147782326, 0.007920506410300732, 0.008228408172726631, 0.0079265795648098, 0.007334504276514053, 0.009169408120214939, 0.009253725409507751, 0.008443637751042843, 0.00980729516595602, 0.009499579668045044, 0.009554199874401093, 0.009162947535514832, 0.009296547621488571, 0.010450506582856178, 0.010617252439260483, 0.010726537555456161, 0.011483237147331238, 0.011299537494778633, 0.011307397857308388, 0.011222215369343758, 0.012194846756756306, 0.011551953852176666, 0.010328978300094604, 0.00999424047768116, 0.008459978736937046, 0.008647715672850609, 0.00896526500582695, 0.00924262311309576, 0.009304255247116089, 0.009311966598033905, 0.009551811031997204, 0.009903058409690857, 0.010385815985500813, 0.01116877980530262, 0.011684330180287361, 0.011508317664265633, 0.012021072208881378, 0.012522774748504162, 0.01284846942871809, 0.012942101806402206, 0.01316164806485176, 0.013941068202257156, 0.015932083129882812, 0.01644960790872574, 0.01691780984401703, 0.01712941750884056, 0.017395786941051483, 0.01783367246389389, 0.01908755674958229, 0.019108101725578308, 0.01925630308687687, 0.019519295543432236, 0.020822830498218536, 0.020367443561553955, 0.019819065928459167, 0.019831828773021698, 0.018023749813437462, 0.015992725268006325, 0.015790613368153572, 0.015107246115803719, 0.012885860167443752, 0.011693965643644333, 0.010347431525588036, 0.009258800186216831, 0.00864763930439949, 0.007627636659890413, 0.007802675012499094, 0.00723582599312067, 0.006272312253713608, 0.005403596442192793, 0.005425368435680866, 0.00556436600163579, 0.005524839740246534, 0.005750545300543308, 0.005245579406619072, 0.005151486024260521, 0.005313978064805269, 0.005014959257096052, 0.004787074401974678, 0.004571033176034689, 0.004561557900160551, 0.004680558107793331, 0.004746916238218546, 0.004933350253850222, 0.005426502786576748, 0.005666065029799938, 0.005524777341634035, 0.005856527015566826, 0.005229249130934477, 0.005436227191239595, 0.0054116565734148026, 0.0055161104537546635, 0.005420139990746975, 0.005357782822102308, 0.005232566501945257, 0.00558603135868907, 0.0055330307222902775, 0.005583751946687698, 0.005810339469462633, 0.0054863812401890755, 0.005774279590696096, 0.006142375059425831, 0.005669473670423031, 0.005758951418101788, 0.005634739063680172, 0.005966383032500744, 0.005439148750156164, 0.005338970106095076, 0.004855213686823845, 0.00455845519900322, 0.005037701688706875, 0.005487630609422922, 0.0065672677010297775, 0.007522464729845524, 0.008549845777451992, 0.008864292874932289, 0.009267269633710384, 0.009270034730434418, 0.011617869138717651, 0.01346197072416544, 0.015460439026355743, 0.014213955029845238, 0.015539676882326603, 0.014295403845608234, 0.011696103028953075, 0.007319311611354351, 0.007420103531330824, 0.007667458616197109, 0.008084965869784355, 0.008561218157410622, 0.008232949301600456, 0.008393599651753902, 0.007805977016687393, 0.007856217212975025, 0.008180485107004642, 0.008311618119478226, 0.008357612416148186, 0.008709595538675785, 0.009034843184053898, 0.008929342962801456, 0.009228540584445, 0.009935300797224045, 0.009436991065740585, 0.008907117880880833, 0.0090720746666193, 0.009348828345537186, 0.009422579780220985, 0.009605899453163147, 0.009986546821892262, 0.009356998838484287, 0.009647496975958347, 0.009734092280268669, 0.009336576797068119, 0.009169836528599262, 0.009475507773458958, 0.009992792271077633, 0.010015418753027916, 0.010346727445721626, 0.010206020437180996, 0.010352032259106636, 0.010195398703217506, 0.00974362250417471, 0.009799065999686718, 0.00953080877661705, 0.010189460590481758, 0.01037072204053402, 0.010673489421606064, 0.010710971429944038, 0.010459300130605698, 0.01035666186362505, 0.011372003704309464, 0.011013900861144066, 0.010296899825334549, 0.010357679799199104, 0.010739346966147423, 0.011193687096238136, 0.010948929004371166, 0.010759355500340462, 0.010798881761729717, 0.010855959728360176, 0.01044556125998497, 0.010235355235636234, 0.010059100575745106, 0.009801851585507393, 0.009642967954277992, 0.01053614355623722, 0.007644360885024071, 0.007898529060184956, 0.008032239973545074, 0.00803053192794323, 0.007958556525409222, 0.00796007364988327, 0.008102314546704292, 0.008102403953671455, 0.007753804326057434, 0.007590411230921745, 0.007714622188359499, 0.007603351026773453, 0.007625036872923374, 0.007538738660514355, 0.007833443582057953, 0.008040026761591434, 0.00826497282832861, 0.008261162787675858, 0.008213727734982967, 0.008400966413319111, 0.008351229131221771, 0.008420153521001339, 0.008478051982820034, 0.008811862207949162, 0.008853979408740997, 0.009143847972154617, 0.00919952243566513, 0.009721199050545692, 0.010425086133182049, 0.011342459358274937, 0.011645671911537647, 0.01043691486120224, 0.010182135738432407, 0.010878860019147396, 0.011193372309207916, 0.010291852056980133, 0.009867645800113678, 0.010433236137032509, 0.010640565305948257, 0.010122815147042274, 0.010206952691078186, 0.010863899253308773, 0.01038874126970768], 'L_grad': [0.009475351311266422, 0.009895864874124527, 0.009981004521250725, 0.010346012189984322, 0.010214393027126789, 0.01011747308075428, 0.010221714153885841, 0.009653794579207897, 0.00963168777525425, 0.009022322483360767, 0.008529243059456348, 0.008186444640159607, 0.008024211972951889, 0.007880677469074726, 0.007454347796738148, 0.007693770807236433, 0.00787280686199665, 0.007738548796623945, 0.0076506007462739944, 0.007650046609342098, 0.007930492982268333, 0.008446594700217247, 0.008616694249212742, 0.009051651693880558, 0.008922018110752106, 0.010617809370160103, 0.011980349197983742, 0.011946114711463451, 0.010756071656942368, 0.011136126704514027, 0.011320284567773342, 0.011623923666775227, 0.011967459693551064, 0.012001903727650642, 0.01034100353717804, 0.009628516621887684, 0.008671334944665432, 0.007891944609582424, 0.007606139872223139, 0.007729251403361559, 0.007968662306666374, 0.007994172163307667, 0.007355932611972094, 0.006935579236596823, 0.006944945082068443, 0.006582976318895817, 0.00631407555192709, 0.006451550871133804, 0.006569181568920612, 0.006646889727562666, 0.00670416746288538, 0.006691997405141592, 0.006537540815770626, 0.006688663735985756, 0.006658375263214111, 0.006826579570770264, 0.006709260866045952, 0.006905586924403906, 0.006906249560415745, 0.0070505267940461636, 0.007189053110778332, 0.006999284029006958, 0.006955023389309645, 0.006885562092065811, 0.006995280738919973, 0.0069211446680128574, 0.007018197327852249, 0.006901931948959827, 0.006906413938850164, 0.006898080464452505, 0.006935638375580311, 0.0069564515724778175, 0.006992687471210957, 0.006988458335399628, 0.007259673438966274, 0.0074760802090168, 0.007716120220720768, 0.007876474410295486, 0.007812578231096268, 0.007779369130730629, 0.007658565416932106, 0.007743970490992069, 0.007813459262251854, 0.008127815090119839, 0.008318934589624405, 0.00836004875600338, 0.008463602513074875, 0.008529409766197205, 0.008515238761901855, 0.008626282215118408, 0.008783246390521526, 0.008817259222269058, 0.009032423608005047, 0.008707132190465927, 0.008872292004525661, 0.00830292608588934, 0.008338520303368568, 0.008565351366996765, 0.008774840272963047, 0.008713949471712112, 0.009124074131250381, 0.009256329387426376, 0.00976816937327385, 0.009328385815024376, 0.0088901836425066, 0.009170766919851303, 0.009027833119034767, 0.009268976747989655, 0.0093681076541543, 0.009065321646630764, 0.008985860273241997, 0.008848809637129307, 0.008384901098906994, 0.008206198923289776, 0.008297612890601158, 0.008449772372841835, 0.007934813387691975, 0.007883207872509956, 0.007866708561778069, 0.007867485284805298, 0.007908092811703682, 0.008305056020617485, 0.008441933430731297, 0.00846652127802372, 0.008430656045675278, 0.008440167643129826, 0.008464682847261429, 0.008957937359809875, 0.00910646840929985, 0.00936485268175602, 0.00919900368899107, 0.00988783035427332, 0.010346931405365467, 0.010008609853684902, 0.010543865151703358, 0.011338694021105766, 0.011779030784964561, 0.013284544460475445, 0.013113647699356079, 0.014061474241316319, 0.014840801246464252, 0.014465426094830036, 0.014731835573911667, 0.014055127277970314, 0.013966857455670834, 0.01201930083334446, 0.01140247005969286, 0.010075250640511513, 0.00957920216023922, 0.010799781419336796, 0.011145053431391716, 0.011356573551893234, 0.010784394107758999, 0.00994261633604765, 0.008984392508864403, 0.008664662949740887, 0.008286699652671814, 0.00843460951000452, 0.008240398950874805, 0.0062194764614105225, 0.006068358197808266, 0.005974055267870426, 0.006353247445076704, 0.00652580801397562, 0.006805108860135078, 0.0069300346076488495, 0.007090259343385696, 0.006811501923948526, 0.00704676378518343, 0.007393200416117907, 0.007094164378941059, 0.007379366550594568, 0.007610338740050793, 0.007768790237605572, 0.0075535825453698635, 0.007993431761860847, 0.00799762923270464, 0.008559735491871834, 0.008137205615639687, 0.007989855483174324, 0.008235986344516277, 0.008490669541060925, 0.00823148526251316, 0.00829890463501215, 0.008877008222043514, 0.008616089820861816, 0.008723906241357327, 0.008531918749213219, 0.008250642567873001, 0.008086138404905796, 0.008088435977697372, 0.008038547821342945, 0.008091348223388195, 0.008022710680961609, 0.008436156436800957, 0.008844652213156223, 0.008845258504152298, 0.008241906762123108, 0.008754256181418896, 0.00840413011610508, 0.00825214758515358, 0.008203706704080105, 0.007603441830724478, 0.007535610347986221, 0.008324925787746906, 0.007875319570302963, 0.007883378304541111, 0.008078073151409626, 0.007345505990087986, 0.007965190336108208, 0.007103249430656433, 0.0072213998064398766, 0.007649375591427088, 0.006898695603013039, 0.0070288898423314095, 0.006919323466718197, 0.006948314607143402, 0.006955491844564676, 0.006106673739850521, 0.006785425823181868, 0.006271515507251024, 0.006257274188101292, 0.0058159418404102325, 0.006133836694061756, 0.005923431366682053, 0.0058377087116241455, 0.005909603554755449, 0.007129688747227192, 0.006839217618107796, 0.006947338581085205, 0.007354015484452248, 0.007502053864300251, 0.006851964630186558, 0.007284225896000862, 0.007306315936148167, 0.006359631195664406, 0.006473164074122906, 0.007421229965984821, 0.005926862824708223, 0.006908906623721123, 0.006602730602025986, 0.006348635535687208, 0.007329645566642284, 0.006557336077094078, 0.00734794232994318, 0.0068804919719696045, 0.006965480744838715, 0.007015468552708626, 0.007219504099339247, 0.007242313586175442, 0.006939738057553768, 0.007167046889662743, 0.007172818295657635, 0.006831604987382889, 0.0069167111068964005, 0.006672259420156479, 0.007443743292242289, 0.007008922751992941, 0.006774530280381441, 0.007385966368019581, 0.007447933778166771, 0.0068662287667393684, 0.007636095397174358, 0.007709255442023277, 0.00797072984278202, 0.00771853793412447, 0.008091948926448822, 0.008307157084345818, 0.008165821433067322, 0.00814073346555233, 0.00813619140535593, 0.008684162050485611, 0.008789101615548134, 0.009102530777454376, 0.008908162824809551, 0.008516283705830574, 0.009638860821723938, 0.00983356311917305, 0.00922372192144394, 0.01001340989023447, 0.009747493080794811, 0.009582944214344025, 0.009191607125103474, 0.009121444076299667, 0.009601475670933723, 0.009566280990839005, 0.009492116048932076, 0.009351711720228195, 0.00927366130053997, 0.009355851449072361, 0.00948921125382185, 0.009801508858799934, 0.009260954335331917, 0.008540980517864227, 0.008085951209068298, 0.007021409459412098, 0.007150022778660059, 0.007484166882932186, 0.007676023989915848, 0.007755885366350412, 0.007422794122248888, 0.007612293586134911, 0.007526027970016003, 0.007444621063768864, 0.007620415650308132, 0.007770860567688942, 0.007698382250964642, 0.007992842234671116, 0.008062733337283134, 0.008067549206316471, 0.00808908324688673, 0.008328182622790337, 0.00867792684584856, 0.009367408230900764, 0.009518188424408436, 0.009958653710782528, 0.010056009516119957, 0.01009797491133213, 0.010310124605894089, 0.010879451408982277, 0.010948097333312035, 0.011012567207217216, 0.010910633020102978, 0.011495107784867287, 0.011762542650103569, 0.012170834466814995, 0.012196261435747147, 0.011744956485927105, 0.011009637266397476, 0.010690713301301003, 0.010267672128975391, 0.009654467925429344, 0.009010248817503452, 0.008358141407370567, 0.008192074485123158, 0.008080679923295975, 0.00847807340323925, 0.008718490600585938, 0.008537305518984795, 0.008923502638936043, 0.008841706439852715, 0.008608263917267323, 0.008787903934717178, 0.008756304159760475, 0.008781739510595798, 0.008729979395866394, 0.008886432275176048, 0.008687703870236874, 0.008418231271207333, 0.008198882453143597, 0.00785418227314949, 0.007733752951025963, 0.0075432187877595425, 0.007661576848477125, 0.007913061417639256, 0.008305167779326439, 0.00834816787391901, 0.008410635404288769, 0.008665138855576515, 0.008261991664767265, 0.008466560393571854, 0.008018524385988712, 0.007924284785985947, 0.00807931274175644, 0.008134836331009865, 0.008174380287528038, 0.008397310972213745, 0.00833465252071619, 0.008453085087239742, 0.008634213358163834, 0.008367802947759628, 0.00861870963126421, 0.008796242997050285, 0.008530980907380581, 0.008505724370479584, 0.008246734738349915, 0.008317475207149982, 0.007614755071699619, 0.007727578282356262, 0.007621846627444029, 0.007534638047218323, 0.007696562446653843, 0.007666977122426033, 0.008434726856648922, 0.009237656369805336, 0.01019342802464962, 0.010024870745837688, 0.010301481932401657, 0.009985560551285744, 0.010359011590480804, 0.010101880878210068, 0.010414784774184227, 0.010489268228411674, 0.011546216905117035, 0.011745814234018326, 0.01073245145380497, 0.009171774610877037, 0.009235376492142677, 0.009355228394269943, 0.009384850971400738, 0.00957010593265295, 0.009307164698839188, 0.009434064850211143, 0.009165038354694843, 0.00918244756758213, 0.009438052773475647, 0.009508716873824596, 0.009490913711488247, 0.009386280551552773, 0.009470054879784584, 0.009309748187661171, 0.009699957445263863, 0.010152235627174377, 0.009858449921011925, 0.009685523808002472, 0.009637923911213875, 0.009970049373805523, 0.010197754949331284, 0.010125518776476383, 0.010182846337556839, 0.00984465517103672, 0.0101130036637187, 0.010220490396022797, 0.009876510128378868, 0.009896911680698395, 0.01019294559955597, 0.010281532071530819, 0.010172143578529358, 0.010181771591305733, 0.010108886286616325, 0.010353416204452515, 0.010305289179086685, 0.010171260684728622, 0.010094706900417805, 0.01007348857820034, 0.010472383350133896, 0.01064339093863964, 0.010845694690942764, 0.010701145976781845, 0.010780159384012222, 0.010689537040889263, 0.011283121071755886, 0.011119473725557327, 0.010649660602211952, 0.010474448092281818, 0.010451816953718662, 0.010539082810282707, 0.0104270800948143, 0.010207226499915123, 0.010180884972214699, 0.010072601027786732, 0.01004268229007721, 0.009943637996912003, 0.009640985168516636, 0.00919436663389206, 0.00917605496942997, 0.009158986620604992, 0.00731376837939024, 0.00741223432123661, 0.007610206957906485, 0.0076668113470077515, 0.007845843210816383, 0.008012078702449799, 0.008138802833855152, 0.008118689060211182, 0.00798963662236929, 0.00800415500998497, 0.007840408943593502, 0.007678790017962456, 0.0076186321675777435, 0.007689472287893295, 0.007831280119717121, 0.007995103485882282, 0.008383112959563732, 0.00863853469491005, 0.008221328258514404, 0.008351475931704044, 0.008073175325989723, 0.00834563747048378, 0.008451133035123348, 0.008575725369155407, 0.008392187766730785, 0.008409528061747551, 0.009091956540942192, 0.008957209065556526, 0.009519649669528008, 0.009798184037208557, 0.009830842725932598, 0.009359341114759445, 0.009116487577557564, 0.009622510522603989, 0.009622469544410706, 0.008981356397271156, 0.008960944600403309, 0.00919395312666893, 0.009319095872342587, 0.009247470647096634, 0.009269129484891891, 0.009236488491296768, 0.004428429529070854]}
Saving current best: model_best.pth.tar ...
all losses in batch in validation:  {'loss': [0.013827329501509666, 0.014513477683067322, 0.014778835698962212, 0.015373451635241508, 0.015606800094246864, 0.01600523293018341, 0.015736162662506104, 0.014786534011363983, 0.015006043948233128, 0.014422152191400528, 0.013876169919967651, 0.013490399345755577, 0.013693070970475674, 0.013877899385988712, 0.013463317416608334, 0.013908175751566887, 0.014543396420776844, 0.014888595789670944, 0.014490108005702496, 0.014803415164351463, 0.015596490353345871, 0.015239201486110687, 0.01550334133207798, 0.015935394912958145, 0.01627904549241066, 0.018926255404949188, 0.021846406161785126, 0.022314969450235367, 0.021910246461629868, 0.022662706673145294, 0.02288982644677162, 0.023641763255000114, 0.025005552917718887, 0.02683555707335472, 0.02256132662296295, 0.023156311362981796, 0.019160255789756775, 0.015481311827898026, 0.014271657913923264, 0.014170974493026733, 0.015020601451396942, 0.015044163912534714, 0.013376792892813683, 0.011538591235876083, 0.012132431380450726, 0.01156201958656311, 0.010566549375653267, 0.010818159207701683, 0.01082574762403965, 0.010866018012166023, 0.010845838114619255, 0.011182651855051517, 0.010921099223196507, 0.011352050118148327, 0.01125650480389595, 0.011299786157906055, 0.011111946776509285, 0.011283935979008675, 0.011226784437894821, 0.011284049600362778, 0.011296709068119526, 0.01106854435056448, 0.011381208896636963, 0.011209490709006786, 0.011483671143651009, 0.011490863747894764, 0.012012742459774017, 0.011786708608269691, 0.01226840540766716, 0.011911049485206604, 0.011706702411174774, 0.011802120134234428, 0.011896091513335705, 0.012086575850844383, 0.012348389253020287, 0.01260883267968893, 0.01259884238243103, 0.012754981406033039, 0.012618683278560638, 0.012653904035687447, 0.01273427065461874, 0.012827655300498009, 0.013036207295954227, 0.013431277126073837, 0.014036759734153748, 0.014165837317705154, 0.013917703181505203, 0.013791133649647236, 0.013795185834169388, 0.013967939652502537, 0.014608407393097878, 0.014588722959160805, 0.015066158957779408, 0.014717555604875088, 0.014562374912202358, 0.013725263066589832, 0.01353849284350872, 0.014171173796057701, 0.014265093952417374, 0.014242835342884064, 0.015363477170467377, 0.014908451586961746, 0.01653280295431614, 0.01607413776218891, 0.015023628249764442, 0.0151524618268013, 0.014976561069488525, 0.01575431041419506, 0.015549289993941784, 0.015293152071535587, 0.01482255570590496, 0.014517286792397499, 0.013316594995558262, 0.013366030529141426, 0.013507260009646416, 0.013785045593976974, 0.013040073215961456, 0.012765700928866863, 0.012278461828827858, 0.012795472517609596, 0.012718746438622475, 0.012924155220389366, 0.01336846873164177, 0.013479890301823616, 0.013437295332551003, 0.01378435455262661, 0.01375806238502264, 0.014409814029932022, 0.014587870799005032, 0.015294252894818783, 0.015159646049141884, 0.016689110547304153, 0.017030881717801094, 0.016698334366083145, 0.017290808260440826, 0.019354552030563354, 0.022144900634884834, 0.025586646050214767, 0.02489348314702511, 0.025486502796411514, 0.025359343737363815, 0.025135580450296402, 0.028331279754638672, 0.025471266359090805, 0.025357399135828018, 0.023212412372231483, 0.0241005290299654, 0.02210373803973198, 0.02174956537783146, 0.022083133459091187, 0.021242253482341766, 0.019737815484404564, 0.01822606287896633, 0.017029009759426117, 0.015639353543519974, 0.014388478361070156, 0.012737907469272614, 0.012925988994538784, 0.010923663154244423, 0.010141857899725437, 0.009912222623825073, 0.010097166523337364, 0.010509537532925606, 0.011267457157373428, 0.011057611554861069, 0.012607807293534279, 0.012934361584484577, 0.013350944966077805, 0.012672839686274529, 0.012605354189872742, 0.011857382021844387, 0.012116501107811928, 0.011984942480921745, 0.012463821098208427, 0.01278202049434185, 0.012971431016921997, 0.012701256200671196, 0.013067129999399185, 0.012174945324659348, 0.011533067561686039, 0.010632144287228584, 0.0118611641228199, 0.012253208085894585, 0.01184143591672182, 0.013390582986176014, 0.01377391628921032, 0.013710830360651016, 0.012828821316361427, 0.013042299076914787, 0.012346018105745316, 0.011641785502433777, 0.010856966488063335, 0.010980281978845596, 0.01125409547239542, 0.01219995878636837, 0.012508809566497803, 0.013373387977480888, 0.012806309387087822, 0.013710618950426579, 0.012162990868091583, 0.011896291747689247, 0.013489477336406708, 0.012102433480322361, 0.012089896947145462, 0.013511842116713524, 0.012806646525859833, 0.013690667226910591, 0.0152526143938303, 0.01483258605003357, 0.01592235267162323, 0.015381895005702972, 0.016366323456168175, 0.01671898178756237, 0.014831574633717537, 0.015196520835161209, 0.014575939625501633, 0.01460711658000946, 0.013701554387807846, 0.0128320949152112, 0.014451682567596436, 0.01333029568195343, 0.01283263135701418, 0.011105455458164215, 0.01239817589521408, 0.011837951838970184, 0.010783846490085125, 0.011690841987729073, 0.01517297700047493, 0.014727973379194736, 0.01472843810915947, 0.014315446838736534, 0.014633148908615112, 0.013446014374494553, 0.014884601347148418, 0.014428329654037952, 0.01175646297633648, 0.011974447406828403, 0.014392014592885971, 0.010661506094038486, 0.011515642516314983, 0.0103059783577919, 0.009676491841673851, 0.01194516196846962, 0.009322193451225758, 0.01110847294330597, 0.009836762212216854, 0.010116126388311386, 0.010324455797672272, 0.010584702715277672, 0.010774304158985615, 0.010099189355969429, 0.010756601579487324, 0.010488692671060562, 0.010622551664710045, 0.010792715474963188, 0.010333220474421978, 0.01235092245042324, 0.011654853820800781, 0.01161416620016098, 0.013895327225327492, 0.012978972867131233, 0.011342348530888557, 0.01384403184056282, 0.013936839997768402, 0.014124300330877304, 0.013826755806803703, 0.01528845727443695, 0.015544777736067772, 0.015228905715048313, 0.015936851501464844, 0.017018569633364677, 0.01751573011279106, 0.017942622303962708, 0.01919768936932087, 0.018451280891895294, 0.017955943942070007, 0.02173599600791931, 0.02209421619772911, 0.020588062703609467, 0.022046534344553947, 0.021632354706525803, 0.021677909418940544, 0.021214202046394348, 0.02124188467860222, 0.022809553891420364, 0.022920556366443634, 0.02376415580511093, 0.024604830890893936, 0.024073906242847443, 0.024096978828310966, 0.024482151493430138, 0.025998488068580627, 0.02459152415394783, 0.022287093102931976, 0.020598765462636948, 0.018569830805063248, 0.019009850919246674, 0.01897551864385605, 0.018544428050518036, 0.019191540777683258, 0.02033635787665844, 0.021379675716161728, 0.022559013217687607, 0.02277793362736702, 0.022481337189674377, 0.022164223715662956, 0.021838467568159103, 0.02176247164607048, 0.02212211675941944, 0.02221617102622986, 0.021719813346862793, 0.022290080785751343, 0.02303251624107361, 0.026623036712408066, 0.027970604598522186, 0.02892254665493965, 0.02941737323999405, 0.029115982353687286, 0.030216097831726074, 0.03287738934159279, 0.033575065433979034, 0.034173041582107544, 0.03402003273367882, 0.0352914035320282, 0.03665086627006531, 0.03432462736964226, 0.033334702253341675, 0.03050130046904087, 0.027798281982541084, 0.028433963656425476, 0.027019668370485306, 0.023764614015817642, 0.022289004176855087, 0.020581038668751717, 0.01832941360771656, 0.01712081953883171, 0.015438185073435307, 0.014723479747772217, 0.014687816612422466, 0.014433886855840683, 0.013909232802689075, 0.014089526608586311, 0.01382208988070488, 0.013582559302449226, 0.014218728058040142, 0.014764058403670788, 0.01445775292813778, 0.01477180514484644, 0.014347100630402565, 0.013528510928153992, 0.013113200664520264, 0.013800030574202538, 0.013076755218207836, 0.013187630102038383, 0.012934872880578041, 0.013464583083987236, 0.013876143842935562, 0.013678384944796562, 0.014334732666611671, 0.01462516374886036, 0.013756101951003075, 0.012767191976308823, 0.012541212141513824, 0.01263331063091755, 0.012945326045155525, 0.01267824973911047, 0.012768210843205452, 0.012942710891366005, 0.013409428298473358, 0.013351613655686378, 0.01364253181964159, 0.014267504215240479, 0.0146635752171278, 0.014271489344537258, 0.014738052152097225, 0.01432785764336586, 0.01467868871986866, 0.013852760195732117, 0.015950247645378113, 0.014732860028743744, 0.014041677117347717, 0.015241708606481552, 0.015309184789657593, 0.017222382128238678, 0.018759537488222122, 0.02140069380402565, 0.022707905620336533, 0.02698967419564724, 0.0287490114569664, 0.02962305024266243, 0.026134030893445015, 0.025156216695904732, 0.02446981891989708, 0.024705030024051666, 0.023894017562270164, 0.02066808193922043, 0.01741889677941799, 0.01770893484354019, 0.01777476817369461, 0.018489595502614975, 0.019179195165634155, 0.019528452306985855, 0.019172031432390213, 0.018405456095933914, 0.018064947798848152, 0.01765397936105728, 0.017526868730783463, 0.01813206449151039, 0.017074398696422577, 0.016148554161190987, 0.015964850783348083, 0.01670953258872032, 0.01708134636282921, 0.017275400459766388, 0.017443131655454636, 0.017451666295528412, 0.018086913973093033, 0.018345840275287628, 0.017768651247024536, 0.017341705039143562, 0.01775992661714554, 0.017880260944366455, 0.018677368760108948, 0.018286528065800667, 0.018104400485754013, 0.018598098307847977, 0.019223330542445183, 0.019672788679599762, 0.019261982291936874, 0.018933363258838654, 0.019072161987423897, 0.01857469230890274, 0.018649965524673462, 0.01908262073993683, 0.019362132996320724, 0.020357966423034668, 0.020509351044893265, 0.02142108604311943, 0.02270844578742981, 0.022443335503339767, 0.02200876921415329, 0.02513674460351467, 0.025072768330574036, 0.02491704747080803, 0.02487390860915184, 0.024945542216300964, 0.02568528801202774, 0.025772003456950188, 0.024678770452737808, 0.022540565580129623, 0.02271914668381214, 0.022256286814808846, 0.022347716614603996, 0.021362800151109695, 0.0214834026992321, 0.02164066582918167, 0.021800490096211433, 0.015164462849497795, 0.016412891447544098, 0.016129424795508385, 0.01601654291152954, 0.016292931511998177, 0.016427434980869293, 0.017290916293859482, 0.017680658027529716, 0.017162486910820007, 0.016980549320578575, 0.016875766217708588, 0.017594223842024803, 0.01726555824279785, 0.01714964397251606, 0.01728319749236107, 0.017898259684443474, 0.018985716626048088, 0.01777147501707077, 0.016227779909968376, 0.016470249742269516, 0.016450855880975723, 0.016474563628435135, 0.01693710871040821, 0.017554115504026413, 0.01790127158164978, 0.017447886988520622, 0.017891326919198036, 0.018355373293161392, 0.01913466304540634, 0.02002752013504505, 0.019404828548431396, 0.018873311579227448, 0.01917852833867073, 0.020406071096658707, 0.02027241513133049, 0.0200800783932209, 0.01950092241168022, 0.01959242671728134, 0.019170213490724564, 0.019892875105142593, 0.019177861511707306, 0.021704252809286118, 0.01536831445991993], 'L_si': [0.005959200207144022, 0.006414152216166258, 0.00654218764975667, 0.00696040503680706, 0.007119018584489822, 0.007429143879562616, 0.007299255579710007, 0.0067861671559512615, 0.006930307485163212, 0.006574247032403946, 0.006132118869572878, 0.005815793294459581, 0.0059272488579154015, 0.006009499542415142, 0.005772051401436329, 0.005981949158012867, 0.006389951333403587, 0.006640940438956022, 0.0061655836179852486, 0.006363378372043371, 0.006833345163613558, 0.006937465630471706, 0.006891460623592138, 0.007062921300530434, 0.007165031973272562, 0.008721547201275826, 0.010439140722155571, 0.010682112537324429, 0.0100697698071599, 0.010630516335368156, 0.010778957977890968, 0.01134466752409935, 0.012324518524110317, 0.01411995105445385, 0.011433972045779228, 0.01239666249603033, 0.009157983586192131, 0.006962290033698082, 0.006149237975478172, 0.00597745506092906, 0.0066765365190804005, 0.007007405627518892, 0.00587465101853013, 0.00459797028452158, 0.004886108450591564, 0.0046511259861290455, 0.004147411324083805, 0.004268401302397251, 0.004242898430675268, 0.0042476654052734375, 0.004184120800346136, 0.004354417324066162, 0.004326861351728439, 0.004566717892885208, 0.004438977688550949, 0.004473219625651836, 0.004367926623672247, 0.00444286921992898, 0.004434302914887667, 0.004431798588484526, 0.004433533176779747, 0.004299175925552845, 0.0044838134199380875, 0.004333618097007275, 0.004489410202950239, 0.004476637113839388, 0.004762293305248022, 0.0046217855997383595, 0.004973493982106447, 0.004763674922287464, 0.004624306224286556, 0.004705877974629402, 0.004687808919698, 0.004847713280469179, 0.004970091860741377, 0.005063297227025032, 0.004926454741507769, 0.005003944039344788, 0.004874585196375847, 0.004882002715021372, 0.004880779422819614, 0.004977841395884752, 0.005112563259899616, 0.005316172260791063, 0.0055082072503864765, 0.005568015854805708, 0.0054899645037949085, 0.005454654805362225, 0.005474613979458809, 0.005561237223446369, 0.005937234964221716, 0.005851706024259329, 0.006106437183916569, 0.005908318795263767, 0.005870976485311985, 0.0054170479997992516, 0.005302003584802151, 0.0055910018272697926, 0.005680175498127937, 0.0055031985975801945, 0.006037411279976368, 0.005760490894317627, 0.006482638418674469, 0.006342807784676552, 0.005765481851994991, 0.005738100502640009, 0.005730076692998409, 0.006126193795353174, 0.005969027057290077, 0.005820660851895809, 0.005514409858733416, 0.005383360665291548, 0.004666396416723728, 0.00473322719335556, 0.0047135986387729645, 0.004854383412748575, 0.004579491913318634, 0.00454704649746418, 0.004352199379354715, 0.00453850906342268, 0.004572281613945961, 0.00459354929625988, 0.004823862109333277, 0.004885596688836813, 0.0048982626758515835, 0.005047065205872059, 0.005057419650256634, 0.0053630671463906765, 0.005472417920827866, 0.005818482488393784, 0.005716636311262846, 0.006352304480969906, 0.006563421338796616, 0.006470846943557262, 0.0068122525699436665, 0.008225388824939728, 0.009960507974028587, 0.011681837029755116, 0.010876402258872986, 0.011225895956158638, 0.01112072728574276, 0.010776541195809841, 0.013429734855890274, 0.011341310106217861, 0.011328469961881638, 0.010330019518733025, 0.01152852177619934, 0.010056518018245697, 0.00997491367161274, 0.01051158644258976, 0.010044029913842678, 0.009312272071838379, 0.008421204052865505, 0.007937926799058914, 0.007150918245315552, 0.006294689141213894, 0.0051800222136080265, 0.00541668850928545, 0.004077948164194822, 0.003617498092353344, 0.0034767496399581432, 0.0036074481904506683, 0.003831308102235198, 0.00426076864823699, 0.004186667036265135, 0.005120342597365379, 0.005256259813904762, 0.005590786691755056, 0.005249707959592342, 0.005096797831356525, 0.004488237202167511, 0.004690434783697128, 0.004788690712302923, 0.005186840426176786, 0.005299575161188841, 0.005400205962359905, 0.005346621852368116, 0.005607967730611563, 0.005085547920316458, 0.004536324646323919, 0.003892973531037569, 0.004473136737942696, 0.004740922711789608, 0.004493641667068005, 0.005286380648612976, 0.005596337839961052, 0.005648726597428322, 0.005016554147005081, 0.005253117065876722, 0.004898137412965298, 0.004382905084639788, 0.003921838942915201, 0.004182406701147556, 0.004402102902531624, 0.005049872677773237, 0.005254593212157488, 0.005848736967891455, 0.00550113944336772, 0.006010771729052067, 0.005122913513332605, 0.004988579079508781, 0.006080299615859985, 0.005218158476054668, 0.005334068089723587, 0.006211454514414072, 0.005932781379669905, 0.006499015260487795, 0.007488752715289593, 0.0073117162100970745, 0.007993949577212334, 0.007651147898286581, 0.008289432153105736, 0.008330583572387695, 0.00708305137231946, 0.007188430055975914, 0.006744079757481813, 0.006671591196209192, 0.006117291282862425, 0.005634400527924299, 0.0065401638858020306, 0.005590663757175207, 0.005318210460245609, 0.004253784194588661, 0.004971398506313562, 0.004629136994481087, 0.0040593137964606285, 0.0046431333757936954, 0.006561449263244867, 0.006384723819792271, 0.0064870030619204044, 0.00602923845872283, 0.006202652584761381, 0.005627800710499287, 0.006522142328321934, 0.006171955727040768, 0.004722918383777142, 0.004816688597202301, 0.006020331289619207, 0.0038927264977246523, 0.004242008551955223, 0.00354300020262599, 0.0031816461123526096, 0.00438508577644825, 0.0029544115532189608, 0.00397300161421299, 0.0033063648734241724, 0.003556308802217245, 0.0036034868098795414, 0.0037201829254627228, 0.003922269679605961, 0.003544893581420183, 0.00399442296475172, 0.0038717365823686123, 0.003895919770002365, 0.00411800155416131, 0.0037905850913375616, 0.005016548093408346, 0.0046640606597065926, 0.004498637747019529, 0.005942920222878456, 0.0053926086984574795, 0.004448200110346079, 0.005855694878846407, 0.005859657656401396, 0.00598449632525444, 0.005804812535643578, 0.006625033915042877, 0.0066357930190861225, 0.006638281978666782, 0.007042062468826771, 0.0076797595247626305, 0.007987587712705135, 0.008411530405282974, 0.009259987622499466, 0.008849069476127625, 0.008572706952691078, 0.010939221829175949, 0.011027595959603786, 0.010227221064269543, 0.011131836101412773, 0.010934791527688503, 0.011142915114760399, 0.010956677608191967, 0.011005604639649391, 0.012014411389827728, 0.012143401429057121, 0.012913934886455536, 0.013758004643023014, 0.013353417627513409, 0.013276970013976097, 0.013442780822515488, 0.014561459422111511, 0.013521380722522736, 0.012003193609416485, 0.011053865775465965, 0.009839515201747417, 0.010255801491439342, 0.010230643674731255, 0.009989679791033268, 0.010567955672740936, 0.011494012549519539, 0.01233934797346592, 0.013264568522572517, 0.01356688141822815, 0.013449231162667274, 0.013279899954795837, 0.01319584995508194, 0.013121037743985653, 0.013437113724648952, 0.01351318508386612, 0.013218969106674194, 0.013623894192278385, 0.014096610248088837, 0.0166824609041214, 0.017605993896722794, 0.018158961087465286, 0.018530841916799545, 0.018323251977562904, 0.018994491547346115, 0.020740877836942673, 0.021191542968153954, 0.02152242511510849, 0.021847179159522057, 0.022808440029621124, 0.023529574275016785, 0.021635789424180984, 0.0204470194876194, 0.018295083194971085, 0.016329094767570496, 0.017006047070026398, 0.016231512650847435, 0.01375083439052105, 0.012842647731304169, 0.011733591556549072, 0.009891322813928127, 0.008959591388702393, 0.007239701226353645, 0.006620458792895079, 0.00625790748745203, 0.005868264939635992, 0.005310014821588993, 0.005581208039075136, 0.005442080553621054, 0.005296645220369101, 0.005696052685379982, 0.0058274660259485245, 0.005573790054768324, 0.0059268902987241745, 0.005575682036578655, 0.005176161881536245, 0.005007404368370771, 0.005614733789116144, 0.005240572616457939, 0.005335898604243994, 0.005067754071205854, 0.00539683923125267, 0.005704147275537252, 0.005462626460939646, 0.005843907129019499, 0.005964667070657015, 0.005385124124586582, 0.004987949505448341, 0.0048740622587502, 0.004863264504820108, 0.0049483380280435085, 0.004790779203176498, 0.004908528178930283, 0.005094537977129221, 0.005305367987602949, 0.005293641705065966, 0.005481506697833538, 0.005861884448677301, 0.006096603348851204, 0.005826130509376526, 0.006102811545133591, 0.005855194758623838, 0.006148132961243391, 0.005905758589506149, 0.007042745128273964, 0.006099707912653685, 0.005834066774696112, 0.006736139301210642, 0.006945132277905941, 0.008101449348032475, 0.008978031575679779, 0.010429657995700836, 0.011646178551018238, 0.014727272093296051, 0.015989841893315315, 0.016461605206131935, 0.014535671100020409, 0.014593899250030518, 0.014017834328114986, 0.013874687254428864, 0.012712318450212479, 0.010507967323064804, 0.008306439965963364, 0.008489565923810005, 0.008486879989504814, 0.00898109469562769, 0.00933254137635231, 0.00960001815110445, 0.00931408442556858, 0.00885677244514227, 0.008659252896904945, 0.008341659791767597, 0.008171172812581062, 0.00853831134736538, 0.007888576947152615, 0.007235814817249775, 0.00719769112765789, 0.0075495680794119835, 0.007754799444228411, 0.007912784814834595, 0.008059135638177395, 0.008198709227144718, 0.00855474267154932, 0.008599397726356983, 0.00819751899689436, 0.007899977266788483, 0.0082507049664855, 0.00822429358959198, 0.008778435178101063, 0.008393647149205208, 0.008276745676994324, 0.008673109114170074, 0.00901598110795021, 0.009434022940695286, 0.009198037907481194, 0.00901894923299551, 0.008981055580079556, 0.008738026954233646, 0.008770201355218887, 0.008919273503124714, 0.009183994494378567, 0.009882704354822636, 0.010066171176731586, 0.01065260823816061, 0.011538820341229439, 0.011352616362273693, 0.010971183888614178, 0.01322680339217186, 0.01343944575637579, 0.01340029202401638, 0.013342267833650112, 0.013425144366919994, 0.014196382835507393, 0.014138439670205116, 0.013437758199870586, 0.011929178610444069, 0.01218254305422306, 0.011784250847995281, 0.011727801524102688, 0.011204324662685394, 0.011422602459788322, 0.011452733539044857, 0.011910981498658657, 0.0077406270429492, 0.00856194831430912, 0.008456236682832241, 0.008256522938609123, 0.00819599162787199, 0.00833203922957182, 0.008826951496303082, 0.009157244116067886, 0.008734054863452911, 0.008600257337093353, 0.008611862547695637, 0.009095745161175728, 0.00895618461072445, 0.008900482207536697, 0.008983138017356396, 0.009328968822956085, 0.010042622685432434, 0.009305253624916077, 0.008398191072046757, 0.008543632924556732, 0.008516876958310604, 0.008493326604366302, 0.008570242673158646, 0.008889428339898586, 0.00906322430819273, 0.008835005573928356, 0.0092090405523777, 0.009585626423358917, 0.010145796462893486, 0.010907970368862152, 0.010706881061196327, 0.010341060347855091, 0.01051293034106493, 0.011238392442464828, 0.011232154443860054, 0.011077053844928741, 0.010516340844333172, 0.010679195635020733, 0.010395901277661324, 0.010770187713205814, 0.010146657936275005, 0.011980194598436356, 0.010829518549144268], 'L_grad': [0.007868129760026932, 0.008099325932562351, 0.008236647583544254, 0.008413046598434448, 0.008487781509757042, 0.008576089516282082, 0.008436908014118671, 0.008000366389751434, 0.008075736463069916, 0.007847905158996582, 0.007744051516056061, 0.007674605585634708, 0.007765822112560272, 0.00786839984357357, 0.007691266015172005, 0.00792622659355402, 0.008153445087373257, 0.00824765581637621, 0.008324524387717247, 0.008440036326646805, 0.0087631456553936, 0.00830173585563898, 0.008611881174147129, 0.008872473612427711, 0.00911401305347681, 0.010204708203673363, 0.01140726637095213, 0.011632857844233513, 0.011840477585792542, 0.012032191269099712, 0.012110868468880653, 0.012297095730900764, 0.012681033462285995, 0.012715605087578297, 0.011127354577183723, 0.010759647935628891, 0.010002272203564644, 0.008519021794199944, 0.008122419938445091, 0.008193518966436386, 0.008344065397977829, 0.008036757819354534, 0.007502141874283552, 0.006940620951354504, 0.007246322929859161, 0.006910894066095352, 0.006419138051569462, 0.006549758370965719, 0.006582849659025669, 0.006618352606892586, 0.006661717314273119, 0.006828234530985355, 0.006594237871468067, 0.006785332225263119, 0.006817526649683714, 0.006826566532254219, 0.006744019687175751, 0.0068410662934184074, 0.006792481988668442, 0.006852251477539539, 0.006863175891339779, 0.006769368425011635, 0.006897395476698875, 0.006875872611999512, 0.006994260475039482, 0.007014226634055376, 0.0072504496201872826, 0.007164922542870045, 0.0072949109598994255, 0.00714737456291914, 0.007082396186888218, 0.007096241693943739, 0.007208282593637705, 0.007238862104713917, 0.00737829739227891, 0.0075455354526638985, 0.007672387175261974, 0.0077510373666882515, 0.0077440980821847916, 0.0077719008550047874, 0.007853491231799126, 0.00784981343895197, 0.007923644036054611, 0.008115105330944061, 0.008528552949428558, 0.008597821928560734, 0.008427739143371582, 0.008336478844285011, 0.008320571854710579, 0.008406702429056168, 0.008671171963214874, 0.008737017400562763, 0.008959721773862839, 0.00880923680961132, 0.008691398426890373, 0.00830821506679058, 0.00823648925870657, 0.008580171503126621, 0.008584918454289436, 0.008739637210965157, 0.009326065890491009, 0.00914796069264412, 0.01005016453564167, 0.00973132997751236, 0.009258146397769451, 0.009414361789822578, 0.009246484376490116, 0.009628117084503174, 0.009580262936651707, 0.009472491219639778, 0.009308146312832832, 0.009133925661444664, 0.008650198578834534, 0.008632803335785866, 0.008793661370873451, 0.008930662646889687, 0.008460581302642822, 0.008218654431402683, 0.00792626291513443, 0.008256963454186916, 0.008146464824676514, 0.008330605924129486, 0.00854460708796978, 0.00859429407864809, 0.008539033122360706, 0.008737289346754551, 0.008700642734766006, 0.009046746417880058, 0.009115452878177166, 0.009475770406425, 0.00944300927221775, 0.010336806997656822, 0.010467460379004478, 0.010227487422525883, 0.010478555224835873, 0.011129163205623627, 0.012184392660856247, 0.013904809951782227, 0.014017080888152122, 0.014260606840252876, 0.01423861738294363, 0.014359040185809135, 0.014901545830070972, 0.014129957184195518, 0.01402892917394638, 0.012882392853498459, 0.01257200725376606, 0.012047220021486282, 0.01177465170621872, 0.011571547016501427, 0.011198224499821663, 0.010425543412566185, 0.009804858826100826, 0.009091083891689777, 0.008488434366881847, 0.008093789219856262, 0.007557885721325874, 0.007509300485253334, 0.006845714524388313, 0.006524359807372093, 0.006435472518205643, 0.006489718798547983, 0.006678229197859764, 0.007006688043475151, 0.006870944984257221, 0.007487465161830187, 0.007678101770579815, 0.007760158274322748, 0.0074231321923434734, 0.007508556824177504, 0.007369144819676876, 0.0074260663241147995, 0.007196251302957535, 0.007276981137692928, 0.007482444867491722, 0.0075712245889008045, 0.007354633882641792, 0.007459161803126335, 0.0070893969386816025, 0.00699674291536212, 0.006739170290529728, 0.007388026919215918, 0.007512285374104977, 0.007347794249653816, 0.008104202337563038, 0.008177578449249268, 0.008062103763222694, 0.007812267169356346, 0.007789181545376778, 0.0074478802271187305, 0.0072588808834552765, 0.006935127545148134, 0.00679787527769804, 0.006851992569863796, 0.00715008657425642, 0.0072542158886790276, 0.007524651009589434, 0.00730517040938139, 0.007699847221374512, 0.007040077354758978, 0.006907712668180466, 0.007409177720546722, 0.0068842750042676926, 0.006755828857421875, 0.007300387602299452, 0.006873865611851215, 0.007191651500761509, 0.007763861212879419, 0.0075208693742752075, 0.007928403094410896, 0.007730746641755104, 0.008076891303062439, 0.008388398215174675, 0.00774852279573679, 0.008008090779185295, 0.007831859402358532, 0.00793552491813898, 0.007584262639284134, 0.0071976943872869015, 0.007911519147455692, 0.00773963239043951, 0.00751442089676857, 0.006851671729236841, 0.007426777854561806, 0.007208815310150385, 0.0067245326936244965, 0.007047708611935377, 0.008611527271568775, 0.008343249559402466, 0.008241435512900352, 0.008286207914352417, 0.008430495858192444, 0.007818213663995266, 0.008362459018826485, 0.008256373926997185, 0.007033545058220625, 0.0071577588096261024, 0.008371682837605476, 0.006768779829144478, 0.00727363396435976, 0.006762977689504623, 0.006494846194982529, 0.007560075726360083, 0.0063677821308374405, 0.007135471329092979, 0.006530397571623325, 0.006559818051755428, 0.006720968522131443, 0.006864519789814949, 0.006852034479379654, 0.006554296240210533, 0.006762178614735603, 0.0066169556230306625, 0.006726632360368967, 0.006674713455140591, 0.006542635150253773, 0.007334373891353607, 0.006990792695432901, 0.007115528918802738, 0.007952407002449036, 0.007586364634335041, 0.006894147954881191, 0.0079883374273777, 0.008077182807028294, 0.008139804005622864, 0.008021943271160126, 0.008663423359394073, 0.008908985182642937, 0.00859062373638153, 0.008894788101315498, 0.009338810108602047, 0.0095281433314085, 0.009531090967357159, 0.009937701746821404, 0.009602210484445095, 0.00938323698937893, 0.010796774178743362, 0.011066621169447899, 0.010360842570662498, 0.010914698243141174, 0.010697562247514725, 0.010534994304180145, 0.010257523506879807, 0.010236280038952827, 0.010795142501592636, 0.010777154937386513, 0.010850219987332821, 0.010846827179193497, 0.010720489546656609, 0.01082000881433487, 0.01103937067091465, 0.011437027715146542, 0.011070143431425095, 0.010283900424838066, 0.009544899687170982, 0.008730314671993256, 0.008754049427807331, 0.00874487403780222, 0.008554747328162193, 0.008623585104942322, 0.0088423453271389, 0.009040327742695808, 0.009294445626437664, 0.009211051277816296, 0.009032106958329678, 0.008884323760867119, 0.008642618544399738, 0.008641434833407402, 0.008685003034770489, 0.008702985942363739, 0.008500843308866024, 0.008666187524795532, 0.008935906924307346, 0.009940575808286667, 0.010364610701799393, 0.01076358649879694, 0.01088653039187193, 0.010792730376124382, 0.011221607215702534, 0.012136511504650116, 0.012383520603179932, 0.012650614604353905, 0.012172853574156761, 0.012482965365052223, 0.013121291995048523, 0.012688837945461273, 0.012887682765722275, 0.012206217274069786, 0.011469187214970589, 0.011427917517721653, 0.01078815571963787, 0.010013780556619167, 0.009446355514228344, 0.008847447112202644, 0.008438090793788433, 0.008161229081451893, 0.008198483847081661, 0.00810302048921585, 0.008429909124970436, 0.008565622381865978, 0.008599217981100082, 0.008508319035172462, 0.008380008861422539, 0.008285914547741413, 0.00852267537266016, 0.008936592377722263, 0.008883963339030743, 0.008844914846122265, 0.00877141859382391, 0.008352348580956459, 0.008105795830488205, 0.00818529725074768, 0.007836182601749897, 0.007851731032133102, 0.0078671183437109, 0.008067743852734566, 0.008171996101737022, 0.008215758949518204, 0.008490825071930885, 0.008660497143864632, 0.008370977826416492, 0.007779242470860481, 0.007667149417102337, 0.007770045660436153, 0.00799698755145073, 0.007887470535933971, 0.00785968266427517, 0.007848173379898071, 0.008104060776531696, 0.008057971484959126, 0.008161025121808052, 0.00840561930090189, 0.008566971868276596, 0.008445358835160732, 0.008635240606963634, 0.008472662419080734, 0.008530555292963982, 0.007947001606225967, 0.008907501585781574, 0.008633151650428772, 0.008207610808312893, 0.008505569770932198, 0.008364052511751652, 0.009120931848883629, 0.009781506843864918, 0.010971036739647388, 0.01106172800064087, 0.012262402102351189, 0.01275916863232851, 0.01316144410520792, 0.011598359793424606, 0.010562317445874214, 0.010451985523104668, 0.010830342769622803, 0.011181699112057686, 0.01016011368483305, 0.009112456813454628, 0.009219367988407612, 0.009287888184189796, 0.00950850173830986, 0.00984665285795927, 0.009928434155881405, 0.009857947006821632, 0.00954868458211422, 0.009405694901943207, 0.009312319569289684, 0.0093556959182024, 0.009593753144145012, 0.009185820817947388, 0.008912739343941212, 0.008767159655690193, 0.009159965440630913, 0.009326547384262085, 0.009362614713609219, 0.009383996948599815, 0.009252957999706268, 0.009532172232866287, 0.00974644348025322, 0.009571133181452751, 0.00944172777235508, 0.009509221650660038, 0.009655967354774475, 0.009898933582007885, 0.009892880916595459, 0.009827653877437115, 0.009924989193677902, 0.010207349434494972, 0.01023876667022705, 0.01006394438445568, 0.009914414957165718, 0.010091106407344341, 0.009836666285991669, 0.009879764169454575, 0.01016334630548954, 0.010178138501942158, 0.010475262999534607, 0.010443180799484253, 0.010768476873636246, 0.011169626377522945, 0.0110907182097435, 0.011037584394216537, 0.011909941211342812, 0.01163332350552082, 0.011516755446791649, 0.011531640775501728, 0.011520398780703545, 0.011488906107842922, 0.011633563786745071, 0.011241013184189796, 0.010611387901008129, 0.01053660362958908, 0.010472035966813564, 0.010619915090501308, 0.010158474557101727, 0.010060801170766354, 0.010187933221459389, 0.009889508597552776, 0.007423835806548595, 0.007850942201912403, 0.007673188112676144, 0.007760020904242992, 0.008096939884126186, 0.008095396682620049, 0.008463965728878975, 0.00852341391146183, 0.00842843297868967, 0.008380291983485222, 0.008263903670012951, 0.008498478680849075, 0.008309374563395977, 0.008249161764979362, 0.008300059475004673, 0.008569290861487389, 0.008943093940615654, 0.008466221392154694, 0.00782958883792162, 0.007926616817712784, 0.00793397892266512, 0.007981236092746258, 0.008366866037249565, 0.008664688095450401, 0.008838046342134476, 0.008612881414592266, 0.008682286366820335, 0.008769746869802475, 0.008988866582512856, 0.0091195497661829, 0.008697948418557644, 0.008532252162694931, 0.008665597066283226, 0.009167678654193878, 0.00904026161879301, 0.009003025479614735, 0.008984582498669624, 0.008913230150938034, 0.008774313144385815, 0.009122686460614204, 0.009031202644109726, 0.009724059142172337, 0.0045387959107756615]}
Saving checkpoint: train_runs/checkpoints/train_s2d_MambaSSM_STRICT_20260306_124138_bs2/checkpoint-epoch016-loss-0.0048.pth.tar ...
all losses in batch in validation:  {'loss': [0.016116447746753693, 0.017476340755820274, 0.01695587858557701, 0.017809614539146423, 0.017932996153831482, 0.018256545066833496, 0.018407780677080154, 0.017815861850976944, 0.017556075006723404, 0.01690954715013504, 0.016110263764858246, 0.015250524505972862, 0.014908948913216591, 0.014644399285316467, 0.013968851417303085, 0.014189902693033218, 0.014405452646315098, 0.014632923528552055, 0.014643707312643528, 0.014634588733315468, 0.01521725207567215, 0.01584741473197937, 0.015162704512476921, 0.015749160200357437, 0.015983227640390396, 0.02189856581389904, 0.02688000723719597, 0.024631939828395844, 0.022456109523773193, 0.02368197590112686, 0.02418055757880211, 0.024665270000696182, 0.025614680722355843, 0.02717985212802887, 0.023572903126478195, 0.02377530001103878, 0.019404619932174683, 0.014516307041049004, 0.013679232448339462, 0.01398677472025156, 0.015249403193593025, 0.015452742576599121, 0.012762442231178284, 0.01127861812710762, 0.011561885476112366, 0.010676770471036434, 0.010084240697324276, 0.010485014878213406, 0.010557672008872032, 0.010887039825320244, 0.010826652869582176, 0.011143225245177746, 0.01088703889399767, 0.011229246854782104, 0.011072186753153801, 0.011325267143547535, 0.010989045724272728, 0.011100579053163528, 0.011020434089004993, 0.0113376434892416, 0.011565545573830605, 0.011392801068723202, 0.011346559971570969, 0.010978211648762226, 0.011176634579896927, 0.011171716265380383, 0.011567763052880764, 0.011410271748900414, 0.011730145663022995, 0.011597875505685806, 0.011687463149428368, 0.011825820431113243, 0.01187225989997387, 0.01197107508778572, 0.012248877435922623, 0.012636315077543259, 0.012517478317022324, 0.012668902054429054, 0.013105428777635098, 0.012643205001950264, 0.012560456991195679, 0.013033419847488403, 0.013436581939458847, 0.013663817197084427, 0.01388488058000803, 0.013703752309083939, 0.0139323640614748, 0.013686228543519974, 0.013817138969898224, 0.014195662923157215, 0.014468047767877579, 0.014342721551656723, 0.015044459141790867, 0.014562506228685379, 0.014460865408182144, 0.013574312441051006, 0.013708187267184258, 0.013974279165267944, 0.014654645696282387, 0.014602571725845337, 0.015329906716942787, 0.015600345097482204, 0.017632102593779564, 0.016066133975982666, 0.015220336616039276, 0.015342475846409798, 0.015089515596628189, 0.015758220106363297, 0.015261626802384853, 0.014823014847934246, 0.014439783990383148, 0.014124467968940735, 0.012912431731820107, 0.01280091144144535, 0.013104122132062912, 0.013547513633966446, 0.01279976312071085, 0.012776769697666168, 0.012952148914337158, 0.012783180922269821, 0.012816432863473892, 0.013125644996762276, 0.013457528315484524, 0.013789176940917969, 0.013757690787315369, 0.01392668578773737, 0.014301013201475143, 0.015051506459712982, 0.015264194458723068, 0.016692057251930237, 0.01637204922735691, 0.017964733764529228, 0.018029049038887024, 0.017551325261592865, 0.017922045662999153, 0.020647864788770676, 0.023853756487369537, 0.02470782957971096, 0.023622117936611176, 0.023683739826083183, 0.02284827083349228, 0.02362913265824318, 0.026765458285808563, 0.02490967884659767, 0.023728782311081886, 0.02099427580833435, 0.01922713778913021, 0.01806936413049698, 0.01762029156088829, 0.020338427275419235, 0.023910708725452423, 0.028070073574781418, 0.027833271771669388, 0.025733869522809982, 0.019501380622386932, 0.016729284077882767, 0.016345858573913574, 0.015378380194306374, 0.014464850537478924, 0.01123429648578167, 0.011051885783672333, 0.011366177350282669, 0.011907624080777168, 0.012243291363120079, 0.012645240873098373, 0.012797830626368523, 0.012139322236180305, 0.011882714927196503, 0.011567508801817894, 0.011817224323749542, 0.011885019019246101, 0.01215534470975399, 0.01269927341490984, 0.012480158358812332, 0.012334764003753662, 0.012946384027600288, 0.013619601726531982, 0.014600066468119621, 0.012801624834537506, 0.012634994462132454, 0.012488879263401031, 0.013469149358570576, 0.013885056599974632, 0.01385350152850151, 0.013821037486195564, 0.012923810631036758, 0.013344689272344112, 0.014154098927974701, 0.014206944964826107, 0.013968706130981445, 0.012775998562574387, 0.01394957397133112, 0.012428896501660347, 0.012332670390605927, 0.01318328082561493, 0.013945424929261208, 0.014729284681379795, 0.014256400987505913, 0.015631169080734253, 0.014653271064162254, 0.014514372684061527, 0.013695146888494492, 0.01353287324309349, 0.014244263991713524, 0.015958312898874283, 0.01499510370194912, 0.01594875194132328, 0.016507290303707123, 0.015481684356927872, 0.01575462520122528, 0.013973657973110676, 0.015004968270659447, 0.015891073271632195, 0.014612658880650997, 0.01409781165421009, 0.013256784528493881, 0.013437433168292046, 0.013246016576886177, 0.010737555101513863, 0.012601973488926888, 0.011846600100398064, 0.011331629008054733, 0.009880967438220978, 0.011008039116859436, 0.010002335533499718, 0.009171501733362675, 0.00972753670066595, 0.012950903736054897, 0.011416691355407238, 0.010986115783452988, 0.011750338599085808, 0.013328693807125092, 0.012091170996427536, 0.013637878000736237, 0.01454797014594078, 0.01165562029927969, 0.01260269246995449, 0.014144662767648697, 0.010839443653821945, 0.01202281191945076, 0.010697901248931885, 0.010240256786346436, 0.0124063640832901, 0.009949062950909138, 0.011956192553043365, 0.010762093588709831, 0.01105341874063015, 0.011366844177246094, 0.011432955041527748, 0.011691795662045479, 0.011228047311306, 0.011753911152482033, 0.01153295673429966, 0.011323120445013046, 0.01197813916951418, 0.011954264715313911, 0.014193622395396233, 0.01311743725091219, 0.012547222897410393, 0.01399756595492363, 0.014016855508089066, 0.012285606935620308, 0.013872802257537842, 0.013980422168970108, 0.014203089289367199, 0.013925125822424889, 0.015172997489571571, 0.015902794897556305, 0.015071231871843338, 0.015175634995102882, 0.01572556421160698, 0.017064768821001053, 0.017747551202774048, 0.01853232830762863, 0.018121182918548584, 0.017143260687589645, 0.020321067422628403, 0.019952405244112015, 0.01888466067612171, 0.02137260138988495, 0.020523354411125183, 0.02060413360595703, 0.0202893428504467, 0.020150326192378998, 0.021941574290394783, 0.022154107689857483, 0.02258792519569397, 0.02349940687417984, 0.023370983079075813, 0.02378184348344803, 0.023836199194192886, 0.02538994699716568, 0.024124659597873688, 0.02162173017859459, 0.020853575319051743, 0.01849135011434555, 0.01866334304213524, 0.01905113458633423, 0.018844712525606155, 0.019282765686511993, 0.018888257443904877, 0.019054841250181198, 0.01946038380265236, 0.01999722793698311, 0.020803585648536682, 0.021040260791778564, 0.020662352442741394, 0.021280959248542786, 0.02208103984594345, 0.022161580622196198, 0.022149093449115753, 0.022753726691007614, 0.023567218333482742, 0.026184599846601486, 0.026874173432588577, 0.028046464547514915, 0.028232961893081665, 0.02850935235619545, 0.02888903021812439, 0.029942207038402557, 0.030418705195188522, 0.030869927257299423, 0.030764229595661163, 0.03269007056951523, 0.03345736861228943, 0.03224056214094162, 0.032159045338630676, 0.030194580554962158, 0.027365464717149734, 0.02660372480750084, 0.025571689009666443, 0.022290822118520737, 0.01994084194302559, 0.018452497199177742, 0.016861015930771828, 0.015645796433091164, 0.01496451161801815, 0.014096478000283241, 0.014174604788422585, 0.014980360865592957, 0.014363091439008713, 0.013982575386762619, 0.013986758887767792, 0.013748903758823872, 0.014109652489423752, 0.013731204904615879, 0.013681693002581596, 0.013723695650696754, 0.01312236301600933, 0.012275450862944126, 0.011976545676589012, 0.011721469461917877, 0.011580808088183403, 0.011974969878792763, 0.012450662441551685, 0.013500693254172802, 0.01390231866389513, 0.013739185407757759, 0.01426076889038086, 0.013514211401343346, 0.01355231273919344, 0.013106605038046837, 0.01300426758825779, 0.013162978924810886, 0.01335422694683075, 0.013101503252983093, 0.013037985190749168, 0.013525877147912979, 0.013597779907286167, 0.013686797581613064, 0.013758398592472076, 0.014026526361703873, 0.014614608138799667, 0.013943100348114967, 0.014406881295144558, 0.013963816687464714, 0.014200526289641857, 0.013544377870857716, 0.013774016872048378, 0.013716678135097027, 0.012629803270101547, 0.013300344347953796, 0.013207383453845978, 0.014616094529628754, 0.015494324266910553, 0.016705799847841263, 0.017814820632338524, 0.019798867404460907, 0.020694997161626816, 0.02158377133309841, 0.019201047718524933, 0.018512967973947525, 0.018115632236003876, 0.020210295915603638, 0.020090419799089432, 0.017576590180397034, 0.014612914994359016, 0.015042223036289215, 0.015376106835901737, 0.015886027365922928, 0.01632193848490715, 0.016434364020824432, 0.016260404139757156, 0.015504786744713783, 0.015251360833644867, 0.016451513394713402, 0.016346344724297523, 0.016479922458529472, 0.016849353909492493, 0.016536006703972816, 0.016223130747675896, 0.016059793531894684, 0.01669253781437874, 0.01611223816871643, 0.01667325757443905, 0.01773427613079548, 0.017596885561943054, 0.01755966618657112, 0.017142124474048615, 0.017434418201446533, 0.017222272232174873, 0.017373058944940567, 0.017745373770594597, 0.016881586983799934, 0.016658712178468704, 0.01744334027171135, 0.0179448164999485, 0.018334228545427322, 0.018470611423254013, 0.018066158518195152, 0.01861049234867096, 0.01851947233080864, 0.017781049013137817, 0.017547227442264557, 0.01767737790942192, 0.017982590943574905, 0.018552839756011963, 0.01949746161699295, 0.019332021474838257, 0.019413132220506668, 0.01956002414226532, 0.02132985182106495, 0.020555440336465836, 0.020004592835903168, 0.019612152129411697, 0.02034980244934559, 0.01999957673251629, 0.02025466598570347, 0.019900716841220856, 0.02002706378698349, 0.020480234175920486, 0.020063314586877823, 0.020046651363372803, 0.0199468694627285, 0.01998027414083481, 0.019140690565109253, 0.019485827535390854, 0.014741783030331135, 0.01592075452208519, 0.01607450097799301, 0.016353052109479904, 0.01669212430715561, 0.016698487102985382, 0.01728864759206772, 0.01725447177886963, 0.016310494393110275, 0.016213392838835716, 0.016262542456388474, 0.0169113390147686, 0.016859954223036766, 0.01589621603488922, 0.01622382178902626, 0.016857536509633064, 0.0176505446434021, 0.01650497317314148, 0.01601972058415413, 0.016152668744325638, 0.016309957951307297, 0.016681045293807983, 0.016612261533737183, 0.016923945397138596, 0.016467295587062836, 0.017196618020534515, 0.018329106271266937, 0.018855951726436615, 0.01930416375398636, 0.020445778965950012, 0.019704148173332214, 0.019424691796302795, 0.01908162236213684, 0.019360383972525597, 0.019764017313718796, 0.018960151821374893, 0.018976720049977303, 0.019566552713513374, 0.02084108628332615, 0.020218703895807266, 0.020168613642454147, 0.020702943205833435, 0.015720020979642868], 'L_si': [0.007525455206632614, 0.008425268344581127, 0.008081227540969849, 0.008695825934410095, 0.008783739991486073, 0.009049978107213974, 0.00916584488004446, 0.008882266469299793, 0.00872831977903843, 0.008308139629662037, 0.0077530634589493275, 0.007116506341844797, 0.006842948962002993, 0.00663572084158659, 0.006209263112396002, 0.006265867967158556, 0.006343308836221695, 0.006554320454597473, 0.006488853134214878, 0.006505729630589485, 0.006891400087624788, 0.0072432151064276695, 0.00668205926194787, 0.006981906481087208, 0.007147958967834711, 0.0108952596783638, 0.014504410326480865, 0.012377322651445866, 0.01069792453199625, 0.011510857380926609, 0.011843333952128887, 0.012168006971478462, 0.012941280379891396, 0.01460884790867567, 0.012561428360641003, 0.013182470574975014, 0.00972829945385456, 0.006199675612151623, 0.005762621760368347, 0.005934814922511578, 0.006989069748669863, 0.007398243062198162, 0.005588917061686516, 0.0045000361278653145, 0.00463640782982111, 0.004202254116535187, 0.003881145268678665, 0.003985582385212183, 0.004014476668089628, 0.004166911356151104, 0.004102639388293028, 0.0042402297258377075, 0.004258702043443918, 0.004439162090420723, 0.0043218000791966915, 0.00439305929467082, 0.0042100464925169945, 0.004258737433701754, 0.004240731243044138, 0.0043746232986450195, 0.0044583408161997795, 0.0043298788368701935, 0.004386098589748144, 0.004195105284452438, 0.004388602450489998, 0.004413450136780739, 0.0046155331656336784, 0.0044517675414681435, 0.004706662613898516, 0.004631868097931147, 0.00468879658728838, 0.00474334554746747, 0.004767041187733412, 0.00482409680262208, 0.004888245835900307, 0.005127951502799988, 0.004996122792363167, 0.005070340353995562, 0.005257057957351208, 0.0049590012058615685, 0.0049190702848136425, 0.005272280424833298, 0.005517837591469288, 0.005643533077090979, 0.005545862019062042, 0.005506930407136679, 0.0056140185333788395, 0.005493085831403732, 0.005613833200186491, 0.005852007307112217, 0.006009247153997421, 0.005941071081906557, 0.006193817593157291, 0.005970323458313942, 0.006005877163261175, 0.005475112237036228, 0.005548663903027773, 0.005581252742558718, 0.00594039261341095, 0.005803551059216261, 0.006153519731014967, 0.006121891550719738, 0.00725573068484664, 0.006468148902058601, 0.006034171674400568, 0.005849811714142561, 0.005735048558562994, 0.006135865114629269, 0.005748811177909374, 0.005507580935955048, 0.005362167954444885, 0.0051579708233475685, 0.0045091453939676285, 0.004462323617190123, 0.00449754623696208, 0.004669539630413055, 0.004373964853584766, 0.004425282124429941, 0.004477784503251314, 0.004448454827070236, 0.004553379025310278, 0.004617894534021616, 0.004834391176700592, 0.004975152667611837, 0.0050094942562282085, 0.005045854486525059, 0.005209673661738634, 0.005573274102061987, 0.005690423306077719, 0.006330312229692936, 0.006141530815511942, 0.007106024771928787, 0.007235235534608364, 0.00710500730201602, 0.007195554208010435, 0.008636724203824997, 0.010497931391000748, 0.01088210754096508, 0.009806063957512379, 0.010136043652892113, 0.009625954553484917, 0.010012340731918812, 0.01257579680532217, 0.011001774109899998, 0.010628804564476013, 0.009197190403938293, 0.008422046899795532, 0.007728537544608116, 0.007929269224405289, 0.010271505452692509, 0.013003107160329819, 0.016763554885983467, 0.016798803582787514, 0.015253148041665554, 0.009964283555746078, 0.007885932922363281, 0.007575602270662785, 0.007121767848730087, 0.006530276499688625, 0.004284650087356567, 0.004233613144606352, 0.004437006078660488, 0.004770046100020409, 0.004941875115036964, 0.005199830047786236, 0.005349884275346994, 0.004927158355712891, 0.004928276874125004, 0.004748372361063957, 0.004842548631131649, 0.004762858618050814, 0.00478732492774725, 0.005213231313973665, 0.005169531796127558, 0.005056585650891066, 0.005235559307038784, 0.005783019121736288, 0.006315035279840231, 0.005254024174064398, 0.004983062855899334, 0.004888772498816252, 0.005514656193554401, 0.005796165205538273, 0.005815085023641586, 0.005634481552988291, 0.005145309492945671, 0.005460650660097599, 0.005910271313041449, 0.0060122935101389885, 0.005827372428029776, 0.005124358460307121, 0.005910689942538738, 0.005023186560720205, 0.004976412747055292, 0.0055737122893333435, 0.006043711211532354, 0.006662178784608841, 0.006363674998283386, 0.007255860138684511, 0.006760179530829191, 0.00680130859836936, 0.006223567761480808, 0.00619081873446703, 0.0067455098032951355, 0.007878098636865616, 0.007375077344477177, 0.008068396709859371, 0.008366528898477554, 0.0076613095588982105, 0.0078033944591879845, 0.006583060137927532, 0.007254633121192455, 0.00785632710903883, 0.007174399681389332, 0.006650074850767851, 0.00608022278174758, 0.00606587715446949, 0.0059718540869653225, 0.004438195843249559, 0.005448673851788044, 0.004876076243817806, 0.004602781962603331, 0.00377150671556592, 0.0043829018250107765, 0.0038218796253204346, 0.0033567517530173063, 0.0037627050187438726, 0.005502750165760517, 0.004644413013011217, 0.004309775307774544, 0.004745529033243656, 0.005717810709029436, 0.005035911221057177, 0.005941759329289198, 0.006499632727354765, 0.0048470464535057545, 0.005414344370365143, 0.006146028637886047, 0.004241124261170626, 0.004792546387761831, 0.004004728980362415, 0.0037403141614049673, 0.004875146318227053, 0.0034775128588080406, 0.004617717582732439, 0.003962494432926178, 0.004231681115925312, 0.004345017019659281, 0.004357215482741594, 0.004596651531755924, 0.004338012542575598, 0.004706200677901506, 0.004553796723484993, 0.004464713390916586, 0.004960954189300537, 0.004930720664560795, 0.006289138924330473, 0.005670633167028427, 0.005278721451759338, 0.006289769429713488, 0.006287881638854742, 0.005246500950306654, 0.006178088486194611, 0.00621641892939806, 0.006335863843560219, 0.0061190323904156685, 0.006865158211439848, 0.007174382917582989, 0.006817761342972517, 0.006791723892092705, 0.007102785166352987, 0.007835728116333485, 0.008300218731164932, 0.008790239691734314, 0.00859101116657257, 0.008024686016142368, 0.010063712485134602, 0.009818722493946552, 0.00921715795993805, 0.010815471410751343, 0.010334326885640621, 0.010506889782845974, 0.01039246004074812, 0.01048300787806511, 0.011749468743801117, 0.011957868933677673, 0.012431714683771133, 0.013321412727236748, 0.013200599700212479, 0.013455221429467201, 0.013425967656075954, 0.014637846499681473, 0.013821118511259556, 0.012171938084065914, 0.011809115298092365, 0.010509783402085304, 0.010585794225335121, 0.010786826722323895, 0.010560899041593075, 0.010766050778329372, 0.010527038015425205, 0.01077954564243555, 0.011230815201997757, 0.011790165677666664, 0.012489592656493187, 0.012711550109088421, 0.012481283396482468, 0.012904888018965721, 0.013524355366826057, 0.013539188541471958, 0.013449236750602722, 0.0136572839692235, 0.014162225648760796, 0.015987440943717957, 0.016416721045970917, 0.01710452511906624, 0.01721201278269291, 0.017531968653202057, 0.017817065119743347, 0.018397079780697823, 0.018676133826375008, 0.018890228122472763, 0.019187450408935547, 0.020645655691623688, 0.020915396511554718, 0.019818227738142014, 0.019480641931295395, 0.01805303990840912, 0.016023369506001472, 0.015665259212255478, 0.015222710557281971, 0.0126747852191329, 0.011186135932803154, 0.010239722207188606, 0.008916382677853107, 0.007896260358393192, 0.00706689665094018, 0.006314745172858238, 0.006128694396466017, 0.005901913158595562, 0.005500966217368841, 0.005360476206988096, 0.005323314107954502, 0.005211222916841507, 0.00541714346036315, 0.004986426793038845, 0.004892261698842049, 0.005069824866950512, 0.0047975219786167145, 0.004522591829299927, 0.004421408753842115, 0.004289643373340368, 0.004303210414946079, 0.004462060052901506, 0.004682912491261959, 0.005333060398697853, 0.005602334626019001, 0.005411554127931595, 0.005751379299908876, 0.005259732250124216, 0.0052034249529242516, 0.005094840191304684, 0.0050615365616977215, 0.005092566832900047, 0.00510920537635684, 0.004927641246467829, 0.0049754781648516655, 0.0052772024646401405, 0.005284467712044716, 0.005376267246901989, 0.005491937045007944, 0.005625341087579727, 0.006032284814864397, 0.005622188560664654, 0.005887881852686405, 0.005625908728688955, 0.005914117209613323, 0.005693431943655014, 0.005585070233792067, 0.005439491011202335, 0.004929512273520231, 0.005521552171558142, 0.005535795819014311, 0.006350147537887096, 0.006849423982203007, 0.007259440142661333, 0.008268149569630623, 0.009634016081690788, 0.010079602710902691, 0.01075279526412487, 0.009749410673975945, 0.009561313316226006, 0.009030175395309925, 0.010122962296009064, 0.009582632221281528, 0.008107012137770653, 0.006243057083338499, 0.006502391770482063, 0.006757281720638275, 0.007097348570823669, 0.007285922300070524, 0.007425262592732906, 0.0073259612545371056, 0.00687243789434433, 0.006761171389371157, 0.007491469383239746, 0.0074343024753034115, 0.0075616855174303055, 0.007794502656906843, 0.007580183446407318, 0.0074464548379182816, 0.00718992343172431, 0.007614782080054283, 0.007309644483029842, 0.007592536974698305, 0.008275115862488747, 0.00805811770260334, 0.008022157475352287, 0.007756791543215513, 0.007875648327171803, 0.007854033261537552, 0.007950921542942524, 0.008191135711967945, 0.007665317039936781, 0.0074384259060025215, 0.007880722172558308, 0.008161804638803005, 0.008516289293766022, 0.008541103452444077, 0.008302501402795315, 0.008677325211465359, 0.008557701483368874, 0.008023831062018871, 0.007888597436249256, 0.008214887231588364, 0.008335930295288563, 0.008697944693267345, 0.009268232621252537, 0.009302058257162571, 0.009373458102345467, 0.009522396139800549, 0.010647844523191452, 0.010337956249713898, 0.010034572333097458, 0.009875989519059658, 0.010432630777359009, 0.010292930528521538, 0.010516869835555553, 0.010386135429143906, 0.010439022444188595, 0.010697396472096443, 0.010270150378346443, 0.010227203369140625, 0.010265982709825039, 0.010417775250971317, 0.009784065186977386, 0.010261493735015392, 0.007402543909847736, 0.008184796199202538, 0.00819335412234068, 0.00829014740884304, 0.008247916586697102, 0.00829404778778553, 0.008573723025619984, 0.008639849722385406, 0.00805151741951704, 0.007947834208607674, 0.008002924732863903, 0.008279458619654179, 0.008305719122290611, 0.007868807762861252, 0.008195558562874794, 0.008569441735744476, 0.00879918783903122, 0.00816795602440834, 0.00813094899058342, 0.00799483060836792, 0.008240070194005966, 0.008420347236096859, 0.008151366375386715, 0.008495014160871506, 0.008245518431067467, 0.008843805640935898, 0.009074284695088863, 0.009454968385398388, 0.009737871587276459, 0.01065237820148468, 0.01072700135409832, 0.010531877167522907, 0.010281414724886417, 0.010459968820214272, 0.01059663761407137, 0.010117498226463795, 0.009993301704525948, 0.010438719764351845, 0.01119491271674633, 0.010747968219220638, 0.010689305141568184, 0.01102085504680872, 0.010985314846038818], 'L_grad': [0.008590992540121078, 0.009051072411239147, 0.008874651044607162, 0.009113788604736328, 0.009149255231022835, 0.009206566959619522, 0.009241936728358269, 0.00893359538167715, 0.00882775615900755, 0.008601408451795578, 0.008357199840247631, 0.008134018629789352, 0.008065999485552311, 0.008008678443729877, 0.007759587839245796, 0.00792403519153595, 0.008062143810093403, 0.008078603073954582, 0.00815485417842865, 0.008128859102725983, 0.008325852453708649, 0.0086041996255517, 0.008480644784867764, 0.00876725371927023, 0.008835269138216972, 0.01100330613553524, 0.012375595979392529, 0.012254618108272552, 0.011758185923099518, 0.012171119451522827, 0.012337222695350647, 0.01249726302921772, 0.012673400342464447, 0.012571003288030624, 0.011011473834514618, 0.010592829436063766, 0.009676319546997547, 0.00831663142889738, 0.007916610687971115, 0.008051959797739983, 0.00826033391058445, 0.008054499514400959, 0.007173525169491768, 0.0067785815335810184, 0.006925477646291256, 0.006474516354501247, 0.006203095428645611, 0.006499432493001223, 0.006543195806443691, 0.006720128934830427, 0.006724013946950436, 0.006902995519340038, 0.006628336850553751, 0.0067900847643613815, 0.0067503866739571095, 0.006932207848876715, 0.0067789992317557335, 0.006841841619461775, 0.0067797028459608555, 0.0069630201905965805, 0.007107204757630825, 0.007062922231853008, 0.006960461847484112, 0.006783106364309788, 0.006788032129406929, 0.006758266128599644, 0.006952229887247086, 0.00695850420743227, 0.007023483049124479, 0.006966006942093372, 0.006998666562139988, 0.007082474417984486, 0.00710521824657917, 0.007146977819502354, 0.007360631600022316, 0.007508363574743271, 0.007521355524659157, 0.007598561234772205, 0.00784837082028389, 0.0076842037960886955, 0.0076413871720433235, 0.007761139888316393, 0.00791874434798956, 0.008020283654332161, 0.008339018560945988, 0.008196822367608547, 0.008318345062434673, 0.008193142712116241, 0.008203305304050446, 0.008343655616044998, 0.008458800613880157, 0.008401650935411453, 0.008850641548633575, 0.008592182770371437, 0.008454988710582256, 0.008099200204014778, 0.008159522898495197, 0.008393026888370514, 0.008714253082871437, 0.008799020200967789, 0.009176386520266533, 0.009478453546762466, 0.010376371443271637, 0.00959798600524664, 0.00918616447597742, 0.00949266366660595, 0.009354467503726482, 0.009622355923056602, 0.009512815624475479, 0.009315433911979198, 0.009077616035938263, 0.008966497145593166, 0.008403286337852478, 0.008338588289916515, 0.008606575429439545, 0.00887797400355339, 0.008425798267126083, 0.008351488038897514, 0.008474363945424557, 0.008334726095199585, 0.008263054303824902, 0.008507750928401947, 0.008623137138783932, 0.008814024738967419, 0.008748196996748447, 0.00888083130121231, 0.009091340005397797, 0.009478231891989708, 0.009573770686984062, 0.010361745953559875, 0.010230518877506256, 0.010858708992600441, 0.010793812572956085, 0.010446318425238132, 0.01072649098932743, 0.012011140584945679, 0.01335582509636879, 0.01382572203874588, 0.013816053047776222, 0.01354769617319107, 0.013222317211329937, 0.013616790995001793, 0.014189660549163818, 0.0139079038053751, 0.013099977746605873, 0.011797084473073483, 0.010805090889334679, 0.010340826585888863, 0.009691022336483002, 0.010066921822726727, 0.010907601565122604, 0.011306517757475376, 0.011034468188881874, 0.010480721481144428, 0.009537097997963428, 0.00884335208684206, 0.00877025630325079, 0.008256612345576286, 0.007934574037790298, 0.006949646398425102, 0.006818273104727268, 0.006929171271622181, 0.007137578446418047, 0.007301416248083115, 0.007445410825312138, 0.007447945885360241, 0.007212163880467415, 0.006954438053071499, 0.006819136440753937, 0.0069746761582791805, 0.007122159935534, 0.007368019782006741, 0.007486042100936174, 0.007310627028346062, 0.007278178818523884, 0.007710824254900217, 0.007836583070456982, 0.008285030722618103, 0.007547600194811821, 0.007651931140571833, 0.007600107230246067, 0.007954493165016174, 0.00808889139443636, 0.008038416504859924, 0.00818655639886856, 0.007778501603752375, 0.007884038612246513, 0.00824382808059454, 0.008194651454687119, 0.008141334168612957, 0.007651639636605978, 0.008038884028792381, 0.007405710406601429, 0.007356258109211922, 0.007609569001942873, 0.00790171418339014, 0.008067105896770954, 0.007892725989222527, 0.008375308476388454, 0.00789309199899435, 0.007713064085692167, 0.007471579127013683, 0.007342054042965174, 0.007498754188418388, 0.008080215193331242, 0.007620026357471943, 0.00788035523146391, 0.008140761405229568, 0.007820374332368374, 0.007951231673359871, 0.007390597835183144, 0.007750335149466991, 0.008034746162593365, 0.007438259199261665, 0.007447737269103527, 0.007176562212407589, 0.0073715560138225555, 0.007274162955582142, 0.0062993597239255905, 0.0071532996371388435, 0.006970523856580257, 0.00672884751111269, 0.006109460256993771, 0.0066251372918486595, 0.006180455908179283, 0.005814749747514725, 0.005964831914752722, 0.00744815357029438, 0.006772278342396021, 0.006676340010017157, 0.007004809565842152, 0.0076108830980956554, 0.007055259309709072, 0.007696118205785751, 0.008048337884247303, 0.006808573845773935, 0.007188348099589348, 0.00799863412976265, 0.0065983193926513195, 0.007230265997350216, 0.006693171802908182, 0.006499942392110825, 0.00753121729940176, 0.006471550092101097, 0.007338475435972214, 0.006799599155783653, 0.0068217371590435505, 0.007021827157586813, 0.0070757390931248665, 0.007095144130289555, 0.006890035234391689, 0.007047710940241814, 0.006979160010814667, 0.006858406588435173, 0.007017184980213642, 0.007023543585091829, 0.007904483005404472, 0.007446804083883762, 0.007268501911312342, 0.007707796059548855, 0.007728974334895611, 0.007039105519652367, 0.007694713305681944, 0.007764003239572048, 0.00786722544580698, 0.00780609343200922, 0.00830783974379301, 0.008728411979973316, 0.008253470994532108, 0.008383911103010178, 0.00862277951091528, 0.009229041635990143, 0.00944733340293169, 0.009742087684571743, 0.009530170820653439, 0.009118574671447277, 0.010257355868816376, 0.010133683681488037, 0.009667502716183662, 0.010557129979133606, 0.010189028456807137, 0.010097242891788483, 0.009896882809698582, 0.009667318314313889, 0.010192105546593666, 0.010196239687502384, 0.010156211443245411, 0.010177993215620518, 0.010170383378863335, 0.010326622985303402, 0.010410231538116932, 0.010752100497484207, 0.010303542017936707, 0.0094497911632061, 0.009044460952281952, 0.007981567643582821, 0.008077548816800117, 0.008264307864010334, 0.008283814415335655, 0.008516713976860046, 0.008361219428479671, 0.008275294676423073, 0.008229568600654602, 0.00820706132799387, 0.008313992992043495, 0.008328711614012718, 0.008181069046258926, 0.008376072160899639, 0.008556684479117393, 0.008622391149401665, 0.008699856698513031, 0.00909644365310669, 0.009404992684721947, 0.01019715890288353, 0.010457453317940235, 0.010941939428448677, 0.011020949110388756, 0.010977383702993393, 0.011071965098381042, 0.011545127257704735, 0.01174257230013609, 0.01197969913482666, 0.011576778255403042, 0.01204441674053669, 0.012541970238089561, 0.012422334402799606, 0.01267840526998043, 0.01214154064655304, 0.011342096142470837, 0.010938464663922787, 0.010348977521061897, 0.009616037830710411, 0.00875470507889986, 0.008212774991989136, 0.00794463325291872, 0.007749536074697971, 0.007897615432739258, 0.00778173329308629, 0.008045910857617855, 0.009078447706997395, 0.008862124755978584, 0.008622098714113235, 0.00866344477981329, 0.008537680841982365, 0.008692508563399315, 0.008744778111577034, 0.008789431303739548, 0.008653870783746243, 0.008324841037392616, 0.007752859033644199, 0.0075551364570856094, 0.007431825622916222, 0.0072775972075760365, 0.007512909825891256, 0.007767749950289726, 0.008167632855474949, 0.00829998403787613, 0.008327631279826164, 0.00850939005613327, 0.008254479616880417, 0.008348887786269188, 0.008011764846742153, 0.00794273056089878, 0.008070412091910839, 0.008245022036135197, 0.008173862472176552, 0.008062507025897503, 0.008248674683272839, 0.008313312195241451, 0.008310530334711075, 0.008266461081802845, 0.008401185274124146, 0.008582323789596558, 0.008320911787450314, 0.008518999442458153, 0.008337907493114471, 0.008286409080028534, 0.007850945927202702, 0.008188946172595024, 0.008277187123894691, 0.007700290530920029, 0.007778792176395655, 0.00767158716917038, 0.008265946991741657, 0.008644900284707546, 0.009446359239518642, 0.009546671062707901, 0.010164850391447544, 0.0106153953820467, 0.010830976068973541, 0.009451637044548988, 0.00895165465772152, 0.009085457772016525, 0.010087334550917149, 0.010507788509130478, 0.009469578973948956, 0.00836985744535923, 0.008539831265807152, 0.008618825115263462, 0.008788679726421833, 0.009036015719175339, 0.009009101428091526, 0.00893444288522005, 0.008632348850369453, 0.008490188978612423, 0.008960044011473656, 0.008912041783332825, 0.008918236941099167, 0.009054851718246937, 0.008955823257565498, 0.008776675909757614, 0.008869869634509087, 0.009077755734324455, 0.008802594617009163, 0.009080721065402031, 0.009459160268306732, 0.009538768790662289, 0.009537508711218834, 0.009385333396494389, 0.009558770805597305, 0.009368238970637321, 0.009422136470675468, 0.009554238058626652, 0.009216269478201866, 0.009220285341143608, 0.009562617167830467, 0.009783011861145496, 0.009817940182983875, 0.009929507039487362, 0.009763657115399837, 0.0099331671372056, 0.009961770847439766, 0.00975721888244152, 0.009658629074692726, 0.009462489746510983, 0.009646661579608917, 0.009854895062744617, 0.010229228064417839, 0.010029963217675686, 0.010039674118161201, 0.010037628933787346, 0.010682007297873497, 0.010217483155429363, 0.009970019571483135, 0.00973616261035204, 0.00991717167198658, 0.009706646203994751, 0.009737796150147915, 0.009514580480754375, 0.00958804041147232, 0.009782838635146618, 0.009793165139853954, 0.009819447062909603, 0.009680885821580887, 0.009562497958540916, 0.009356624446809292, 0.009224332869052887, 0.0073392391204833984, 0.007735957857221365, 0.007881147786974907, 0.008062905631959438, 0.008444208651781082, 0.008404439315199852, 0.00871492363512516, 0.008614622056484222, 0.00825897790491581, 0.008265558630228043, 0.00825961772352457, 0.008631881326436996, 0.008554235100746155, 0.00802740827202797, 0.008028264157474041, 0.008288094773888588, 0.00885135680437088, 0.008337017148733139, 0.00788877159357071, 0.008157838135957718, 0.00806988775730133, 0.008260698989033699, 0.008460896089673042, 0.008428932167589664, 0.008221777155995369, 0.008352812379598618, 0.0092548206448555, 0.009400982409715652, 0.009566291235387325, 0.009793400764465332, 0.00897714588791132, 0.008892815560102463, 0.008800208568572998, 0.008900415152311325, 0.009167378768324852, 0.008842652663588524, 0.008983418345451355, 0.00912783294916153, 0.009646173566579819, 0.009470734745264053, 0.009479309432208538, 0.009682088159024715, 0.004734705667942762]}
Saving current best: model_best.pth.tar ...
all losses in batch in validation:  {'loss': [0.016337262466549873, 0.016952840611338615, 0.01710529625415802, 0.017216041684150696, 0.016876641660928726, 0.01715940237045288, 0.017465006560087204, 0.017128419131040573, 0.017064686864614487, 0.016663413494825363, 0.015535792335867882, 0.015192530117928982, 0.015005288645625114, 0.01496241893619299, 0.014718245714902878, 0.01509409211575985, 0.015759717673063278, 0.01607969030737877, 0.016158726066350937, 0.01601734757423401, 0.01664804294705391, 0.01690911501646042, 0.01623706892132759, 0.016356781125068665, 0.016498561948537827, 0.019810743629932404, 0.022414933890104294, 0.022312797605991364, 0.020963512361049652, 0.021472375839948654, 0.021341990679502487, 0.022188324481248856, 0.024254262447357178, 0.02561814710497856, 0.020912615582346916, 0.02162042260169983, 0.017006665468215942, 0.013530287891626358, 0.013158544898033142, 0.013409070670604706, 0.01477835513651371, 0.014111557975411415, 0.012498184107244015, 0.01123850792646408, 0.011622115969657898, 0.010794339701533318, 0.010164094157516956, 0.010607843287289143, 0.010505776852369308, 0.010715349577367306, 0.010594123974442482, 0.010817266069352627, 0.010659664869308472, 0.01114845834672451, 0.010938088409602642, 0.01114625483751297, 0.01083460170775652, 0.010976767167448997, 0.010962202213704586, 0.011242108419537544, 0.011426643468439579, 0.011069039814174175, 0.011246300302445889, 0.010903761722147465, 0.01099318079650402, 0.011064242571592331, 0.011473636142909527, 0.011322317644953728, 0.011466871947050095, 0.011508998461067677, 0.011610874906182289, 0.011660893447697163, 0.011714039370417595, 0.01204416248947382, 0.012418920174241066, 0.012720152735710144, 0.012483041733503342, 0.01260269246995449, 0.012976095080375671, 0.012795310467481613, 0.012624910101294518, 0.012874784879386425, 0.012999044731259346, 0.013260138221085072, 0.013630738481879234, 0.01348702423274517, 0.01340719498693943, 0.013377906754612923, 0.013303646817803383, 0.013650791719555855, 0.014042669907212257, 0.014178800396621227, 0.014844536781311035, 0.014264952391386032, 0.014055497944355011, 0.01334687601774931, 0.013599526137113571, 0.013979582116007805, 0.014343198388814926, 0.014031249098479748, 0.014889849349856377, 0.014983830973505974, 0.016603391617536545, 0.01578460820019245, 0.015000354498624802, 0.015494411811232567, 0.015303562395274639, 0.015829844400286674, 0.015453577972948551, 0.015182496048510075, 0.014581533148884773, 0.014224458485841751, 0.013319038785994053, 0.012815803289413452, 0.01301440130919218, 0.013575499877333641, 0.012738645076751709, 0.012650910764932632, 0.012419603765010834, 0.012368803843855858, 0.012548604980111122, 0.012865964323282242, 0.013287362642586231, 0.01337878592312336, 0.013876328244805336, 0.01402762159705162, 0.014398585073649883, 0.015091992914676666, 0.015520405024290085, 0.016435030847787857, 0.016026731580495834, 0.017243031412363052, 0.01743013970553875, 0.01670714095234871, 0.017715785652399063, 0.019816402345895767, 0.021782327443361282, 0.02448975294828415, 0.02464291825890541, 0.025401856750249863, 0.025907857343554497, 0.025400493294000626, 0.028471101075410843, 0.02705966681241989, 0.02923426777124405, 0.023900503292679787, 0.02027713879942894, 0.01895340345799923, 0.021149955689907074, 0.023744864389300346, 0.024251889437437057, 0.0260026752948761, 0.02269764617085457, 0.020361829549074173, 0.017089921981096268, 0.015822431072592735, 0.01537102647125721, 0.014537254348397255, 0.013289072550833225, 0.012352392077445984, 0.01230312418192625, 0.012191658839583397, 0.012832521460950375, 0.012990660965442657, 0.013188115321099758, 0.013782504014670849, 0.01264135167002678, 0.012228762730956078, 0.01170197781175375, 0.011932061985135078, 0.012021341361105442, 0.012034546583890915, 0.012676914222538471, 0.012183553539216518, 0.011867152526974678, 0.012732697650790215, 0.01281604915857315, 0.013043960556387901, 0.012611530721187592, 0.011993752792477608, 0.012111540883779526, 0.012878810986876488, 0.012639850378036499, 0.012923292815685272, 0.01307339034974575, 0.012649085372686386, 0.012201075442135334, 0.012828013859689236, 0.013157670386135578, 0.013156643137335777, 0.012701493687927723, 0.013187436386942863, 0.01271522045135498, 0.01236314233392477, 0.012387808412313461, 0.012689031660556793, 0.013083675876259804, 0.013079553842544556, 0.014529029838740826, 0.013367200270295143, 0.012922854162752628, 0.013889819383621216, 0.014168942347168922, 0.014402121305465698, 0.015115395188331604, 0.014869578182697296, 0.01500045694410801, 0.015478864312171936, 0.014211168512701988, 0.015397032722830772, 0.0145336939021945, 0.015065903775393963, 0.016180917620658875, 0.01446898840367794, 0.014397352002561092, 0.01424352265894413, 0.013671621680259705, 0.013593735173344612, 0.011846046894788742, 0.013622418977320194, 0.012139394879341125, 0.011980237439274788, 0.010735249146819115, 0.011732306331396103, 0.010125498287379742, 0.009965933859348297, 0.010357266291975975, 0.013076054863631725, 0.012202627025544643, 0.01039634644985199, 0.012212480418384075, 0.013005245476961136, 0.011955762282013893, 0.01316426694393158, 0.01359409000724554, 0.011054204776883125, 0.011484868824481964, 0.013173731043934822, 0.009687656536698341, 0.011996202170848846, 0.011423315852880478, 0.010669290088117123, 0.013035506010055542, 0.01080572884529829, 0.012930062599480152, 0.01185891218483448, 0.011631716974079609, 0.011939462274312973, 0.012220645323395729, 0.012280076742172241, 0.011440321803092957, 0.012307114899158478, 0.011668069288134575, 0.011398043483495712, 0.011793987825512886, 0.01134293619543314, 0.013402024284005165, 0.01226018462330103, 0.011646203696727753, 0.013433942571282387, 0.013577267527580261, 0.011761132627725601, 0.013759622350335121, 0.014113890007138252, 0.014284132048487663, 0.014234480448067188, 0.015402632765471935, 0.015674814581871033, 0.015252265147864819, 0.015202296897768974, 0.015621776692569256, 0.01708538830280304, 0.01751047745347023, 0.01795751228928566, 0.017658814787864685, 0.017119864001870155, 0.020943963900208473, 0.02055274322628975, 0.019781507551670074, 0.022236421704292297, 0.021507706493139267, 0.02161557227373123, 0.021128125488758087, 0.02101104147732258, 0.022518716752529144, 0.022945599630475044, 0.023321785032749176, 0.024615541100502014, 0.0240187868475914, 0.024091389030218124, 0.0243612639605999, 0.025519682094454765, 0.024139419198036194, 0.022100554779171944, 0.021887846291065216, 0.019584959372878075, 0.02263345941901207, 0.022195596247911453, 0.021803587675094604, 0.02131347544491291, 0.020606182515621185, 0.02064966782927513, 0.02056833729147911, 0.021448420360684395, 0.021249914541840553, 0.021472983062267303, 0.02070613019168377, 0.021113146096467972, 0.021362967789173126, 0.02188108116388321, 0.02198971062898636, 0.022484134882688522, 0.023477736860513687, 0.02672523632645607, 0.02764626406133175, 0.02847980707883835, 0.028929218649864197, 0.029121454805135727, 0.02947360649704933, 0.031549468636512756, 0.0316641703248024, 0.030436040833592415, 0.03059432841837406, 0.03289961814880371, 0.033658720552921295, 0.03242221474647522, 0.031002379953861237, 0.02954503521323204, 0.02655600756406784, 0.026089860126376152, 0.025902345776557922, 0.023668989539146423, 0.02224341407418251, 0.019347500056028366, 0.017539583146572113, 0.01630433462560177, 0.01583419181406498, 0.014964157715439796, 0.015128349885344505, 0.015157390385866165, 0.014408010989427567, 0.014277847483754158, 0.014269947074353695, 0.014604177325963974, 0.014099808409810066, 0.013811000622808933, 0.013592630624771118, 0.013470681384205818, 0.01334066316485405, 0.012385915964841843, 0.012177940458059311, 0.012117791920900345, 0.01195540465414524, 0.012390680611133575, 0.01304827630519867, 0.01370592787861824, 0.014057377353310585, 0.014171883463859558, 0.014658959582448006, 0.013938333839178085, 0.013837608508765697, 0.013381676748394966, 0.013287952169775963, 0.013391068205237389, 0.013798825442790985, 0.013446827419102192, 0.013338876888155937, 0.013657919131219387, 0.013705121353268623, 0.013899031095206738, 0.014048016630113125, 0.014594119973480701, 0.015053898096084595, 0.015004116110503674, 0.01565832644701004, 0.014666498638689518, 0.014647475443780422, 0.01377825252711773, 0.014514060690999031, 0.013830447569489479, 0.012943184934556484, 0.013890779577195644, 0.013959314674139023, 0.015635518357157707, 0.016685491427779198, 0.018683521077036858, 0.020479446277022362, 0.02450741082429886, 0.027797408401966095, 0.028744518756866455, 0.024294309318065643, 0.023417286574840546, 0.021649999544024467, 0.022820185869932175, 0.022372353821992874, 0.01967170462012291, 0.017290178686380386, 0.01736437901854515, 0.017410803586244583, 0.01805909164249897, 0.017664944753050804, 0.01744777336716652, 0.017958953976631165, 0.017531394958496094, 0.017538491636514664, 0.017724473029375076, 0.017550857737660408, 0.017372557893395424, 0.017497269436717033, 0.017444778233766556, 0.01646302454173565, 0.016307584941387177, 0.01665256917476654, 0.0164139736443758, 0.017014630138874054, 0.016044538468122482, 0.016563139855861664, 0.017280325293540955, 0.01725701615214348, 0.01716582290828228, 0.017187349498271942, 0.016920091584324837, 0.017037075012922287, 0.016876334324479103, 0.016975712031126022, 0.017471708357334137, 0.017835818231105804, 0.018040895462036133, 0.018414847552776337, 0.017907071858644485, 0.01824963465332985, 0.018483133986592293, 0.01816697046160698, 0.018137743696570396, 0.018384981900453568, 0.01936092972755432, 0.01991855353116989, 0.020316805690526962, 0.020616255700588226, 0.021733595058321953, 0.02204217202961445, 0.023956110700964928, 0.02294769138097763, 0.022204969078302383, 0.021961335092782974, 0.023317929357290268, 0.02294200100004673, 0.02279731258749962, 0.022161148488521576, 0.021670158952474594, 0.02126297354698181, 0.021286051720380783, 0.021153967827558517, 0.020900990813970566, 0.021775636821985245, 0.02047077938914299, 0.02064051851630211, 0.015530869364738464, 0.01601150818169117, 0.015804702416062355, 0.016032638028264046, 0.016309086233377457, 0.01657971180975437, 0.016114074736833572, 0.016185637563467026, 0.016006547957658768, 0.016312573105096817, 0.016249824315309525, 0.0161911491304636, 0.016382135450839996, 0.016358694061636925, 0.01658269762992859, 0.017464563250541687, 0.01848754473030567, 0.01694275252521038, 0.015799950808286667, 0.016360096633434296, 0.016144640743732452, 0.01641213521361351, 0.016677817329764366, 0.017080970108509064, 0.016886798664927483, 0.017472587525844574, 0.0179116390645504, 0.01804095134139061, 0.01882472261786461, 0.020411241799592972, 0.020381636917591095, 0.019019223749637604, 0.018950238823890686, 0.02093971148133278, 0.02144607901573181, 0.0202364269644022, 0.020399712026119232, 0.020681999623775482, 0.021822718903422356, 0.021577108651399612, 0.02053270861506462, 0.02305619604885578, 0.015873771160840988], 'L_si': [0.007542179431766272, 0.007932518608868122, 0.00798565149307251, 0.008117877878248692, 0.007956585846841335, 0.008207946084439754, 0.008419359102845192, 0.008226281963288784, 0.008141537196934223, 0.007879350334405899, 0.007146925199776888, 0.006923619657754898, 0.006696970667690039, 0.0066193751990795135, 0.006437106058001518, 0.006612803321331739, 0.007025069557130337, 0.007313754875212908, 0.007291160989552736, 0.007223237305879593, 0.007580617908388376, 0.007810360752046108, 0.007175651378929615, 0.00724871875718236, 0.007255541626363993, 0.00922942254692316, 0.010884588584303856, 0.010623467154800892, 0.009704715572297573, 0.010088720358908176, 0.010046194307506084, 0.01060087326914072, 0.012019865214824677, 0.013438655994832516, 0.010746551677584648, 0.011552740819752216, 0.008031084202229977, 0.0057527413591742516, 0.005569961853325367, 0.005685493815690279, 0.00665053678676486, 0.006262161768972874, 0.005381836090236902, 0.004483694210648537, 0.004696318879723549, 0.004225739277899265, 0.003934953827410936, 0.004172372631728649, 0.004117870237678289, 0.004196035210043192, 0.004034274723380804, 0.004163211211562157, 0.004215919878333807, 0.004468664526939392, 0.004349219612777233, 0.004439476877450943, 0.004255177453160286, 0.0043122791685163975, 0.004278666339814663, 0.004384196363389492, 0.004445027559995651, 0.004241473972797394, 0.004354377277195454, 0.004184905905276537, 0.004278681706637144, 0.004347554408013821, 0.0045590149238705635, 0.004407679196447134, 0.004542594309896231, 0.0045636664144694805, 0.004660114645957947, 0.0046568019315600395, 0.004722952377051115, 0.004965364933013916, 0.005113888997584581, 0.005287226289510727, 0.005076367873698473, 0.005110653582960367, 0.005257733631879091, 0.0050956266932189465, 0.004925205837935209, 0.005133627913892269, 0.005257879383862019, 0.005308390595018864, 0.0053521329537034035, 0.005318865180015564, 0.0053443219512701035, 0.005266717169433832, 0.005257930140942335, 0.005470007658004761, 0.0057209269143640995, 0.0057158200070261955, 0.006037262734025717, 0.005718361586332321, 0.0056554111652076244, 0.005228598602116108, 0.005333846900612116, 0.005502348765730858, 0.005679469555616379, 0.005400573834776878, 0.005885303020477295, 0.005867652595043182, 0.006567663978785276, 0.006223872769623995, 0.005775279365479946, 0.005893722642213106, 0.005837194621562958, 0.006168494466692209, 0.005910403095185757, 0.005795824341475964, 0.005452149081975222, 0.005219591781497002, 0.004680805839598179, 0.004477616399526596, 0.004519968293607235, 0.00472691934555769, 0.004380491096526384, 0.004424567800015211, 0.004292891826480627, 0.004281651694327593, 0.004369502887129784, 0.004483179654926062, 0.004727805964648724, 0.004784325137734413, 0.005054002162069082, 0.00515747582539916, 0.00536363385617733, 0.005688523408025503, 0.005903467535972595, 0.006382901221513748, 0.006121236830949783, 0.006699325051158667, 0.0068952362053096294, 0.0065368665382266045, 0.007173769176006317, 0.00824751891195774, 0.009306265041232109, 0.010713356547057629, 0.010593024082481861, 0.011024094186723232, 0.011246033944189548, 0.01089596375823021, 0.013454005122184753, 0.011948423460125923, 0.013823248445987701, 0.010843237861990929, 0.008666370995342731, 0.008035837672650814, 0.009993878193199635, 0.012603377923369408, 0.013056987896561623, 0.01467660628259182, 0.011982133612036705, 0.010512175969779491, 0.008114637807011604, 0.007330060470849276, 0.006938362959772348, 0.006619313731789589, 0.0057562487199902534, 0.004829817451536655, 0.004795304033905268, 0.004766962490975857, 0.005239814519882202, 0.005273752845823765, 0.005473494529724121, 0.0057929689064621925, 0.005048590712249279, 0.004871710669249296, 0.004615698009729385, 0.0046342830173671246, 0.0047089578583836555, 0.004629061557352543, 0.005095062777400017, 0.004865082912147045, 0.004754171706736088, 0.005223019514232874, 0.005348273552954197, 0.005524416454136372, 0.005244830157607794, 0.004743868950754404, 0.00480945548042655, 0.0052812788635492325, 0.005179875530302525, 0.00532217463478446, 0.005274137947708368, 0.005105179268866777, 0.004927394911646843, 0.005403692834079266, 0.005468476563692093, 0.0055357906967401505, 0.005203454755246639, 0.0054798428900539875, 0.005296510644257069, 0.005091480445116758, 0.00509714987128973, 0.005286029074341059, 0.005525155924260616, 0.005610789638012648, 0.006565699353814125, 0.005955520085990429, 0.0057030608877539635, 0.0064112236723303795, 0.006692338269203901, 0.006946297828108072, 0.007294876966625452, 0.007230320479720831, 0.007340730633586645, 0.007694815751165152, 0.006829545833170414, 0.007652729284018278, 0.007097771391272545, 0.007401193492114544, 0.008088772185146809, 0.006971315480768681, 0.006776298396289349, 0.0066648852080106735, 0.006179346237331629, 0.006171735934913158, 0.005004505161195993, 0.006005174480378628, 0.004958756268024445, 0.00491449236869812, 0.004091173410415649, 0.0046722437255084515, 0.0037357641849666834, 0.003661015070974827, 0.003921729978173971, 0.005392669700086117, 0.004842050839215517, 0.003833116265013814, 0.004764515906572342, 0.005213003605604172, 0.004652002826333046, 0.005386674776673317, 0.0056630996987223625, 0.004248171579092741, 0.004507728386670351, 0.005374911706894636, 0.003393408376723528, 0.004534280858933926, 0.004179405514150858, 0.0038276780396699905, 0.00513082230463624, 0.003916897810995579, 0.005121432710438967, 0.004549109842628241, 0.004492436535656452, 0.004632821772247553, 0.0047309985384345055, 0.004833592567592859, 0.004422329366207123, 0.00492986710742116, 0.004584425128996372, 0.004450278356671333, 0.004760486073791981, 0.004473072476685047, 0.005697253625839949, 0.005045551806688309, 0.004664189647883177, 0.005836354568600655, 0.0059059783816337585, 0.004828230477869511, 0.0059767672792077065, 0.006079914513975382, 0.006206992547959089, 0.006112013012170792, 0.006783404387533665, 0.006835710257291794, 0.006743798963725567, 0.006686051841825247, 0.006974340416491032, 0.0077585745602846146, 0.008106839843094349, 0.008389647118747234, 0.008218538947403431, 0.00793636403977871, 0.010368089191615582, 0.010067665949463844, 0.009646601974964142, 0.011246059089899063, 0.010804899968206882, 0.011038911528885365, 0.010924983769655228, 0.010952836833894253, 0.012029040604829788, 0.012347724288702011, 0.012767800129950047, 0.013913559727370739, 0.01347136776894331, 0.013388783670961857, 0.013494335114955902, 0.014419376850128174, 0.01359789539128542, 0.012190092355012894, 0.012160614132881165, 0.010880457237362862, 0.012239858508110046, 0.012017824687063694, 0.011903160251677036, 0.011893774382770061, 0.011550603434443474, 0.011893886141479015, 0.012013373896479607, 0.012846633791923523, 0.012864682823419571, 0.013032018207013607, 0.01252206601202488, 0.012742213904857635, 0.012975011952221394, 0.013416076079010963, 0.013435089960694313, 0.013687924481928349, 0.014305682852864265, 0.016469649970531464, 0.01711469516158104, 0.017585594207048416, 0.01787053421139717, 0.018038321286439896, 0.01825418695807457, 0.019462570548057556, 0.01946869306266308, 0.018738064914941788, 0.019075296819210052, 0.020719386637210846, 0.021040044724941254, 0.019743751734495163, 0.01862017624080181, 0.017646469175815582, 0.015529746189713478, 0.015442045405507088, 0.0153711698949337, 0.013659955002367496, 0.012639820575714111, 0.010688131675124168, 0.009276221506297588, 0.008331255987286568, 0.0075076487846672535, 0.006774634588509798, 0.006558086257427931, 0.006060687359422445, 0.005468892399221659, 0.0053945682011544704, 0.005373211577534676, 0.0056229145266115665, 0.005433337297290564, 0.005070772022008896, 0.005007082596421242, 0.005126472562551498, 0.00500867934897542, 0.004626911133527756, 0.004541310016065836, 0.004458992276340723, 0.00446264399215579, 0.004699926823377609, 0.0050815618596971035, 0.005524540785700083, 0.005793572403490543, 0.005815527401864529, 0.006112140603363514, 0.005614310968667269, 0.005525331012904644, 0.0053968047723174095, 0.0052633266896009445, 0.005317604634910822, 0.005459411535412073, 0.005209674127399921, 0.005193487275391817, 0.0054163578897714615, 0.0054765078239142895, 0.005653025582432747, 0.005741165019571781, 0.006093614734709263, 0.00632760114967823, 0.006279365159571171, 0.006652727723121643, 0.006121136248111725, 0.006225340999662876, 0.0059175556525588036, 0.006140202283859253, 0.005453543737530708, 0.004966006614267826, 0.005754278041422367, 0.005921663250774145, 0.006897561252117157, 0.007417689077556133, 0.008564060553908348, 0.01019437238574028, 0.01318040769547224, 0.015394655987620354, 0.015893984586000443, 0.013022223487496376, 0.012886140495538712, 0.011486249044537544, 0.012219797819852829, 0.011513072066009045, 0.009581153281033039, 0.007977485656738281, 0.008012843318283558, 0.008044389076530933, 0.00851933378726244, 0.008279867470264435, 0.00815599225461483, 0.008517878130078316, 0.008193123154342175, 0.008177446201443672, 0.008272395469248295, 0.008164145052433014, 0.008017529733479023, 0.008155083283782005, 0.00799140240997076, 0.0074348957277834415, 0.007181725464761257, 0.00741207879036665, 0.007280046585947275, 0.007651288062334061, 0.00698719872161746, 0.0072789741680026054, 0.007731020450592041, 0.007705033756792545, 0.007605087012052536, 0.007686987519264221, 0.007459625136107206, 0.007574222981929779, 0.007752428762614727, 0.007728836964815855, 0.007893511094152927, 0.008197808638215065, 0.008379618637263775, 0.008577598258852959, 0.008233398199081421, 0.008329814299941063, 0.008452516980469227, 0.008224323391914368, 0.008186599239706993, 0.008370919153094292, 0.008952301926910877, 0.009324997663497925, 0.009578816592693329, 0.009862862527370453, 0.010639684274792671, 0.010875933803617954, 0.012216552160680294, 0.011695745401084423, 0.01137004978954792, 0.011336518451571465, 0.012305724434554577, 0.01215336099267006, 0.012009445577859879, 0.011624207720160484, 0.011297528631985188, 0.011015025898814201, 0.011089353822171688, 0.010841320268809795, 0.01085752621293068, 0.011625455692410469, 0.01063883863389492, 0.011023882776498795, 0.00790081825107336, 0.008184894919395447, 0.008064047433435917, 0.008176948875188828, 0.00808792095631361, 0.008318820036947727, 0.007990098558366299, 0.008114461787045002, 0.007983715273439884, 0.00814385898411274, 0.008303790353238583, 0.008233487606048584, 0.008301246911287308, 0.008241668343544006, 0.008472630754113197, 0.009053122252225876, 0.009528825990855694, 0.008477544412016869, 0.007922413758933544, 0.008139458484947681, 0.007948307320475578, 0.008109616115689278, 0.008229218423366547, 0.008391188457608223, 0.008357349783182144, 0.00883548054844141, 0.00880260020494461, 0.008987700566649437, 0.009421919472515583, 0.010444290935993195, 0.010688761249184608, 0.00991267990320921, 0.010109216906130314, 0.011235793121159077, 0.011562209576368332, 0.010743648745119572, 0.010818765498697758, 0.01116049475967884, 0.011995597742497921, 0.011639372445642948, 0.010887699201703072, 0.01287810318171978, 0.011046411469578743], 'L_grad': [0.008795082569122314, 0.009020322002470493, 0.009119643829762936, 0.00909816287457943, 0.008920055814087391, 0.008951455354690552, 0.009045648388564587, 0.008902137167751789, 0.008923150599002838, 0.008784064091742039, 0.008388867601752281, 0.008268910460174084, 0.008308318443596363, 0.008343043737113476, 0.00828113965690136, 0.008481288328766823, 0.008734649047255516, 0.008765935897827148, 0.008867564611136913, 0.00879411119967699, 0.00906742550432682, 0.009098753333091736, 0.009061416611075401, 0.009108062833547592, 0.009243019856512547, 0.010581322014331818, 0.011530345305800438, 0.011689330451190472, 0.011258795857429504, 0.011383654549717903, 0.011295795440673828, 0.01158745214343071, 0.012234397232532501, 0.012179491110146046, 0.010166063904762268, 0.010067680850625038, 0.008975580334663391, 0.0077775465324521065, 0.007588583044707775, 0.007723576854914427, 0.008127817884087563, 0.007849396206438541, 0.0071163480170071125, 0.006754813715815544, 0.006925796624273062, 0.006568600423634052, 0.00622914033010602, 0.0064354706555604935, 0.006387906614691019, 0.006519314367324114, 0.006559849251061678, 0.00665405485779047, 0.006443744525313377, 0.006679793354123831, 0.006588868796825409, 0.00670677749440074, 0.006579424254596233, 0.0066644879989326, 0.006683535873889923, 0.006857912056148052, 0.006981615908443928, 0.0068275658413767815, 0.006891923025250435, 0.006718855816870928, 0.006714498624205589, 0.006716687697917223, 0.006914621219038963, 0.006914638914167881, 0.006924278102815151, 0.006945332046598196, 0.006950760260224342, 0.007004091516137123, 0.006991087459027767, 0.007078797556459904, 0.007305030710995197, 0.00743292598053813, 0.007406674325466156, 0.0074920388869941235, 0.007718361914157867, 0.007699684239923954, 0.007699703797698021, 0.007741156965494156, 0.007741165347397327, 0.007951747626066208, 0.00827860552817583, 0.008168159052729607, 0.008062873035669327, 0.008111189119517803, 0.008045717142522335, 0.008180784061551094, 0.00832174252718687, 0.008462980389595032, 0.008807274512946606, 0.008546590805053711, 0.008400087244808674, 0.008118277415633202, 0.008265679702162743, 0.008477233350276947, 0.008663728833198547, 0.00863067526370287, 0.009004546329379082, 0.009116178378462791, 0.010035727173089981, 0.009560735896229744, 0.009225075133144855, 0.009600689634680748, 0.009466367773711681, 0.009661350399255753, 0.009543174877762794, 0.009386671707034111, 0.009129384532570839, 0.00900486670434475, 0.008638232946395874, 0.008338186889886856, 0.008494433015584946, 0.008848580531775951, 0.008358154445886612, 0.008226342499256134, 0.00812671147286892, 0.008087152615189552, 0.008179102092981339, 0.008382785134017467, 0.008559556677937508, 0.008594460785388947, 0.008822325617074966, 0.008870145305991173, 0.009034951217472553, 0.009403469040989876, 0.00961693748831749, 0.010052130557596684, 0.009905493818223476, 0.010543705895543098, 0.010534903034567833, 0.010170274414122105, 0.010542016476392746, 0.011568884365260601, 0.012476061470806599, 0.013776397332549095, 0.014049895107746124, 0.01437776256352663, 0.014661823399364948, 0.014504529535770416, 0.015017095021903515, 0.015111243352293968, 0.015411019325256348, 0.013057265430688858, 0.011610766872763634, 0.010917565785348415, 0.011156078428030014, 0.011141486465930939, 0.01119490247219801, 0.011326069943606853, 0.010715511627495289, 0.009849653579294682, 0.008975284174084663, 0.008492371067404747, 0.008432663045823574, 0.007917940616607666, 0.007532823830842972, 0.007522574160248041, 0.007507820148020983, 0.00742469634860754, 0.0075927069410681725, 0.00771690858528018, 0.007714620791375637, 0.007989535108208656, 0.0075927609577775, 0.007357052527368069, 0.0070862798020243645, 0.007297779433429241, 0.0073123835027217865, 0.007405485492199659, 0.0075818514451384544, 0.007318470627069473, 0.00711298082023859, 0.007509678602218628, 0.007467775605618954, 0.007519544567912817, 0.0073667000979185104, 0.007249883376061916, 0.0073020849376916885, 0.007597532123327255, 0.0074599748477339745, 0.0076011186465620995, 0.007799252867698669, 0.007543905638158321, 0.007273680530488491, 0.00742432102560997, 0.007689193822443485, 0.007620852906256914, 0.007498038932681084, 0.007707593962550163, 0.007418710272759199, 0.007271661888808012, 0.007290658541023731, 0.007403002120554447, 0.0075585194863379, 0.007468764670193195, 0.0079633304849267, 0.007411680184304714, 0.007219793274998665, 0.007478595711290836, 0.0074766045436263084, 0.007455823011696339, 0.00782051868736744, 0.0076392581686377525, 0.007659725844860077, 0.007784049026668072, 0.007381622679531574, 0.007744302973151207, 0.007435922510921955, 0.007664710283279419, 0.008092144504189491, 0.007497673388570547, 0.007621053606271744, 0.007578637916594744, 0.0074922749772667885, 0.007421999704092741, 0.006841541733592749, 0.0076172444969415665, 0.007180638145655394, 0.007065745070576668, 0.006644075270742178, 0.007060063071548939, 0.006389734335243702, 0.00630491878837347, 0.0064355358481407166, 0.0076833851635456085, 0.007360576186329126, 0.006563230417668819, 0.007447964511811733, 0.007792241871356964, 0.007303759455680847, 0.007777592167258263, 0.007930990308523178, 0.006806032732129097, 0.0069771409034729, 0.007798818871378899, 0.006294247694313526, 0.007461921311914921, 0.007243909873068333, 0.006841612048447132, 0.00790468417108059, 0.0068888310343027115, 0.007808629889041185, 0.007309801876544952, 0.007139280438423157, 0.0073066409677267075, 0.007489646784961224, 0.007446483708918095, 0.007017991971224546, 0.007377247326076031, 0.007083644159138203, 0.006947765126824379, 0.007033501286059618, 0.006869863718748093, 0.007704770192503929, 0.0072146328166127205, 0.006982013583183289, 0.007597588002681732, 0.007671289145946503, 0.0069329021498560905, 0.007782855071127415, 0.008033975958824158, 0.008077139034867287, 0.008122467435896397, 0.00861922837793827, 0.008839104324579239, 0.008508466184139252, 0.00851624459028244, 0.008647436276078224, 0.009326814673841, 0.009403638541698456, 0.009567865170538425, 0.00944027490913868, 0.009183499962091446, 0.010575874708592892, 0.010485077276825905, 0.010134905576705933, 0.010990362614393234, 0.010702806524932384, 0.010576661676168442, 0.01020314171910286, 0.010058204643428326, 0.010489676147699356, 0.010597875341773033, 0.010553985834121704, 0.010701981373131275, 0.010547418147325516, 0.010702606290578842, 0.010866928845643997, 0.011100305244326591, 0.010541523806750774, 0.00991046242415905, 0.009727232158184052, 0.008704502135515213, 0.010393600910902023, 0.010177772492170334, 0.009900426492094994, 0.009419701062142849, 0.009055578149855137, 0.00875578261911869, 0.00855496246367693, 0.008601786568760872, 0.008385231718420982, 0.008440964855253696, 0.00818406417965889, 0.008370931260287762, 0.008387956768274307, 0.00846500601619482, 0.00855462159961462, 0.008796210400760174, 0.009172053076326847, 0.010255587287247181, 0.01053156889975071, 0.010894213803112507, 0.011058684438467026, 0.011083134450018406, 0.011219418607652187, 0.012086896225810051, 0.01219547726213932, 0.011697975918650627, 0.011519031599164009, 0.012180229648947716, 0.01261867769062519, 0.012678463943302631, 0.012382203713059425, 0.011898565106093884, 0.011026260443031788, 0.010647814720869064, 0.010531175881624222, 0.010009035468101501, 0.009603594429790974, 0.008659367449581623, 0.008263361640274525, 0.0079730786383152, 0.008326542563736439, 0.008189523592591286, 0.008570263162255287, 0.009096702560782433, 0.008939119055867195, 0.0088832788169384, 0.00889673549681902, 0.008981263265013695, 0.008666470646858215, 0.008740228600800037, 0.008585548028349876, 0.00834420882165432, 0.008331983350217342, 0.007759004831314087, 0.007636630907654762, 0.007658800110220909, 0.007492761127650738, 0.0076907542534172535, 0.007966714911162853, 0.008181387558579445, 0.008263804949820042, 0.00835635606199503, 0.008546818979084492, 0.008324023336172104, 0.008312277495861053, 0.007984871976077557, 0.008024625480175018, 0.008073464035987854, 0.0083394143730402, 0.00823715329170227, 0.008145390078425407, 0.008241561241447926, 0.008228613063693047, 0.00824600551277399, 0.008306851610541344, 0.008500505238771439, 0.008726296946406364, 0.008724750950932503, 0.009005599655210972, 0.008545362390577793, 0.008422134444117546, 0.007860696874558926, 0.008373858407139778, 0.00837690383195877, 0.007977178320288658, 0.008136501535773277, 0.008037651889026165, 0.00873795710504055, 0.009267802350223064, 0.01011946052312851, 0.010285073891282082, 0.011327004060149193, 0.012402752414345741, 0.012850534170866013, 0.011272086761891842, 0.010531146079301834, 0.010163750499486923, 0.01060038898140192, 0.010859282687306404, 0.010090552270412445, 0.00931269209831953, 0.009351535700261593, 0.009366413578391075, 0.00953975785523653, 0.00938507728278637, 0.009291782043874264, 0.009441076777875423, 0.009338270872831345, 0.009361044503748417, 0.009452077560126781, 0.009386712685227394, 0.009355028159916401, 0.009342186152935028, 0.00945337489247322, 0.009028129279613495, 0.00912585947662592, 0.009240489453077316, 0.009133927524089813, 0.009363343007862568, 0.009057339280843735, 0.009284166619181633, 0.009549304842948914, 0.009551983326673508, 0.009560735896229744, 0.009500361979007721, 0.009460465982556343, 0.009462851099669933, 0.009123905561864376, 0.009246875531971455, 0.009578198194503784, 0.00963800959289074, 0.009661276824772358, 0.009837248362600803, 0.00967367459088564, 0.009919820353388786, 0.010030617006123066, 0.009942646138370037, 0.009951144456863403, 0.010014062747359276, 0.010408628731966019, 0.010593555867671967, 0.010737989097833633, 0.010753394104540348, 0.011093910783529282, 0.011166238225996494, 0.011739558540284634, 0.011251946911215782, 0.010834918357431889, 0.01062481664121151, 0.011012204922735691, 0.01078864000737667, 0.01078786700963974, 0.010536939837038517, 0.010372629389166832, 0.010247946716845036, 0.01019669882953167, 0.010312648490071297, 0.010043464601039886, 0.01015018206089735, 0.009831939823925495, 0.009616636671125889, 0.007630050648003817, 0.007826613262295723, 0.0077406554482877254, 0.007855689153075218, 0.008221165277063847, 0.008260891772806644, 0.008123976178467274, 0.00807117484509945, 0.008022833615541458, 0.008168713189661503, 0.007946034893393517, 0.007957661524415016, 0.008080889470875263, 0.008117025718092918, 0.008110066875815392, 0.008411440066993237, 0.008958718739449978, 0.008465208113193512, 0.007877536118030548, 0.008220639079809189, 0.0081963324919343, 0.008302518166601658, 0.00844859890639782, 0.008689780719578266, 0.008529448881745338, 0.00863710604608059, 0.00910903885960579, 0.009053249843418598, 0.0094028040766716, 0.009966950863599777, 0.009692876599729061, 0.009106543846428394, 0.008841022849082947, 0.009703917428851128, 0.00988386943936348, 0.009492778219282627, 0.009580947458744049, 0.009521504864096642, 0.009827121160924435, 0.009937736205756664, 0.009645008482038975, 0.010178092867136002, 0.004827359691262245]}
all losses in batch in validation:  {'loss': [0.01704975590109825, 0.017995551228523254, 0.018166350200772285, 0.01953442022204399, 0.019308004528284073, 0.01965351402759552, 0.01981542445719242, 0.01904108375310898, 0.018924836069345474, 0.018703453242778778, 0.016708120703697205, 0.015290605835616589, 0.015130201354622841, 0.01473529264330864, 0.013947296887636185, 0.014205651357769966, 0.01427776925265789, 0.014333832077682018, 0.014392167329788208, 0.014290142804384232, 0.01478186808526516, 0.015415676869452, 0.015367597341537476, 0.015376245602965355, 0.01565023511648178, 0.01938844658434391, 0.020836859941482544, 0.020378075540065765, 0.020092379301786423, 0.02016402781009674, 0.020381100475788116, 0.021037226542830467, 0.022757302969694138, 0.024135977029800415, 0.019706187769770622, 0.019955845549702644, 0.01726125180721283, 0.014745749533176422, 0.01345567312091589, 0.013071984052658081, 0.014084853231906891, 0.01460321992635727, 0.012508643791079521, 0.010883426293730736, 0.010987618938088417, 0.010314207524061203, 0.009687052108347416, 0.010019734501838684, 0.010204639285802841, 0.01045159250497818, 0.010278051719069481, 0.010641302913427353, 0.01051311008632183, 0.010802224278450012, 0.010711896233260632, 0.011041577905416489, 0.010579229332506657, 0.01070912554860115, 0.010723086073994637, 0.010879656299948692, 0.010950937867164612, 0.01038235705345869, 0.0106045538559556, 0.010445955209434032, 0.01070275716483593, 0.010627545416355133, 0.011094026267528534, 0.011065840721130371, 0.011267542839050293, 0.011257555335760117, 0.011323180049657822, 0.011142417788505554, 0.011503520421683788, 0.01182924397289753, 0.012291081249713898, 0.01282054278999567, 0.01269935630261898, 0.012812389060854912, 0.013071468099951744, 0.01301044411957264, 0.012871455401182175, 0.012765615247189999, 0.013161901384592056, 0.013438209891319275, 0.013619674369692802, 0.013568457216024399, 0.013547636568546295, 0.013666803948581219, 0.013519266620278358, 0.013767195865511894, 0.014268285594880581, 0.014430317096412182, 0.014998724684119225, 0.014554962515830994, 0.014298317022621632, 0.013554411008954048, 0.013375846669077873, 0.013891525566577911, 0.014066258445382118, 0.013651767745614052, 0.01425901334732771, 0.014990892261266708, 0.01668849028646946, 0.015554474666714668, 0.015126384794712067, 0.015644557774066925, 0.015430519357323647, 0.01602061837911606, 0.01529158465564251, 0.01474415697157383, 0.013819964602589607, 0.013655977323651314, 0.012269210070371628, 0.012051126919686794, 0.01209613773971796, 0.012808937579393387, 0.01216951385140419, 0.0120741818100214, 0.012017465196549892, 0.012197179719805717, 0.012874415144324303, 0.01307399570941925, 0.013163628056645393, 0.013215148821473122, 0.013522319495677948, 0.01408540178090334, 0.014501278288662434, 0.015169823542237282, 0.015598645433783531, 0.016368750482797623, 0.016204223036766052, 0.016523048281669617, 0.016628365963697433, 0.016703180968761444, 0.016965098679065704, 0.01886652037501335, 0.021633174270391464, 0.02298266440629959, 0.021209433674812317, 0.0217995997518301, 0.022023478522896767, 0.021378353238105774, 0.02399633452296257, 0.02320098504424095, 0.020957129076123238, 0.018701549619436264, 0.019112374633550644, 0.018533479422330856, 0.01900317706167698, 0.022583700716495514, 0.0243062824010849, 0.025248419493436813, 0.02278689667582512, 0.019952252507209778, 0.0170955341309309, 0.014341330155730247, 0.013043446466326714, 0.013150392100214958, 0.013036752119660378, 0.010087710805237293, 0.01032368466258049, 0.010725848376750946, 0.010952277109026909, 0.010242686606943607, 0.011734092608094215, 0.012591059319674969, 0.011694623157382011, 0.011956258676946163, 0.010617378167808056, 0.010957589372992516, 0.011043389327824116, 0.011248558759689331, 0.011586438864469528, 0.012347164563834667, 0.012845904566347599, 0.013442229479551315, 0.013120933435857296, 0.013314709067344666, 0.012373054400086403, 0.011552328243851662, 0.011590324342250824, 0.012056181207299232, 0.012099819257855415, 0.012138864025473595, 0.012511184439063072, 0.011859336867928505, 0.011496661230921745, 0.01197862345725298, 0.011908834800124168, 0.011907201260328293, 0.011041594669222832, 0.011772893369197845, 0.011023316532373428, 0.010283876210451126, 0.010759268887341022, 0.01108812727034092, 0.010817162692546844, 0.010855196043848991, 0.01199953630566597, 0.011820895597338676, 0.011412972584366798, 0.012376495636999607, 0.01245918683707714, 0.012833579443395138, 0.014262473210692406, 0.013824749737977982, 0.014569602906703949, 0.014919258654117584, 0.01371150091290474, 0.015109292231500149, 0.014582255855202675, 0.014984849840402603, 0.01593806967139244, 0.014964289963245392, 0.014742875471711159, 0.014013315550982952, 0.01401936449110508, 0.01363036222755909, 0.012477874755859375, 0.01417477149516344, 0.012698989361524582, 0.012267554178833961, 0.011039039120078087, 0.011756546795368195, 0.010784612037241459, 0.010011343285441399, 0.010509761050343513, 0.013113305903971195, 0.012136498466134071, 0.010402806103229523, 0.011808008886873722, 0.012754222378134727, 0.011112402193248272, 0.012574635446071625, 0.013529482297599316, 0.010909100994467735, 0.011259179562330246, 0.013412575237452984, 0.010049046948552132, 0.011834326200187206, 0.010639218613505363, 0.009458806365728378, 0.011539139784872532, 0.009193068370223045, 0.011300083249807358, 0.010095171630382538, 0.010529966093599796, 0.010702027007937431, 0.010728532448410988, 0.010965529829263687, 0.010662352666258812, 0.011219730600714684, 0.010709641501307487, 0.010738968849182129, 0.01121528260409832, 0.010780726559460163, 0.012928545475006104, 0.011770782992243767, 0.011085244826972485, 0.012766137719154358, 0.012845957651734352, 0.0110726747661829, 0.013105534017086029, 0.01348438672721386, 0.01393812894821167, 0.013880535960197449, 0.014825155027210712, 0.015937041491270065, 0.015380378812551498, 0.01511472463607788, 0.015448019839823246, 0.016460657119750977, 0.01758074201643467, 0.01796126738190651, 0.017698897048830986, 0.017015021294355392, 0.020078672096133232, 0.020132366567850113, 0.018742047250270844, 0.021088317036628723, 0.02003021165728569, 0.020353231579065323, 0.019459236413240433, 0.01949167810380459, 0.02134251408278942, 0.021458670496940613, 0.021890144795179367, 0.02296890877187252, 0.02296827733516693, 0.023389779031276703, 0.023585043847560883, 0.025082066655158997, 0.023678096011281013, 0.02142273634672165, 0.021286312490701675, 0.019778069108724594, 0.023877939209342003, 0.02461494691669941, 0.02526717074215412, 0.02398492768406868, 0.022078653797507286, 0.02138744667172432, 0.021576475352048874, 0.021164853125810623, 0.020932691171765327, 0.02077467367053032, 0.020197711884975433, 0.020750049501657486, 0.021112393587827682, 0.021565649658441544, 0.0219346284866333, 0.022506019100546837, 0.02327621541917324, 0.02673661708831787, 0.027174698188900948, 0.02844594419002533, 0.028532419353723526, 0.028458761051297188, 0.029265448451042175, 0.030382873490452766, 0.029481055215001106, 0.029107626527547836, 0.029724694788455963, 0.03148578107357025, 0.032131657004356384, 0.030885325744748116, 0.030525561422109604, 0.028558192774653435, 0.026082590222358704, 0.025706157088279724, 0.025368351489305496, 0.02267502062022686, 0.021305516362190247, 0.019252832978963852, 0.017571553587913513, 0.01623592898249626, 0.01559261791408062, 0.014710132032632828, 0.014978164806962013, 0.015424152836203575, 0.014347312971949577, 0.014320703223347664, 0.014381477609276772, 0.014476055279374123, 0.014512998051941395, 0.01436444278806448, 0.01378868892788887, 0.0135990334674716, 0.013200176879763603, 0.012465007603168488, 0.012203209102153778, 0.01206115074455738, 0.011733260937035084, 0.012097617611289024, 0.012680787593126297, 0.013524675741791725, 0.013674171641469002, 0.01366342231631279, 0.014260662719607353, 0.013305814005434513, 0.013516701757907867, 0.012835375033318996, 0.012524958699941635, 0.012851735576987267, 0.013103388249874115, 0.012851562350988388, 0.012805415317416191, 0.012908540666103363, 0.013422301039099693, 0.013390718027949333, 0.013517262414097786, 0.013790256343781948, 0.014131220057606697, 0.014195436611771584, 0.014323074370622635, 0.014157535508275032, 0.014527607709169388, 0.01407691091299057, 0.014816373586654663, 0.014265857636928558, 0.013311436399817467, 0.013795500621199608, 0.014243772253394127, 0.01538662239909172, 0.016460953280329704, 0.019441429525613785, 0.020910918712615967, 0.02184358611702919, 0.02268826588988304, 0.02393529564142227, 0.022119009867310524, 0.022642962634563446, 0.021727116778492928, 0.02381668984889984, 0.023066353052854538, 0.019231539219617844, 0.016496319323778152, 0.01651495322585106, 0.016885770484805107, 0.01727381907403469, 0.01741606742143631, 0.01748831197619438, 0.017919067293405533, 0.01723688468337059, 0.017137838527560234, 0.017807435244321823, 0.01765897125005722, 0.01809386909008026, 0.018266037106513977, 0.017924904823303223, 0.017168737947940826, 0.017494631931185722, 0.017160765826702118, 0.016583776101469994, 0.016508836299180984, 0.016476338729262352, 0.016996243968605995, 0.017561951652169228, 0.017620176076889038, 0.018016405403614044, 0.01821434125304222, 0.01806631311774254, 0.018501881510019302, 0.017254823818802834, 0.01744697615504265, 0.01755497418344021, 0.018240854144096375, 0.01888241060078144, 0.018703386187553406, 0.01927914097905159, 0.019467683508992195, 0.018613256514072418, 0.017185380682349205, 0.01736995205283165, 0.017765816301107407, 0.01887831836938858, 0.019488632678985596, 0.02008173242211342, 0.02103973925113678, 0.021019885316491127, 0.02127964422106743, 0.022635620087385178, 0.02200286090373993, 0.02213393524289131, 0.021194923669099808, 0.021885797381401062, 0.02109650894999504, 0.020888274535536766, 0.02040938474237919, 0.020090196281671524, 0.020054172724485397, 0.02055519074201584, 0.02070506475865841, 0.020381299778819084, 0.021402746438980103, 0.020310036838054657, 0.021134398877620697, 0.015905305743217468, 0.016472231596708298, 0.016306012868881226, 0.016301531344652176, 0.01676986739039421, 0.016669217497110367, 0.01688196323812008, 0.017089374363422394, 0.01611664518713951, 0.016270935535430908, 0.015885204076766968, 0.016260117292404175, 0.016514018177986145, 0.016609327867627144, 0.016654353588819504, 0.016771283000707626, 0.018039487302303314, 0.016810854896903038, 0.016368944197893143, 0.01711759716272354, 0.017272580415010452, 0.017551321536302567, 0.01810246706008911, 0.018163582310080528, 0.017882060259580612, 0.018298625946044922, 0.01831497624516487, 0.01880066841840744, 0.0200289748609066, 0.020690159872174263, 0.02122369594871998, 0.020892003551125526, 0.01962883770465851, 0.020436283200979233, 0.020604025572538376, 0.019792675971984863, 0.019348155707120895, 0.020116832107305527, 0.021488631144165993, 0.02074306830763817, 0.020524173974990845, 0.022300925105810165, 0.015779558569192886], 'L_si': [0.0080109229311347, 0.008577807806432247, 0.008677861653268337, 0.009686226025223732, 0.009573888964951038, 0.009823341853916645, 0.009831268340349197, 0.009433028288185596, 0.009329620748758316, 0.009124723263084888, 0.007816627621650696, 0.006981135345995426, 0.006857357453554869, 0.00654417322948575, 0.006062051746994257, 0.0061554317362606525, 0.006111325230449438, 0.006209315732121468, 0.006217797752469778, 0.0061331335455179214, 0.006494444329291582, 0.007192646153271198, 0.006967067252844572, 0.006869425531476736, 0.006964847911149263, 0.00905592180788517, 0.009949048981070518, 0.009471074678003788, 0.009186419658362865, 0.009222730062901974, 0.009435265325009823, 0.009903312660753727, 0.010998318903148174, 0.012504410929977894, 0.009841317310929298, 0.010196204297244549, 0.008012418635189533, 0.006535547785460949, 0.005665798671543598, 0.005388343706727028, 0.006097748875617981, 0.0067000119015574455, 0.005424410570412874, 0.0042833792977035046, 0.0043666306883096695, 0.0039649358950555325, 0.0036689024418592453, 0.003832268062978983, 0.003938332200050354, 0.003999708686023951, 0.0038981284014880657, 0.004094487521797419, 0.004185900557786226, 0.004348025657236576, 0.004215633496642113, 0.0043438817374408245, 0.004110565409064293, 0.004144558683037758, 0.0041089970618486404, 0.004197051282972097, 0.004203478340059519, 0.003914357163012028, 0.004064336884766817, 0.003947177901864052, 0.00412787776440382, 0.004116957075893879, 0.004370013251900673, 0.004264041315764189, 0.004435146693140268, 0.004426918458193541, 0.004467147868126631, 0.004356482066214085, 0.004613425582647324, 0.004871042910963297, 0.0050628455355763435, 0.005392895080149174, 0.005206713452935219, 0.005187659990042448, 0.0052942875772714615, 0.005256370175629854, 0.00511370413005352, 0.005167604424059391, 0.005385556258261204, 0.005479062907397747, 0.005465133581310511, 0.005448503885418177, 0.005445921327918768, 0.005466465838253498, 0.005434202495962381, 0.005550900008529425, 0.005851696245372295, 0.005919105373322964, 0.0062013729475438595, 0.0059302374720573425, 0.005838310346007347, 0.005387396086007357, 0.005351528525352478, 0.005597334820777178, 0.005626756232231855, 0.005294954404234886, 0.005569837987422943, 0.005773473996669054, 0.006522567011415958, 0.006059813313186169, 0.005780708510428667, 0.005993495229631662, 0.005881591234356165, 0.006233018822968006, 0.005793948192149401, 0.005505184177309275, 0.005013405345380306, 0.00496703339740634, 0.004220824688673019, 0.00415875855833292, 0.004126359708607197, 0.004344955552369356, 0.004057931248098612, 0.004118345212191343, 0.00408474076539278, 0.004198295995593071, 0.0044909254647791386, 0.004584455396980047, 0.004680214915424585, 0.00471484987065196, 0.004870317410677671, 0.00518436823040247, 0.005413115955889225, 0.005778745282441378, 0.005967958364635706, 0.0064482660964131355, 0.006318698171526194, 0.006317291874438524, 0.00637722946703434, 0.006477688439190388, 0.006606801878660917, 0.007803861051797867, 0.009600942023098469, 0.01015844102948904, 0.008779698982834816, 0.009093956090509892, 0.009157214313745499, 0.008674380369484425, 0.010576736181974411, 0.010362072847783566, 0.008706779219210148, 0.007795694284141064, 0.008173564448952675, 0.008027175441384315, 0.008816066198050976, 0.01193237490952015, 0.013440270908176899, 0.014198494143784046, 0.012384941801428795, 0.010282870382070541, 0.008361820131540298, 0.006645139306783676, 0.005738239735364914, 0.006053704768419266, 0.005918821319937706, 0.0037275871727615595, 0.0038253087550401688, 0.004147621802985668, 0.004295808263123035, 0.0038136979565024376, 0.004742796532809734, 0.005315323360264301, 0.004720985423773527, 0.004936495795845985, 0.00418495200574398, 0.004333199467509985, 0.004297453910112381, 0.004395200405269861, 0.004663574509322643, 0.0052753956988453865, 0.0056184083223342896, 0.005890916101634502, 0.005803737789392471, 0.005970942787826061, 0.0053163133561611176, 0.004655127879232168, 0.004719947464764118, 0.004953412339091301, 0.005056154914200306, 0.005093791522085667, 0.005185125395655632, 0.004902596585452557, 0.004848857875913382, 0.005172675475478172, 0.004999254830181599, 0.005044012796133757, 0.004517211578786373, 0.004884724505245686, 0.004431423265486956, 0.0039608231745660305, 0.004222830291837454, 0.0044336323626339436, 0.004275286570191383, 0.004414860159158707, 0.005195020232349634, 0.005166760180145502, 0.005007789470255375, 0.0056131514720618725, 0.00576623622328043, 0.006180951371788979, 0.007039173506200314, 0.006999111734330654, 0.007526591885834932, 0.007661165203899145, 0.006792668718844652, 0.007716061547398567, 0.007440836634486914, 0.007701622787863016, 0.008372972719371319, 0.007678878027945757, 0.007363123819231987, 0.006909174844622612, 0.006873459089547396, 0.006643384695053101, 0.005867369938641787, 0.006718840450048447, 0.005750240292400122, 0.005565307568758726, 0.004773156251758337, 0.0051548718474805355, 0.00455145537853241, 0.004141810350120068, 0.004369947127997875, 0.005743095651268959, 0.005112671293318272, 0.004228667356073856, 0.004966581240296364, 0.005518836434930563, 0.004613426048308611, 0.0053991880267858505, 0.005990737117826939, 0.00452714879065752, 0.004735223483294249, 0.005892930086702108, 0.003964630886912346, 0.0048563797026872635, 0.004140343517065048, 0.0034631353337317705, 0.004532136023044586, 0.003254647832363844, 0.0043906462378799915, 0.0036768571007996798, 0.003947772551327944, 0.00399168161675334, 0.004004134330898523, 0.004182722419500351, 0.003965416457504034, 0.004327959381043911, 0.004046250134706497, 0.0041048419661819935, 0.004422320518642664, 0.004181697964668274, 0.005464895628392696, 0.004796706605702639, 0.004316279664635658, 0.0054282438941299915, 0.0054720621556043625, 0.004406734835356474, 0.00560724688693881, 0.005891932640224695, 0.006099389865994453, 0.0060157752595841885, 0.0065846191719174385, 0.007075273897498846, 0.006844649091362953, 0.006635729689151049, 0.006884440779685974, 0.0074806371703743935, 0.008231081999838352, 0.00843789055943489, 0.008232282474637032, 0.007809171453118324, 0.009720050729811192, 0.009715794585645199, 0.008933122269809246, 0.010453903116285801, 0.009858653880655766, 0.010182635858654976, 0.009708923287689686, 0.009814337827265263, 0.011098470538854599, 0.011255285702645779, 0.011692516505718231, 0.012806592509150505, 0.012809686362743378, 0.013098911382257938, 0.013109927996993065, 0.01429036632180214, 0.01343658659607172, 0.011942186392843723, 0.011948801577091217, 0.010994134470820427, 0.012863388285040855, 0.013310551643371582, 0.01402277685701847, 0.013230059295892715, 0.012299705296754837, 0.012132801115512848, 0.01231932733207941, 0.012528372928500175, 0.012593891471624374, 0.012567841447889805, 0.012267066165804863, 0.01259418111294508, 0.01290077529847622, 0.0132459020242095, 0.01351973321288824, 0.013813132420182228, 0.014270704239606857, 0.0166003480553627, 0.016911877319216728, 0.0176688339561224, 0.017688069492578506, 0.01772422343492508, 0.018123764544725418, 0.01872779242694378, 0.018109219148755074, 0.01794900745153427, 0.018693741410970688, 0.02000032365322113, 0.02019207924604416, 0.018856890499591827, 0.018409911543130875, 0.017089510336518288, 0.015363317914307117, 0.01537039503455162, 0.015245926566421986, 0.013254597783088684, 0.012227588333189487, 0.010814503766596317, 0.009524453431367874, 0.0085469214245677, 0.007653096225112677, 0.006871857214719057, 0.006686477456241846, 0.006299219094216824, 0.005480046384036541, 0.005479091312736273, 0.005603638011962175, 0.005683599505573511, 0.005678489804267883, 0.00531700998544693, 0.005006555002182722, 0.0050901975482702255, 0.004951948765665293, 0.004715837072581053, 0.004586358088999987, 0.0044692810624837875, 0.004377459175884724, 0.004585479386150837, 0.004895670339465141, 0.005424346309155226, 0.005603030789643526, 0.00557327177375555, 0.005875357426702976, 0.0052115898579359055, 0.005208212416619062, 0.004928655922412872, 0.004739937838166952, 0.004903252236545086, 0.0049444991163909435, 0.004786651115864515, 0.00481308763846755, 0.004968604072928429, 0.005268913693726063, 0.005256669130176306, 0.005412423983216286, 0.005568874068558216, 0.005793133284896612, 0.005757980048656464, 0.005847329739481211, 0.005772928241640329, 0.006087608635425568, 0.005947342608124018, 0.006275303196161985, 0.005804243963211775, 0.005383683834224939, 0.005859615746885538, 0.0063632819801568985, 0.006987573113292456, 0.00749574089422822, 0.009095365181565285, 0.01044409442692995, 0.011242372915148735, 0.011774054728448391, 0.012447665445506573, 0.01178523525595665, 0.012577802874147892, 0.01157968770712614, 0.012896264903247356, 0.011872167699038982, 0.009306973777711391, 0.007487237919121981, 0.0075689353980124, 0.0079329339787364, 0.008287160657346249, 0.008397980593144894, 0.008500873111188412, 0.008760875090956688, 0.00824105553328991, 0.008208086714148521, 0.008610891178250313, 0.008500798605382442, 0.008778281509876251, 0.008848889730870724, 0.008542648516595364, 0.008147678337991238, 0.008087503723800182, 0.007853426970541477, 0.007419468369334936, 0.00734038557857275, 0.007368225604295731, 0.007633384317159653, 0.008006347343325615, 0.008022901602089405, 0.008280739188194275, 0.008450080640614033, 0.008289409801363945, 0.008637993596494198, 0.007878115400671959, 0.008082681335508823, 0.00807971227914095, 0.008574317209422588, 0.008895963430404663, 0.008843810297548771, 0.009102816693484783, 0.009198333136737347, 0.008610008284449577, 0.007717503234744072, 0.007899997755885124, 0.008115771226584911, 0.008776324801146984, 0.009147916920483112, 0.009504113346338272, 0.01004659291356802, 0.010072038508951664, 0.010415497235953808, 0.0112944720312953, 0.010942945256829262, 0.01113671250641346, 0.010741394013166428, 0.011238779872655869, 0.010903377085924149, 0.01079558115452528, 0.010409386828541756, 0.01021309569478035, 0.010249365121126175, 0.010414635762572289, 0.01052640751004219, 0.010296395979821682, 0.011129876598715782, 0.010428253561258316, 0.011188987642526627, 0.008017519488930702, 0.008374945260584354, 0.008251975290477276, 0.008154804818332195, 0.00822768360376358, 0.00826133880764246, 0.008299387991428375, 0.008522878400981426, 0.007823489606380463, 0.007909532636404037, 0.007804220542311668, 0.008112122304737568, 0.008301897905766964, 0.00842314399778843, 0.008520378731191158, 0.008635901845991611, 0.009297401644289494, 0.008540966548025608, 0.00841333158314228, 0.008696581237018108, 0.008841341361403465, 0.0089898481965065, 0.009209836833178997, 0.009286992251873016, 0.009170212782919407, 0.009475065395236015, 0.009412916377186775, 0.009845012798905373, 0.01078613568097353, 0.011272413656115532, 0.011773712933063507, 0.011528429575264454, 0.01076988223940134, 0.011169004254043102, 0.011281817220151424, 0.010645030997693539, 0.010483789257705212, 0.011091281659901142, 0.012018600478768349, 0.011256708763539791, 0.011029364541172981, 0.012281078845262527, 0.011082043871283531], 'L_grad': [0.009038832038640976, 0.009417744353413582, 0.009488488547503948, 0.009848195128142834, 0.009734116494655609, 0.0098301712423563, 0.009984156116843224, 0.009608055464923382, 0.009595214389264584, 0.00957872997969389, 0.008891492150723934, 0.008309470489621162, 0.008272843435406685, 0.008191119879484177, 0.00788524467498064, 0.008050220087170601, 0.00816644448786974, 0.00812451634556055, 0.008174369111657143, 0.00815700925886631, 0.008287424221634865, 0.008223030716180801, 0.008400529623031616, 0.008506819605827332, 0.00868538673967123, 0.01033252477645874, 0.01088781002908945, 0.010907000862061977, 0.010905959643423557, 0.010941296815872192, 0.010945835150778294, 0.01113391388207674, 0.011758984997868538, 0.011631567031145096, 0.009864870458841324, 0.009759641252458096, 0.009248834103345871, 0.008210201747715473, 0.0077898744493722916, 0.007683640345931053, 0.00798710435628891, 0.007903208024799824, 0.00708423275500536, 0.006600046530365944, 0.0066209882497787476, 0.006349272094666958, 0.006018149666488171, 0.006187466438859701, 0.006266307085752487, 0.006451883353292942, 0.006379923317581415, 0.006546815391629934, 0.006327209994196892, 0.006454198621213436, 0.006496262736618519, 0.0066976966336369514, 0.006468663923442364, 0.006564566399902105, 0.006614089012145996, 0.006682605016976595, 0.006747459061443806, 0.006467999890446663, 0.006540216971188784, 0.006498777307569981, 0.00657487940043211, 0.006510588806122541, 0.006724012549966574, 0.006801798939704895, 0.006832395680248737, 0.006830636877566576, 0.006856032647192478, 0.006785935256630182, 0.006890094839036465, 0.006958200596272945, 0.007228235714137554, 0.007427647709846497, 0.007492643315345049, 0.007624729536473751, 0.007777180522680283, 0.007754073478281498, 0.0077577512711286545, 0.007598010823130608, 0.0077763451263308525, 0.007959146983921528, 0.008154541254043579, 0.00811995379626751, 0.00810171477496624, 0.00820033811032772, 0.00808506365865469, 0.008216295391321182, 0.008416589349508286, 0.008511211723089218, 0.008797351270914078, 0.008624725043773651, 0.008460006676614285, 0.008167014457285404, 0.008024318143725395, 0.008294191211462021, 0.008439501747488976, 0.008356813341379166, 0.008689175359904766, 0.009217418730258942, 0.010165923275053501, 0.0094946613535285, 0.009345676749944687, 0.00965106301009655, 0.009548927657306194, 0.009787600487470627, 0.009497636929154396, 0.009238972328603268, 0.008806559257209301, 0.008688944391906261, 0.008048385381698608, 0.007892368361353874, 0.007969778031110764, 0.008463982492685318, 0.008111582137644291, 0.007955837063491344, 0.007932724431157112, 0.007998883724212646, 0.008383490145206451, 0.00848954077810049, 0.00848341267555952, 0.008500299416482449, 0.00865200161933899, 0.00890103355050087, 0.009088162332773209, 0.009391077794134617, 0.009630686603486538, 0.009920484386384487, 0.009885525330901146, 0.01020575687289238, 0.010251135565340519, 0.010225492529571056, 0.0103582963347435, 0.01106266025453806, 0.012032232247292995, 0.01282422337681055, 0.012429734691977501, 0.01270564366132021, 0.012866264209151268, 0.012703973799943924, 0.01341959834098816, 0.01283891312777996, 0.01225034985691309, 0.0109058553352952, 0.010938810184597969, 0.010506303049623966, 0.010187110863626003, 0.010651325806975365, 0.010866010561585426, 0.011049924418330193, 0.010401955805718899, 0.009669382125139236, 0.008733713999390602, 0.007696190848946571, 0.007305207196623087, 0.00709668779745698, 0.0071179307997226715, 0.006360123865306377, 0.006498375907540321, 0.006578226573765278, 0.0066564688459038734, 0.00642898865044117, 0.006991296075284481, 0.007275735959410667, 0.006973637733608484, 0.007019762881100178, 0.0064324261620640755, 0.006624389439821243, 0.006745935417711735, 0.0068533578887581825, 0.006922864355146885, 0.007071768864989281, 0.0072274962440133095, 0.007551313377916813, 0.007317195646464825, 0.007343766279518604, 0.007056741509586573, 0.0068972003646194935, 0.0068703764118254185, 0.0071027688682079315, 0.007043664343655109, 0.007045072503387928, 0.00732605904340744, 0.006956740282475948, 0.006647803820669651, 0.006805947981774807, 0.006909580435603857, 0.006863187998533249, 0.006524383090436459, 0.00688816886395216, 0.006591892801225185, 0.006323052570223808, 0.006536438595503569, 0.006654494442045689, 0.006541876122355461, 0.006440335884690285, 0.006804516073316336, 0.006654134951531887, 0.0064051831141114235, 0.006763344164937735, 0.006692950148135424, 0.006652628071606159, 0.007223299238830805, 0.006825638003647327, 0.007043011020869017, 0.007258093915879726, 0.0069188326597213745, 0.007393230684101582, 0.0071414196863770485, 0.007283227518200874, 0.007565096020698547, 0.007285412400960922, 0.0073797511868178844, 0.00710414070636034, 0.007145904935896397, 0.006986977998167276, 0.006610505282878876, 0.007455931045114994, 0.0069487495347857475, 0.006702247075736523, 0.006265883333981037, 0.006601675413548946, 0.006233156658709049, 0.005869533400982618, 0.006139813922345638, 0.007370210252702236, 0.007023827638477087, 0.006174138747155666, 0.006841427646577358, 0.007235386408865452, 0.006498976144939661, 0.007175447419285774, 0.007538745179772377, 0.006381952203810215, 0.00652395561337471, 0.0075196451507508755, 0.006084416061639786, 0.006977946497499943, 0.006498875096440315, 0.005995670799165964, 0.007007003761827946, 0.005938420537859201, 0.0069094374775886536, 0.006418314762413502, 0.0065821935422718525, 0.006710344925522804, 0.006724397651851177, 0.006782807409763336, 0.006696935743093491, 0.00689177168533206, 0.006663391832262278, 0.006634127348661423, 0.006792962085455656, 0.006599028594791889, 0.007463649846613407, 0.006974075920879841, 0.006768965162336826, 0.007337894290685654, 0.007373895030468702, 0.006665940396487713, 0.007498287595808506, 0.007592454552650452, 0.007838739082217216, 0.007864761166274548, 0.008240535855293274, 0.008861767128109932, 0.008535729721188545, 0.00847899541258812, 0.008563579060137272, 0.008980020880699158, 0.009349660016596317, 0.009523376822471619, 0.009466614574193954, 0.009205848909914494, 0.01035862136632204, 0.010416571982204914, 0.009808925911784172, 0.010634412989020348, 0.01017155684530735, 0.010170595720410347, 0.009750314056873322, 0.009677340276539326, 0.010244043543934822, 0.010203385725617409, 0.010197627358138561, 0.010162316262722015, 0.010158590972423553, 0.010290867649018764, 0.010475115850567818, 0.010791700333356857, 0.010241509415209293, 0.009480549953877926, 0.009337511844933033, 0.008783933706581593, 0.011014550924301147, 0.011304395273327827, 0.01124439388513565, 0.010754868388175964, 0.009778948500752449, 0.009254646487534046, 0.009257148951292038, 0.008636479265987873, 0.008338799700140953, 0.008206833153963089, 0.00793064571917057, 0.008155868388712406, 0.008211617358028889, 0.008319747634232044, 0.008414894342422485, 0.008692886680364609, 0.009005511179566383, 0.010136269964277744, 0.01026282086968422, 0.010777109302580357, 0.01084434986114502, 0.010734537616372108, 0.011141683906316757, 0.011655081063508987, 0.011371836066246033, 0.011158619076013565, 0.011030953377485275, 0.011485455557703972, 0.011939575895667076, 0.012028435245156288, 0.01211564987897873, 0.011468682438135147, 0.01071927323937416, 0.010335762053728104, 0.010122425854206085, 0.009420422837138176, 0.009077927097678185, 0.00843833014369011, 0.008047100156545639, 0.0076890066266059875, 0.007939521223306656, 0.007838274352252483, 0.00829168688505888, 0.009124933741986752, 0.008867266587913036, 0.008841611444950104, 0.008777840062975883, 0.008792456239461899, 0.008834508247673512, 0.00904743280261755, 0.008782134391367435, 0.008508835919201374, 0.008248227648437023, 0.0077491700649261475, 0.007616851478815079, 0.0075918701477348804, 0.00735580176115036, 0.007512138225138187, 0.007785117253661156, 0.008100328966975212, 0.008071141317486763, 0.00809015054255724, 0.008385305292904377, 0.008094224147498608, 0.008308488875627518, 0.007906719110906124, 0.00778502132743597, 0.00794848334044218, 0.008158888667821884, 0.00806491170078516, 0.007992327213287354, 0.007939936593174934, 0.00815338734537363, 0.00813404843211174, 0.0081048384308815, 0.008221382275223732, 0.008338086307048798, 0.00843745656311512, 0.008475745096802711, 0.00838460773229599, 0.00843999907374382, 0.008129567839205265, 0.00854106992483139, 0.008461613208055496, 0.007927753031253815, 0.007935884408652782, 0.007880490273237228, 0.008399048820137978, 0.008965212851762772, 0.010346063412725925, 0.010466824285686016, 0.01060121227055788, 0.01091421116143465, 0.011487629264593124, 0.010333774611353874, 0.01006515882909298, 0.010147429071366787, 0.01092042401432991, 0.01119418628513813, 0.009924566373229027, 0.009009080938994884, 0.008946017362177372, 0.008952836506068707, 0.008986658416688442, 0.00901808775961399, 0.008987437933683395, 0.00915819313377142, 0.00899582915008068, 0.008929751813411713, 0.00919654406607151, 0.009158173575997353, 0.00931558758020401, 0.009417147375643253, 0.009382257238030434, 0.009021060541272163, 0.00940712820738554, 0.009307339787483215, 0.00916430726647377, 0.00916844978928566, 0.009108113124966621, 0.009362859651446342, 0.009555604308843613, 0.009597275406122208, 0.009735665284097195, 0.009764261543750763, 0.009776903316378593, 0.00986388884484768, 0.009376708418130875, 0.00936429388821125, 0.00947526190429926, 0.00966653786599636, 0.009986447170376778, 0.00985957495868206, 0.010176325216889381, 0.010269350372254848, 0.010003248229622841, 0.009467877447605133, 0.009469953365623951, 0.00965004414319992, 0.010101992636919022, 0.010340715758502483, 0.010577619075775146, 0.01099314633756876, 0.010947846807539463, 0.01086414698511362, 0.011341148056089878, 0.011059916578233242, 0.010997222736477852, 0.01045352965593338, 0.010647017508745193, 0.010193131864070892, 0.010092693381011486, 0.009999997913837433, 0.009877100586891174, 0.009804808534681797, 0.01014055497944355, 0.010178657248616219, 0.010084903798997402, 0.010272868908941746, 0.009881784208118916, 0.00994541123509407, 0.007887785322964191, 0.008097285404801369, 0.008054038509726524, 0.00814672652631998, 0.008542184717953205, 0.008407879620790482, 0.008582575246691704, 0.008566495962440968, 0.008293154649436474, 0.008361403830349445, 0.008080984465777874, 0.008147995918989182, 0.008212119340896606, 0.008186183869838715, 0.00813397578895092, 0.00813538022339344, 0.008742084726691246, 0.00826988834887743, 0.007955611683428288, 0.008421016857028008, 0.008431239053606987, 0.008561472408473492, 0.008892630226910114, 0.008876590058207512, 0.00871184840798378, 0.008823560550808907, 0.00890206079930067, 0.008955655619502068, 0.009242838248610497, 0.009417746216058731, 0.009449983015656471, 0.009363573975861073, 0.008858955465257168, 0.00926727894693613, 0.009322207421064377, 0.00914764404296875, 0.008864367380738258, 0.00902555137872696, 0.009470030665397644, 0.009486359544098377, 0.009494809433817863, 0.010019846260547638, 0.00469751562923193]}
Saving current best: model_best.pth.tar ...
all losses in batch in validation:  {'loss': [0.020831674337387085, 0.020502690225839615, 0.021052297204732895, 0.022806670516729355, 0.023423178121447563, 0.023948319256305695, 0.02335621416568756, 0.021308813244104385, 0.021650005131959915, 0.02091420814394951, 0.018973512575030327, 0.01793164387345314, 0.017235567793250084, 0.017644288018345833, 0.017722798511385918, 0.017917457967996597, 0.018412457779049873, 0.01897859200835228, 0.018166493624448776, 0.01837216690182686, 0.019525235518813133, 0.023720329627394676, 0.02222047746181488, 0.02298114076256752, 0.019811417907476425, 0.025909800082445145, 0.03005239926278591, 0.02451905980706215, 0.020944401621818542, 0.021410411223769188, 0.021272070705890656, 0.021724484860897064, 0.0231003575026989, 0.02411697618663311, 0.01977972313761711, 0.019846349954605103, 0.016674349084496498, 0.013441771268844604, 0.013085775077342987, 0.013830180279910564, 0.01400628313422203, 0.014765134081244469, 0.012909532524645329, 0.011443943716585636, 0.011533582583069801, 0.010755050927400589, 0.010079709812998772, 0.010357089340686798, 0.01050170324742794, 0.01074906624853611, 0.010611360892653465, 0.010856784880161285, 0.010911606252193451, 0.011241840198636055, 0.011093949899077415, 0.011164918541908264, 0.010894360020756721, 0.011114806868135929, 0.010825647041201591, 0.010823996737599373, 0.011002564802765846, 0.010561649687588215, 0.011015541851520538, 0.01089031994342804, 0.011107001453638077, 0.011109549552202225, 0.011645769700407982, 0.011365192010998726, 0.011590177193284035, 0.011724261566996574, 0.011763091199100018, 0.011631377972662449, 0.011842778883874416, 0.011874545365571976, 0.012262638658285141, 0.012713924050331116, 0.012811731547117233, 0.012982996180653572, 0.013020634651184082, 0.012935765087604523, 0.013092860579490662, 0.013444637879729271, 0.013427948579192162, 0.013807667419314384, 0.014048205688595772, 0.013988256454467773, 0.013678623363375664, 0.013654676266014576, 0.013336322270333767, 0.01377140823751688, 0.014294754713773727, 0.014293680898845196, 0.014669904485344887, 0.0145204933360219, 0.01436862163245678, 0.013604335486888885, 0.013515718281269073, 0.013990066945552826, 0.014349095523357391, 0.013998415321111679, 0.014889620244503021, 0.015237933024764061, 0.016835996881127357, 0.01569518819451332, 0.015356292948126793, 0.015576379373669624, 0.015903564170002937, 0.016312960535287857, 0.01571173407137394, 0.01475275307893753, 0.014545014128088951, 0.014517338946461678, 0.013440851122140884, 0.013445066288113594, 0.01344367302954197, 0.014718258753418922, 0.013920854777097702, 0.01312289945781231, 0.0130630973726511, 0.012840444222092628, 0.012998956255614758, 0.013229800388216972, 0.013375535607337952, 0.013470703735947609, 0.013545725494623184, 0.013643432408571243, 0.013844519853591919, 0.014370151795446873, 0.014530232176184654, 0.015411561354994774, 0.015324954874813557, 0.01597249135375023, 0.016611270606517792, 0.016693226993083954, 0.017386116087436676, 0.019514746963977814, 0.022359194234013557, 0.025231044739484787, 0.02444058284163475, 0.02583097107708454, 0.02766934037208557, 0.025931525975465775, 0.030670281499624252, 0.02749485895037651, 0.02640611305832863, 0.022364549338817596, 0.019328651949763298, 0.018417853862047195, 0.01870724931359291, 0.021525507792830467, 0.024669401347637177, 0.030420003458857536, 0.032026030123233795, 0.029003068804740906, 0.026223259046673775, 0.019349241629242897, 0.018733616918325424, 0.01834755763411522, 0.017692208290100098, 0.011925384402275085, 0.012148650363087654, 0.010959817096590996, 0.011777453124523163, 0.010192245244979858, 0.011848251335322857, 0.011913989670574665, 0.011412091553211212, 0.011343773454427719, 0.011718003079295158, 0.011897141113877296, 0.012035353109240532, 0.01248927228152752, 0.012749392539262772, 0.012702316045761108, 0.012713807635009289, 0.014053878374397755, 0.014417214319109917, 0.014661003835499287, 0.01329339761286974, 0.013096070848405361, 0.013049392029643059, 0.014111410826444626, 0.014176741242408752, 0.014925476163625717, 0.014829974621534348, 0.01417407114058733, 0.01501004584133625, 0.015255820006132126, 0.015932265669107437, 0.015640173107385635, 0.014667288400232792, 0.016136834397912025, 0.014342228882014751, 0.014416970312595367, 0.014931902289390564, 0.014543947763741016, 0.014415079727768898, 0.014395276084542274, 0.015415025874972343, 0.01588238589465618, 0.016449736431241035, 0.01690499857068062, 0.01668723113834858, 0.017062414437532425, 0.019438719376921654, 0.018983134999871254, 0.019578002393245697, 0.01918037235736847, 0.017401322722434998, 0.01866433024406433, 0.01688503473997116, 0.018208611756563187, 0.01905055344104767, 0.017561815679073334, 0.016877442598342896, 0.015427387319505215, 0.015455501154065132, 0.01486109383404255, 0.011583449319005013, 0.01317557506263256, 0.012015355750918388, 0.011181812733411789, 0.010512211360037327, 0.011362545192241669, 0.010446161963045597, 0.009685252793133259, 0.009772991761565208, 0.012733671814203262, 0.011622597463428974, 0.010729187168180943, 0.011952172964811325, 0.012338614091277122, 0.011027070693671703, 0.012648647651076317, 0.012581398710608482, 0.010275829583406448, 0.010316813364624977, 0.012088736519217491, 0.009207230061292648, 0.011439818888902664, 0.010713291354477406, 0.010139384306967258, 0.01242278702557087, 0.010244824923574924, 0.012029847130179405, 0.010680058971047401, 0.01103292964398861, 0.0112504493445158, 0.011605608277022839, 0.011818350292742252, 0.011416910216212273, 0.012177720665931702, 0.011922648176550865, 0.011595794931054115, 0.011983418837189674, 0.011550264433026314, 0.013700384646654129, 0.012826619669795036, 0.011922108009457588, 0.013297248631715775, 0.013724292628467083, 0.012724904343485832, 0.014487357810139656, 0.01510294433683157, 0.015486607328057289, 0.015539866872131824, 0.016362665221095085, 0.0169936865568161, 0.0164804570376873, 0.016011632978916168, 0.016309063881635666, 0.017070302739739418, 0.01770360954105854, 0.01796269789338112, 0.01765037700533867, 0.016758227720856667, 0.019773172214627266, 0.019526561722159386, 0.01850157231092453, 0.02032576873898506, 0.01969873160123825, 0.019842391833662987, 0.018748395144939423, 0.018552951514720917, 0.020097000524401665, 0.0204300656914711, 0.020893679931759834, 0.02210112288594246, 0.022099848836660385, 0.022449210286140442, 0.02203436940908432, 0.023222265765070915, 0.023882925510406494, 0.023818694055080414, 0.02637706696987152, 0.022670596837997437, 0.025659672915935516, 0.026127226650714874, 0.026109497994184494, 0.022977109998464584, 0.01910046674311161, 0.01756100356578827, 0.017324291169643402, 0.01755090057849884, 0.018160380423069, 0.018825488165020943, 0.01871396228671074, 0.01911238208413124, 0.019501617178320885, 0.019680507481098175, 0.020160917192697525, 0.021173324435949326, 0.0215371772646904, 0.024164022877812386, 0.024826176464557648, 0.025665540248155594, 0.025874678045511246, 0.02585592120885849, 0.0267445407807827, 0.027590427547693253, 0.027508936822414398, 0.027096427977085114, 0.02754899673163891, 0.030284183099865913, 0.03076763078570366, 0.029189584776759148, 0.028539448976516724, 0.027153531089425087, 0.02454991452395916, 0.023834004998207092, 0.023613696917891502, 0.020839713513851166, 0.01863185130059719, 0.01693011447787285, 0.015688475221395493, 0.01502600684762001, 0.014792438596487045, 0.014152951538562775, 0.014211747795343399, 0.016053244471549988, 0.01462540589272976, 0.014538198709487915, 0.014453000389039516, 0.014471947215497494, 0.015245499089360237, 0.014880383387207985, 0.014319220557808876, 0.013873902149498463, 0.013318023644387722, 0.012582083232700825, 0.012220358476042747, 0.012095212005078793, 0.012066311202943325, 0.012428097426891327, 0.012622561305761337, 0.013439605012536049, 0.013824233785271645, 0.014024513773620129, 0.01432068832218647, 0.013552315533161163, 0.013705848716199398, 0.013601218350231647, 0.013056331314146519, 0.01324228011071682, 0.013742146082222462, 0.013569512404501438, 0.013616092503070831, 0.013641782104969025, 0.0139638502150774, 0.014023461379110813, 0.014059141278266907, 0.014418945647776127, 0.014547968283295631, 0.014622103422880173, 0.015014817006886005, 0.014581935480237007, 0.014847083017230034, 0.01448676735162735, 0.014610299840569496, 0.013927354477345943, 0.012973114848136902, 0.013129135593771935, 0.01369522511959076, 0.015570130199193954, 0.017112260684370995, 0.019842583686113358, 0.02110552415251732, 0.023736396804451942, 0.026557838544249535, 0.030947070568799973, 0.027266869321465492, 0.02493935078382492, 0.022664044052362442, 0.024394206702709198, 0.023905081674456596, 0.019728440791368484, 0.016004348173737526, 0.0158588457852602, 0.01578189618885517, 0.01592434011399746, 0.01593966968357563, 0.015995770692825317, 0.016436729580163956, 0.015667980536818504, 0.015504753217101097, 0.016031237319111824, 0.015879159793257713, 0.016054170206189156, 0.0161302350461483, 0.015872951596975327, 0.015118103474378586, 0.015179179608821869, 0.015355674549937248, 0.014711792580783367, 0.015120547264814377, 0.015080112963914871, 0.015233603306114674, 0.015945494174957275, 0.01616334542632103, 0.016293155029416084, 0.015942132100462914, 0.01574183627963066, 0.016375161707401276, 0.016180960461497307, 0.01667824015021324, 0.017021534964442253, 0.017348123714327812, 0.017692776396870613, 0.017891671508550644, 0.018509238958358765, 0.018342530354857445, 0.017975695431232452, 0.017877191305160522, 0.017823398113250732, 0.018583742901682854, 0.020052330568432808, 0.02034945785999298, 0.020613528788089752, 0.020702524110674858, 0.020805951207876205, 0.021443497389554977, 0.022673096507787704, 0.02173248864710331, 0.02055944874882698, 0.019524654373526573, 0.019802451133728027, 0.02021309733390808, 0.02000681310892105, 0.019717032089829445, 0.019354939460754395, 0.01964564621448517, 0.01938401162624359, 0.019517119973897934, 0.019457049667835236, 0.02011658251285553, 0.019705597311258316, 0.019803909584879875, 0.015289749018847942, 0.015721753239631653, 0.015455968677997589, 0.015629176050424576, 0.016303513199090958, 0.016182491555809975, 0.016132662072777748, 0.01602153852581978, 0.016261376440525055, 0.017047075554728508, 0.016862889751791954, 0.016102341935038567, 0.015914279967546463, 0.01582750491797924, 0.016181427985429764, 0.0171973779797554, 0.01937464252114296, 0.017312902957201004, 0.015756163746118546, 0.015963468700647354, 0.016162320971488953, 0.016576364636421204, 0.01734563708305359, 0.01779373735189438, 0.01821938157081604, 0.01866653934121132, 0.018693596124649048, 0.019003361463546753, 0.019822798669338226, 0.02087775617837906, 0.021641286090016365, 0.02127186954021454, 0.019487280398607254, 0.020610127598047256, 0.02102624624967575, 0.01944839209318161, 0.020023737102746964, 0.019912969321012497, 0.02283947542309761, 0.02087593451142311, 0.01959431916475296, 0.021658575162291527, 0.014578444883227348], 'L_si': [0.010112755931913853, 0.009822716936469078, 0.009989058598876, 0.01148143969476223, 0.012044116854667664, 0.012515242211520672, 0.011951889842748642, 0.010576116852462292, 0.010786267928779125, 0.01021750271320343, 0.00898065697401762, 0.008207091130316257, 0.007742017041891813, 0.007917476817965508, 0.007906436920166016, 0.00796873215585947, 0.008193145506083965, 0.008568396791815758, 0.008028645999729633, 0.008181093260645866, 0.008963161148130894, 0.012120802886784077, 0.010764893144369125, 0.0112553546205163, 0.009036569856107235, 0.01309910323470831, 0.01660628616809845, 0.012013780884444714, 0.009520895779132843, 0.009917793795466423, 0.009899185970425606, 0.010223218239843845, 0.01118629239499569, 0.01237519085407257, 0.009829924441874027, 0.010107720270752907, 0.007723209913820028, 0.005587188992649317, 0.005481125321239233, 0.005887115374207497, 0.006101697683334351, 0.0068127806298434734, 0.0056546833366155624, 0.0045915329828858376, 0.004629459232091904, 0.004185277968645096, 0.003906384110450745, 0.004045418463647366, 0.0041338601149618626, 0.0041839005425572395, 0.00405274610966444, 0.00420778151601553, 0.004359088372439146, 0.0045030442997813225, 0.0044308798387646675, 0.00441585062071681, 0.004239663016051054, 0.004278418608009815, 0.004121221136301756, 0.004165944177657366, 0.004231135360896587, 0.004006748553365469, 0.004226672928780317, 0.0041105421259999275, 0.004268145188689232, 0.00426446832716465, 0.004551684483885765, 0.00432638730853796, 0.004528928082436323, 0.004611921962350607, 0.0046445587649941444, 0.0045595066621899605, 0.0046787867322564125, 0.004792916122823954, 0.004916353616863489, 0.005195459350943565, 0.005118340253829956, 0.00515907583758235, 0.005223568994551897, 0.005211477633565664, 0.00509707210585475, 0.00531850615516305, 0.005379602778702974, 0.005582862067967653, 0.005607109051197767, 0.0055534555576741695, 0.005432833917438984, 0.005420863628387451, 0.005257423035800457, 0.00549668911844492, 0.00587508687749505, 0.00586937740445137, 0.006052530836313963, 0.005981408059597015, 0.005916147027164698, 0.005392070859670639, 0.0054175942204892635, 0.005647591315209866, 0.005714667495340109, 0.005419246852397919, 0.0058708456344902515, 0.005900841671973467, 0.0067014847882092, 0.006174084730446339, 0.005937086418271065, 0.00597838731482625, 0.006132420618087053, 0.006406881846487522, 0.005997719243168831, 0.005575569812208414, 0.00541591877117753, 0.005362318363040686, 0.004688987974077463, 0.00474613206461072, 0.004719847347587347, 0.005255727097392082, 0.0048897708766162395, 0.004580835346132517, 0.004557905253022909, 0.004466134589165449, 0.0046483902260661125, 0.004721664357930422, 0.004873804282397032, 0.004928020294755697, 0.004958703648298979, 0.005118392873555422, 0.0052366857416927814, 0.005487658083438873, 0.005527706351131201, 0.005976900923997164, 0.005826053209602833, 0.006094207055866718, 0.006505495868623257, 0.006602237932384014, 0.0069305854849517345, 0.008126258850097656, 0.009960575960576534, 0.011196617968380451, 0.01046485360711813, 0.011177077889442444, 0.012113028205931187, 0.011003860272467136, 0.015072634443640709, 0.012470505200326443, 0.011869986541569233, 0.009752764366567135, 0.008073057048022747, 0.00758748734369874, 0.00817803479731083, 0.010628974065184593, 0.013501626439392567, 0.018686668947339058, 0.02074829302728176, 0.018638333305716515, 0.015878848731517792, 0.009877141565084457, 0.009175828658044338, 0.009297591634094715, 0.008699600584805012, 0.0043165734969079494, 0.004460002761334181, 0.003800856415182352, 0.004356717690825462, 0.0033391781616955996, 0.0042860619723796844, 0.004232204519212246, 0.00394120067358017, 0.0040487064979970455, 0.004268928896635771, 0.004383481573313475, 0.004411595407873392, 0.0047653838992118835, 0.00488995062187314, 0.0049164677038788795, 0.004977086558938026, 0.00571768544614315, 0.0061226836405694485, 0.006369429640471935, 0.005546679720282555, 0.005235702730715275, 0.0051765237003564835, 0.005863360594958067, 0.005953431595116854, 0.006390005815774202, 0.006049523130059242, 0.005839548073709011, 0.0066243926994502544, 0.00689583458006382, 0.007324797101318836, 0.007145227864384651, 0.006368078291416168, 0.007418103516101837, 0.006254355423152447, 0.0063503580167889595, 0.0067516230046749115, 0.00650512520223856, 0.00636676698923111, 0.00655906880274415, 0.007260476239025593, 0.007806878071278334, 0.008439968340098858, 0.008750110864639282, 0.008681551553308964, 0.009131255559623241, 0.010782823897898197, 0.010662276297807693, 0.01110929623246193, 0.010800326243042946, 0.009372719563543797, 0.010172076523303986, 0.008777458220720291, 0.00964121799916029, 0.010298318229615688, 0.00924111157655716, 0.008502775803208351, 0.007447919808328152, 0.007333941757678986, 0.006975209806114435, 0.004707656800746918, 0.0055704605765640736, 0.004853921476751566, 0.004277355037629604, 0.0038627570029348135, 0.00435861898586154, 0.0038963686674833298, 0.0034910496324300766, 0.0035660075955092907, 0.005271419417113066, 0.004571317695081234, 0.004101128317415714, 0.004692072048783302, 0.004903186112642288, 0.004198509268462658, 0.005108387675136328, 0.005077302921563387, 0.003770148381590843, 0.003781237406656146, 0.0047437348403036594, 0.003086326876655221, 0.004274703096598387, 0.0037952065467834473, 0.0035177997779101133, 0.004757775459438562, 0.003534203628078103, 0.004564647097140551, 0.0038673810195177794, 0.004163111560046673, 0.0042562647722661495, 0.004446792416274548, 0.004608396906405687, 0.004431773908436298, 0.004910678137093782, 0.004761650692671537, 0.004591317847371101, 0.004863167181611061, 0.0046004364266991615, 0.005911288782954216, 0.005480676423758268, 0.004950275178998709, 0.0058386363089084625, 0.0060098422691226006, 0.005324302241206169, 0.0062792603857815266, 0.006624133326113224, 0.006898620631545782, 0.00687852967530489, 0.00740791205316782, 0.007665091659873724, 0.0074468147940933704, 0.007156679406762123, 0.007355026435106993, 0.007769843563437462, 0.008218604139983654, 0.008382810279726982, 0.008242049254477024, 0.007713597733527422, 0.009574022144079208, 0.009420087561011314, 0.008856072090566158, 0.01008894294500351, 0.009717616252601147, 0.009902155958116055, 0.009247660636901855, 0.009239567443728447, 0.010360458865761757, 0.010632664896547794, 0.011006004177033901, 0.012055128812789917, 0.01195414736866951, 0.012109119445085526, 0.011716820299625397, 0.012685997411608696, 0.013070492073893547, 0.013107048347592354, 0.014661505818367004, 0.012162534520030022, 0.013835939578711987, 0.014094004407525063, 0.014176910743117332, 0.012221121229231358, 0.01028671395033598, 0.009568762965500355, 0.009688051417469978, 0.010127331130206585, 0.010617012158036232, 0.011082999408245087, 0.011037844233214855, 0.01134108193218708, 0.011658217757940292, 0.011810792610049248, 0.012088920921087265, 0.012665022164583206, 0.01284872367978096, 0.014684438705444336, 0.01514037698507309, 0.015612400136888027, 0.015740832313895226, 0.015787936747074127, 0.016228798776865005, 0.016717733815312386, 0.016560595482587814, 0.01617160625755787, 0.016828197985887527, 0.018845796585083008, 0.01892821677029133, 0.017360147088766098, 0.01680636778473854, 0.0157938189804554, 0.013849940150976181, 0.013646034523844719, 0.013659808784723282, 0.011721507646143436, 0.010127388872206211, 0.008985735476016998, 0.007893834263086319, 0.007286571431905031, 0.006722025107592344, 0.006275595631450415, 0.006093944888561964, 0.006450744345784187, 0.005664451513439417, 0.005616520531475544, 0.005517321638762951, 0.0054894667118787766, 0.005947130266577005, 0.005600703414529562, 0.0052749947644770145, 0.0052534183487296104, 0.005066066049039364, 0.004764399491250515, 0.004582426976412535, 0.004533744417130947, 0.004644021391868591, 0.004787312354892492, 0.004851899575442076, 0.00537952920421958, 0.005567217245697975, 0.005592961795628071, 0.0057519725523889065, 0.005300596822053194, 0.005447938106954098, 0.005479026585817337, 0.005127210170030594, 0.005205731838941574, 0.005393744446337223, 0.005282781086862087, 0.005411484278738499, 0.005501010920852423, 0.00566763523966074, 0.005803179927170277, 0.0058158147148787975, 0.006020745262503624, 0.00613697525113821, 0.006107970140874386, 0.006331629119813442, 0.006106234155595303, 0.006388133857399225, 0.006336923688650131, 0.006063985638320446, 0.005509410053491592, 0.005073819309473038, 0.005350746214389801, 0.0057692755945026875, 0.007011661771684885, 0.00786135159432888, 0.009463831782341003, 0.010604895651340485, 0.01246093213558197, 0.01452054362744093, 0.017359944060444832, 0.01507759653031826, 0.01399699691683054, 0.01225898414850235, 0.01320298109203577, 0.012296902015805244, 0.00946243666112423, 0.006977637764066458, 0.006898499093949795, 0.006886104587465525, 0.007061038166284561, 0.007082195486873388, 0.007135980762541294, 0.007365540601313114, 0.006811636500060558, 0.006776964291930199, 0.007177211344242096, 0.007047448772937059, 0.00711049186065793, 0.007218368351459503, 0.006985499523580074, 0.0065725878812372684, 0.0064410618506371975, 0.006477000191807747, 0.00614963099360466, 0.006429226137697697, 0.006415652576833963, 0.006374740041792393, 0.006802303716540337, 0.006895795464515686, 0.006992064416408539, 0.006767813581973314, 0.00663282535970211, 0.007162351161241531, 0.007141131442040205, 0.007427806034684181, 0.007551341783255339, 0.007812419906258583, 0.007894531823694706, 0.008015180006623268, 0.008255270309746265, 0.008234070613980293, 0.007979308255016804, 0.007961854338645935, 0.007975158281624317, 0.00834428146481514, 0.009254856035113335, 0.009457933716475964, 0.009576721116900444, 0.009513791650533676, 0.009546427056193352, 0.009996684268116951, 0.010863276198506355, 0.010263943113386631, 0.009632914327085018, 0.009183775633573532, 0.009434963576495647, 0.009767581708729267, 0.00974616501480341, 0.009636616334319115, 0.0093980198726058, 0.009604126214981079, 0.009439678862690926, 0.00947449542582035, 0.009474142454564571, 0.010163298808038235, 0.009954524226486683, 0.010219087824225426, 0.00760172214359045, 0.007789081893861294, 0.00758758932352066, 0.007592208683490753, 0.007757950574159622, 0.007732912432402372, 0.007718374487012625, 0.0077130445279181, 0.007630969397723675, 0.0079723559319973, 0.007952013052999973, 0.007611515931785107, 0.007545591797679663, 0.007575097493827343, 0.007899482734501362, 0.008615484461188316, 0.009985338896512985, 0.008521822281181812, 0.007829043082892895, 0.007847064174711704, 0.008015195839107037, 0.008203515782952309, 0.008543270640075207, 0.008849573321640491, 0.009140911512076855, 0.00946560688316822, 0.009274150244891644, 0.009660210460424423, 0.010329603217542171, 0.01107301190495491, 0.011759893037378788, 0.011478913016617298, 0.010394446551799774, 0.011039594188332558, 0.011190645396709442, 0.010137551464140415, 0.010517179034650326, 0.010469176806509495, 0.012671818025410175, 0.011042903177440166, 0.010184853337705135, 0.011867265217006207, 0.010101941414177418], 'L_grad': [0.010718919336795807, 0.010679974220693111, 0.011063238605856895, 0.011325230821967125, 0.0113790612667799, 0.011433077976107597, 0.011404325254261494, 0.010732695460319519, 0.010863738134503365, 0.010696705430746078, 0.009992855601012707, 0.009724551811814308, 0.009493550285696983, 0.009726811200380325, 0.009816361591219902, 0.009948724880814552, 0.010219312272965908, 0.010410196147859097, 0.010137847624719143, 0.010191072709858418, 0.01056207437068224, 0.0115995267406106, 0.011455584317445755, 0.011725785210728645, 0.010774848982691765, 0.01281069591641426, 0.013446113094687462, 0.01250527985394001, 0.011423504911363125, 0.011492617428302765, 0.01137288473546505, 0.011501265689730644, 0.011914064176380634, 0.01174178533256054, 0.009949799627065659, 0.009738629683852196, 0.008951138705015182, 0.007854582741856575, 0.007604649290442467, 0.007943064905703068, 0.00790458545088768, 0.007952352985739708, 0.007254849188029766, 0.006852410733699799, 0.006904123816639185, 0.006569772958755493, 0.006173325702548027, 0.0063116708770394325, 0.006367843598127365, 0.00656516570597887, 0.006558614317327738, 0.0066490028984844685, 0.006552517879754305, 0.0067387958988547325, 0.006663069594651461, 0.006749068386852741, 0.0066546970047056675, 0.006836388260126114, 0.006704425904899836, 0.00665805209428072, 0.006771429441869259, 0.006554901134222746, 0.006788868457078934, 0.006779777817428112, 0.006838856730610132, 0.006845081690698862, 0.007094085216522217, 0.007038804702460766, 0.007061248645186424, 0.00711233913898468, 0.007118532434105873, 0.007071871310472488, 0.007163992151618004, 0.007081629708409309, 0.007346285041421652, 0.00751846469938755, 0.007693391293287277, 0.007823919877409935, 0.007797065190970898, 0.007724286988377571, 0.007995788007974625, 0.008126132190227509, 0.0080483453348279, 0.008224804885685444, 0.008441097103059292, 0.008434800431132317, 0.00824578944593668, 0.008233812637627125, 0.00807889923453331, 0.00827471911907196, 0.008419668301939964, 0.008424303494393826, 0.008617373183369637, 0.008539085276424885, 0.00845247507095337, 0.008212264627218246, 0.008098123595118523, 0.00834247563034296, 0.00863442849367857, 0.00857916846871376, 0.009018775075674057, 0.009337090887129307, 0.01013451162725687, 0.009521102532744408, 0.009419206529855728, 0.009597991593182087, 0.009771144017577171, 0.00990607775747776, 0.009714014828205109, 0.009177182801067829, 0.009129095822572708, 0.00915502104908228, 0.008751863613724709, 0.008698934689164162, 0.008723825216293335, 0.00946253165602684, 0.009031083434820175, 0.00854206457734108, 0.008505191653966904, 0.008374310098588467, 0.008350566029548645, 0.008508136495947838, 0.008501731790602207, 0.008542682975530624, 0.008587021380662918, 0.008525039069354534, 0.00860783364623785, 0.008882493712008, 0.009002525359392166, 0.009434659965336323, 0.009498901665210724, 0.009878283366560936, 0.01010577380657196, 0.010090989992022514, 0.010455531068146229, 0.011388489045202732, 0.012398618273437023, 0.01403442770242691, 0.013975728303194046, 0.014653893187642097, 0.01555631309747696, 0.014927666634321213, 0.015597646124660969, 0.015024352818727493, 0.014536125585436821, 0.012611784040927887, 0.011255594901740551, 0.010830366052687168, 0.010529215447604656, 0.010896533727645874, 0.011167775839567184, 0.011733334511518478, 0.011277738958597183, 0.010364735499024391, 0.010344410315155983, 0.00947210006415844, 0.009557787328958511, 0.009049966931343079, 0.008992606773972511, 0.007608810439705849, 0.007688647601753473, 0.007158960681408644, 0.007420734968036413, 0.0068530673161149025, 0.0075621893629431725, 0.007681785151362419, 0.0074708908796310425, 0.007295067422091961, 0.0074490737169981, 0.007513660006225109, 0.0076237572357058525, 0.007723888382315636, 0.007859441451728344, 0.007785848807543516, 0.007736721076071262, 0.008336192928254604, 0.008294531144201756, 0.008291574195027351, 0.007746717892587185, 0.007860368117690086, 0.007872868329286575, 0.008248050697147846, 0.008223309181630611, 0.008535470813512802, 0.008780451491475105, 0.008334523066878319, 0.008385652676224709, 0.008359985426068306, 0.008607469499111176, 0.008494945243000984, 0.008299210108816624, 0.008718730881810188, 0.008087873458862305, 0.008066612295806408, 0.008180279284715652, 0.008038822561502457, 0.008048312738537788, 0.007836207747459412, 0.00815454963594675, 0.00807550735771656, 0.008009768091142178, 0.008154887706041336, 0.008005679585039616, 0.007931159809231758, 0.008655895479023457, 0.00832085870206356, 0.008468706160783768, 0.008380047045648098, 0.008028602227568626, 0.00849225465208292, 0.00810757651925087, 0.008567393757402897, 0.008752236142754555, 0.008320704102516174, 0.00837466586381197, 0.007979467511177063, 0.008121559396386147, 0.007885883562266827, 0.006875792518258095, 0.0076051140204072, 0.00716143473982811, 0.006904457695782185, 0.006649454589933157, 0.0070039257407188416, 0.006549793295562267, 0.006194203160703182, 0.00620698370039463, 0.007462252397090197, 0.00705127976834774, 0.006628058850765228, 0.007260100916028023, 0.007435427512973547, 0.006828561425209045, 0.007540259510278702, 0.0075040957890450954, 0.006505681201815605, 0.006535576190799475, 0.007345002144575119, 0.006120902951806784, 0.007165115792304277, 0.006918084807693958, 0.006621584761887789, 0.007665012031793594, 0.006710621528327465, 0.007465200498700142, 0.006812678184360266, 0.0068698180839419365, 0.006994184572249651, 0.007158815860748291, 0.007209953386336565, 0.006985136773437262, 0.0072670429944992065, 0.007160997949540615, 0.007004476618021727, 0.007120251655578613, 0.006949828006327152, 0.007789095398038626, 0.007345943711698055, 0.0069718328304588795, 0.007458611857146025, 0.007714450359344482, 0.00740060256794095, 0.008208097890019417, 0.008478811010718346, 0.00858798623085022, 0.008661337196826935, 0.008954753167927265, 0.009328595362603664, 0.009033642709255219, 0.00885495450347662, 0.008954036980867386, 0.009300459176301956, 0.009485005401074886, 0.009579888544976711, 0.00940832681953907, 0.009044629521667957, 0.010199150070548058, 0.010106474161148071, 0.009645501151680946, 0.010236826725304127, 0.009981116279959679, 0.009940235875546932, 0.009500735439360142, 0.00931338407099247, 0.009736541658639908, 0.00979740172624588, 0.009887675754725933, 0.010045994073152542, 0.010145701467990875, 0.010340090841054916, 0.010317548178136349, 0.01053626835346222, 0.010812432505190372, 0.01071164570748806, 0.011715561151504517, 0.010508062317967415, 0.011823734268546104, 0.012033222243189812, 0.011932588182389736, 0.010755987837910652, 0.008813752792775631, 0.007992240600287914, 0.0076362392865121365, 0.007423568982630968, 0.007543368265032768, 0.007742489222437143, 0.0076761189848184586, 0.007771299686282873, 0.007843399420380592, 0.007869713939726353, 0.008071995340287685, 0.00850830227136612, 0.008688453584909439, 0.00947958417236805, 0.009685799479484558, 0.010053141042590141, 0.01013384573161602, 0.010067984461784363, 0.01051574107259512, 0.010872694663703442, 0.010948342271149158, 0.010924821719527245, 0.010720798745751381, 0.011438386514782906, 0.01183941401541233, 0.01182943768799305, 0.011733081191778183, 0.011359712108969688, 0.010699974372982979, 0.010187970474362373, 0.00995388813316822, 0.009118204936385155, 0.00850446242839098, 0.00794437900185585, 0.007794641889631748, 0.0077394358813762665, 0.008070413023233414, 0.007877355441451073, 0.008117802441120148, 0.009602499194443226, 0.008960953913629055, 0.008921678178012371, 0.008935678750276566, 0.008982480503618717, 0.009298369288444519, 0.009279679507017136, 0.009044226258993149, 0.008620483800768852, 0.008251957595348358, 0.00781768374145031, 0.0076379319652915, 0.0075614675879478455, 0.007422289811074734, 0.007640784606337547, 0.007770661264657974, 0.008060075342655182, 0.00825701653957367, 0.008431551977992058, 0.00856871623545885, 0.008251719176769257, 0.0082579106092453, 0.00812219176441431, 0.007929121144115925, 0.008036548271775246, 0.008348401635885239, 0.008286731317639351, 0.008204608224332333, 0.008140770718455315, 0.00829621497541666, 0.008220281451940536, 0.008243326097726822, 0.008398200385272503, 0.008410993032157421, 0.008514133282005787, 0.008683187887072563, 0.008475701324641705, 0.008458949625492096, 0.008149843662977219, 0.00854631420224905, 0.008417944423854351, 0.007899295538663864, 0.0077783893793821335, 0.007925949990749359, 0.008558467961847782, 0.009250909090042114, 0.010378751903772354, 0.010500628501176834, 0.011275464668869972, 0.012037294916808605, 0.01358712650835514, 0.012189272791147232, 0.010942352935671806, 0.010405059903860092, 0.011191224679350853, 0.011608179658651352, 0.01026600506156683, 0.009026710875332355, 0.008960346691310406, 0.00889579113572836, 0.008863301947712898, 0.00885747466236353, 0.008859788998961449, 0.009071189910173416, 0.008856344036757946, 0.008727788925170898, 0.008854025974869728, 0.008831711485981941, 0.008943678811192513, 0.008911866694688797, 0.008887451142072678, 0.00854551512748003, 0.008738118223845959, 0.008878674358129501, 0.008562161587178707, 0.00869132112711668, 0.008664460852742195, 0.008858863264322281, 0.009143189527094364, 0.009267550893127918, 0.009301090613007545, 0.009174318052828312, 0.00910901091992855, 0.009212811477482319, 0.009039828553795815, 0.00925043411552906, 0.009470193646848202, 0.009535703808069229, 0.009798244573175907, 0.00987649243324995, 0.010253969579935074, 0.010108459740877151, 0.009996386244893074, 0.009915336966514587, 0.009848239831626415, 0.010239461436867714, 0.010797474533319473, 0.010891524143517017, 0.011036806739866734, 0.011188732460141182, 0.011259525083005428, 0.011446813121438026, 0.011809819377958775, 0.011468545533716679, 0.010926535353064537, 0.010340878739953041, 0.010367488488554955, 0.010445515625178814, 0.010260649025440216, 0.01008041575551033, 0.009956919588148594, 0.01004151999950409, 0.009944332763552666, 0.010042624548077583, 0.00998290628194809, 0.00995328277349472, 0.009751074016094208, 0.00958482176065445, 0.007688026875257492, 0.007932672277092934, 0.007868379354476929, 0.008036968298256397, 0.00854556169360876, 0.008449578657746315, 0.008414287120103836, 0.008308494463562965, 0.008630406111478806, 0.009074719622731209, 0.00891087669879198, 0.00849082600325346, 0.008368687704205513, 0.008252407424151897, 0.008281945250928402, 0.008581893518567085, 0.009389303624629974, 0.008791080676019192, 0.007927119731903076, 0.00811640452593565, 0.00814712606370449, 0.00837284978479147, 0.008802366442978382, 0.008944164961576462, 0.00907846912741661, 0.009200932458043098, 0.00941944494843483, 0.00934315100312233, 0.00949319452047348, 0.009804744273424149, 0.009881393052637577, 0.00979295652359724, 0.009092834778130054, 0.009570534341037273, 0.009835599921643734, 0.009310840629041195, 0.009506558999419212, 0.009443792514503002, 0.01016765832901001, 0.009833032265305519, 0.00940946489572525, 0.00979130994528532, 0.004476503934711218]}
all losses in batch in validation:  {'loss': [0.021794084459543228, 0.02187350206077099, 0.02369817905128002, 0.022984808310866356, 0.02396240085363388, 0.023686936125159264, 0.023206833750009537, 0.021197974681854248, 0.02071266993880272, 0.02057412639260292, 0.017687194049358368, 0.017506349831819534, 0.01678445003926754, 0.01659090258181095, 0.0158911794424057, 0.016126377508044243, 0.015968769788742065, 0.01738576591014862, 0.016031567007303238, 0.016080979257822037, 0.0166058037430048, 0.020908381789922714, 0.019749388098716736, 0.02103780210018158, 0.0182022824883461, 0.02486969158053398, 0.03414718806743622, 0.029040589928627014, 0.022145157679915428, 0.02222418412566185, 0.02212444506585598, 0.022883037105202675, 0.024400625377893448, 0.02562844380736351, 0.02159971371293068, 0.02112838253378868, 0.017416425049304962, 0.014287665486335754, 0.013517653569579124, 0.013881053775548935, 0.01525407936424017, 0.015577338635921478, 0.013288650661706924, 0.011183153837919235, 0.011418730951845646, 0.010606324300169945, 0.010026014409959316, 0.010483218356966972, 0.010424459353089333, 0.010749195702373981, 0.010786395519971848, 0.010803431272506714, 0.010657104663550854, 0.01103030052036047, 0.01084505021572113, 0.011167934164404869, 0.010973818600177765, 0.011377120390534401, 0.011181609705090523, 0.011360514909029007, 0.011353634297847748, 0.010717270895838737, 0.010861348360776901, 0.010596374981105328, 0.01094962190836668, 0.01095116138458252, 0.01139669120311737, 0.011051593348383904, 0.011068452149629593, 0.01137060858309269, 0.011597536504268646, 0.011503984220325947, 0.011784344911575317, 0.011908847838640213, 0.012238377705216408, 0.012629594653844833, 0.012353489175438881, 0.012479307129979134, 0.012770598754286766, 0.012542903423309326, 0.012464622035622597, 0.012604215182363987, 0.012795102782547474, 0.013098726980388165, 0.013249940238893032, 0.013216089457273483, 0.013238678686320782, 0.013196900486946106, 0.012946676462888718, 0.01338648609817028, 0.013713693246245384, 0.01374763436615467, 0.014445118606090546, 0.013976482674479485, 0.013526005670428276, 0.012924465350806713, 0.012883078306913376, 0.013544161804020405, 0.01391384657472372, 0.013581996783614159, 0.014326691627502441, 0.015177611261606216, 0.016816608607769012, 0.015257952734827995, 0.01484649907797575, 0.01520125474780798, 0.015173462219536304, 0.016038401052355766, 0.015276954509317875, 0.014875777065753937, 0.014432894065976143, 0.014330161735415459, 0.013733617030084133, 0.01309477910399437, 0.013150293380022049, 0.014297527261078358, 0.013518080115318298, 0.012988351285457611, 0.01320173591375351, 0.01308576762676239, 0.013253568671643734, 0.013622251339256763, 0.013527615927159786, 0.013732807710766792, 0.013718390837311745, 0.013900024816393852, 0.014228638261556625, 0.014536852017045021, 0.015126843005418777, 0.016029121354222298, 0.015959925949573517, 0.01680171862244606, 0.01694493368268013, 0.0168549045920372, 0.017507238313555717, 0.01908152550458908, 0.02154514193534851, 0.023677024990320206, 0.02267082780599594, 0.022983914241194725, 0.023488756269216537, 0.022343814373016357, 0.027376271784305573, 0.024141862988471985, 0.023472942411899567, 0.020530758425593376, 0.018544474616646767, 0.017698416486382484, 0.020830225199460983, 0.025182180106639862, 0.02826114371418953, 0.03296731039881706, 0.034249499440193176, 0.032699309289455414, 0.029254235327243805, 0.022592302411794662, 0.023328563198447227, 0.02101360261440277, 0.021046992391347885, 0.01464969851076603, 0.013627641834318638, 0.013245987705886364, 0.01592569798231125, 0.014713697135448456, 0.015728341415524483, 0.01619527116417885, 0.015787402167916298, 0.01493452861905098, 0.014227423816919327, 0.01599704660475254, 0.015766311436891556, 0.01551544014364481, 0.016226021572947502, 0.0162411667406559, 0.01629575341939926, 0.01789495348930359, 0.018308419734239578, 0.01945016160607338, 0.01725389063358307, 0.017721164971590042, 0.017742183059453964, 0.017961576581001282, 0.018404444679617882, 0.01801544614136219, 0.018125083297491074, 0.017645910382270813, 0.018605392426252365, 0.018889669328927994, 0.018297359347343445, 0.01940080150961876, 0.01841416209936142, 0.019185610115528107, 0.018783360719680786, 0.019398599863052368, 0.01924690417945385, 0.018954575061798096, 0.019368773326277733, 0.019044803455471992, 0.020540740340948105, 0.019909661263227463, 0.020884079858660698, 0.020601091906428337, 0.020596200600266457, 0.02029346488416195, 0.022632353007793427, 0.020458171144127846, 0.02124781906604767, 0.022180747240781784, 0.018652819097042084, 0.019851360470056534, 0.01825883612036705, 0.019511034712195396, 0.02018401399254799, 0.018808022141456604, 0.017912348732352257, 0.016513675451278687, 0.017004840075969696, 0.0164603553712368, 0.014371516183018684, 0.01573733612895012, 0.015060896053910255, 0.014644812792539597, 0.013663966208696365, 0.014310245402157307, 0.01321642380207777, 0.01241406798362732, 0.012672996148467064, 0.01616208627820015, 0.015381677076220512, 0.01291615515947342, 0.014123199507594109, 0.014690997079014778, 0.012861756607890129, 0.014348323456943035, 0.014742724597454071, 0.01205312367528677, 0.012279149144887924, 0.01428665965795517, 0.010327406227588654, 0.01189340464770794, 0.010727515444159508, 0.009647113271057606, 0.012281782925128937, 0.009856287389993668, 0.011728706769645214, 0.010431088507175446, 0.010745015926659107, 0.010920289903879166, 0.011191841214895248, 0.011627160012722015, 0.011298472993075848, 0.01202276349067688, 0.01136038452386856, 0.010925629176199436, 0.011189529672265053, 0.010807642713189125, 0.01274472288787365, 0.011773118749260902, 0.011050550267100334, 0.01301538199186325, 0.013173110783100128, 0.011453482322394848, 0.013599715195596218, 0.014053573831915855, 0.014476731419563293, 0.013896845281124115, 0.01483185961842537, 0.01574092172086239, 0.015344502404332161, 0.014835202135145664, 0.015402218326926231, 0.016057012602686882, 0.016535544767975807, 0.016997069120407104, 0.016662245616316795, 0.016026247292757034, 0.019120369106531143, 0.018849926069378853, 0.017682386562228203, 0.019732240587472916, 0.01900164783000946, 0.019219420850276947, 0.018407108262181282, 0.018395978957414627, 0.02020419016480446, 0.020257476717233658, 0.02085152082145214, 0.021801210939884186, 0.021732747554779053, 0.021628793329000473, 0.021570846438407898, 0.02298567444086075, 0.021535200998187065, 0.01951972022652626, 0.019564170390367508, 0.01662961021065712, 0.018497034907341003, 0.02250448614358902, 0.0222467090934515, 0.019794270396232605, 0.018330426886677742, 0.017710372805595398, 0.017611289396882057, 0.018048085272312164, 0.018710702657699585, 0.01904447004199028, 0.018996462225914, 0.019616663455963135, 0.020083121955394745, 0.020372573286294937, 0.020644117146730423, 0.021320996806025505, 0.02190542034804821, 0.024729277938604355, 0.025577545166015625, 0.026580527424812317, 0.02667653188109398, 0.02611972577869892, 0.027395181357860565, 0.028314467519521713, 0.028192272409796715, 0.02811465784907341, 0.028715290129184723, 0.031122973188757896, 0.03167913854122162, 0.030700720846652985, 0.029937023296952248, 0.028354141861200333, 0.026433825492858887, 0.025881759822368622, 0.024891693145036697, 0.021903427317738533, 0.01976604387164116, 0.017832431942224503, 0.01687345653772354, 0.016086531803011894, 0.016108302399516106, 0.015316701494157314, 0.015410315245389938, 0.01563131809234619, 0.014510009437799454, 0.014324807561933994, 0.014215563423931599, 0.013835410587489605, 0.014556054025888443, 0.014182474464178085, 0.013574274256825447, 0.013873035088181496, 0.01342574879527092, 0.012845201417803764, 0.012359322048723698, 0.012156005948781967, 0.012189939618110657, 0.012339702807366848, 0.01269644033163786, 0.014208167791366577, 0.014245660975575447, 0.014187730848789215, 0.01465744897723198, 0.013433912768959999, 0.014068949967622757, 0.01391528733074665, 0.013819428160786629, 0.013760548084974289, 0.013785041868686676, 0.01365538127720356, 0.013631364330649376, 0.013890189118683338, 0.01398114487528801, 0.014235707931220531, 0.014342209324240685, 0.015000767074525356, 0.015087587758898735, 0.01468582358211279, 0.01538891065865755, 0.014338357374072075, 0.014445075765252113, 0.01358829252421856, 0.014046307653188705, 0.013749543577432632, 0.013862302526831627, 0.014790239743888378, 0.015855731442570686, 0.016790878027677536, 0.018484774976968765, 0.020802684128284454, 0.021526731550693512, 0.02289404161274433, 0.02492055483162403, 0.026456762105226517, 0.024398833513259888, 0.023907195776700974, 0.0227050818502903, 0.024111848324537277, 0.023905817419290543, 0.01992356777191162, 0.016014276072382927, 0.015771064907312393, 0.015511580742895603, 0.0160224549472332, 0.015893828123807907, 0.01590302214026451, 0.015755031257867813, 0.015326183289289474, 0.015161333605647087, 0.015900472179055214, 0.01576586812734604, 0.015794072300195694, 0.016682030633091927, 0.017111148685216904, 0.016849441453814507, 0.01615077257156372, 0.016508352011442184, 0.01576029695570469, 0.015475056134164333, 0.015634868294000626, 0.015287798829376698, 0.015269383788108826, 0.015929508954286575, 0.015677466988563538, 0.015302367508411407, 0.015480226837098598, 0.016113486140966415, 0.015671256929636, 0.015426745638251305, 0.015577755868434906, 0.016328932717442513, 0.01669023558497429, 0.016770191490650177, 0.01713760755956173, 0.017612718045711517, 0.01759340427815914, 0.017313344404101372, 0.017472367733716965, 0.01739802211523056, 0.01835394650697708, 0.01897304877638817, 0.01952056586742401, 0.019872691482305527, 0.02021801844239235, 0.020457126200199127, 0.022392762824892998, 0.02152279019355774, 0.020609423518180847, 0.020624380558729172, 0.02061200886964798, 0.020722199231386185, 0.020534232258796692, 0.01965159736573696, 0.019344870001077652, 0.018844496458768845, 0.01841782033443451, 0.018270403146743774, 0.01749899424612522, 0.017917901277542114, 0.01792968064546585, 0.018864059820771217, 0.014443634077906609, 0.015101887285709381, 0.015077732503414154, 0.01529677864164114, 0.015863262116909027, 0.01591615192592144, 0.016095252707600594, 0.015767380595207214, 0.01529368944466114, 0.015498491004109383, 0.014996549114584923, 0.015128963626921177, 0.015196599997580051, 0.015335137955844402, 0.01585991308093071, 0.01747506856918335, 0.018726712092757225, 0.017164062708616257, 0.015719875693321228, 0.01629921793937683, 0.016155030578374863, 0.016428597271442413, 0.01717461086809635, 0.01750737987458706, 0.017352085560560226, 0.018396351486444473, 0.018389292061328888, 0.019174933433532715, 0.0194759089499712, 0.02070610411465168, 0.021143842488527298, 0.020929543301463127, 0.018782468512654305, 0.01909172534942627, 0.02007940784096718, 0.01917053386569023, 0.020272279158234596, 0.02028566226363182, 0.022316433489322662, 0.02172815054655075, 0.020683888345956802, 0.02284765988588333, 0.015124351717531681], 'L_si': [0.011572498828172684, 0.011558033525943756, 0.012790374457836151, 0.012326866388320923, 0.013144664466381073, 0.012948213145136833, 0.01248428225517273, 0.01098367478698492, 0.010573739185929298, 0.010590909980237484, 0.008557403460144997, 0.008413861505687237, 0.00784548930823803, 0.007593401242047548, 0.007168721407651901, 0.007150888908654451, 0.007026923820376396, 0.007853670045733452, 0.007034392096102238, 0.0070300777442753315, 0.007413667161017656, 0.010754485614597797, 0.009579770267009735, 0.010479549877345562, 0.008421139791607857, 0.013102976605296135, 0.02067328616976738, 0.01617208682000637, 0.010541236959397793, 0.010692842304706573, 0.01055090967565775, 0.011070926673710346, 0.012232857756316662, 0.013447566889226437, 0.011308887042105198, 0.011302685365080833, 0.008287212811410427, 0.00616374472156167, 0.005800092592835426, 0.005874307360500097, 0.0069642504677176476, 0.007594712544232607, 0.006046426948159933, 0.004427456296980381, 0.004502898547798395, 0.004078011028468609, 0.003851677058264613, 0.004085497930645943, 0.00405500503256917, 0.00413636164739728, 0.004095454700291157, 0.004159242380410433, 0.004217524081468582, 0.0043787406757473946, 0.004261352587491274, 0.004347664769738913, 0.004230965860188007, 0.0043507837690413, 0.00425848038867116, 0.00436786562204361, 0.004322598222643137, 0.003995541948825121, 0.004119105637073517, 0.003967678640037775, 0.004207076504826546, 0.004248029552400112, 0.004458255600184202, 0.004193381872028112, 0.004268632270395756, 0.004453446716070175, 0.004621407017111778, 0.004552300088107586, 0.0047189826145768166, 0.004841772839426994, 0.004943959880620241, 0.005226736888289452, 0.004978961776942015, 0.0050567276775836945, 0.005140738561749458, 0.004996221978217363, 0.0048504481092095375, 0.004948767833411694, 0.005104069598019123, 0.005219775252044201, 0.005192320793867111, 0.005215017590671778, 0.005248211324214935, 0.005193149670958519, 0.0050282166339457035, 0.005296049639582634, 0.0054816389456391335, 0.005504867527633905, 0.005755172576755285, 0.005572454072535038, 0.005346448160707951, 0.004952018149197102, 0.004920853767544031, 0.005182578228414059, 0.005318204872310162, 0.005063764285296202, 0.005449229385703802, 0.005739222280681133, 0.006454049609601498, 0.005627533886581659, 0.005549770779907703, 0.00557809229940176, 0.00567607581615448, 0.00613394333049655, 0.005606011487543583, 0.005435986910015345, 0.005199899431318045, 0.00514220679178834, 0.004678878001868725, 0.004430947359651327, 0.0044016544707119465, 0.004872533492743969, 0.0045664203353226185, 0.004400305915623903, 0.004477389622479677, 0.004424225073307753, 0.004604035057127476, 0.004764163866639137, 0.0048272497951984406, 0.004897028207778931, 0.004907586611807346, 0.005046422127634287, 0.005271488800644875, 0.0053785075433552265, 0.005619738716632128, 0.006063317414373159, 0.006064088083803654, 0.0063788085244596004, 0.006560088600963354, 0.006576645188033581, 0.007001060526818037, 0.007839723490178585, 0.009287003427743912, 0.010256125591695309, 0.009477121755480766, 0.009514708071947098, 0.009647789411246777, 0.009088300168514252, 0.012993996031582355, 0.010714118368923664, 0.010549299418926239, 0.009097649715840816, 0.007880743592977524, 0.007619818672537804, 0.010223593562841415, 0.014171889051795006, 0.016898194327950478, 0.0212541576474905, 0.022717149928212166, 0.021674085408449173, 0.018538113683462143, 0.01266529131680727, 0.013285720720887184, 0.011850378476083279, 0.011908522807061672, 0.006600565277040005, 0.005903592333197594, 0.005727040581405163, 0.007639915216714144, 0.00665469653904438, 0.007320784032344818, 0.0075658694840967655, 0.007256438955664635, 0.006814867723733187, 0.0064589157700538635, 0.007541252300143242, 0.007434059865772724, 0.00728666502982378, 0.007797409780323505, 0.007795523386448622, 0.00780692882835865, 0.008874467574059963, 0.009272984229028225, 0.010181617923080921, 0.008651958778500557, 0.008845292031764984, 0.008890992030501366, 0.00894845463335514, 0.009291226975619793, 0.008935801684856415, 0.008877202868461609, 0.008688214235007763, 0.009620768949389458, 0.009992595762014389, 0.009442202746868134, 0.010300423949956894, 0.009603411890566349, 0.010151929222047329, 0.010014965198934078, 0.010591989383101463, 0.010419351980090141, 0.010159649886190891, 0.010539492592215538, 0.010433193296194077, 0.011469924822449684, 0.011152543127536774, 0.012118292041122913, 0.011767755262553692, 0.011752218939363956, 0.011728390119969845, 0.013340344652533531, 0.01190305408090353, 0.012399516999721527, 0.012926523573696613, 0.010388663969933987, 0.011230682954192162, 0.010103188455104828, 0.010906089097261429, 0.011332152411341667, 0.010410931892693043, 0.009548278525471687, 0.008503016084432602, 0.008770063519477844, 0.008413492701947689, 0.006928909569978714, 0.00769074959680438, 0.00727161904796958, 0.006933736149221659, 0.006281353998929262, 0.006691635586321354, 0.00596205610781908, 0.005518134217709303, 0.005800338461995125, 0.007787714712321758, 0.007241785526275635, 0.005841228179633617, 0.0063319881446659565, 0.006696714088320732, 0.005692598409950733, 0.006502104923129082, 0.0067350673489272594, 0.0052416883409023285, 0.0053656878881156445, 0.006390369031578302, 0.004109865520149469, 0.004816513508558273, 0.004105825908482075, 0.0034522078931331635, 0.004822193179279566, 0.0034860505256801844, 0.004511657170951366, 0.0038241653237491846, 0.00398799916729331, 0.0040551903657615185, 0.004158440511673689, 0.00449017807841301, 0.00431183073669672, 0.004779964219778776, 0.004392264876514673, 0.004156365524977446, 0.004387514665722847, 0.004144921433180571, 0.005320883821696043, 0.004763355012983084, 0.0043111457489430904, 0.0056123496033251286, 0.005705566145479679, 0.004652106668800116, 0.005818505771458149, 0.006059297826141119, 0.00627310061827302, 0.005923863034695387, 0.00650382274761796, 0.006882790010422468, 0.006797656882554293, 0.006436231546103954, 0.006826499477028847, 0.007238168269395828, 0.00756607623770833, 0.007868455722928047, 0.007714113686233759, 0.007307996042072773, 0.009246960282325745, 0.009059421718120575, 0.008414475247263908, 0.009748413227498531, 0.009397845715284348, 0.009634780697524548, 0.009166511707007885, 0.009300071746110916, 0.010521273128688335, 0.010619526728987694, 0.011026507243514061, 0.012036271393299103, 0.011973747983574867, 0.011885336600244045, 0.0117462407797575, 0.012857618741691113, 0.011976530775427818, 0.010657601989805698, 0.010794728994369507, 0.009175233542919159, 0.009860114194452763, 0.012152615934610367, 0.011962585151195526, 0.01086512953042984, 0.010114604607224464, 0.00995534285902977, 0.010158957913517952, 0.010618884116411209, 0.011137815192341805, 0.011357821524143219, 0.011372595094144344, 0.011812875047326088, 0.012210026383399963, 0.012405740097165108, 0.012587429955601692, 0.012990083545446396, 0.013268189504742622, 0.015212767757475376, 0.015789169818162918, 0.016274750232696533, 0.01630818098783493, 0.016042202711105347, 0.01676524430513382, 0.01730107143521309, 0.01712604984641075, 0.017175842076539993, 0.017854876816272736, 0.019490398466587067, 0.01949148438870907, 0.018388165161013603, 0.017486099153757095, 0.01637214422225952, 0.015046926215291023, 0.014930346980690956, 0.014484772458672523, 0.01233568973839283, 0.010967520996928215, 0.00957365520298481, 0.008768516592681408, 0.008152339607477188, 0.007830324582755566, 0.007105189375579357, 0.006724585313349962, 0.006129540968686342, 0.005475928541272879, 0.005492297932505608, 0.0053520044311881065, 0.005160893313586712, 0.005577907431870699, 0.005238324869424105, 0.004890933632850647, 0.005261637736111879, 0.005029498133808374, 0.004818808753043413, 0.004626003094017506, 0.004522185306996107, 0.004624524153769016, 0.00466435682028532, 0.004811949096620083, 0.005692820530384779, 0.005803899839520454, 0.005716369953006506, 0.005979348439723253, 0.005224781110882759, 0.0056391023099422455, 0.005698082968592644, 0.005559764336794615, 0.005502896383404732, 0.005420474335551262, 0.005306304898113012, 0.005346013233065605, 0.0055676111951470375, 0.00558345066383481, 0.005788055248558521, 0.005888334009796381, 0.006236662156879902, 0.006340023595839739, 0.00601254403591156, 0.0064862556755542755, 0.005863295402377844, 0.006098147481679916, 0.005809342488646507, 0.005956810899078846, 0.005540470127016306, 0.005825087893754244, 0.006577439606189728, 0.007457031402736902, 0.007985349744558334, 0.008900565095245838, 0.01022317260503769, 0.011071594431996346, 0.012071212753653526, 0.013254689052700996, 0.014218823052942753, 0.013635797426104546, 0.013556116260588169, 0.01242898404598236, 0.013253205455839634, 0.012594668194651604, 0.009833300486207008, 0.007180282846093178, 0.007055387832224369, 0.006864491850137711, 0.007293354719877243, 0.00711947213858366, 0.00718427961692214, 0.007083563134074211, 0.006771063897758722, 0.006707196589559317, 0.007173727732151747, 0.007003160659223795, 0.007078984752297401, 0.007738920859992504, 0.007944026961922646, 0.007884377613663673, 0.007207232527434826, 0.007394619286060333, 0.007028745487332344, 0.006844276562333107, 0.006943967193365097, 0.006597648374736309, 0.006627534981817007, 0.006944554857909679, 0.006801478564739227, 0.006551604717969894, 0.006598691456019878, 0.007043140009045601, 0.006777473725378513, 0.0066294302232563496, 0.006767902988940477, 0.00738636776804924, 0.007587946951389313, 0.007650828920304775, 0.007801719009876251, 0.008084239438176155, 0.007960791699588299, 0.007812372874468565, 0.007955375127494335, 0.007837788201868534, 0.008376031182706356, 0.008775752037763596, 0.009118851274251938, 0.00937483087182045, 0.009630383923649788, 0.009820676408708096, 0.010977990925312042, 0.010398771613836288, 0.009897691197693348, 0.010059035383164883, 0.010194487869739532, 0.010413547977805138, 0.01030062884092331, 0.009737088344991207, 0.009587692096829414, 0.009374428540468216, 0.009085689671337605, 0.008994661271572113, 0.008526545017957687, 0.008925121277570724, 0.00892963819205761, 0.009883679449558258, 0.007252911105751991, 0.007729393895715475, 0.007605040445923805, 0.007680385373532772, 0.00782113615423441, 0.00789673812687397, 0.007945358753204346, 0.0077652717009186745, 0.007422646041959524, 0.00743703730404377, 0.007298734504729509, 0.0073206000961363316, 0.007373071275651455, 0.007458685897290707, 0.007847163826227188, 0.008886484429240227, 0.009722262620925903, 0.008625159971415997, 0.007833685725927353, 0.00807897187769413, 0.008079994469881058, 0.00814309623092413, 0.008468208834528923, 0.00864468701183796, 0.008551386184990406, 0.009316879324615002, 0.009291278198361397, 0.01001755055040121, 0.010307790711522102, 0.011141308583319187, 0.011604612693190575, 0.011373259127140045, 0.009938452392816544, 0.01008906401693821, 0.010770424269139767, 0.010160093195736408, 0.010935187339782715, 0.010966675356030464, 0.012401523068547249, 0.011850900948047638, 0.01098259910941124, 0.012793544679880142, 0.01053707953542471], 'L_grad': [0.010221586562693119, 0.010315468534827232, 0.01090780459344387, 0.010657941922545433, 0.010817736387252808, 0.01073872298002243, 0.010722550563514233, 0.010214298963546753, 0.010138929821550846, 0.009983216412365437, 0.009129789657890797, 0.009092487394809723, 0.00893896073102951, 0.008997500874102116, 0.0087224580347538, 0.008975488133728504, 0.008941846899688244, 0.009532096795737743, 0.008997173979878426, 0.009050901979207993, 0.009192136116325855, 0.010153895244002342, 0.010169618763029575, 0.010558253154158592, 0.009781141765415668, 0.011766714043915272, 0.013473901897668839, 0.012868502177298069, 0.011603920720517635, 0.011531342752277851, 0.01157353539019823, 0.011812110431492329, 0.01216776855289936, 0.012180877849459648, 0.010290827602148056, 0.009825698100030422, 0.00912921316921711, 0.008123920299112797, 0.007717560976743698, 0.00800674594938755, 0.008289828896522522, 0.007982626557350159, 0.007242223713546991, 0.006755697540938854, 0.006915832404047251, 0.006528313737362623, 0.0061743371188640594, 0.006397720891982317, 0.00636945478618145, 0.006612834054976702, 0.006690940819680691, 0.006644188426434994, 0.006439580582082272, 0.006651559844613075, 0.006583697162568569, 0.0068202693946659565, 0.0067428527399897575, 0.007026336155831814, 0.006923128850758076, 0.006992649286985397, 0.007031036540865898, 0.006721729412674904, 0.006742242723703384, 0.006628696341067553, 0.006742545403540134, 0.006703131832182407, 0.006938435137271881, 0.006858211942017078, 0.006799819879233837, 0.006917162332683802, 0.006976129952818155, 0.006951684132218361, 0.0070653618313372135, 0.007067074999213219, 0.007294417358934879, 0.0074028572998940945, 0.007374526932835579, 0.0074225799180567265, 0.007629860192537308, 0.0075466809794306755, 0.0076141743920743465, 0.007655447348952293, 0.007691033184528351, 0.007878951728343964, 0.008057619445025921, 0.008001072332262993, 0.007990467362105846, 0.008003750815987587, 0.007918459363281727, 0.008090436458587646, 0.00823205430060625, 0.008242767304182053, 0.008689945563673973, 0.008404028601944447, 0.008179557509720325, 0.007972447201609612, 0.007962225005030632, 0.008361583575606346, 0.008595641702413559, 0.00851823203265667, 0.008877462707459927, 0.009438388980925083, 0.01036255806684494, 0.009630419313907623, 0.009296728298068047, 0.00962316244840622, 0.009497386403381824, 0.009904458187520504, 0.009670943021774292, 0.00943979062139988, 0.009232994168996811, 0.009187954477965832, 0.009054739028215408, 0.008663831278681755, 0.008748638443648815, 0.009424993768334389, 0.008951660245656967, 0.008588045835494995, 0.00872434675693512, 0.00866154208779335, 0.008649533614516258, 0.008858087472617626, 0.008700366131961346, 0.008835779502987862, 0.008810804225504398, 0.008853603154420853, 0.00895714946091175, 0.009158344939351082, 0.009507104754447937, 0.009965804405510426, 0.009895836934447289, 0.010422910563647747, 0.010384844616055489, 0.01027825940400362, 0.010506177321076393, 0.01124180294573307, 0.012258139438927174, 0.013420899398624897, 0.013193706050515175, 0.013469206169247627, 0.013840965926647186, 0.013255514204502106, 0.014382274821400642, 0.013427743688225746, 0.012923643924295902, 0.01143310870975256, 0.010663731023669243, 0.01007859781384468, 0.010606631636619568, 0.011010291986167431, 0.011362949386239052, 0.011713153682649136, 0.01153234951198101, 0.011025224812328815, 0.010716121643781662, 0.009927012026309967, 0.010042842477560043, 0.009163225069642067, 0.009138470515608788, 0.008049133233726025, 0.007724049501121044, 0.007518947124481201, 0.008285783231258392, 0.008059000596404076, 0.008407557383179665, 0.00862940214574337, 0.008530963212251663, 0.008119660429656506, 0.007768508046865463, 0.008455794304609299, 0.008332250639796257, 0.00822877511382103, 0.008428611792623997, 0.00844564288854599, 0.008488824591040611, 0.009020484983921051, 0.009035434573888779, 0.009268542751669884, 0.008601932786405087, 0.008875872008502483, 0.008851191960275173, 0.009013121947646141, 0.009113217703998089, 0.009079644456505775, 0.009247880429029465, 0.008957695215940475, 0.008984622545540333, 0.008897073566913605, 0.008855155669152737, 0.009100377559661865, 0.008810749277472496, 0.009033679962158203, 0.008768394589424133, 0.008806610479950905, 0.008827552199363708, 0.008794925175607204, 0.008829280734062195, 0.008611610159277916, 0.00907081551849842, 0.008757118135690689, 0.008765787817537785, 0.008833336643874645, 0.0088439816609025, 0.008565074764192104, 0.00929200928658247, 0.008555117063224316, 0.008848301135003567, 0.00925422366708517, 0.008264155127108097, 0.008620676584541798, 0.008155646733939648, 0.008604945614933968, 0.008851861581206322, 0.008397091180086136, 0.00836407020688057, 0.00801066029816866, 0.008234776556491852, 0.008046861737966537, 0.00744260661303997, 0.008046586066484451, 0.007789276540279388, 0.0077110761776566505, 0.007382612209767103, 0.007618609815835953, 0.00725436769425869, 0.006895934231579304, 0.006872657686471939, 0.008374371565878391, 0.008139891549944878, 0.007074927445501089, 0.007791211828589439, 0.007994282990694046, 0.007169158197939396, 0.007846218533813953, 0.008007657714188099, 0.006811435334384441, 0.006913461722433567, 0.007896291092038155, 0.0062175411731004715, 0.007076891139149666, 0.00662169000133872, 0.006194905377924442, 0.007459590211510658, 0.006370237097144127, 0.007217049598693848, 0.006606923416256905, 0.006757016759365797, 0.00686509907245636, 0.007033400237560272, 0.007136982399970293, 0.0069866422563791275, 0.007242799736559391, 0.006968120113015175, 0.006769263651221991, 0.006802015472203493, 0.006662721745669842, 0.007423838600516319, 0.007009763270616531, 0.006739404518157244, 0.007403031922876835, 0.007467544637620449, 0.006801375653594732, 0.007781209424138069, 0.007994275540113449, 0.008203631266951561, 0.007972982712090015, 0.008328037336468697, 0.008858132176101208, 0.008546845987439156, 0.00839897058904171, 0.008575718849897385, 0.008818844333291054, 0.00896946806460619, 0.009128613397479057, 0.008948132395744324, 0.008718250319361687, 0.009873408824205399, 0.009790504351258278, 0.009267911314964294, 0.00998382642865181, 0.009603803046047688, 0.009584641084074974, 0.009240596555173397, 0.009095907211303711, 0.009682916104793549, 0.00963794905692339, 0.00982501357793808, 0.009764939546585083, 0.00975900050252676, 0.009743457660079002, 0.009824606589972973, 0.010128054767847061, 0.009558670222759247, 0.008862119168043137, 0.008769441395998001, 0.007454375736415386, 0.008636921644210815, 0.010351869277656078, 0.010284123942255974, 0.008929140865802765, 0.008215822279453278, 0.007755030877888203, 0.0074523319490253925, 0.00742920208722353, 0.007572887931019068, 0.0076866475865244865, 0.007623868063092232, 0.007803788874298334, 0.007873094640672207, 0.00796683318912983, 0.00805668719112873, 0.00833091326057911, 0.008637230843305588, 0.009516509249806404, 0.009788375347852707, 0.010305777192115784, 0.010368351824581623, 0.010077523067593575, 0.010629936121404171, 0.01101339515298605, 0.011066222563385963, 0.010938814841210842, 0.010860414244234562, 0.01163257472217083, 0.012187652289867401, 0.012312555685639381, 0.012450924143195152, 0.011981997638940811, 0.011386899277567863, 0.010951412841677666, 0.010406920686364174, 0.009567737579345703, 0.008798522874712944, 0.008258776739239693, 0.008104939945042133, 0.007934192195534706, 0.00827797781676054, 0.008211512118577957, 0.008685730397701263, 0.009501777589321136, 0.009034080430865288, 0.008832509629428387, 0.008863558992743492, 0.008674517273902893, 0.008978146128356457, 0.008944150060415268, 0.0086833406239748, 0.008611396886408329, 0.008396251127123833, 0.008026393130421638, 0.007733318954706192, 0.007633821107447147, 0.0075654154643416405, 0.007675345987081528, 0.007884491235017776, 0.008515347726643085, 0.008441761136054993, 0.008471360430121422, 0.008678100071847439, 0.00820913165807724, 0.008429847657680511, 0.008217204362154007, 0.008259663358330727, 0.008257651701569557, 0.008364567533135414, 0.00834907591342926, 0.00828535109758377, 0.0083225779235363, 0.008397693745791912, 0.00844765268266201, 0.00845387578010559, 0.008764104917645454, 0.008747564628720284, 0.008673279546201229, 0.008902654983103275, 0.008475061506032944, 0.008346928283572197, 0.007778950035572052, 0.00808949675410986, 0.008209073916077614, 0.008037214167416096, 0.00821280013769865, 0.008398699574172497, 0.008805527351796627, 0.009584210813045502, 0.01057951059192419, 0.010455138050019741, 0.010822828859090805, 0.011665865778923035, 0.01223793812096119, 0.010763035155832767, 0.010351080447435379, 0.010276097804307938, 0.010858641937375069, 0.011311150155961514, 0.010090268217027187, 0.00883399322628975, 0.008715678006410599, 0.008647088892757893, 0.008729100227355957, 0.008774356916546822, 0.008718742989003658, 0.008671467192471027, 0.008555118925869465, 0.008454136550426483, 0.008726744912564754, 0.008762707933783531, 0.008715087547898293, 0.008943109773099422, 0.009167121723294258, 0.008965063840150833, 0.00894354097545147, 0.009113733656704426, 0.008731551468372345, 0.008630779571831226, 0.008690901100635529, 0.008690150454640388, 0.008641848340630531, 0.008984953165054321, 0.008875987492501736, 0.008750762790441513, 0.00888153538107872, 0.009070346131920815, 0.008893783204257488, 0.008797315880656242, 0.008809852413833141, 0.008942564949393272, 0.009102288633584976, 0.009119363501667976, 0.009335888549685478, 0.009528477676212788, 0.009632612578570843, 0.009500971995294094, 0.00951699260622263, 0.009560233913362026, 0.00997791439294815, 0.010197297669947147, 0.010401714593172073, 0.010497861541807652, 0.010587634518742561, 0.010636448860168457, 0.011414771899580956, 0.01112401857972145, 0.0107117323204875, 0.010565346106886864, 0.010417521931231022, 0.010308650322258472, 0.010233604349195957, 0.009914509020745754, 0.009757177904248238, 0.009470066986978054, 0.00933213159441948, 0.009275742806494236, 0.008972449228167534, 0.00899277999997139, 0.009000042453408241, 0.00898038037121296, 0.007190723437815905, 0.007372492924332619, 0.007472692057490349, 0.007616393268108368, 0.008042126893997192, 0.00801941379904747, 0.008149893954396248, 0.008002107962965965, 0.007871043868362904, 0.008061453700065613, 0.007697815075516701, 0.007808363530784845, 0.007823528721928596, 0.007876452058553696, 0.008012749254703522, 0.008588584139943123, 0.009004449471831322, 0.008538901805877686, 0.007886189967393875, 0.008220245130360126, 0.008075036108493805, 0.008285501971840858, 0.008706402033567429, 0.0088626928627491, 0.008800698444247246, 0.009079472161829472, 0.009098014794290066, 0.00915738195180893, 0.009168118238449097, 0.009564795531332493, 0.009539230726659298, 0.009556284174323082, 0.008844016119837761, 0.009002662263810635, 0.009308983571827412, 0.009010441601276398, 0.009337091818451881, 0.009318987838923931, 0.009914910420775414, 0.009877250529825687, 0.009701289236545563, 0.010054115206003189, 0.004587272182106972]}
all losses in batch in validation:  {'loss': [0.024964192882180214, 0.026442822068929672, 0.026040855795145035, 0.027919966727495193, 0.028518928214907646, 0.029668863862752914, 0.029009750112891197, 0.027100009843707085, 0.02665874734520912, 0.024659529328346252, 0.022397980093955994, 0.022113632410764694, 0.020850379019975662, 0.019448550418019295, 0.019695522263646126, 0.019210100173950195, 0.019269857555627823, 0.018833860754966736, 0.018542833626270294, 0.020211776718497276, 0.022919945418834686, 0.02957446314394474, 0.030118634924292564, 0.030170926824212074, 0.02890181355178356, 0.0327821746468544, 0.03681759908795357, 0.03133091703057289, 0.021000996232032776, 0.020976796746253967, 0.02036163955926895, 0.022405248135328293, 0.0244147889316082, 0.02479768916964531, 0.020948145538568497, 0.023013491183519363, 0.018442697823047638, 0.01698196865618229, 0.013276806101202965, 0.013423578813672066, 0.013806847855448723, 0.014736860990524292, 0.012699728831648827, 0.011079841293394566, 0.011239631101489067, 0.010410270653665066, 0.009940845891833305, 0.010540209710597992, 0.010773194953799248, 0.010830730199813843, 0.010816091671586037, 0.010852363891899586, 0.010810213163495064, 0.011007867753505707, 0.010650007985532284, 0.011019574478268623, 0.010757755488157272, 0.010983017273247242, 0.010858943685889244, 0.010983619838953018, 0.011335243470966816, 0.010780053213238716, 0.010949929244816303, 0.01065135933458805, 0.011041984893381596, 0.01101241447031498, 0.011349190957844257, 0.011030659079551697, 0.011003075167536736, 0.011033679358661175, 0.01138274185359478, 0.011593267321586609, 0.011966883204877377, 0.01205511949956417, 0.01232200674712658, 0.012909838929772377, 0.012729544192552567, 0.01262721884995699, 0.012608999386429787, 0.012329178862273693, 0.012379705905914307, 0.012566309422254562, 0.012709273025393486, 0.013180313631892204, 0.013521662913262844, 0.013742949813604355, 0.01337860245257616, 0.013554664328694344, 0.013455887325108051, 0.013767566531896591, 0.014261167496442795, 0.014375408180058002, 0.014452931471168995, 0.014265993610024452, 0.013953807763755322, 0.013245228677988052, 0.012969640083611012, 0.013638071715831757, 0.013894767500460148, 0.013648120686411858, 0.01452895998954773, 0.01464533805847168, 0.015930011868476868, 0.015282679349184036, 0.0146165257319808, 0.014690637588500977, 0.014626169577240944, 0.015290125273168087, 0.015256508253514767, 0.01391934510320425, 0.013767899014055729, 0.01371425949037075, 0.012336760759353638, 0.012342114001512527, 0.012304572388529778, 0.012847557663917542, 0.012056484818458557, 0.012113642878830433, 0.012302298098802567, 0.012359646148979664, 0.012732033617794514, 0.013151166960597038, 0.012997961603105068, 0.013420453295111656, 0.013604065403342247, 0.01384744793176651, 0.01449921727180481, 0.014466268941760063, 0.01475381851196289, 0.01523449458181858, 0.014495903626084328, 0.015284456312656403, 0.015975965186953545, 0.016206614673137665, 0.01685241051018238, 0.018485765904188156, 0.021596424281597137, 0.02330647222697735, 0.022154580801725388, 0.023104190826416016, 0.023247472941875458, 0.02206241339445114, 0.02532384917140007, 0.0233132503926754, 0.022398704662919044, 0.020084060728549957, 0.02001342736184597, 0.01761479862034321, 0.019484825432300568, 0.023378346115350723, 0.0255974680185318, 0.02871713414788246, 0.030377358198165894, 0.03018256649374962, 0.02846747264266014, 0.027078399434685707, 0.025164781138300896, 0.02533143386244774, 0.023264693096280098, 0.019332779571413994, 0.01823466271162033, 0.01815357804298401, 0.020189400762319565, 0.019218627363443375, 0.0197567418217659, 0.02084326185286045, 0.020520955324172974, 0.020401298999786377, 0.01947486400604248, 0.020579522475600243, 0.019993197172880173, 0.01967586576938629, 0.021004993468523026, 0.021092722192406654, 0.020224787294864655, 0.02092757076025009, 0.02144613489508629, 0.021922871470451355, 0.020353272557258606, 0.020007817074656487, 0.018990233540534973, 0.019862886518239975, 0.019917644560337067, 0.019136516377329826, 0.018750708550214767, 0.018852800130844116, 0.019716503098607063, 0.020048843696713448, 0.019613878801465034, 0.019783267751336098, 0.01895746961236, 0.019631804898381233, 0.0189315564930439, 0.019359417259693146, 0.02019425667822361, 0.020555853843688965, 0.02103656530380249, 0.022764001041650772, 0.02408747375011444, 0.02377014420926571, 0.02388780191540718, 0.023766042664647102, 0.02352840080857277, 0.023286353796720505, 0.025427641347050667, 0.02463649958372116, 0.025068853050470352, 0.025474445894360542, 0.02280374988913536, 0.024398282170295715, 0.023842357099056244, 0.023739643394947052, 0.023852963000535965, 0.02245119959115982, 0.021639928221702576, 0.020571496337652206, 0.021143462508916855, 0.020007506012916565, 0.018151558935642242, 0.018537618219852448, 0.01745123416185379, 0.016960103064775467, 0.01488226093351841, 0.01610923372209072, 0.015304714441299438, 0.014497787691652775, 0.01496049016714096, 0.017887141555547714, 0.017328720539808273, 0.01532658375799656, 0.01679161936044693, 0.01592094451189041, 0.014400886371731758, 0.01573796570301056, 0.01642702706158161, 0.014232521876692772, 0.01528149750083685, 0.017428047955036163, 0.01414305716753006, 0.01500280573964119, 0.013023393228650093, 0.011638550087809563, 0.013299655169248581, 0.010941222310066223, 0.013591835275292397, 0.012027647346258163, 0.011691770516335964, 0.01169238518923521, 0.011183049529790878, 0.011438129469752312, 0.010763296857476234, 0.01127502229064703, 0.010719263926148415, 0.010713085532188416, 0.010971258394420147, 0.010134993121027946, 0.012848660349845886, 0.011707223951816559, 0.011107541620731354, 0.012753009796142578, 0.013052007183432579, 0.011950179003179073, 0.013313399627804756, 0.01406911015510559, 0.01449916884303093, 0.014343269169330597, 0.015322839841246605, 0.016262317076325417, 0.015906473621726036, 0.015741044655442238, 0.01652613654732704, 0.01718631386756897, 0.017836425453424454, 0.018259981647133827, 0.018017377704381943, 0.017109187319874763, 0.02053762972354889, 0.02038685232400894, 0.01906730979681015, 0.02099122852087021, 0.02082269825041294, 0.020674213767051697, 0.019502300769090652, 0.01915871351957321, 0.020872222259640694, 0.021160729229450226, 0.021370522677898407, 0.022056296467781067, 0.02207259088754654, 0.022456560283899307, 0.02247728779911995, 0.02378840744495392, 0.022449534386396408, 0.01988322101533413, 0.019334018230438232, 0.017353083938360214, 0.017507757991552353, 0.017702311277389526, 0.0177195705473423, 0.018036626279354095, 0.01872089132666588, 0.01933329552412033, 0.019466090947389603, 0.020207896828651428, 0.020337102934718132, 0.02065962925553322, 0.02026694267988205, 0.021059894934296608, 0.021562151610851288, 0.021779175847768784, 0.022177329286932945, 0.022923003882169724, 0.023713286966085434, 0.02635541558265686, 0.026624083518981934, 0.027056701481342316, 0.027179069817066193, 0.026496872305870056, 0.027469605207443237, 0.027969084680080414, 0.02870241552591324, 0.028507284820079803, 0.029241230338811874, 0.031024925410747528, 0.031196333467960358, 0.03134749457240105, 0.030094154179096222, 0.028612636029720306, 0.02665722742676735, 0.025815218687057495, 0.02528788521885872, 0.02218730002641678, 0.02028629556298256, 0.017745263874530792, 0.01622120849788189, 0.0157006848603487, 0.015529974363744259, 0.015571154654026031, 0.015457315370440483, 0.015279464423656464, 0.013851802796125412, 0.01399245485663414, 0.0138655174523592, 0.013827670365571976, 0.013971409760415554, 0.013771209865808487, 0.013307731598615646, 0.013660152442753315, 0.013334467075765133, 0.012766213156282902, 0.012373438104987144, 0.012235131114721298, 0.012109197676181793, 0.012221954762935638, 0.012563897296786308, 0.01345902495086193, 0.013857735320925713, 0.013644861057400703, 0.014025730080902576, 0.013163695111870766, 0.013603301718831062, 0.013350581750273705, 0.01294945739209652, 0.012803211808204651, 0.012663053348660469, 0.012669151648879051, 0.012680542655289173, 0.012921448796987534, 0.01335168071091175, 0.013455990701913834, 0.013444237411022186, 0.013774706050753593, 0.01409133430570364, 0.014146683737635612, 0.014433206990361214, 0.014442449435591698, 0.014439292252063751, 0.013667352497577667, 0.013550933450460434, 0.012996752746403217, 0.011998804286122322, 0.012691851705312729, 0.014625316485762596, 0.018297849223017693, 0.022224493324756622, 0.029167111963033676, 0.02975582890212536, 0.028445344418287277, 0.029800942167639732, 0.034711066633462906, 0.030430853366851807, 0.029931876808404922, 0.028098950162529945, 0.030547816306352615, 0.028910981491208076, 0.02365635335445404, 0.017270127311348915, 0.017556702718138695, 0.017444796860218048, 0.017636768519878387, 0.01810942217707634, 0.01835615560412407, 0.018618732690811157, 0.01807958260178566, 0.0176699236035347, 0.019096646457910538, 0.018839094787836075, 0.018899928778409958, 0.020316965878009796, 0.021179039031267166, 0.020182140171527863, 0.02024346962571144, 0.020540669560432434, 0.021757714450359344, 0.02132730931043625, 0.021572571247816086, 0.02170824632048607, 0.02135690301656723, 0.020410001277923584, 0.0208415649831295, 0.020375791937112808, 0.020000604912638664, 0.020275916904211044, 0.0193199273198843, 0.019300607964396477, 0.019293077290058136, 0.01993083953857422, 0.020229915156960487, 0.02027972601354122, 0.020696602761745453, 0.019841283559799194, 0.020087482407689095, 0.019649401307106018, 0.01998383179306984, 0.020529724657535553, 0.02193516679108143, 0.021543148905038834, 0.022878583520650864, 0.023087264969944954, 0.02290639467537403, 0.022289155051112175, 0.023257888853549957, 0.023113416507840157, 0.021076872944831848, 0.021705254912376404, 0.022588111460208893, 0.02389504760503769, 0.02440737932920456, 0.023706218227744102, 0.024997856467962265, 0.025463690981268883, 0.026238128542900085, 0.025681115686893463, 0.024798551574349403, 0.025509174913167953, 0.02532051131129265, 0.02501433528959751, 0.01967061311006546, 0.019817812368273735, 0.018536727875471115, 0.017126601189374924, 0.016852054744958878, 0.01540142111480236, 0.016068577766418457, 0.016216367483139038, 0.015537331812083721, 0.015941530466079712, 0.01591634936630726, 0.01608090102672577, 0.016176803037524223, 0.01609686017036438, 0.016587844118475914, 0.01694178208708763, 0.019271712750196457, 0.018038757145404816, 0.017230570316314697, 0.017960580065846443, 0.018148036673665047, 0.01807914301753044, 0.018716922029852867, 0.019442100077867508, 0.01998990774154663, 0.020980577915906906, 0.02014831453561783, 0.01998886838555336, 0.01985703594982624, 0.020788151770830154, 0.021087180823087692, 0.020899340510368347, 0.02086655981838703, 0.022420072928071022, 0.022167377173900604, 0.02190733700990677, 0.01988638937473297, 0.022151613608002663, 0.023939359933137894, 0.02164088375866413, 0.021234940737485886, 0.02349073439836502, 0.01508613582700491], 'L_si': [0.014371414668858051, 0.015478347428143024, 0.01505483128130436, 0.01659819483757019, 0.017140619456768036, 0.018057601526379585, 0.0174549650400877, 0.015998657792806625, 0.015540114603936672, 0.013991265557706356, 0.012286429293453693, 0.012004679068922997, 0.010926340706646442, 0.00981294084340334, 0.01007974985986948, 0.00971493311226368, 0.009719951078295708, 0.00937732495367527, 0.00914520863443613, 0.010241461917757988, 0.012256884947419167, 0.017605215311050415, 0.017776496708393097, 0.017846327275037766, 0.016556940972805023, 0.01926455833017826, 0.0227119792252779, 0.01787419617176056, 0.009814775548875332, 0.009678798727691174, 0.009308124892413616, 0.010628406889736652, 0.012026586569845676, 0.012699234299361706, 0.01047106459736824, 0.012212480418384075, 0.008795059286057949, 0.008256051689386368, 0.005672968924045563, 0.005687449127435684, 0.005957219284027815, 0.006940404884517193, 0.0056298295967280865, 0.004416198469698429, 0.0045183212496340275, 0.004061660263687372, 0.0038483934476971626, 0.004127409774810076, 0.004271002020686865, 0.004211798310279846, 0.004102726932615042, 0.004170559346675873, 0.004252042155712843, 0.004330545198172331, 0.004131459631025791, 0.004305930342525244, 0.004195728804916143, 0.004279191605746746, 0.004194234032183886, 0.004224186297506094, 0.004274172708392143, 0.003975418861955404, 0.0040852390229702, 0.00398894352838397, 0.004253898747265339, 0.004256920889019966, 0.004476927220821381, 0.004205747041851282, 0.004239348694682121, 0.004285684786736965, 0.004491548985242844, 0.0046380809508264065, 0.004885492380708456, 0.005023247562348843, 0.005119388457387686, 0.005511557683348656, 0.0053113410249352455, 0.005196812562644482, 0.005145506002008915, 0.004927651956677437, 0.004854749888181686, 0.005012119188904762, 0.005113597493618727, 0.005324183963239193, 0.005392828024923801, 0.005580040160566568, 0.005391228012740612, 0.0054741050116717815, 0.005368588492274284, 0.005561828147619963, 0.005891768727451563, 0.005923979915678501, 0.005943664349615574, 0.005813292693346739, 0.005644583143293858, 0.0052853114902973175, 0.005100269801914692, 0.005460657645016909, 0.005500311963260174, 0.005243190098553896, 0.005766356363892555, 0.005761007312685251, 0.006326383911073208, 0.006031668279320002, 0.0056882454082369804, 0.005601102951914072, 0.005657132249325514, 0.005970370955765247, 0.005854583345353603, 0.00518373679369688, 0.005072849802672863, 0.004997648764401674, 0.004261328373104334, 0.004315130412578583, 0.004243380390107632, 0.004401287529617548, 0.004075021483004093, 0.00412385817617178, 0.004187632352113724, 0.004247174598276615, 0.004458718001842499, 0.004608099814504385, 0.0046569909900426865, 0.004930132534354925, 0.0050573390908539295, 0.005265359301120043, 0.005624646320939064, 0.005572723690420389, 0.0056480057537555695, 0.005918683484196663, 0.0054689557291567326, 0.005832349881529808, 0.006212905049324036, 0.006340255495160818, 0.006666688248515129, 0.007720653899013996, 0.009628772735595703, 0.010358575731515884, 0.009436964988708496, 0.010006650350987911, 0.01009260956197977, 0.009357006289064884, 0.011532973498106003, 0.010417005978524685, 0.009904034435749054, 0.009009644389152527, 0.009030292741954327, 0.007565237581729889, 0.009411217644810677, 0.012677712365984917, 0.014736034907400608, 0.01761103793978691, 0.01920390874147415, 0.019245950505137444, 0.017953231930732727, 0.016657181084156036, 0.015066592022776604, 0.015493694692850113, 0.013837277889251709, 0.010481941513717175, 0.009642409160733223, 0.009669789113104343, 0.011189635843038559, 0.010422000661492348, 0.010828389786183834, 0.011502241715788841, 0.01133102085441351, 0.011219440959393978, 0.010626298375427723, 0.011335505172610283, 0.010880510322749615, 0.010614327155053616, 0.011617355979979038, 0.011718323454260826, 0.011019819416105747, 0.011428045108914375, 0.011922990903258324, 0.012349104508757591, 0.011237903498113155, 0.010785846970975399, 0.009996731765568256, 0.010645057074725628, 0.010729412548244, 0.010157372802495956, 0.009583131410181522, 0.009704725816845894, 0.010592466220259666, 0.011028973385691643, 0.010648885741829872, 0.010741475969552994, 0.0101520586758852, 0.010546360164880753, 0.010169376619160175, 0.010532085783779621, 0.011087294667959213, 0.01129145734012127, 0.01158489752560854, 0.013043235056102276, 0.01390255056321621, 0.013953685760498047, 0.014303903095424175, 0.0141526497900486, 0.014004183933138847, 0.013944574631750584, 0.015475921332836151, 0.015034928917884827, 0.01536715030670166, 0.015647051855921745, 0.013699877075850964, 0.014787604101002216, 0.014455429278314114, 0.014311320148408413, 0.014260997995734215, 0.01340078841894865, 0.012692809104919434, 0.011909311637282372, 0.012243818491697311, 0.01146489754319191, 0.01011914573609829, 0.010036338120698929, 0.00933153834193945, 0.008981200866401196, 0.0075950114987790585, 0.008391182869672775, 0.007884635590016842, 0.007365950383245945, 0.0076895905658602715, 0.009394952096045017, 0.00908704474568367, 0.007835166528820992, 0.008512766100466251, 0.007771622855216265, 0.0069393920712172985, 0.007780959829688072, 0.008154697716236115, 0.00688182283192873, 0.00749156903475523, 0.008674963377416134, 0.0067743780091404915, 0.007056746166199446, 0.005633811932057142, 0.004777016118168831, 0.005611594766378403, 0.0041997698135674, 0.005858357530087233, 0.004960143007338047, 0.004673043265938759, 0.004519885405898094, 0.004132444970309734, 0.004307351540774107, 0.003912920132279396, 0.004298488609492779, 0.004007459152489901, 0.004041745793074369, 0.004244265146553516, 0.003764007706195116, 0.005346072372049093, 0.004695424344390631, 0.004314708057790995, 0.005392784718424082, 0.005578169599175453, 0.004836452193558216, 0.005701424088329077, 0.006095551420003176, 0.006314763333648443, 0.006181551609188318, 0.006837764289230108, 0.007246996741741896, 0.007186312228441238, 0.007004601415246725, 0.007516920566558838, 0.0078576086089015, 0.008308682590723038, 0.00855831429362297, 0.008451736532151699, 0.007937232032418251, 0.010058530606329441, 0.009892207570374012, 0.009120955131947994, 0.010442996397614479, 0.010360132902860641, 0.010372675023972988, 0.009625403210520744, 0.009543864987790585, 0.01070618350058794, 0.010945122689008713, 0.011188706383109093, 0.011991924606263638, 0.01205473206937313, 0.012372767552733421, 0.012308094650506973, 0.013345886953175068, 0.012593114748597145, 0.010970523580908775, 0.010763384401798248, 0.009732965379953384, 0.009684519842267036, 0.009832815267145634, 0.009855966083705425, 0.009872129186987877, 0.010506924241781235, 0.011051771230995655, 0.01126704178750515, 0.011991114355623722, 0.012104948051273823, 0.012433946132659912, 0.012224633246660233, 0.012809019535779953, 0.01326660718768835, 0.013411561027169228, 0.013639860786497593, 0.014098660089075565, 0.014554396271705627, 0.016462035477161407, 0.016635093837976456, 0.016709305346012115, 0.016776368021965027, 0.016366682946681976, 0.016934897750616074, 0.017042547464370728, 0.0174393430352211, 0.017449118196964264, 0.018264289945364, 0.019310500472784042, 0.019132129848003387, 0.018720876425504684, 0.017819028347730637, 0.016876112669706345, 0.015535046346485615, 0.015062657184898853, 0.014822692610323429, 0.012722397223114967, 0.011310196481645107, 0.009603861719369888, 0.008407922461628914, 0.007968363352119923, 0.007470966316759586, 0.0074567049741744995, 0.007106664590537548, 0.006195190828293562, 0.005360095761716366, 0.005420552100986242, 0.005313271190971136, 0.005300130229443312, 0.005445622839033604, 0.005216821562498808, 0.004887034650892019, 0.005246476270258427, 0.005064382217824459, 0.004808800294995308, 0.004653532523661852, 0.0046374183148145676, 0.0046556261368095875, 0.004642803687602282, 0.004809692967683077, 0.005445834249258041, 0.005750464741140604, 0.005489427596330643, 0.00562108401209116, 0.005011687520891428, 0.005285222548991442, 0.005377780180424452, 0.005099819507449865, 0.004941003862768412, 0.0048613217659294605, 0.004848051350563765, 0.004867698065936565, 0.005028157029300928, 0.0052684941329061985, 0.00533630046993494, 0.005360279697924852, 0.005569558124989271, 0.005817386321723461, 0.005770508665591478, 0.005921371281147003, 0.005914876703172922, 0.0061023845337331295, 0.005890739616006613, 0.005599513184279203, 0.0050529856234788895, 0.00439589424058795, 0.004817837383598089, 0.006036308128386736, 0.008382663130760193, 0.010848295874893665, 0.015527429059147835, 0.016297228634357452, 0.015444841235876083, 0.016424497589468956, 0.020715465769171715, 0.01769307814538479, 0.017221661284565926, 0.015873832628130913, 0.017114339396357536, 0.016068831086158752, 0.012681747786700726, 0.008116595447063446, 0.008320020511746407, 0.00822843611240387, 0.008389907889068127, 0.00870272796601057, 0.008913298137485981, 0.009127798490226269, 0.008813390508294106, 0.0085764704272151, 0.009506710804998875, 0.009286209009587765, 0.009380055591464043, 0.010408085770905018, 0.011071207001805305, 0.010422573424875736, 0.010203128680586815, 0.010320055298507214, 0.011182492598891258, 0.010940848849713802, 0.011198407970368862, 0.011281996965408325, 0.010989529080688953, 0.010347309522330761, 0.010700754821300507, 0.01045024674385786, 0.01011543720960617, 0.010389947332441807, 0.00970741081982851, 0.009595319628715515, 0.009512386284768581, 0.010028117336332798, 0.010332968086004257, 0.010285585187375546, 0.010600831359624863, 0.0099613256752491, 0.01002904586493969, 0.009635846130549908, 0.009899264201521873, 0.010167486034333706, 0.01108931191265583, 0.010735287331044674, 0.01167078223079443, 0.011828447692096233, 0.011635216884315014, 0.011227214708924294, 0.011887994594871998, 0.011839000508189201, 0.010470098815858364, 0.010982388630509377, 0.011727635748684406, 0.012854259461164474, 0.013388373889029026, 0.012897789478302002, 0.014083837158977985, 0.014549914747476578, 0.014991351403295994, 0.014491870999336243, 0.013840487226843834, 0.014347615651786327, 0.014285464771091938, 0.014238234609365463, 0.010930633172392845, 0.011094847694039345, 0.010140317492187023, 0.008979897014796734, 0.008684941567480564, 0.007644856348633766, 0.007841412909328938, 0.007904197089374065, 0.007399485446512699, 0.0076054357923567295, 0.007768361363559961, 0.007954869419336319, 0.008008510805666447, 0.008002180606126785, 0.008432997390627861, 0.00880853645503521, 0.010402635671198368, 0.009377156384289265, 0.009111630730330944, 0.009475362487137318, 0.009638181887567043, 0.009607141837477684, 0.009926865808665752, 0.010381023399531841, 0.010844375006854534, 0.01162055041640997, 0.011062291450798512, 0.011065009981393814, 0.011027824133634567, 0.01163127925246954, 0.011896141804754734, 0.011777461506426334, 0.011845430359244347, 0.012844865210354328, 0.012532348744571209, 0.012385500594973564, 0.010845269076526165, 0.012464677914977074, 0.013735526241362095, 0.011598434299230576, 0.011460581794381142, 0.013567547313869, 0.010661239735782146], 'L_grad': [0.010592778213322163, 0.010964475572109222, 0.01098602544516325, 0.011321771889925003, 0.01137830875813961, 0.011611261405050755, 0.011554785072803497, 0.01110135205090046, 0.011118633672595024, 0.010668264701962471, 0.010111551731824875, 0.010108953341841698, 0.00992403831332922, 0.009635609574615955, 0.009615772403776646, 0.00949516799300909, 0.00954990740865469, 0.00945653673261404, 0.009397625923156738, 0.009970314800739288, 0.010663059540092945, 0.011969247832894325, 0.012342138215899467, 0.012324599549174309, 0.012344872578978539, 0.01351761631667614, 0.014105619862675667, 0.013456720858812332, 0.01118621975183487, 0.011297998949885368, 0.01105351373553276, 0.011776842176914215, 0.012388201430439949, 0.012098455801606178, 0.010477080941200256, 0.010801011696457863, 0.009647638536989689, 0.008725916966795921, 0.007603836711496115, 0.0077361296862363815, 0.00784962810575962, 0.007796456106007099, 0.007069898769259453, 0.0066636428236961365, 0.006721310317516327, 0.0063486103899776936, 0.006092452444136143, 0.006412799470126629, 0.00650219339877367, 0.006618931889533997, 0.006713364273309708, 0.006681804545223713, 0.0065581705421209335, 0.006677323020994663, 0.006518548354506493, 0.006713644601404667, 0.006562027148902416, 0.006703825667500496, 0.006664710119366646, 0.0067594340071082115, 0.007061070762574673, 0.006804634816944599, 0.006864690221846104, 0.006662415340542793, 0.006788086146116257, 0.006755493115633726, 0.006872263737022877, 0.006824912503361702, 0.006763726472854614, 0.00674799457192421, 0.006891193334013224, 0.00695518683642149, 0.0070813908241689205, 0.007031871937215328, 0.0072026182897388935, 0.007398281246423721, 0.007418203633278608, 0.007430406287312508, 0.007463492918759584, 0.007401526905596256, 0.00752495601773262, 0.007554190699011087, 0.007595675066113472, 0.007856129668653011, 0.008128834888339043, 0.0081629091873765, 0.007987374439835548, 0.008080558851361275, 0.008087298832833767, 0.008205738849937916, 0.008369398303329945, 0.008451428264379501, 0.008509267121553421, 0.008452700451016426, 0.008309224620461464, 0.007959917187690735, 0.00786937028169632, 0.00817741360515356, 0.008394455537199974, 0.008404931053519249, 0.008762603625655174, 0.008884330280125141, 0.009603627026081085, 0.009251011535525322, 0.00892828032374382, 0.009089535102248192, 0.008969036862254143, 0.00931975431740284, 0.009401924908161163, 0.00873560830950737, 0.008695049211382866, 0.008716611191630363, 0.008075432851910591, 0.008026983588933945, 0.008061191998422146, 0.00844627059996128, 0.007981463335454464, 0.007989784702658653, 0.008114665746688843, 0.008112471550703049, 0.008273315615952015, 0.008543066680431366, 0.008340970613062382, 0.008490321226418018, 0.008546726778149605, 0.008582089096307755, 0.008874570950865746, 0.008893545717000961, 0.009105812758207321, 0.009315811097621918, 0.009026948362588882, 0.009452106431126595, 0.009763060137629509, 0.00986635871231556, 0.010185722261667252, 0.01076511200517416, 0.011967651546001434, 0.012947896495461464, 0.012717616744339466, 0.013097541406750679, 0.013154862448573112, 0.012705408036708832, 0.013790876604616642, 0.01289624534547329, 0.01249467022716999, 0.01107441633939743, 0.010983134619891644, 0.01004956103861332, 0.010073607787489891, 0.010700633749365807, 0.010861432179808617, 0.011106095276772976, 0.011173449456691742, 0.01093661691993475, 0.010514240711927414, 0.01042121835052967, 0.010098189115524292, 0.009837739169597626, 0.009427415207028389, 0.00885083805769682, 0.008592254482209682, 0.00848378986120224, 0.00899976585060358, 0.008796626701951027, 0.008928351104259491, 0.00934102013707161, 0.009189935401082039, 0.009181858040392399, 0.008848564699292183, 0.00924401730298996, 0.009112685918807983, 0.009061537683010101, 0.009387638419866562, 0.009374398738145828, 0.009204968810081482, 0.009499524720013142, 0.00952314306050539, 0.009573767893016338, 0.009115368127822876, 0.009221970103681087, 0.008993501774966717, 0.009217830374836922, 0.009188232943415642, 0.00897914357483387, 0.00916757807135582, 0.009148073382675648, 0.009124036878347397, 0.009019870311021805, 0.008964993059635162, 0.009041791781783104, 0.0088054109364748, 0.00908544473350048, 0.00876217894256115, 0.0088273324072361, 0.009106962010264397, 0.00926439743489027, 0.009451668709516525, 0.00972076691687107, 0.010184922255575657, 0.009816458448767662, 0.00958389975130558, 0.009613392874598503, 0.009524217806756496, 0.009341780096292496, 0.009951720014214516, 0.00960156973451376, 0.009701702743768692, 0.009827394038438797, 0.009103873744606972, 0.009610678069293499, 0.009386926889419556, 0.009428324177861214, 0.00959196500480175, 0.00905041117221117, 0.008947119116783142, 0.008662184700369835, 0.008899643085896969, 0.008542608469724655, 0.008032412268221378, 0.008501281030476093, 0.008119696751236916, 0.007978902198374271, 0.007287249900400639, 0.007718050852417946, 0.007420079316943884, 0.00713183730840683, 0.007270899601280689, 0.008492190390825272, 0.008241676725447178, 0.007491417229175568, 0.008278853259980679, 0.00814932119101286, 0.00746149430051446, 0.007957006804645061, 0.008272329345345497, 0.007350699510425329, 0.007789928466081619, 0.008753085508942604, 0.007368679624050856, 0.007946059107780457, 0.007389581762254238, 0.006861533969640732, 0.007688060402870178, 0.006741452030837536, 0.007733478210866451, 0.007067504338920116, 0.007018727250397205, 0.007172499783337116, 0.007050604559481144, 0.007130777463316917, 0.006850377190858126, 0.006976533681154251, 0.006711804307997227, 0.006671340204775333, 0.0067269932478666306, 0.006370985880494118, 0.007502587512135506, 0.007011799141764641, 0.006792833097279072, 0.007360225543379784, 0.007473837584257126, 0.007113726809620857, 0.007611975073814392, 0.007973558269441128, 0.008184405043721199, 0.008161718025803566, 0.00848507508635521, 0.009015320800244808, 0.008720161393284798, 0.0087364437058568, 0.009009215980768204, 0.009328706189990044, 0.009527741931378841, 0.009701667353510857, 0.009565640240907669, 0.009171955287456512, 0.010479098185896873, 0.010494643822312355, 0.009946354664862156, 0.01054823212325573, 0.0104625653475523, 0.010301539674401283, 0.009876897558569908, 0.009614849463105202, 0.010166038759052753, 0.010215606540441513, 0.010181816294789314, 0.010064370930194855, 0.010017858818173409, 0.01008379366248846, 0.010169193148612976, 0.010442519560456276, 0.009856420569121838, 0.008912697434425354, 0.008570634759962559, 0.0076201180927455425, 0.007823238149285316, 0.007869496941566467, 0.00786360539495945, 0.008164498023688793, 0.008213968016207218, 0.008281523361802101, 0.008199048228561878, 0.008216782473027706, 0.00823215488344431, 0.008225682191550732, 0.008042309433221817, 0.008250875398516655, 0.008295545354485512, 0.008367614820599556, 0.008537468500435352, 0.008824342861771584, 0.009158891625702381, 0.009893379174172878, 0.009988990612328053, 0.010347395204007626, 0.01040270272642374, 0.010130188427865505, 0.010534707456827164, 0.010926537215709686, 0.011263071559369564, 0.01105816662311554, 0.010976939462125301, 0.011714424006640911, 0.01206420361995697, 0.012626617215573788, 0.012275125831365585, 0.011736522428691387, 0.01112218014895916, 0.010752562433481216, 0.010465191677212715, 0.009464903734624386, 0.008976098150014877, 0.00814140122383833, 0.007813286036252975, 0.007732321508228779, 0.008059008046984673, 0.008114449679851532, 0.008350650779902935, 0.009084274061024189, 0.008491707034409046, 0.008571903221309185, 0.008552245795726776, 0.008527539670467377, 0.00852578692138195, 0.008554388768970966, 0.008420697413384914, 0.008413676172494888, 0.008270084857940674, 0.007957412861287594, 0.007719905115664005, 0.007597712799906731, 0.007453572005033493, 0.0075791506096720695, 0.007754203863441944, 0.00801319070160389, 0.008107270114123821, 0.00815543346107006, 0.008404646068811417, 0.008152008056640625, 0.008318079635500908, 0.007972801104187965, 0.007849637418985367, 0.007862208411097527, 0.0078017315827310085, 0.007821100763976574, 0.007812844589352608, 0.007893292233347893, 0.00808318704366684, 0.008119690231978893, 0.008083958178758621, 0.008205147460103035, 0.008273947983980179, 0.008376175537705421, 0.00851183570921421, 0.008527573198080063, 0.008336908183991909, 0.007776612415909767, 0.007951420731842518, 0.007943767122924328, 0.007602910045534372, 0.007874013856053352, 0.008589008823037148, 0.0099151860922575, 0.011376198381185532, 0.013639682903885841, 0.013458600267767906, 0.013000503182411194, 0.013376444578170776, 0.013995601795613766, 0.012737776152789593, 0.012710215523838997, 0.012225117534399033, 0.013433476909995079, 0.012842150405049324, 0.01097460649907589, 0.009153531864285469, 0.009236682206392288, 0.009216360747814178, 0.009246861562132835, 0.00940669421106577, 0.009442858397960663, 0.009490935131907463, 0.009266192093491554, 0.009093452244997025, 0.009589934721589088, 0.009552886709570885, 0.009519873186945915, 0.009908881038427353, 0.01010783202946186, 0.009759565815329552, 0.010040340945124626, 0.010220615193247795, 0.01057522278279066, 0.010386460460722446, 0.010374163277447224, 0.010426249355077744, 0.010367373935878277, 0.010062691755592823, 0.01014081109315157, 0.009925544261932373, 0.009885167703032494, 0.009885968640446663, 0.00961251650005579, 0.009705288335680962, 0.00978069007396698, 0.009902721270918846, 0.00989694707095623, 0.009994140826165676, 0.010095772333443165, 0.009879957884550095, 0.010058436542749405, 0.010013554245233536, 0.01008456852287054, 0.010362238623201847, 0.010845854878425598, 0.01080786157399416, 0.011207802221179008, 0.01125881727784872, 0.011271177791059017, 0.011061940342187881, 0.011369895190000534, 0.011274415999650955, 0.010606775060296059, 0.010722867213189602, 0.010860474780201912, 0.01104078907519579, 0.011019004508852959, 0.0108084287494421, 0.010914020240306854, 0.010913776233792305, 0.011246776208281517, 0.01118924468755722, 0.01095806434750557, 0.011161559261381626, 0.01103504654020071, 0.010776100680232048, 0.008739979937672615, 0.00872296467423439, 0.008396411314606667, 0.00814670417457819, 0.008167112246155739, 0.007756565231829882, 0.008227165788412094, 0.008312171325087547, 0.008137846365571022, 0.00833609513938427, 0.008147988468408585, 0.00812603160738945, 0.008168292231857777, 0.008094679564237595, 0.008154846727848053, 0.008133245632052422, 0.008869078010320663, 0.008661599829792976, 0.008118938654661179, 0.008485217578709126, 0.008509854786098003, 0.008472000248730183, 0.008790056221187115, 0.009061077609658241, 0.009145532734692097, 0.009360028430819511, 0.009086022153496742, 0.008923858404159546, 0.008829211816191673, 0.009156872518360615, 0.009191038087010384, 0.009121878072619438, 0.009021129459142685, 0.009575207717716694, 0.00963502749800682, 0.00952183734625578, 0.009041120298206806, 0.009686935693025589, 0.010203833691775799, 0.010042449459433556, 0.00977435801178217, 0.009923188015818596, 0.004424896091222763]}
all losses in batch in validation:  {'loss': [0.02272345870733261, 0.023295875638723373, 0.02215726673603058, 0.023446302860975266, 0.022591955959796906, 0.02371324971318245, 0.023748096078634262, 0.021991552785038948, 0.023095963522791862, 0.021080415695905685, 0.018903667107224464, 0.017778990790247917, 0.017165236175060272, 0.01576375961303711, 0.014883125200867653, 0.015215637162327766, 0.015096187591552734, 0.014813205227255821, 0.014650996774435043, 0.014541317708790302, 0.01597149297595024, 0.019446037709712982, 0.01915089413523674, 0.021721359342336655, 0.02026546746492386, 0.025081157684326172, 0.03201328217983246, 0.02772435173392296, 0.020319070667028427, 0.02017417922616005, 0.020349133759737015, 0.02161571756005287, 0.023190772160887718, 0.023875128477811813, 0.019618988037109375, 0.01933576539158821, 0.015750141814351082, 0.01299293339252472, 0.012264670804142952, 0.012929475866258144, 0.01346995122730732, 0.013759782537817955, 0.012637846171855927, 0.010908338241279125, 0.011072570458054543, 0.010355057194828987, 0.009876019321382046, 0.010218694806098938, 0.010377083905041218, 0.010703878477215767, 0.01078872848302126, 0.010814397595822811, 0.010779758915305138, 0.011103877797722816, 0.010924547910690308, 0.011173715814948082, 0.010994348675012589, 0.011153753846883774, 0.011180715635418892, 0.011323307640850544, 0.011746898293495178, 0.011271333321928978, 0.011529247276484966, 0.011226372793316841, 0.011540249921381474, 0.011523978784680367, 0.0118314940482378, 0.011652067303657532, 0.011720122769474983, 0.011900370940566063, 0.01218411698937416, 0.012330630794167519, 0.012755457311868668, 0.012703599408268929, 0.013138409703969955, 0.013331785798072815, 0.013337086886167526, 0.013331932947039604, 0.013316784054040909, 0.013192512094974518, 0.013211576268076897, 0.013336233794689178, 0.013312794268131256, 0.01383952982723713, 0.014039670117199421, 0.014166269451379776, 0.013945527374744415, 0.013936540111899376, 0.013838427141308784, 0.014100424945354462, 0.014260156080126762, 0.014548057690262794, 0.01468556560575962, 0.014500797726213932, 0.014345796778798103, 0.013776443898677826, 0.013601619750261307, 0.014084476977586746, 0.014734136871993542, 0.014443209394812584, 0.014859238639473915, 0.015143061056733131, 0.01702798530459404, 0.0156614538282156, 0.014547022059559822, 0.015038758516311646, 0.015116511844098568, 0.015495617873966694, 0.014998608268797398, 0.013769681565463543, 0.013661397621035576, 0.013864114880561829, 0.012972348369657993, 0.012735771015286446, 0.012319711036980152, 0.012869531288743019, 0.012150626629590988, 0.012047357857227325, 0.012490401975810528, 0.012484367936849594, 0.012851091101765633, 0.013040486723184586, 0.012811940163373947, 0.01334688626229763, 0.013287711888551712, 0.013498350977897644, 0.013668837957084179, 0.0140076307579875, 0.014400279149413109, 0.015249364078044891, 0.014593731611967087, 0.01528472825884819, 0.015369001775979996, 0.015581047162413597, 0.016162052750587463, 0.017637932673096657, 0.020559273660182953, 0.021835332736372948, 0.02053670957684517, 0.020840879529714584, 0.020808793604373932, 0.019254568964242935, 0.022130755707621574, 0.020979363471269608, 0.02043924108147621, 0.01907985657453537, 0.01730627939105034, 0.01866314560174942, 0.019070487469434738, 0.023762524127960205, 0.026723194867372513, 0.02993619069457054, 0.03073938563466072, 0.029530858621001244, 0.02759617380797863, 0.02273353561758995, 0.01898113824427128, 0.018861141055822372, 0.01810988038778305, 0.011559020727872849, 0.011154018342494965, 0.012414420023560524, 0.013798579573631287, 0.012642359361052513, 0.013557971455156803, 0.015018288977444172, 0.012621169909834862, 0.01301419734954834, 0.012289661914110184, 0.01354643888771534, 0.013644624501466751, 0.013237206265330315, 0.0153035344555974, 0.014284813776612282, 0.014045542106032372, 0.015139315277338028, 0.015158241614699364, 0.016185076907277107, 0.014348151162266731, 0.013582484796643257, 0.012065153568983078, 0.012085217982530594, 0.012521585449576378, 0.012352380901575089, 0.013507925905287266, 0.012709254398941994, 0.014834717847406864, 0.01704864576458931, 0.015896763652563095, 0.01491402555257082, 0.014941923320293427, 0.016748782247304916, 0.015363930724561214, 0.015197309665381908, 0.01653527095913887, 0.01696747913956642, 0.01676175743341446, 0.017630066722631454, 0.018735945224761963, 0.01875643990933895, 0.01969952881336212, 0.019715620204806328, 0.019414547830820084, 0.019435133785009384, 0.022626709192991257, 0.022164786234498024, 0.02142105996608734, 0.02236802875995636, 0.018915444612503052, 0.02003248780965805, 0.018558934330940247, 0.01966799423098564, 0.020297139883041382, 0.018399495631456375, 0.018047228455543518, 0.017238130792975426, 0.017072463408112526, 0.01628820225596428, 0.014232218265533447, 0.01574254408478737, 0.01414974220097065, 0.013382160104811192, 0.011819261126220226, 0.012580984272062778, 0.011834453791379929, 0.010534233413636684, 0.010982523672282696, 0.014663361944258213, 0.013903800398111343, 0.012163668870925903, 0.013279449194669724, 0.014484351500868797, 0.012894794344902039, 0.014195121824741364, 0.014759800396859646, 0.012102257460355759, 0.012801645323634148, 0.014606356620788574, 0.011170091107487679, 0.01151110976934433, 0.009223328903317451, 0.008607812225818634, 0.011024999432265759, 0.00833326019346714, 0.010165173560380936, 0.008781656622886658, 0.009335143491625786, 0.009501897729933262, 0.009782154113054276, 0.009949428029358387, 0.00979016162455082, 0.010753913782536983, 0.010393379256129265, 0.010233944281935692, 0.01025858148932457, 0.01009328942745924, 0.012318769469857216, 0.01135693583637476, 0.010200869292020798, 0.012040583416819572, 0.01183660514652729, 0.010227765887975693, 0.01203740295022726, 0.012514022178947926, 0.012964941561222076, 0.012595005333423615, 0.013567538931965828, 0.01452553179115057, 0.01440025120973587, 0.014327311888337135, 0.014891887083649635, 0.015680789947509766, 0.016272438690066338, 0.017166323959827423, 0.016770895570516586, 0.015967855229973793, 0.018876444548368454, 0.01915169507265091, 0.01817471906542778, 0.020313071087002754, 0.019786082208156586, 0.01988629251718521, 0.01935778185725212, 0.01901674084365368, 0.02050922065973282, 0.020804639905691147, 0.02112412452697754, 0.021913936361670494, 0.021857917308807373, 0.021877683699131012, 0.022204332053661346, 0.023131197318434715, 0.021727118641138077, 0.02005736343562603, 0.019870255142450333, 0.01715981774032116, 0.01772073283791542, 0.019228864461183548, 0.019556578248739243, 0.017966588959097862, 0.019277337938547134, 0.018769167363643646, 0.019337499514222145, 0.019365936517715454, 0.019716430455446243, 0.02019069343805313, 0.0201743021607399, 0.020781900733709335, 0.021165121346712112, 0.021698102355003357, 0.022011877968907356, 0.02239123359322548, 0.023162640631198883, 0.032697826623916626, 0.02798525057733059, 0.02704959362745285, 0.02701483853161335, 0.02645268104970455, 0.02753405272960663, 0.028581617400050163, 0.030128944665193558, 0.029538750648498535, 0.030107898637652397, 0.03555769473314285, 0.04424600303173065, 0.0449770987033844, 0.032011646777391434, 0.029572108760476112, 0.027929270640015602, 0.027940116822719574, 0.02639300748705864, 0.02242383360862732, 0.019776176661252975, 0.017879515886306763, 0.017070114612579346, 0.01623431220650673, 0.015914345160126686, 0.015100844204425812, 0.015063758939504623, 0.014444725587964058, 0.013320590369403362, 0.013548927381634712, 0.013392999768257141, 0.013135017827153206, 0.013696005567908287, 0.013142814859747887, 0.013129331171512604, 0.013391085900366306, 0.01299387589097023, 0.012505210004746914, 0.012166127562522888, 0.011977152898907661, 0.01202976331114769, 0.012371843680739403, 0.012609735131263733, 0.01326528750360012, 0.013724299147725105, 0.013868378475308418, 0.013937647454440594, 0.012999161146581173, 0.01322946697473526, 0.012966340407729149, 0.013254046440124512, 0.013512714765965939, 0.013068031519651413, 0.013064445927739143, 0.013071858324110508, 0.01328599639236927, 0.013490915298461914, 0.013546805828809738, 0.013559401966631413, 0.01401713490486145, 0.014128925278782845, 0.014136294834315777, 0.014508524909615517, 0.014310524798929691, 0.014150296337902546, 0.013780893757939339, 0.013289937749505043, 0.012739069759845734, 0.012241226620972157, 0.012366751208901405, 0.013698406517505646, 0.015401198528707027, 0.01616043969988823, 0.017932213842868805, 0.018218887969851494, 0.01847660355269909, 0.020860981196165085, 0.027055036276578903, 0.023940103128552437, 0.022689446806907654, 0.022148285061120987, 0.02365848422050476, 0.023615585640072823, 0.01939557120203972, 0.015976956114172935, 0.015631861984729767, 0.015921059995889664, 0.016339929774403572, 0.016318198293447495, 0.01664511114358902, 0.017002224922180176, 0.016558997333049774, 0.0165109820663929, 0.01768040657043457, 0.01796014979481697, 0.017971143126487732, 0.01931336522102356, 0.019473101943731308, 0.023399751633405685, 0.02174278348684311, 0.01916920766234398, 0.018240682780742645, 0.01782466098666191, 0.018638648092746735, 0.019536256790161133, 0.019365817308425903, 0.018602736294269562, 0.01906472072005272, 0.018509110435843468, 0.018826838582754135, 0.019052423536777496, 0.018488343805074692, 0.017805274575948715, 0.0177138801664114, 0.018283240497112274, 0.01884324662387371, 0.019895464181900024, 0.020112037658691406, 0.020363401621580124, 0.020470593124628067, 0.01948072388768196, 0.019862817600369453, 0.02038991078734398, 0.022494349628686905, 0.02293991856276989, 0.02422395348548889, 0.026014894247055054, 0.025336235761642456, 0.02442864514887333, 0.02429867722094059, 0.024793673306703568, 0.02438627928495407, 0.023938799276947975, 0.023951014503836632, 0.025981087237596512, 0.025394069030880928, 0.024561582133173943, 0.025065569207072258, 0.025239337235689163, 0.023988131433725357, 0.02356177568435669, 0.023168575018644333, 0.023294810205698013, 0.02330608293414116, 0.023362357169389725, 0.018536493182182312, 0.01919439807534218, 0.018035519868135452, 0.01802581362426281, 0.018442275002598763, 0.018386393785476685, 0.018467336893081665, 0.019757527858018875, 0.01949278637766838, 0.020383663475513458, 0.017799828201532364, 0.018819056451320648, 0.019704565405845642, 0.01824588142335415, 0.019238770008087158, 0.01815110631287098, 0.01975589245557785, 0.017477963119745255, 0.016748294234275818, 0.017520055174827576, 0.017761297523975372, 0.017479706555604935, 0.018599526956677437, 0.01936221495270729, 0.018667304888367653, 0.01950133591890335, 0.01970164105296135, 0.020481320098042488, 0.020782195031642914, 0.021885475143790245, 0.022156257182359695, 0.021769164130091667, 0.02059650421142578, 0.022689148783683777, 0.024009060114622116, 0.021360166370868683, 0.021938273683190346, 0.02429601363837719, 0.02506810612976551, 0.025434110313653946, 0.024807093665003777, 0.024516940116882324, 0.016364287585020065], 'L_si': [0.012490338645875454, 0.012931741774082184, 0.011957438662648201, 0.012917175889015198, 0.012313134968280792, 0.013097074814140797, 0.013066246174275875, 0.011775592342019081, 0.012594399973750114, 0.011094970628619194, 0.009571030735969543, 0.008737771771848202, 0.008241098374128342, 0.007213498465716839, 0.006614191923290491, 0.00674425158649683, 0.006667510140687227, 0.006544006057083607, 0.006401986349374056, 0.00628751702606678, 0.007184688933193684, 0.009640722535550594, 0.00927474070340395, 0.011169585399329662, 0.0100477309897542, 0.013348206877708435, 0.019182659685611725, 0.01527727022767067, 0.009260480292141438, 0.009143182076513767, 0.009298748336732388, 0.010085394605994225, 0.011275606229901314, 0.01227211207151413, 0.009850394912064075, 0.009893662296235561, 0.007246632594615221, 0.005328468978404999, 0.004929336719214916, 0.005249686539173126, 0.005643630865961313, 0.006111158058047295, 0.005521818064153194, 0.004279298707842827, 0.004368985537439585, 0.00397505983710289, 0.003792031202465296, 0.003961044829338789, 0.004059279803186655, 0.004127114545553923, 0.004047231283038855, 0.0041164373978972435, 0.004231116268783808, 0.00438437145203352, 0.004270331468433142, 0.004423815757036209, 0.004312501288950443, 0.004356429912149906, 0.004361409228295088, 0.004432209767401218, 0.004533224273473024, 0.004227036144584417, 0.0043713911436498165, 0.004221314564347267, 0.004475718829780817, 0.004512994084507227, 0.004711598623543978, 0.004525217227637768, 0.004611211363226175, 0.004765908233821392, 0.004979565739631653, 0.005102823954075575, 0.0053502656519412994, 0.005387294106185436, 0.0055482229217886925, 0.005716545041650534, 0.005616922862827778, 0.005551776383072138, 0.005563642829656601, 0.005448812153190374, 0.0053559341467916965, 0.005453338846564293, 0.005482377018779516, 0.005646910984069109, 0.005616195499897003, 0.005759876221418381, 0.005648445803672075, 0.005638127215206623, 0.0055223191156983376, 0.005692111793905497, 0.005821593105792999, 0.0059502217918634415, 0.005974449682980776, 0.0059951720759272575, 0.0058677843771874905, 0.005622514057904482, 0.00548713281750679, 0.005737917497754097, 0.005967705510556698, 0.005724575370550156, 0.006018562708050013, 0.006071428302675486, 0.006910655647516251, 0.006212419364601374, 0.005684153642505407, 0.005736721213907003, 0.005786225199699402, 0.005984262563288212, 0.005703650414943695, 0.005049760453402996, 0.0049741980619728565, 0.004996935836970806, 0.00446656160056591, 0.004410605877637863, 0.004200778901576996, 0.004363733343780041, 0.004076543264091015, 0.004087522160261869, 0.004270268604159355, 0.0042734271846711636, 0.0044826315715909, 0.004531825892627239, 0.004506771918386221, 0.004781482275575399, 0.004777438007295132, 0.004961978644132614, 0.0051448773592710495, 0.005334990099072456, 0.005519531667232513, 0.005875788163393736, 0.005557667464017868, 0.00582108274102211, 0.005906427279114723, 0.0060958233661949635, 0.0063222916796803474, 0.007257360499352217, 0.00890003889799118, 0.009254439733922482, 0.008309532888233662, 0.00843582209199667, 0.008297495543956757, 0.007462434470653534, 0.009458531625568867, 0.008918043226003647, 0.008748362772166729, 0.008249846287071705, 0.007426666095852852, 0.008615139871835709, 0.009501536376774311, 0.01358727365732193, 0.01628892868757248, 0.019250184297561646, 0.020195430144667625, 0.01908455416560173, 0.017304178327322006, 0.01294064149260521, 0.01005579624325037, 0.010160294361412525, 0.009657221846282482, 0.004466239828616381, 0.004145996645092964, 0.005152360536158085, 0.006084210239350796, 0.005230056121945381, 0.00572513323277235, 0.006699905730783939, 0.005139721557497978, 0.0055893296375870705, 0.005179156549274921, 0.005907550919800997, 0.005923404823988676, 0.005670424550771713, 0.00708246324211359, 0.006462571211159229, 0.006231412757188082, 0.006864081136882305, 0.00698477728292346, 0.007793239317834377, 0.0065717557445168495, 0.005867019761353731, 0.004922080785036087, 0.004920655861496925, 0.005246222484856844, 0.005050345323979855, 0.005642996169626713, 0.005326778162270784, 0.0069626010954380035, 0.008653284050524235, 0.007727404125034809, 0.006997678428888321, 0.0069581251591444016, 0.008251180872321129, 0.007345280610024929, 0.007337111048400402, 0.008287043310701847, 0.008576883934438229, 0.008406760171055794, 0.009195966646075249, 0.009994758293032646, 0.010319594293832779, 0.011246532201766968, 0.011132297106087208, 0.010977446101605892, 0.011100615374743938, 0.013418646529316902, 0.01322142593562603, 0.012678610160946846, 0.013367378152906895, 0.010725400410592556, 0.011368714272975922, 0.010316877625882626, 0.011121165007352829, 0.011518151499330997, 0.010188588872551918, 0.009745506569743156, 0.009167468175292015, 0.008962402120232582, 0.00853408221155405, 0.007155261468142271, 0.007830408401787281, 0.006838805042207241, 0.00629233755171299, 0.0052771493792533875, 0.005685805343091488, 0.005334151908755302, 0.004568084143102169, 0.004917525686323643, 0.006972829345613718, 0.006491000764071941, 0.0056220064871013165, 0.00615900382399559, 0.006876567844301462, 0.005939701106399298, 0.006710320711135864, 0.007106907200068235, 0.0055314237251877785, 0.0058423192240297794, 0.006803375203162432, 0.004803421441465616, 0.004774072673171759, 0.003312070155516267, 0.0029044949915260077, 0.004190423991531134, 0.00273727485910058, 0.003737851744517684, 0.0029813884757459164, 0.003255317220464349, 0.003278816118836403, 0.003390518482774496, 0.003531743073835969, 0.003470879513770342, 0.0040390705689787865, 0.0038371034897863865, 0.003704777918756008, 0.003807978006079793, 0.0037156420294195414, 0.0050719003193080425, 0.0045148273929953575, 0.003789415815845132, 0.004988085478544235, 0.004848779179155827, 0.003862872254103422, 0.004926432855427265, 0.005219322629272938, 0.005463528912514448, 0.0052066403441131115, 0.0057947346940636635, 0.006250855512917042, 0.0063001918606460094, 0.006184224970638752, 0.0065524401143193245, 0.007003249134868383, 0.007429041434079409, 0.007924658246338367, 0.007691062055528164, 0.007226965855807066, 0.009035525843501091, 0.009171202778816223, 0.008535809814929962, 0.00997251458466053, 0.009714416228234768, 0.009828801266849041, 0.009517715312540531, 0.009483832865953445, 0.010524752549827099, 0.01071931328624487, 0.011013462208211422, 0.011897927150130272, 0.01184135302901268, 0.011845926754176617, 0.01192792784422636, 0.012692293152213097, 0.011889487504959106, 0.01078377291560173, 0.010753374546766281, 0.009283388964831829, 0.00948876142501831, 0.010255437344312668, 0.01038593053817749, 0.009744420647621155, 0.010446972213685513, 0.010342570953071117, 0.010936537757515907, 0.011283013969659805, 0.011703317984938622, 0.012088639661669731, 0.012021943926811218, 0.01238660141825676, 0.012821212410926819, 0.013209415599703789, 0.013294249773025513, 0.013294138014316559, 0.01371153537184, 0.01987166702747345, 0.016602328047156334, 0.016207106411457062, 0.016005240380764008, 0.015752431005239487, 0.016471456736326218, 0.017075784504413605, 0.0179968923330307, 0.01755478046834469, 0.018512647598981857, 0.022333744913339615, 0.028853580355644226, 0.02943464368581772, 0.01863611303269863, 0.01700418069958687, 0.015996133908629417, 0.016083043068647385, 0.015285123139619827, 0.012704217806458473, 0.011008420027792454, 0.0096790986135602, 0.008854147046804428, 0.008213799446821213, 0.00762479193508625, 0.006954216863960028, 0.0066938637755811214, 0.005610696971416473, 0.004966277629137039, 0.005136892665177584, 0.005045405123382807, 0.004901244770735502, 0.005224387627094984, 0.004791662096977234, 0.004780355375260115, 0.005055987276136875, 0.004820596892386675, 0.004633329808712006, 0.004530247766524553, 0.004470320884138346, 0.004558275453746319, 0.004732200410217047, 0.004837711341679096, 0.005294689442962408, 0.005703325383365154, 0.005717356223613024, 0.005668883211910725, 0.005016734823584557, 0.005173368379473686, 0.005153618287295103, 0.005315989721566439, 0.005401430651545525, 0.005073833744972944, 0.005004442762583494, 0.005002372898161411, 0.005167536903172731, 0.0052370293997228146, 0.0052758571691811085, 0.005355200730264187, 0.005649160128086805, 0.005781646817922592, 0.005729390308260918, 0.005937596317380667, 0.005832336843013763, 0.005898866802453995, 0.005886216182261705, 0.005374654661864042, 0.0048637897707521915, 0.004573162645101547, 0.004759813658893108, 0.00565203046426177, 0.0067413849756121635, 0.007053437642753124, 0.00799426157027483, 0.008466200903058052, 0.008766217157244682, 0.010629435069859028, 0.01576577126979828, 0.0137237049639225, 0.012764074839651585, 0.011940361931920052, 0.012723291292786598, 0.01242100540548563, 0.009596736170351505, 0.007281285244971514, 0.007077246438711882, 0.007265501189976931, 0.007587207015603781, 0.007595458999276161, 0.007895084097981453, 0.008074418641626835, 0.007758421823382378, 0.007764097768813372, 0.008508127182722092, 0.008642447181046009, 0.008732510730624199, 0.009609653614461422, 0.009676305577158928, 0.012357770465314388, 0.011038688942790031, 0.009299141354858875, 0.008838844485580921, 0.008594662882387638, 0.009136734530329704, 0.009685882367193699, 0.00951379630714655, 0.008924257941544056, 0.009210032410919666, 0.008918866515159607, 0.009085321798920631, 0.009318367578089237, 0.008966844528913498, 0.00843095313757658, 0.00839882344007492, 0.008831711485981941, 0.009254498407244682, 0.00987971294671297, 0.010026397183537483, 0.010115345008671284, 0.010106611996889114, 0.009404387325048447, 0.009827635250985622, 0.01013951562345028, 0.011543999426066875, 0.011763624846935272, 0.012648527510464191, 0.013628843240439892, 0.013357982039451599, 0.012720376253128052, 0.012535123154520988, 0.01304677128791809, 0.01281482819467783, 0.012529321946203709, 0.012688199058175087, 0.01432491559535265, 0.013970017433166504, 0.013406489975750446, 0.013930282555520535, 0.014157457277178764, 0.013232014141976833, 0.012833870016038418, 0.012624028138816357, 0.012692149728536606, 0.012672694399952888, 0.012975940480828285, 0.010069147683680058, 0.010590690188109875, 0.009675443172454834, 0.00950705073773861, 0.009504065848886967, 0.009263317100703716, 0.009238296188414097, 0.00996658205986023, 0.009541142731904984, 0.009897993877530098, 0.008638082072138786, 0.009484818205237389, 0.010177296586334705, 0.009297243319451809, 0.010100153274834156, 0.00944340880960226, 0.010411442257463932, 0.008945201523602009, 0.008733399212360382, 0.009066600352525711, 0.009280793368816376, 0.009058833122253418, 0.009609851986169815, 0.010066493414342403, 0.009776949882507324, 0.010504727251827717, 0.010446951724588871, 0.01099029928445816, 0.01123900804668665, 0.0119651909917593, 0.012194579467177391, 0.012051762081682682, 0.011310555040836334, 0.012575083412230015, 0.013352656736969948, 0.01164477039128542, 0.012108635157346725, 0.013925138860940933, 0.014302815310657024, 0.014467834495007992, 0.014079863205552101, 0.014150042086839676, 0.011533675715327263], 'L_grad': [0.010233120061457157, 0.010364132933318615, 0.010199829004704952, 0.010529126971960068, 0.010278820991516113, 0.010616173967719078, 0.010681850835680962, 0.010215960443019867, 0.010501563549041748, 0.009985445998609066, 0.009332636371254921, 0.009041219018399715, 0.008924138732254505, 0.00855026114732027, 0.008268933743238449, 0.008471385575830936, 0.008428677916526794, 0.008269199170172215, 0.008249010890722275, 0.008253800682723522, 0.008786804042756557, 0.009805315174162388, 0.009876154363155365, 0.010551773011684418, 0.010217737406492233, 0.011732950806617737, 0.012830623425543308, 0.012447081506252289, 0.011058589443564415, 0.011030998080968857, 0.011050385423004627, 0.011530322954058647, 0.011915165930986404, 0.011603016406297684, 0.009768594056367874, 0.009442102164030075, 0.008503508754074574, 0.0076644644141197205, 0.007335334550589323, 0.007679789327085018, 0.007826320827007294, 0.00764862447977066, 0.007116027642041445, 0.006629039533436298, 0.0067035844549536705, 0.006379997357726097, 0.00608398811891675, 0.006257649511098862, 0.006317804101854563, 0.006576763466000557, 0.006741497199982405, 0.006697960197925568, 0.006548643112182617, 0.006719506811350584, 0.006654215976595879, 0.0067498995922505856, 0.006681846920400858, 0.00679732346907258, 0.006819306872785091, 0.0068910978734493256, 0.0072136735543608665, 0.007044296711683273, 0.00715785613283515, 0.007005058228969574, 0.0070645310916006565, 0.007010985165834427, 0.00711989589035511, 0.007126850541681051, 0.007108911871910095, 0.007134462706744671, 0.007204551249742508, 0.007227807305753231, 0.007405191194266081, 0.00731630576774478, 0.007590186782181263, 0.007615240290760994, 0.007720163557678461, 0.007780156098306179, 0.0077531407587230206, 0.007743700407445431, 0.007855642586946487, 0.007882894948124886, 0.007830417715013027, 0.008192619308829308, 0.008423474617302418, 0.008406393229961395, 0.008297082036733627, 0.008298412896692753, 0.008316108025610447, 0.008408313617110252, 0.008438562974333763, 0.008597835898399353, 0.008711116388440132, 0.008505625650286674, 0.008478011935949326, 0.008153929375112057, 0.008114486932754517, 0.00834655947983265, 0.008766431361436844, 0.008718634024262428, 0.00884067639708519, 0.009071632288396358, 0.01011732965707779, 0.009449034929275513, 0.008862867951393127, 0.009302036836743355, 0.009330286644399166, 0.009511355310678482, 0.009294957853853703, 0.008719921112060547, 0.008687199093401432, 0.008867179043591022, 0.008505786769092083, 0.008325165137648582, 0.008118932135403156, 0.008505797944962978, 0.008074083365499973, 0.007959835231304169, 0.008220133371651173, 0.008210940286517143, 0.008368459530174732, 0.008508660830557346, 0.008305167779326439, 0.008565403521060944, 0.00851027388125658, 0.00853637233376503, 0.00852396059781313, 0.008672640658915043, 0.008880747482180595, 0.009373575448989868, 0.009036064147949219, 0.00946364551782608, 0.009462574496865273, 0.009485224261879921, 0.009839760139584541, 0.010380572639405727, 0.011659233830869198, 0.012580893002450466, 0.012227175757288933, 0.012405057437717915, 0.012511298060417175, 0.011792133562266827, 0.012672224082052708, 0.01206132024526596, 0.011690879240632057, 0.01083001121878624, 0.009879613295197487, 0.010048004798591137, 0.009568952023983002, 0.010175250470638275, 0.010434266179800034, 0.01068600732833147, 0.010543955489993095, 0.010446304455399513, 0.010291995480656624, 0.009792893193662167, 0.008925342001020908, 0.008700845763087273, 0.008452659472823143, 0.007092781364917755, 0.007008021697402, 0.007262059021741152, 0.007714369334280491, 0.007412303239107132, 0.007832838222384453, 0.008318383246660233, 0.0074814483523368835, 0.007424867711961269, 0.007110505364835262, 0.00763888843357563, 0.007721219211816788, 0.007566782180219889, 0.00822107121348381, 0.007822242565453053, 0.007814129814505577, 0.008275234140455723, 0.008173463866114616, 0.00839183758944273, 0.007776395883411169, 0.007715464569628239, 0.007143072783946991, 0.0071645621210336685, 0.007275362499058247, 0.007302036043256521, 0.007864929735660553, 0.007382476702332497, 0.00787211675196886, 0.00839536264538765, 0.00816936045885086, 0.007916347123682499, 0.007983798161149025, 0.008497602306306362, 0.008018650114536285, 0.007860198616981506, 0.008248228579759598, 0.008390594273805618, 0.008354997262358665, 0.008434099145233631, 0.008741187863051891, 0.008436845615506172, 0.008452996611595154, 0.00858332309871912, 0.008437101729214191, 0.008334517478942871, 0.009208062663674355, 0.008943360298871994, 0.008742449805140495, 0.009000650607049465, 0.00819004513323307, 0.008663774468004704, 0.008242055773735046, 0.008546829223632812, 0.00877898745238781, 0.008210906758904457, 0.008301720954477787, 0.00807066261768341, 0.008110061287879944, 0.007754120975732803, 0.0070769572630524635, 0.007912135683000088, 0.007310937624424696, 0.007089822553098202, 0.006542111746966839, 0.006895178928971291, 0.006500301882624626, 0.005966149270534515, 0.006064997985959053, 0.007690532598644495, 0.007412799168378115, 0.0065416619181632996, 0.007120445370674133, 0.007607783190906048, 0.0069550927728414536, 0.007484801579266787, 0.0076528931967914104, 0.00657083373516798, 0.006959325633943081, 0.00780298188328743, 0.00636667013168335, 0.006737037096172571, 0.005911258514970541, 0.005703317001461983, 0.006834575440734625, 0.00559598533436656, 0.006427321583032608, 0.005800267681479454, 0.006079826503992081, 0.006223081611096859, 0.0063916356302797794, 0.006417685188353062, 0.00631928164511919, 0.006714843213558197, 0.006556275300681591, 0.006529166363179684, 0.00645060371607542, 0.006377647630870342, 0.007246869150549173, 0.006842108443379402, 0.006411453243345022, 0.00705249747261405, 0.006987825967371464, 0.006364893168210983, 0.007110970094799995, 0.007294699549674988, 0.007501412183046341, 0.007388364523649216, 0.0077728042379021645, 0.008274676278233528, 0.008100059814751148, 0.008143086917698383, 0.00833944696933031, 0.00867754127830267, 0.008843397721648216, 0.009241664782166481, 0.009079832583665848, 0.00874088890850544, 0.009840918704867363, 0.009980492293834686, 0.009638909250497818, 0.010340556502342224, 0.010071666911244392, 0.010057492181658745, 0.009840065613389015, 0.009532907977700233, 0.009984469041228294, 0.010085327550768852, 0.010110662318766117, 0.010016009211540222, 0.010016564279794693, 0.01003175601363182, 0.01027640514075756, 0.010438904166221619, 0.00983763113617897, 0.0092735905200243, 0.009116880595684052, 0.00787642877548933, 0.00823197141289711, 0.00897342711687088, 0.009170647710561752, 0.008222168311476707, 0.008830366656184196, 0.008426597341895103, 0.008400961756706238, 0.008082921616733074, 0.008013112470507622, 0.0081020537763834, 0.008152359165251255, 0.00839530024677515, 0.008343908935785294, 0.008488685823976994, 0.008717628195881844, 0.00909709557890892, 0.009451106190681458, 0.012826160527765751, 0.011382922530174255, 0.010842488147318363, 0.011009598150849342, 0.010700250044465065, 0.011062595061957836, 0.011505832895636559, 0.012132053263485432, 0.011983969248831272, 0.01159525103867054, 0.013223947957158089, 0.015392424538731575, 0.01554245688021183, 0.013375534676015377, 0.012567928060889244, 0.011933136731386185, 0.01185707375407219, 0.011107884347438812, 0.009719615802168846, 0.008767757564783096, 0.008200418204069138, 0.008215968497097492, 0.008020513691008091, 0.008289553225040436, 0.008146626874804497, 0.008369894698262215, 0.008834028616547585, 0.008354312740266323, 0.008412034250795841, 0.008347595110535622, 0.008233772590756416, 0.00847161840647459, 0.008351152762770653, 0.008348976261913776, 0.008335098624229431, 0.008173278532922268, 0.007871880196034908, 0.007635880261659622, 0.007506832014769316, 0.007471487857401371, 0.007639643736183643, 0.007772023789584637, 0.007970597594976425, 0.008020973764359951, 0.008151022717356682, 0.008268764242529869, 0.007982426322996616, 0.008056098595261574, 0.007812722586095333, 0.007938056252896786, 0.008111284114420414, 0.007994197309017181, 0.008060003630816936, 0.008069485425949097, 0.008118459954857826, 0.008253886364400387, 0.008270948193967342, 0.008204201236367226, 0.008367975242435932, 0.008347278460860252, 0.00840690452605486, 0.008570929057896137, 0.008478187955915928, 0.008251429535448551, 0.007894677110016346, 0.007915282621979713, 0.00787528045475483, 0.007668063975870609, 0.007606937550008297, 0.008046375587582588, 0.008659813553094864, 0.009107002057135105, 0.00993795320391655, 0.009752687066793442, 0.009710386395454407, 0.010231547057628632, 0.011289265006780624, 0.010216398164629936, 0.009925372898578644, 0.01020792219787836, 0.010935192927718163, 0.011194580234587193, 0.009798834100365639, 0.008695671334862709, 0.008554615080356598, 0.00865555927157402, 0.008752722293138504, 0.008722738362848759, 0.008750027045607567, 0.008927807211875916, 0.008800576440989971, 0.008746884763240814, 0.009172279387712479, 0.009317703545093536, 0.009238632395863533, 0.009703712537884712, 0.009796797297894955, 0.011041982099413872, 0.010704095475375652, 0.009870066307485104, 0.009401838295161724, 0.009229999035596848, 0.00950191356241703, 0.009850375354290009, 0.00985202006995678, 0.00967847928404808, 0.009854687377810478, 0.00959024392068386, 0.009741517715156078, 0.009734056890010834, 0.009521500207483768, 0.00937432236969471, 0.00931505672633648, 0.009451528079807758, 0.009588748216629028, 0.010015752166509628, 0.010085640475153923, 0.01024805661290884, 0.010363980196416378, 0.010076336562633514, 0.010035182349383831, 0.0102503951638937, 0.010950349271297455, 0.011176293715834618, 0.011575426906347275, 0.012386051006615162, 0.011978253722190857, 0.011708268895745277, 0.011763554066419601, 0.011746902018785477, 0.011571452021598816, 0.011409477330744267, 0.011262815445661545, 0.011656170710921288, 0.011424051597714424, 0.011155092157423496, 0.011135286651551723, 0.011081879958510399, 0.010756116360425949, 0.010727906599640846, 0.01054454781115055, 0.010602660477161407, 0.010633387602865696, 0.01038641668856144, 0.008467346429824829, 0.008603707887232304, 0.008360077627003193, 0.0085187628865242, 0.008938209153711796, 0.009123077616095543, 0.009229041635990143, 0.009790945798158646, 0.009951642714440823, 0.01048566959798336, 0.009161746129393578, 0.00933423824608326, 0.009527268819510937, 0.00894863810390234, 0.009138616733253002, 0.008707697503268719, 0.009344451129436493, 0.008532760664820671, 0.00801489595323801, 0.00845345389097929, 0.008480505086481571, 0.008420874364674091, 0.008989674970507622, 0.009295720607042313, 0.008890355005860329, 0.008996609598398209, 0.009254688397049904, 0.009491020813584328, 0.009543187916278839, 0.009920284152030945, 0.009961677715182304, 0.009717402048408985, 0.009285948239266872, 0.010114066302776337, 0.010656403377652168, 0.009715396910905838, 0.00982963852584362, 0.010370874777436256, 0.010765290819108486, 0.010966276749968529, 0.010727230459451675, 0.010366897098720074, 0.004830612801015377]}
all losses in batch in validation:  {'loss': [0.019693978130817413, 0.021677851676940918, 0.02084238827228546, 0.022885872051119804, 0.021787453442811966, 0.02299368381500244, 0.022703049704432487, 0.02295990101993084, 0.021331343799829483, 0.019783705472946167, 0.017482062801718712, 0.01639079861342907, 0.016049478203058243, 0.015112641267478466, 0.014903922565281391, 0.015045631676912308, 0.01541031152009964, 0.01527833379805088, 0.014994939789175987, 0.015292009338736534, 0.01687513291835785, 0.021699875593185425, 0.02026832289993763, 0.02186926081776619, 0.017615217715501785, 0.022317316383123398, 0.0315849669277668, 0.028468355536460876, 0.02097277157008648, 0.02126242220401764, 0.021078424528241158, 0.021851733326911926, 0.024090109393000603, 0.02457134984433651, 0.020682215690612793, 0.021163810044527054, 0.01729866862297058, 0.014178491197526455, 0.012346780858933926, 0.012813882902264595, 0.013882466591894627, 0.014245632104575634, 0.013111055828630924, 0.010975733399391174, 0.011298475787043571, 0.010397829115390778, 0.009949544444680214, 0.01051628589630127, 0.010647069662809372, 0.010846874676644802, 0.010638698004186153, 0.010818224400281906, 0.010782737284898758, 0.011172168888151646, 0.010652616620063782, 0.011180230416357517, 0.010898301377892494, 0.0110448207706213, 0.01097489707171917, 0.011133858934044838, 0.011247852817177773, 0.010861169546842575, 0.01122252643108368, 0.010810064151883125, 0.011230802163481712, 0.011071832850575447, 0.011465052142739296, 0.011062970384955406, 0.01107475534081459, 0.011227870360016823, 0.0113748200237751, 0.011369002051651478, 0.011636173352599144, 0.011731022968888283, 0.0121682807803154, 0.012616176158189774, 0.012571049854159355, 0.012703865766525269, 0.013183400966227055, 0.012996349483728409, 0.01303144171833992, 0.013042406179010868, 0.012834010645747185, 0.01303810067474842, 0.013349553570151329, 0.01355317234992981, 0.013358376920223236, 0.013473053462803364, 0.013286558911204338, 0.013418944552540779, 0.014016012661159039, 0.014106513001024723, 0.01430661603808403, 0.014009975828230381, 0.013681836426258087, 0.012954735197126865, 0.012680180370807648, 0.013185896910727024, 0.013909228146076202, 0.01379481516778469, 0.014644143171608448, 0.014941206201910973, 0.01663212478160858, 0.015218445099890232, 0.01425735093653202, 0.014900462701916695, 0.014986934140324593, 0.015777859836816788, 0.015072274953126907, 0.013695034198462963, 0.013417083770036697, 0.013613849878311157, 0.012980387546122074, 0.012976717203855515, 0.012650254182517529, 0.013051668182015419, 0.012388325296342373, 0.012216194532811642, 0.012191446498036385, 0.012192896567285061, 0.012492882087826729, 0.013033729046583176, 0.013103239238262177, 0.01344681903719902, 0.013153446838259697, 0.013963006436824799, 0.014189321547746658, 0.014278358779847622, 0.014613516628742218, 0.01592850498855114, 0.015385721810162067, 0.01619606837630272, 0.01579877734184265, 0.01613384485244751, 0.016107799485325813, 0.018220385536551476, 0.02142927795648575, 0.02274712547659874, 0.020563742145895958, 0.021285805851221085, 0.020974405109882355, 0.02102886140346527, 0.02487330697476864, 0.02245969884097576, 0.02245844155550003, 0.02029024064540863, 0.018331652507185936, 0.017908968031406403, 0.01895616576075554, 0.023388847708702087, 0.025588221848011017, 0.029883677139878273, 0.030468571931123734, 0.029839979484677315, 0.029012836515903473, 0.026633553206920624, 0.025912407785654068, 0.025091540068387985, 0.023617587983608246, 0.018172388896346092, 0.01695634424686432, 0.017719443887472153, 0.01898670569062233, 0.017018023878335953, 0.018127311021089554, 0.018724631518125534, 0.01699705608189106, 0.017707131803035736, 0.016537610441446304, 0.016800248995423317, 0.017298024147748947, 0.016735682263970375, 0.018018772825598717, 0.017023783177137375, 0.017199957743287086, 0.018837884068489075, 0.01947907730937004, 0.020077034831047058, 0.017117515206336975, 0.01756235398352146, 0.01543282251805067, 0.015723343938589096, 0.01690714992582798, 0.016047921031713486, 0.01634223759174347, 0.015242565423250198, 0.01699931174516678, 0.017782891169190407, 0.018110979348421097, 0.017560970038175583, 0.01661531813442707, 0.017196347936987877, 0.016276586800813675, 0.015566106885671616, 0.017432574182748795, 0.018387416377663612, 0.018571700900793076, 0.018521133810281754, 0.019513709470629692, 0.019879959523677826, 0.019274877384305, 0.019830629229545593, 0.020304162055253983, 0.020444124937057495, 0.02322976104915142, 0.021825702860951424, 0.022710643708705902, 0.02399790845811367, 0.02039322629570961, 0.02053910121321678, 0.019686326384544373, 0.01990768313407898, 0.02183031290769577, 0.01970575749874115, 0.018820032477378845, 0.017904991284012794, 0.018064510077238083, 0.017310883849859238, 0.016015853732824326, 0.01632026955485344, 0.015056715346872807, 0.014766663312911987, 0.01321435160934925, 0.013835161924362183, 0.012752722948789597, 0.011747470125555992, 0.012122513726353645, 0.014893883839249611, 0.01412904355674982, 0.012878766283392906, 0.013828152790665627, 0.014570383355021477, 0.012973148375749588, 0.014243573881685734, 0.014865895733237267, 0.012406427413225174, 0.012622203677892685, 0.014282066375017166, 0.010537102818489075, 0.01208645198494196, 0.010745113715529442, 0.00977180153131485, 0.011704834178090096, 0.009234752506017685, 0.010838811285793781, 0.009719597175717354, 0.009824678301811218, 0.010252297855913639, 0.010591542348265648, 0.010736281983554363, 0.010204363614320755, 0.01119009405374527, 0.011052120476961136, 0.010905466042459011, 0.011134912259876728, 0.010286422446370125, 0.012333439663052559, 0.011296063661575317, 0.010315698571503162, 0.011999920010566711, 0.011962177231907845, 0.010485773906111717, 0.01252744160592556, 0.012981735169887543, 0.013511722907423973, 0.013168733566999435, 0.014047577977180481, 0.014789008535444736, 0.014682356268167496, 0.014741785824298859, 0.015191065147519112, 0.016390126198530197, 0.01693827658891678, 0.01716524548828602, 0.016594715416431427, 0.015797030180692673, 0.019290205091238022, 0.01902257837355137, 0.017644142732024193, 0.019737854599952698, 0.019024642184376717, 0.018768414855003357, 0.01816238835453987, 0.017995567992329597, 0.019944768399000168, 0.02035708911716938, 0.02062436006963253, 0.021568145602941513, 0.02089320681989193, 0.021064098924398422, 0.021161183714866638, 0.022338762879371643, 0.021076537668704987, 0.019093386828899384, 0.0193435437977314, 0.01661180704832077, 0.01664680801331997, 0.017047185450792313, 0.017705362290143967, 0.017313864082098007, 0.01797207072377205, 0.017939189448952675, 0.01824202761054039, 0.018691014498472214, 0.019156325608491898, 0.01909118890762329, 0.019183171913027763, 0.0196477510035038, 0.02010759338736534, 0.020683465525507927, 0.02110304869711399, 0.021893277764320374, 0.0223211832344532, 0.025788651779294014, 0.025823721662163734, 0.026476066559553146, 0.02638711780309677, 0.02648468315601349, 0.027300134301185608, 0.028166605159640312, 0.02875307947397232, 0.02817237377166748, 0.029464520514011383, 0.030654072761535645, 0.03056885302066803, 0.03039948083460331, 0.029822003096342087, 0.028895096853375435, 0.026217373088002205, 0.025303717702627182, 0.024534747004508972, 0.021102337166666985, 0.019036417827010155, 0.01766788214445114, 0.016815777868032455, 0.01606268621981144, 0.01570441760122776, 0.015132399275898933, 0.014681229367852211, 0.014831619337201118, 0.014661084860563278, 0.01436388585716486, 0.013983923941850662, 0.01397361047565937, 0.014322632923722267, 0.013776350766420364, 0.013617120683193207, 0.013794544152915478, 0.013115040957927704, 0.012763520702719688, 0.01269419677555561, 0.012784798629581928, 0.012504423968493938, 0.01254646759480238, 0.01294591836631298, 0.013702568598091602, 0.013883336447179317, 0.013939423486590385, 0.01430094987154007, 0.013592638075351715, 0.013733824715018272, 0.01330299861729145, 0.013397643342614174, 0.013691352680325508, 0.01346393208950758, 0.013175828382372856, 0.012955769896507263, 0.013438679277896881, 0.013730490580201149, 0.013694125227630138, 0.013596296310424805, 0.014153673313558102, 0.014206732623279095, 0.014382069930434227, 0.014683027751743793, 0.01432108599692583, 0.014255914837121964, 0.013510841876268387, 0.014084532856941223, 0.013702013529837132, 0.013203608803451061, 0.013843238353729248, 0.014345597475767136, 0.016197893768548965, 0.01724553108215332, 0.019953127950429916, 0.020397182554006577, 0.020783141255378723, 0.021153517067432404, 0.025938866659998894, 0.023686444386839867, 0.021823974326252937, 0.020935187116265297, 0.023717785254120827, 0.02432785928249359, 0.019179923459887505, 0.014387248083949089, 0.014183573424816132, 0.0142555832862854, 0.014096485450863838, 0.013925187289714813, 0.01424529030919075, 0.014720278792083263, 0.013895838521420956, 0.013701723888516426, 0.014977164566516876, 0.014998558908700943, 0.015058075077831745, 0.016266051679849625, 0.018137000501155853, 0.020767081528902054, 0.021900732070207596, 0.02062072977423668, 0.016108762472867966, 0.01533104944974184, 0.0158894881606102, 0.015858398750424385, 0.01644027978181839, 0.01599551923573017, 0.015552455559372902, 0.01506956946104765, 0.015761878341436386, 0.01585961878299713, 0.0154205821454525, 0.015044966712594032, 0.015451192855834961, 0.01676308922469616, 0.019423767924308777, 0.017719365656375885, 0.01763151027262211, 0.01671581342816353, 0.016686445102095604, 0.017433103173971176, 0.01694025844335556, 0.01724693365395069, 0.01769648864865303, 0.018661759793758392, 0.018958864733576775, 0.02126205712556839, 0.019372640177607536, 0.01980140432715416, 0.021192681044340134, 0.02034112811088562, 0.020234573632478714, 0.01977020874619484, 0.019721336662769318, 0.019347600638866425, 0.019563961774110794, 0.01905374974012375, 0.01858217641711235, 0.018040800467133522, 0.0190204456448555, 0.018345728516578674, 0.019003871828317642, 0.019277632236480713, 0.01906942017376423, 0.019084548577666283, 0.015109612606465816, 0.01636625826358795, 0.01593167707324028, 0.01566249132156372, 0.01602395996451378, 0.016114987432956696, 0.01639183983206749, 0.016105718910694122, 0.015696458518505096, 0.01619596965610981, 0.01617741584777832, 0.016202231869101524, 0.01583077572286129, 0.015461442060768604, 0.016383985057473183, 0.017918597906827927, 0.018882490694522858, 0.016608186066150665, 0.015810459852218628, 0.015974057838320732, 0.01635672338306904, 0.016547339037060738, 0.01690731942653656, 0.017249885946512222, 0.017157860100269318, 0.018367430195212364, 0.018568817526102066, 0.019634995609521866, 0.02029833383858204, 0.021526340395212173, 0.020810561254620552, 0.021310143172740936, 0.01986723020672798, 0.02165810577571392, 0.021499045193195343, 0.02015369012951851, 0.02001204714179039, 0.021311266347765923, 0.02247304469347, 0.021563077345490456, 0.02166023850440979, 0.02232300490140915, 0.015522990375757217], 'L_si': [0.010227075777947903, 0.01170611847192049, 0.010999499820172787, 0.01251465454697609, 0.011712859384715557, 0.012622285634279251, 0.01234763115644455, 0.01254789624363184, 0.01129042636603117, 0.010233199223876, 0.008598336949944496, 0.0077428813092410564, 0.007430016063153744, 0.0067210812121629715, 0.006542804650962353, 0.006567738950252533, 0.006734111811965704, 0.006706551183015108, 0.006511337589472532, 0.006668308284133673, 0.0077189793810248375, 0.011250171810388565, 0.010001510381698608, 0.011180286295711994, 0.008042881265282631, 0.011146091856062412, 0.01862034760415554, 0.015590994618833065, 0.009646872989833355, 0.009872707538306713, 0.009834876284003258, 0.010414515621960163, 0.011980561539530754, 0.012786822393536568, 0.010712251998484135, 0.011358184739947319, 0.008302446454763412, 0.006209666840732098, 0.005098969675600529, 0.005359737668186426, 0.006034244783222675, 0.006438100710511208, 0.005904003977775574, 0.004335816949605942, 0.00449724867939949, 0.004039207473397255, 0.0038325884379446507, 0.004110959358513355, 0.0041811163537204266, 0.004224419593811035, 0.0040558404289186, 0.004140368662774563, 0.004229832906275988, 0.004435721784830093, 0.004162512253969908, 0.004368617199361324, 0.00424041785299778, 0.004327116999775171, 0.004254118539392948, 0.004338511731475592, 0.004365180619060993, 0.0041105616837739944, 0.004342179279774427, 0.004117392003536224, 0.0043918415904045105, 0.004322680179029703, 0.004540076479315758, 0.004220955073833466, 0.004268260672688484, 0.004354581236839294, 0.004442551173269749, 0.0044090403243899345, 0.004596457816660404, 0.004728385247290134, 0.004906895104795694, 0.005243824794888496, 0.005145756993442774, 0.005191076081246138, 0.005396796856075525, 0.005233502946794033, 0.005172914359718561, 0.005174769088625908, 0.005162721499800682, 0.00524046691134572, 0.005260931793600321, 0.005454135127365589, 0.0053160954266786575, 0.005392909981310368, 0.005318725481629372, 0.005390017759054899, 0.0057406118139624596, 0.0057457080110907555, 0.005799984093755484, 0.005706856958568096, 0.005501363892108202, 0.0050315288826823235, 0.004869634285569191, 0.005128105171024799, 0.005434615071862936, 0.005232749041169882, 0.005665586329996586, 0.005709634628146887, 0.00651612738147378, 0.005843037739396095, 0.005380646791309118, 0.005552269984036684, 0.005600567441433668, 0.006038648076355457, 0.005590174812823534, 0.005031001754105091, 0.004801463335752487, 0.004868555814027786, 0.0044308556243777275, 0.004418984055519104, 0.004216719418764114, 0.004424524959176779, 0.004136690869927406, 0.0041276440024375916, 0.0040866415947675705, 0.004110966809093952, 0.004289719741791487, 0.004522756207734346, 0.004628170281648636, 0.004786317702382803, 0.004702753387391567, 0.005077119916677475, 0.005214025732129812, 0.005277804099023342, 0.005477347876876593, 0.00615340331569314, 0.00593829620629549, 0.006230177357792854, 0.006068176589906216, 0.006309084594249725, 0.006257338915020227, 0.007690830621868372, 0.009716175496578217, 0.010036136955022812, 0.00859072059392929, 0.008813755586743355, 0.008624943904578686, 0.008702089078724384, 0.01155029609799385, 0.009768557734787464, 0.009798054583370686, 0.008943579159677029, 0.00811715703457594, 0.007999615743756294, 0.009219464845955372, 0.01287581492215395, 0.014950205571949482, 0.018676145002245903, 0.019453931599855423, 0.018900888040661812, 0.01811862364411354, 0.016210539266467094, 0.015580398961901665, 0.01527796033769846, 0.013949154876172543, 0.009202351793646812, 0.008229479193687439, 0.008899427019059658, 0.009875491261482239, 0.008326772600412369, 0.009246589615941048, 0.009528232738375664, 0.008183129131793976, 0.008789748884737492, 0.008014651015400887, 0.008142687380313873, 0.008408799767494202, 0.00802559219300747, 0.00903259590268135, 0.008352560922503471, 0.008459022268652916, 0.00955961737781763, 0.010164626874029636, 0.010711275972425938, 0.008563896641135216, 0.008737602271139622, 0.0072607360780239105, 0.0074097514152526855, 0.00823886413127184, 0.007619229145348072, 0.007692716084420681, 0.006932583171874285, 0.008360367268323898, 0.009120550937950611, 0.009204905480146408, 0.008750053122639656, 0.008077781647443771, 0.008390544913709164, 0.007913079112768173, 0.007453287020325661, 0.008744399063289165, 0.009272241033613682, 0.009461543522775173, 0.009624199010431767, 0.010257335379719734, 0.010787765495479107, 0.010459293611347675, 0.010771225206553936, 0.011183093301951885, 0.011480007320642471, 0.01357656717300415, 0.012744399718940258, 0.01347824651747942, 0.014471868984401226, 0.01175540592521429, 0.011708714999258518, 0.011083806864917278, 0.011140435002744198, 0.012524097226560116, 0.011041417717933655, 0.010236451402306557, 0.009551233612000942, 0.009486868046224117, 0.009028565138578415, 0.008065066300332546, 0.007977594621479511, 0.007176217623054981, 0.006885557901114225, 0.005903949495404959, 0.0062892078422009945, 0.005640329327434301, 0.005086033139377832, 0.005344644654542208, 0.006963755004107952, 0.0064188530668616295, 0.005814056843519211, 0.006276483181864023, 0.0067253452725708485, 0.005801862105727196, 0.0064811110496521, 0.006911402568221092, 0.005501227453351021, 0.005559481214731932, 0.006372073199599981, 0.004150770604610443, 0.004923345521092415, 0.004101065453141928, 0.003483050735667348, 0.004506900440901518, 0.003110060468316078, 0.003988384269177914, 0.0033926048781722784, 0.003468642709776759, 0.0036277237813919783, 0.003794485703110695, 0.003922304138541222, 0.00362106179818511, 0.0041900803335011005, 0.0041174450889229774, 0.004071967676281929, 0.004269551485776901, 0.003798667574301362, 0.005008426960557699, 0.0043924348428845406, 0.003773038974031806, 0.00494422810152173, 0.004957405384629965, 0.004057428799569607, 0.005227574612945318, 0.005438874941319227, 0.0057155597023665905, 0.0054579200223088264, 0.006045056972652674, 0.006404460407793522, 0.006427325773984194, 0.006389542482793331, 0.006649856921285391, 0.007285892963409424, 0.007693839725106955, 0.007865420542657375, 0.007549080066382885, 0.007084172684699297, 0.009238136932253838, 0.009007850661873817, 0.008163136430084705, 0.009549468755722046, 0.009153340943157673, 0.009129086509346962, 0.008773083798587322, 0.008817695081233978, 0.01019181776791811, 0.010503274388611317, 0.010755141265690327, 0.011721228249371052, 0.011296391487121582, 0.011424019001424313, 0.011352899484336376, 0.012337146326899529, 0.011646457016468048, 0.010451623238623142, 0.010731122456490993, 0.009196926839649677, 0.009037108160555363, 0.009250745177268982, 0.00957164354622364, 0.009511887095868587, 0.010135374963283539, 0.010203514248132706, 0.010611239820718765, 0.011055149137973785, 0.011390142142772675, 0.011385643854737282, 0.01149083487689495, 0.011806477792561054, 0.012186515145003796, 0.012626349925994873, 0.012827764265239239, 0.013305218890309334, 0.01348021999001503, 0.015819605439901352, 0.016138972714543343, 0.01653345674276352, 0.01644502766430378, 0.01663292571902275, 0.017181649804115295, 0.01760144717991352, 0.01795325055718422, 0.01745035871863365, 0.018753498792648315, 0.019542168825864792, 0.019161846488714218, 0.01853901892900467, 0.01789689064025879, 0.017250310629606247, 0.015310214832425117, 0.014917412772774696, 0.014551530592143536, 0.012081924825906754, 0.010696472600102425, 0.009829762391746044, 0.008908445946872234, 0.008259632624685764, 0.007456826511770487, 0.007095962297171354, 0.006472477223724127, 0.005789626389741898, 0.005732159595936537, 0.0056012896820902824, 0.005393580999225378, 0.005423715803772211, 0.005572903901338577, 0.005029869731515646, 0.0049524311907589436, 0.005200779065489769, 0.004920752253383398, 0.0048331911675632, 0.004877409432083368, 0.0050095319747924805, 0.0049645304679870605, 0.00494367303326726, 0.005119528155773878, 0.0056657204404473305, 0.005849828012287617, 0.005809620022773743, 0.005973789840936661, 0.005415014456957579, 0.00546367047354579, 0.005377873312681913, 0.005415904335677624, 0.005559923592954874, 0.00538747850805521, 0.0052094957791268826, 0.005054394248872995, 0.005345975048840046, 0.0054949247278273106, 0.005477265454828739, 0.005465129856020212, 0.00583171471953392, 0.005966846831142902, 0.005974202882498503, 0.006154864095151424, 0.005938044749200344, 0.006052079610526562, 0.005845209117978811, 0.005995186045765877, 0.005476600490510464, 0.005255336873233318, 0.005810676142573357, 0.006336068734526634, 0.007429896388202906, 0.007844056002795696, 0.009421374648809433, 0.010050272569060326, 0.010400678962469101, 0.01071163546293974, 0.014475196599960327, 0.013506332412362099, 0.012203419581055641, 0.01111612282693386, 0.01290671806782484, 0.012978022918105125, 0.009500054642558098, 0.006196663249284029, 0.006106445100158453, 0.006144461687654257, 0.006207653786987066, 0.0060939122922718525, 0.006296231411397457, 0.006589817814528942, 0.006031058728694916, 0.005964986979961395, 0.006749933119863272, 0.006748571526259184, 0.006767578423023224, 0.0075933923944830894, 0.00878944993019104, 0.010638493113219738, 0.011371966451406479, 0.010257112793624401, 0.007371040061116219, 0.006849593482911587, 0.007183454465121031, 0.006976581644266844, 0.007285557687282562, 0.007078982889652252, 0.006792390253394842, 0.0065362295135855675, 0.0069637480191886425, 0.0070843989960849285, 0.0068260603584349155, 0.006511362735182047, 0.006757962983101606, 0.007511551957577467, 0.009339633397758007, 0.008191730827093124, 0.008253569714725018, 0.0075352126732468605, 0.007410663645714521, 0.007808967959135771, 0.007595004979521036, 0.0077502005733549595, 0.008116514421999454, 0.008642896078526974, 0.008702008984982967, 0.01014209259301424, 0.008948376402258873, 0.00927999708801508, 0.010226150043308735, 0.009637112729251385, 0.009849169291555882, 0.00968865491449833, 0.009825690649449825, 0.009650172665715218, 0.009859145618975163, 0.009520216844975948, 0.009223340079188347, 0.008961997926235199, 0.009543356485664845, 0.009094211272895336, 0.009562421590089798, 0.009856030344963074, 0.009680334478616714, 0.009915316477417946, 0.00773754995316267, 0.008609848096966743, 0.00823657214641571, 0.007914962247014046, 0.007894789800047874, 0.007890441454946995, 0.007975698448717594, 0.007890629582107067, 0.007511168718338013, 0.007710430305451155, 0.00774143822491169, 0.007863800972700119, 0.0077258627861738205, 0.007603066973388195, 0.00814074743539095, 0.009107441641390324, 0.009785077534615993, 0.008270625956356525, 0.007932602427899837, 0.007942719385027885, 0.008286119438707829, 0.00830254890024662, 0.008385013788938522, 0.008586646988987923, 0.00861689168959856, 0.00946416798979044, 0.009310712106525898, 0.010020718909800053, 0.010643941350281239, 0.011686931364238262, 0.011454095132648945, 0.011772306635975838, 0.010766529478132725, 0.012063812464475632, 0.011929525062441826, 0.01090034656226635, 0.010855082422494888, 0.011920501478016376, 0.012607657350599766, 0.01167229749262333, 0.011827393434941769, 0.012577304616570473, 0.010963940992951393], 'L_grad': [0.009466903284192085, 0.009971734136343002, 0.0098428875207901, 0.010371217504143715, 0.010074594058096409, 0.01037139818072319, 0.010355418547987938, 0.010412004776299, 0.010040918365120888, 0.009550505317747593, 0.008883725851774216, 0.008647916838526726, 0.008619463071227074, 0.008391560055315495, 0.008361117914319038, 0.008477892726659775, 0.008676199242472649, 0.00857178308069706, 0.008483602665364742, 0.008623700588941574, 0.009156152606010437, 0.01044970378279686, 0.010266812518239021, 0.01068897545337677, 0.00957233551889658, 0.01117122545838356, 0.01296461932361126, 0.012877360917627811, 0.011325898580253124, 0.0113897155970335, 0.0112435482442379, 0.011437216773629189, 0.012109547853469849, 0.011784527450799942, 0.009969963692128658, 0.00980562437325716, 0.008996222168207169, 0.007968824356794357, 0.007247811183333397, 0.0074541447684168816, 0.007848221808671951, 0.007807531394064426, 0.0072070518508553505, 0.00663991691544652, 0.006801227107644081, 0.006358621641993523, 0.006116956472396851, 0.006405326072126627, 0.006465952843427658, 0.006622455082833767, 0.006582857575267553, 0.006677855737507343, 0.006552903912961483, 0.006736447103321552, 0.006490104366093874, 0.006811613216996193, 0.006657883990556002, 0.006717703305184841, 0.0067207785323262215, 0.006795347668230534, 0.006882672198116779, 0.006750607863068581, 0.0068803466856479645, 0.006692672614008188, 0.006838960573077202, 0.006749153137207031, 0.006924975197762251, 0.006842015311121941, 0.006806494668126106, 0.006873289123177528, 0.006932268850505352, 0.006959961727261543, 0.007039716001600027, 0.007002637721598148, 0.0072613852098584175, 0.007372351363301277, 0.007425292395055294, 0.007512789219617844, 0.007786604110151529, 0.0077628460712730885, 0.007858527824282646, 0.00786763709038496, 0.007671289145946503, 0.007797634229063988, 0.008088622242212296, 0.00809903722256422, 0.008042281493544579, 0.008080143481492996, 0.007967833429574966, 0.008028927259147167, 0.008275400847196579, 0.008360804989933968, 0.00850663147866726, 0.008303118869662285, 0.008180472068488598, 0.007923206314444542, 0.007810546550899744, 0.008057791739702225, 0.008474613539874554, 0.008562065660953522, 0.008978556841611862, 0.009231571108102798, 0.01011599786579609, 0.009375407360494137, 0.008876703679561615, 0.009348193183541298, 0.009386366233229637, 0.009739210829138756, 0.00948210060596466, 0.008664032444357872, 0.00861562043428421, 0.008745294064283371, 0.008549531921744347, 0.00855773314833641, 0.008433534763753414, 0.008627142757177353, 0.008251634426414967, 0.00808855053037405, 0.008104804903268814, 0.008081929758191109, 0.008203161880373955, 0.008510973304510117, 0.00847506895661354, 0.008660501800477505, 0.00845069345086813, 0.008885886520147324, 0.008975295349955559, 0.00900055468082428, 0.009136168286204338, 0.009775102138519287, 0.009447425603866577, 0.00996589194983244, 0.009730600751936436, 0.009824760258197784, 0.009850461035966873, 0.010529554449021816, 0.011713102459907532, 0.012710989452898502, 0.011973021551966667, 0.01247205026447773, 0.012349462136626244, 0.012326772324740887, 0.013323010876774788, 0.012691141106188297, 0.012660386972129345, 0.011346660554409027, 0.010214495472609997, 0.009909352287650108, 0.009736700914800167, 0.010513031855225563, 0.010638016276061535, 0.01120753213763237, 0.011014641262590885, 0.010939091444015503, 0.010894211940467358, 0.01042301394045353, 0.010332007892429829, 0.009813578799366951, 0.009668434038758278, 0.00897003710269928, 0.00872686505317688, 0.008820016868412495, 0.009111213497817516, 0.008691251277923584, 0.008880721405148506, 0.009196399711072445, 0.008813926950097084, 0.00891738198697567, 0.008522960357367992, 0.008657561615109444, 0.00888922531157732, 0.008710090070962906, 0.008986176922917366, 0.008671221323311329, 0.00874093547463417, 0.009278266690671444, 0.009314451366662979, 0.009365759789943695, 0.00855361856520176, 0.00882475171238184, 0.00817208644002676, 0.00831359252333641, 0.008668285794556141, 0.008428690955042839, 0.008649520576000214, 0.008309981785714626, 0.008638945408165455, 0.008662340231239796, 0.008906074799597263, 0.008810917846858501, 0.0085375364869833, 0.008805803023278713, 0.008363507688045502, 0.008112819865345955, 0.008688176050782204, 0.00911517534404993, 0.009110158309340477, 0.008896933868527412, 0.009256374090909958, 0.009092194028198719, 0.008815583772957325, 0.009059404954314232, 0.009121069684624672, 0.008964118547737598, 0.00965319387614727, 0.009081303142011166, 0.009232398122549057, 0.009526039473712444, 0.008637821301817894, 0.008830386213958263, 0.008602520450949669, 0.008767249062657356, 0.009306215681135654, 0.008664339780807495, 0.008583581075072289, 0.008353757672011852, 0.008577641099691391, 0.008282318711280823, 0.00795078743249178, 0.008342675864696503, 0.007880497723817825, 0.00788110587745905, 0.007310401648283005, 0.007545953616499901, 0.007112393621355295, 0.006661437451839447, 0.006777869071811438, 0.007930128835141659, 0.007710190489888191, 0.007064709439873695, 0.007551670074462891, 0.007845038548111916, 0.007171286270022392, 0.007762462832033634, 0.007954493165016174, 0.006905199959874153, 0.007062721997499466, 0.007909992709755898, 0.006386332213878632, 0.0071631064638495445, 0.006644048728048801, 0.006288751028478146, 0.00719793327152729, 0.006124692037701607, 0.006850427016615868, 0.006326992064714432, 0.0063560353592038155, 0.006624573841691017, 0.006797056645154953, 0.006813977845013142, 0.006583301350474358, 0.007000013254582882, 0.006934675853699446, 0.006833498366177082, 0.006865360774099827, 0.006487755104899406, 0.007325013168156147, 0.0069036283530294895, 0.006542659364640713, 0.007055692374706268, 0.007004771381616592, 0.006428345572203398, 0.0072998665273189545, 0.0075428602285683155, 0.00779616367071867, 0.007710813544690609, 0.00800252053886652, 0.008384548127651215, 0.00825503095984459, 0.008352243341505527, 0.008541207760572433, 0.009104233235120773, 0.009244437329471111, 0.009299824945628643, 0.009045634418725967, 0.008712857030332088, 0.01005206722766161, 0.010014727711677551, 0.009481006301939487, 0.010188386775553226, 0.009871301241219044, 0.00963932741433382, 0.009389305487275124, 0.00917787291109562, 0.009752949699759483, 0.009853814728558064, 0.009869218803942204, 0.009846916422247887, 0.009596815332770348, 0.00964007992297411, 0.009808283299207687, 0.01000161562114954, 0.009430081583559513, 0.008641763590276241, 0.008612420409917831, 0.007414880208671093, 0.007609700318425894, 0.007796439342200756, 0.008133717812597752, 0.007801976054906845, 0.00783669576048851, 0.007735675200819969, 0.007630788255482912, 0.007635864429175854, 0.00776618393138051, 0.007705544121563435, 0.0076923370361328125, 0.00784127227962017, 0.007921077311038971, 0.008057115599513054, 0.008275284431874752, 0.008588057942688465, 0.008840964175760746, 0.009969046339392662, 0.009684748947620392, 0.009942608885467052, 0.009942089207470417, 0.009851757436990738, 0.010118484497070312, 0.010565157979726791, 0.010799828916788101, 0.010722015984356403, 0.010711021721363068, 0.011111903004348278, 0.011407006531953812, 0.01186046190559864, 0.011925111524760723, 0.011644786223769188, 0.010907158255577087, 0.01038630586117506, 0.009983217343688011, 0.009020412340760231, 0.00833994522690773, 0.007838118821382523, 0.007907330989837646, 0.007803053595125675, 0.00824759155511856, 0.008036436513066292, 0.008208751678466797, 0.009041992947459221, 0.008928925730288029, 0.008762596175074577, 0.008590342476963997, 0.008549895137548447, 0.00874972902238369, 0.008746480569243431, 0.00866468995809555, 0.008593765087425709, 0.008194289170205593, 0.007930329069495201, 0.00781678780913353, 0.007775266654789448, 0.007539893500506878, 0.00760279456153512, 0.007826389744877815, 0.008036848157644272, 0.0080335084348917, 0.008129803463816643, 0.008327160030603409, 0.008177623152732849, 0.008270153775811195, 0.00792512483894825, 0.00798173900693655, 0.008131429553031921, 0.00807645358145237, 0.007966332137584686, 0.007901376113295555, 0.008092704229056835, 0.008235566318035126, 0.0082168597728014, 0.00813116692006588, 0.008321958594024181, 0.008239885792136192, 0.008407867513597012, 0.008528163656592369, 0.008383041247725487, 0.008203835226595402, 0.007665633223950863, 0.008089346811175346, 0.008225413039326668, 0.007948271930217743, 0.008032562211155891, 0.008009528741240501, 0.008767996914684772, 0.00940147414803505, 0.010531752370297909, 0.010346909984946251, 0.010382463224232197, 0.010441882535815239, 0.011463670060038567, 0.010180111974477768, 0.009620554745197296, 0.009819064289331436, 0.010811067186295986, 0.011349836364388466, 0.009679868817329407, 0.008190585300326347, 0.008077128790318966, 0.008111121132969856, 0.00788883212953806, 0.007831275463104248, 0.007949058897793293, 0.008130460977554321, 0.00786477979272604, 0.0077367364428937435, 0.008227230980992317, 0.008249986916780472, 0.008290496654808521, 0.00867266021668911, 0.009347549639642239, 0.010128588415682316, 0.010528765618801117, 0.010363617911934853, 0.008737723343074322, 0.008481455966830254, 0.00870603322982788, 0.008881816640496254, 0.009154722094535828, 0.008916536346077919, 0.008760064840316772, 0.008533339947462082, 0.008798130787909031, 0.008775219321250916, 0.008594522252678871, 0.008533604443073273, 0.008693229407072067, 0.00925153773277998, 0.01008413452655077, 0.009527633897960186, 0.009377940557897091, 0.009180600754916668, 0.009275780990719795, 0.009624135680496693, 0.009345252998173237, 0.009496733546257019, 0.00957997515797615, 0.010018862783908844, 0.010256855748593807, 0.011119965463876724, 0.010424263775348663, 0.010521406307816505, 0.010966530069708824, 0.01070401445031166, 0.010385405272245407, 0.01008155383169651, 0.009895646013319492, 0.009697427041828632, 0.009704816155135632, 0.009533533826470375, 0.009358837269246578, 0.009078802540898323, 0.00947709009051323, 0.009251517243683338, 0.00944144930690527, 0.009421600960195065, 0.009389085695147514, 0.009169232100248337, 0.007372062653303146, 0.007756410166621208, 0.007695103995501995, 0.007747529074549675, 0.008129170164465904, 0.008224545046687126, 0.00841614231467247, 0.00821508839726448, 0.008185289800167084, 0.008485538884997368, 0.00843597762286663, 0.008338430896401405, 0.00810491293668747, 0.00785837508738041, 0.008243237622082233, 0.008811155334115028, 0.00909741222858429, 0.008337561041116714, 0.00787785742431879, 0.008031338453292847, 0.00807060394436121, 0.008244790136814117, 0.008522305637598038, 0.008663238026201725, 0.008540967479348183, 0.008903262205421925, 0.009258106350898743, 0.009614275768399239, 0.0096543924883008, 0.009839409962296486, 0.009356466121971607, 0.009537837468087673, 0.009100699797272682, 0.009594293311238289, 0.009569520130753517, 0.009253343567252159, 0.009156965650618076, 0.009390764869749546, 0.00986538641154766, 0.009890779852867126, 0.009832846000790596, 0.009745700284838676, 0.004559049848467112]}
Saving checkpoint: train_runs/checkpoints/train_s2d_MambaSSM_STRICT_20260306_124138_bs2/checkpoint-epoch024-loss-0.0041.pth.tar ...
all losses in batch in validation:  {'loss': [0.02058456838130951, 0.02120271697640419, 0.021862803027033806, 0.022740865126252174, 0.02277631312608719, 0.02219666913151741, 0.021759802475571632, 0.020817656069993973, 0.02096194587647915, 0.019558226689696312, 0.017459146678447723, 0.016448087990283966, 0.016046535223722458, 0.015240958891808987, 0.014649896882474422, 0.014998778700828552, 0.01525973528623581, 0.015535883605480194, 0.01498413272202015, 0.01531323790550232, 0.016550008207559586, 0.018488146364688873, 0.01638256385922432, 0.01681743748486042, 0.01700752042233944, 0.021365830674767494, 0.03058483824133873, 0.02702070027589798, 0.02170097641646862, 0.023361744359135628, 0.022473178803920746, 0.02479683980345726, 0.027123626321554184, 0.027725420892238617, 0.022722318768501282, 0.022114088758826256, 0.019775938242673874, 0.015525209717452526, 0.012933813035488129, 0.013638107106089592, 0.015019606798887253, 0.015466836281120777, 0.013182682916522026, 0.011080402880907059, 0.01142149418592453, 0.010692332871258259, 0.009977987967431545, 0.01038956455886364, 0.010403137654066086, 0.01055235043168068, 0.010538194328546524, 0.010774863883852959, 0.010647162795066833, 0.011065511032938957, 0.010712840594351292, 0.011178400367498398, 0.010931534692645073, 0.011163796298205853, 0.011128906160593033, 0.01115892268717289, 0.011335054412484169, 0.01085343211889267, 0.011044344864785671, 0.01087343879044056, 0.010980011895298958, 0.010957760736346245, 0.01148834079504013, 0.011130182072520256, 0.011278878897428513, 0.011421500705182552, 0.011580687016248703, 0.011678453534841537, 0.01221337541937828, 0.012667229399085045, 0.013045066967606544, 0.013263285160064697, 0.012979721650481224, 0.01292590145021677, 0.01336965337395668, 0.013040234334766865, 0.013065552338957787, 0.01324109360575676, 0.01354130357503891, 0.013712255284190178, 0.013841493055224419, 0.013914776034653187, 0.013833308592438698, 0.013689644634723663, 0.013572744093835354, 0.014047113247215748, 0.01455374713987112, 0.014720482751727104, 0.015184210613369942, 0.014797672629356384, 0.014304544776678085, 0.013650206848978996, 0.013727674260735512, 0.01427739392966032, 0.014905297197401524, 0.014377185143530369, 0.015074515715241432, 0.015596413984894753, 0.017288202419877052, 0.01661040633916855, 0.015187500044703484, 0.015810368582606316, 0.016000697389245033, 0.016698351129889488, 0.016002345830202103, 0.014785712584853172, 0.01460086926817894, 0.014458267018198967, 0.013442165218293667, 0.013188282959163189, 0.013025673106312752, 0.013854384422302246, 0.013239742256700993, 0.013136597350239754, 0.013136476278305054, 0.012593960389494896, 0.012724677100777626, 0.012843864969909191, 0.01302419789135456, 0.013311410322785378, 0.013296444900333881, 0.013581298291683197, 0.014034929685294628, 0.014434008859097958, 0.014608750119805336, 0.01590735651552677, 0.01564471796154976, 0.016198627650737762, 0.016373878344893456, 0.016449851915240288, 0.016870129853487015, 0.018795261159539223, 0.02168082259595394, 0.023806871846318245, 0.022009849548339844, 0.022684205323457718, 0.022639770060777664, 0.021845180541276932, 0.025803424417972565, 0.023466572165489197, 0.024351440370082855, 0.021472100168466568, 0.021683592349290848, 0.02232111059129238, 0.023623477667570114, 0.02617214247584343, 0.027428317815065384, 0.028498666360974312, 0.027390051633119583, 0.02517503872513771, 0.02241990715265274, 0.020061727613210678, 0.019187478348612785, 0.01944734714925289, 0.018592040985822678, 0.0153389573097229, 0.015406880527734756, 0.016484081745147705, 0.01794498786330223, 0.01581922359764576, 0.017058540135622025, 0.01759040355682373, 0.017537418752908707, 0.017535824328660965, 0.016564957797527313, 0.017188267782330513, 0.016970429569482803, 0.016229137778282166, 0.017349477857351303, 0.017052840441465378, 0.017178989946842194, 0.01759852096438408, 0.018081720918416977, 0.017413590103387833, 0.016295377165079117, 0.0160940270870924, 0.016001185402274132, 0.016767747700214386, 0.016614258289337158, 0.017325840890407562, 0.017689298838377, 0.01694633811712265, 0.01717045158147812, 0.018625838682055473, 0.019235340878367424, 0.019411522895097733, 0.018450558185577393, 0.0198945552110672, 0.019277706742286682, 0.01909748464822769, 0.020014697685837746, 0.019976910203695297, 0.019826389849185944, 0.020291626453399658, 0.02080526389181614, 0.01992172747850418, 0.020191840827465057, 0.02100410684943199, 0.02190990373492241, 0.021837148815393448, 0.02304302342236042, 0.02121305651962757, 0.02243035100400448, 0.02331579104065895, 0.020963609218597412, 0.021901357918977737, 0.021311191841959953, 0.021167047321796417, 0.022709408774971962, 0.021011870354413986, 0.020138535648584366, 0.019533660262823105, 0.018837790936231613, 0.017454780638217926, 0.01640157587826252, 0.01691577024757862, 0.015792086720466614, 0.015005151741206646, 0.013942847028374672, 0.015069447457790375, 0.01390797644853592, 0.013149639591574669, 0.013623032718896866, 0.016117697581648827, 0.015172517858445644, 0.014076005667448044, 0.01464400440454483, 0.015188504010438919, 0.013911429792642593, 0.015246707014739513, 0.015367817133665085, 0.013248743489384651, 0.01427706703543663, 0.0166272334754467, 0.01364578865468502, 0.014589709229767323, 0.01360061950981617, 0.013048447668552399, 0.014535240828990936, 0.011950679123401642, 0.013814772479236126, 0.012342787347733974, 0.012625914067029953, 0.012911505997180939, 0.013489119708538055, 0.013398813083767891, 0.012385738082230091, 0.013057153671979904, 0.012308862060308456, 0.012248965911567211, 0.012097109109163284, 0.011928927153348923, 0.014177491888403893, 0.012867679819464684, 0.011367708444595337, 0.012936454266309738, 0.012668879702687263, 0.011174740269780159, 0.012882580980658531, 0.013615107163786888, 0.014205852523446083, 0.013690311461687088, 0.014560416340827942, 0.015090256929397583, 0.014804420992732048, 0.015190135687589645, 0.01557442918419838, 0.016895407810807228, 0.01758108288049698, 0.017730560153722763, 0.01754833571612835, 0.01687845215201378, 0.019981738179922104, 0.020238611847162247, 0.0188920721411705, 0.020871033892035484, 0.020488258451223373, 0.020567329600453377, 0.020114917308092117, 0.020475897938013077, 0.02201017178595066, 0.022114768624305725, 0.022349929437041283, 0.02296162024140358, 0.022916942834854126, 0.02262911945581436, 0.022659730166196823, 0.023784326389431953, 0.021810229867696762, 0.019710751250386238, 0.019382819533348083, 0.01680355705320835, 0.01704622432589531, 0.019385844469070435, 0.02006952092051506, 0.017949417233467102, 0.01824585348367691, 0.018071960657835007, 0.018763139843940735, 0.01909509487450123, 0.019869545474648476, 0.020148083567619324, 0.02000255137681961, 0.020342962816357613, 0.02105841040611267, 0.021711725741624832, 0.022392377257347107, 0.023046746850013733, 0.02349267341196537, 0.02727503888309002, 0.02658047154545784, 0.02704765647649765, 0.0268295519053936, 0.026925235986709595, 0.028144078329205513, 0.02897913008928299, 0.029100287705659866, 0.029287176206707954, 0.02958568185567856, 0.03094344213604927, 0.030713943764567375, 0.030385954305529594, 0.030028119683265686, 0.02944500930607319, 0.02697659656405449, 0.025767670944333076, 0.024805068969726562, 0.021231796592473984, 0.019022084772586823, 0.01740785874426365, 0.016514945775270462, 0.016461681574583054, 0.015714269131422043, 0.015732726082205772, 0.015567364171147346, 0.015410514548420906, 0.014928510412573814, 0.014467131346464157, 0.013943596743047237, 0.01396311353892088, 0.0142280925065279, 0.013577667996287346, 0.013404512777924538, 0.013300782069563866, 0.012667102739214897, 0.012332875281572342, 0.012117508798837662, 0.011938689276576042, 0.011694250628352165, 0.011970718391239643, 0.0123217161744833, 0.013053830713033676, 0.013449824415147305, 0.013392356224358082, 0.013852844946086407, 0.012857670895755291, 0.01295560784637928, 0.01287870854139328, 0.01318409014493227, 0.01373317651450634, 0.012872879393398762, 0.012645600363612175, 0.012958844192326069, 0.013754384592175484, 0.013674851506948471, 0.013590574264526367, 0.013628448359668255, 0.01437025610357523, 0.013974127359688282, 0.014020261354744434, 0.014318768866360188, 0.013999857939779758, 0.013908758759498596, 0.01329796388745308, 0.01432417519390583, 0.012939244508743286, 0.01238094363361597, 0.013461390510201454, 0.01401957031339407, 0.01697438582777977, 0.01843389868736267, 0.02008157968521118, 0.02055526152253151, 0.021930471062660217, 0.023165415972471237, 0.02406817302107811, 0.022529583424329758, 0.021555565297603607, 0.02121170237660408, 0.02346235141158104, 0.022894077003002167, 0.019579533487558365, 0.015971150249242783, 0.016026675701141357, 0.016160037368535995, 0.016329454258084297, 0.01628769002854824, 0.01650463044643402, 0.0171857587993145, 0.01664082705974579, 0.016141248866915703, 0.017303038388490677, 0.017546527087688446, 0.01768248900771141, 0.018406590446829796, 0.019306428730487823, 0.01821393519639969, 0.018867285922169685, 0.020502161234617233, 0.017626378685235977, 0.01760834828019142, 0.01806555688381195, 0.017622526735067368, 0.017639951780438423, 0.01817244105041027, 0.017909707501530647, 0.01718861795961857, 0.017591185867786407, 0.017903082072734833, 0.017603421583771706, 0.01697588711977005, 0.017233066260814667, 0.020239591598510742, 0.021931242197752, 0.019504085183143616, 0.018382349982857704, 0.01821415312588215, 0.017909586429595947, 0.0174202099442482, 0.016955727711319923, 0.017368361353874207, 0.018620211631059647, 0.02029000222682953, 0.020933054387569427, 0.022689834237098694, 0.023572180420160294, 0.023344188928604126, 0.0228273868560791, 0.02183200605213642, 0.023853302001953125, 0.02287028357386589, 0.021225009113550186, 0.020558621734380722, 0.020359179005026817, 0.019798487424850464, 0.01988804340362549, 0.019373159855604172, 0.019909925758838654, 0.019861821085214615, 0.01986691728234291, 0.020543526858091354, 0.020274456590414047, 0.02010498009622097, 0.016331445425748825, 0.017591118812561035, 0.016840562224388123, 0.017012039199471474, 0.016588887199759483, 0.016533784568309784, 0.01677246391773224, 0.0163147933781147, 0.015897225588560104, 0.016111118718981743, 0.015756700187921524, 0.016207069158554077, 0.016033079475164413, 0.01600349321961403, 0.016502683982253075, 0.017934676259756088, 0.019567936658859253, 0.017312834039330482, 0.016656871885061264, 0.017011679708957672, 0.01702990010380745, 0.016970980912446976, 0.017102554440498352, 0.017585361376404762, 0.017597202211618423, 0.018852408975362778, 0.018607307225465775, 0.019359353929758072, 0.020177992060780525, 0.0213910024613142, 0.021364036947488785, 0.021184809505939484, 0.01925695315003395, 0.019437700510025024, 0.02011372521519661, 0.019503427669405937, 0.019997399300336838, 0.02057139202952385, 0.022647429257631302, 0.021750718355178833, 0.02230900526046753, 0.023044325411319733, 0.016072634607553482], 'L_si': [0.010773854330182076, 0.011235419660806656, 0.011710233055055141, 0.012371398508548737, 0.012427007779479027, 0.011925166472792625, 0.011518606916069984, 0.010787799023091793, 0.010706289671361446, 0.00972971972078085, 0.008318517357110977, 0.007641993463039398, 0.007336438167840242, 0.006779034622013569, 0.006417415104806423, 0.006594767794013023, 0.006725061684846878, 0.006998172029852867, 0.006599463522434235, 0.006790421437472105, 0.007538286969065666, 0.008912695571780205, 0.007407401688396931, 0.007635895162820816, 0.007710652891546488, 0.010385662317276001, 0.017636390402913094, 0.014237744733691216, 0.01008908636868, 0.011081620119512081, 0.010541636496782303, 0.012130370363593102, 0.013848969712853432, 0.014575611799955368, 0.011686261743307114, 0.011534973047673702, 0.009849214926362038, 0.007081811316311359, 0.005388692021369934, 0.005859494674950838, 0.006854635197669268, 0.0074988678097724915, 0.005930272396653891, 0.004317558370530605, 0.004497842863202095, 0.004152672365307808, 0.003821205347776413, 0.004007944371551275, 0.004012763034552336, 0.004053584299981594, 0.003972216509282589, 0.004119171295315027, 0.0041504488326609135, 0.004345760680735111, 0.004134532529860735, 0.0042914436198771, 0.004169253166764975, 0.00428262772038579, 0.004237799439579248, 0.004242102149873972, 0.004274262115359306, 0.0040483130142092705, 0.0041902437806129456, 0.004084995482116938, 0.0042273965664207935, 0.004217155743390322, 0.004464705474674702, 0.0041956305503845215, 0.004315091762691736, 0.004393730312585831, 0.004535464569926262, 0.004580165259540081, 0.004933096468448639, 0.0052582211792469025, 0.0054284739308059216, 0.00553901307284832, 0.00533023988828063, 0.005332288332283497, 0.005536372307687998, 0.005319182761013508, 0.005261536221951246, 0.005377491936087608, 0.005594276357442141, 0.005624329671263695, 0.005612559150904417, 0.0056953513994812965, 0.005616190377622843, 0.00553825544193387, 0.005477411672472954, 0.005725922994315624, 0.006002346985042095, 0.006068410351872444, 0.006300846580415964, 0.0060888114385306835, 0.005846310406923294, 0.005493000149726868, 0.005482095759361982, 0.005692706443369389, 0.005947982892394066, 0.0055728210136294365, 0.005988907068967819, 0.006151943933218718, 0.006888415198773146, 0.006642201915383339, 0.00591671047732234, 0.006088474299758673, 0.006261414382606745, 0.006539061199873686, 0.006136567331850529, 0.005491800606250763, 0.005444360896945, 0.005365725141018629, 0.004739868454635143, 0.004596593789756298, 0.004470342304557562, 0.004803901072591543, 0.004577103070914745, 0.00451648747548461, 0.0044687530025839806, 0.004271775018423796, 0.004386580549180508, 0.004450446926057339, 0.004581281449645758, 0.004678333178162575, 0.004646214656531811, 0.00479781161993742, 0.005051774904131889, 0.005226450972259045, 0.005352864973247051, 0.006010404322296381, 0.0058951424434781075, 0.006121796555817127, 0.006251342128962278, 0.0063269841484725475, 0.0065081119537353516, 0.007640589028596878, 0.009599585086107254, 0.010510476306080818, 0.009147885255515575, 0.009458055719733238, 0.009369897656142712, 0.00893284473568201, 0.011936996132135391, 0.010037750005722046, 0.01095091924071312, 0.009670301340520382, 0.009882195852696896, 0.010561549104750156, 0.012081778608262539, 0.014843122102320194, 0.015966979786753654, 0.017256908118724823, 0.01648583635687828, 0.014579778537154198, 0.012384899891912937, 0.010510754771530628, 0.009762081317603588, 0.010234354063868523, 0.009461216628551483, 0.00697534903883934, 0.007026312407106161, 0.007829111069440842, 0.008886025287210941, 0.007380547467619181, 0.008234599605202675, 0.008512887172400951, 0.008386379107832909, 0.008546663448214531, 0.008006374351680279, 0.00829191692173481, 0.00808239821344614, 0.007575536146759987, 0.008332435972988605, 0.00815670844167471, 0.008235174231231213, 0.008449559099972248, 0.008967709727585316, 0.008563361130654812, 0.007860768586397171, 0.007614124100655317, 0.007681773975491524, 0.008148085325956345, 0.007913530804216862, 0.008432678878307343, 0.008455364964902401, 0.007970782928168774, 0.00827568769454956, 0.009419137611985207, 0.00973558984696865, 0.009977409616112709, 0.009317048825323582, 0.010373635217547417, 0.010048347525298595, 0.009899505414068699, 0.010564877651631832, 0.010462271980941296, 0.010458477772772312, 0.011033476330339909, 0.011269323527812958, 0.010824372991919518, 0.011200683191418648, 0.011712322011590004, 0.012403244152665138, 0.012527632527053356, 0.013378739356994629, 0.012192202731966972, 0.013116370886564255, 0.013773496262729168, 0.011883153580129147, 0.01251659169793129, 0.012156270444393158, 0.01190340518951416, 0.013034889474511147, 0.011810881085693836, 0.010912241414189339, 0.010408091358840466, 0.009911064989864826, 0.009029566310346127, 0.008231420069932938, 0.008366545662283897, 0.007614036090672016, 0.007083154283463955, 0.006346214096993208, 0.0069970800541341305, 0.00628664018586278, 0.005867165047675371, 0.006158102303743362, 0.007643067743629217, 0.006949909031391144, 0.00634915241971612, 0.006592148914933205, 0.006911974400281906, 0.006177183240652084, 0.007037523202598095, 0.007064223755151033, 0.005821545608341694, 0.00648414297029376, 0.0078197680413723, 0.006010639946907759, 0.0064222728833556175, 0.005773250479251146, 0.005429718177765608, 0.006221789866685867, 0.004734955262392759, 0.005861582234501839, 0.004961807280778885, 0.005052180029451847, 0.005182580556720495, 0.005468855146318674, 0.00545596843585372, 0.004836457781493664, 0.005244862753897905, 0.004858636297285557, 0.004841133952140808, 0.004817521665245295, 0.0046544126234948635, 0.006009527016431093, 0.00527856033295393, 0.004372699186205864, 0.005465169437229633, 0.0053444369696080685, 0.004444390069693327, 0.0054887025617063046, 0.005839947145432234, 0.0061171334236860275, 0.005803457926958799, 0.006349010858684778, 0.006583258043974638, 0.006569338496774435, 0.006651852745562792, 0.006941172759979963, 0.007634107023477554, 0.008120887912809849, 0.008274569176137447, 0.008156832307577133, 0.007757431827485561, 0.0096686240285635, 0.00976618379354477, 0.00901066791266203, 0.01034517027437687, 0.010146684013307095, 0.010246009565889835, 0.00993739441037178, 0.010311059653759003, 0.011401887983083725, 0.01149252150207758, 0.011776618659496307, 0.01261176262050867, 0.012646878138184547, 0.012363786809146404, 0.012229319661855698, 0.013112961314618587, 0.011929367668926716, 0.010530920699238777, 0.010440531186759472, 0.009065940044820309, 0.009034208953380585, 0.010140625759959221, 0.010726120322942734, 0.009938151575624943, 0.010238973423838615, 0.01027873158454895, 0.010708005167543888, 0.01132480800151825, 0.011873329058289528, 0.012129492126405239, 0.011991230770945549, 0.01220390759408474, 0.012824557721614838, 0.013297824189066887, 0.013749318197369576, 0.014175064861774445, 0.014375543221831322, 0.016684655100107193, 0.016075143590569496, 0.01624218001961708, 0.016072392463684082, 0.01630796305835247, 0.016877539455890656, 0.017261501401662827, 0.01733776368200779, 0.017402537167072296, 0.01797283999621868, 0.018766997382044792, 0.018174290657043457, 0.017543528228998184, 0.017159856855869293, 0.016937842592597008, 0.01512997318059206, 0.01461834367364645, 0.014220867305994034, 0.011765971779823303, 0.010206878185272217, 0.009265627712011337, 0.00848997663706541, 0.008367694914340973, 0.00711191026493907, 0.007307374384254217, 0.007029235363006592, 0.006028112955391407, 0.006008962634950876, 0.005643098149448633, 0.005403765477240086, 0.005393962375819683, 0.005506210494786501, 0.004969439469277859, 0.004861605353653431, 0.004929311107844114, 0.004682580474764109, 0.0045340294018387794, 0.004452098626643419, 0.004405278712511063, 0.004401287529617548, 0.00450794817879796, 0.0046883090399205685, 0.0052045066840946674, 0.005513038486242294, 0.005400167778134346, 0.005593796260654926, 0.004891186021268368, 0.004955918062478304, 0.005019040312618017, 0.005215398967266083, 0.005518014542758465, 0.004989110864698887, 0.004821798298507929, 0.004974430426955223, 0.005481202621012926, 0.00541767617687583, 0.0053368438966572285, 0.005425476469099522, 0.00580020435154438, 0.005713910795748234, 0.0056479014456272125, 0.005889899097383022, 0.005716255865991116, 0.005792531650513411, 0.005658419337123632, 0.006100789178162813, 0.005033332388848066, 0.004800587892532349, 0.005575666669756174, 0.0060879262164235115, 0.007930933497846127, 0.008501684293150902, 0.009479415602982044, 0.010099886916577816, 0.011181616224348545, 0.012048418633639812, 0.012789111584424973, 0.012331626377999783, 0.01179368793964386, 0.011230669915676117, 0.012487651780247688, 0.011803722009062767, 0.009683910757303238, 0.007230749353766441, 0.007253304123878479, 0.0073605007492005825, 0.007579795550554991, 0.00761192524805665, 0.007787161506712437, 0.008181839250028133, 0.007818115875124931, 0.007602696307003498, 0.008324372582137585, 0.008483488112688065, 0.008629243820905685, 0.009135655127465725, 0.009714105166494846, 0.009036707691848278, 0.009141429327428341, 0.010162903927266598, 0.00841662660241127, 0.00830836221575737, 0.008602766320109367, 0.008198452182114124, 0.00822157971560955, 0.008603222668170929, 0.008341794833540916, 0.007921488024294376, 0.00808578822761774, 0.008348512463271618, 0.008181007578969002, 0.0077580651268363, 0.007841261103749275, 0.009715058840811253, 0.011052597314119339, 0.00943581573665142, 0.008819187991321087, 0.00857582688331604, 0.008334032259881496, 0.008047177456319332, 0.007805421948432922, 0.008012454956769943, 0.008867807686328888, 0.009875756688416004, 0.01028828788548708, 0.011421458795666695, 0.011965903453528881, 0.01183546893298626, 0.01155017502605915, 0.010837521404027939, 0.012383271008729935, 0.01185632310807705, 0.010825206525623798, 0.010511052794754505, 0.010456999763846397, 0.010039257816970348, 0.010209841653704643, 0.00982637982815504, 0.010175655595958233, 0.010107243433594704, 0.01002381183207035, 0.010527905076742172, 0.01048035267740488, 0.010575080290436745, 0.008415366522967815, 0.009245605207979679, 0.008757740259170532, 0.008823404088616371, 0.008355358615517616, 0.008246194571256638, 0.008377203717827797, 0.008062046952545643, 0.007723125629127026, 0.007845503278076649, 0.007859313860535622, 0.008193204179406166, 0.008095194585621357, 0.008194155991077423, 0.008485468104481697, 0.009296140633523464, 0.010339222848415375, 0.008885051123797894, 0.008647700771689415, 0.00870086532086134, 0.008758830837905407, 0.008638879284262657, 0.008591658435761929, 0.00903209950774908, 0.009023256599903107, 0.009873680770397186, 0.009476778097450733, 0.010153082199394703, 0.010846743360161781, 0.011740043759346008, 0.01180145051330328, 0.011665658093988895, 0.010347005911171436, 0.010387605987489223, 0.010728972963988781, 0.010273597203195095, 0.010702715255320072, 0.011115849018096924, 0.012366879731416702, 0.011497427709400654, 0.012129850685596466, 0.012989699840545654, 0.011430882848799229], 'L_grad': [0.009810714051127434, 0.009967298246920109, 0.010152569971978664, 0.010369466617703438, 0.010349305346608162, 0.010271502658724785, 0.010241195559501648, 0.010029857978224754, 0.010255656205117702, 0.009828506968915462, 0.009140628390014172, 0.008806094527244568, 0.008710097521543503, 0.008461924269795418, 0.008232481777668, 0.008404010906815529, 0.008534673601388931, 0.008537711575627327, 0.008384669199585915, 0.008522816933691502, 0.009011722169816494, 0.009575449861586094, 0.008975162170827389, 0.009181542322039604, 0.009296867065131664, 0.010980168357491493, 0.012948446907103062, 0.012782956473529339, 0.01161189004778862, 0.012280124239623547, 0.011931542307138443, 0.012666469439864159, 0.013274657540023327, 0.013149809092283249, 0.011036056093871593, 0.010579115711152554, 0.00992672424763441, 0.008443398401141167, 0.007545121014118195, 0.007778611965477467, 0.008164972066879272, 0.007967968471348286, 0.007252410054206848, 0.006762844044715166, 0.006923651322722435, 0.006539660505950451, 0.006156782619655132, 0.006381620652973652, 0.006390375085175037, 0.006498766131699085, 0.006565977819263935, 0.006655693054199219, 0.00649671396240592, 0.006719749886542559, 0.006578308064490557, 0.0068869562819600105, 0.006762281060218811, 0.006881168577820063, 0.006891106255352497, 0.006916821002960205, 0.007060792297124863, 0.0068051195703446865, 0.006854101084172726, 0.006788443773984909, 0.006752614863216877, 0.006740604527294636, 0.007023635320365429, 0.006934551056474447, 0.006963787600398064, 0.007027770392596722, 0.007045222446322441, 0.007098288740962744, 0.007280278485268354, 0.007409008219838142, 0.00761659350246191, 0.007724272087216377, 0.007649481296539307, 0.007593613117933273, 0.00783328153192997, 0.007721051573753357, 0.00780401611700654, 0.007863601669669151, 0.007947026751935482, 0.008087925612926483, 0.008228934369981289, 0.00821942463517189, 0.008217118680477142, 0.00815138965845108, 0.0080953324213624, 0.008321190252900124, 0.008551400154829025, 0.00865207239985466, 0.00888336356729269, 0.008708860725164413, 0.008458234369754791, 0.008157206699252129, 0.008245578035712242, 0.008584687486290932, 0.008957314305007458, 0.008804364129900932, 0.009085608646273613, 0.009444469586014748, 0.01039978675544262, 0.009968203492462635, 0.009270790033042431, 0.009721893817186356, 0.009739283472299576, 0.01015929039567709, 0.009865777567029, 0.00929391197860241, 0.00915650837123394, 0.00909254141151905, 0.008702296763658524, 0.008591689169406891, 0.008555331267416477, 0.009050482884049416, 0.008662639185786247, 0.008620109409093857, 0.008667723275721073, 0.008322185836732388, 0.008338096551597118, 0.008393418043851852, 0.008442915976047516, 0.008633077144622803, 0.00865023024380207, 0.008783486671745777, 0.008983154781162739, 0.009207557886838913, 0.009255885146558285, 0.009896952658891678, 0.009749575518071651, 0.01007683202624321, 0.01012253575026989, 0.010122868232429028, 0.010362017899751663, 0.011154672130942345, 0.012081237509846687, 0.013296395540237427, 0.012861963361501694, 0.013226150535047054, 0.013269873335957527, 0.012912334874272346, 0.013866427354514599, 0.013428822159767151, 0.013400521129369736, 0.011801797896623611, 0.011801395565271378, 0.011759561486542225, 0.01154169999063015, 0.01132901944220066, 0.01146133802831173, 0.011241758242249489, 0.010904215276241302, 0.010595260187983513, 0.010035006329417229, 0.009550973773002625, 0.009425397031009197, 0.009212993085384369, 0.009130825288593769, 0.00836360827088356, 0.008380567654967308, 0.008654969744384289, 0.00905896257609129, 0.008438675664365292, 0.00882394053041935, 0.009077517315745354, 0.009151039645075798, 0.008989160880446434, 0.00855858251452446, 0.008896350860595703, 0.008888030424714088, 0.008653601631522179, 0.009017040953040123, 0.008896131999790668, 0.008943816646933556, 0.009148961864411831, 0.009114010259509087, 0.008850229904055595, 0.00843460951000452, 0.008479902520775795, 0.008319411426782608, 0.008619663305580616, 0.008700726553797722, 0.00889316201210022, 0.009233932942152023, 0.008975554257631302, 0.008894762955605984, 0.009206701070070267, 0.009499751031398773, 0.009434113278985023, 0.009133510291576385, 0.009520919993519783, 0.009229360148310661, 0.009197979234158993, 0.009449820034205914, 0.009514638222754002, 0.009367911145091057, 0.009258149191737175, 0.009535940364003181, 0.009097354486584663, 0.008991158567368984, 0.009291784837841988, 0.009506658650934696, 0.009309515357017517, 0.009664284065365791, 0.009020853787660599, 0.009313980117440224, 0.009542294777929783, 0.009080455638468266, 0.009384766221046448, 0.009154921397566795, 0.009263641200959682, 0.009674519300460815, 0.009200990200042725, 0.009226293303072453, 0.009125567972660065, 0.008926726877689362, 0.008425213396549225, 0.008170155808329582, 0.008549224585294724, 0.008178049698472023, 0.007921997457742691, 0.007596633397042751, 0.008072366937994957, 0.007621335797011852, 0.007282475009560585, 0.007464930415153503, 0.008474629372358322, 0.0082226088270545, 0.007726852782070637, 0.008051855489611626, 0.008276529610157013, 0.007734246551990509, 0.008209183812141418, 0.008303593844175339, 0.00742719741538167, 0.00779292406514287, 0.008807466365396976, 0.007635149173438549, 0.008167436346411705, 0.007827368564903736, 0.007618729956448078, 0.008313450962305069, 0.0072157238610088825, 0.007953190244734287, 0.00738098006695509, 0.007573734503239393, 0.007728925906121731, 0.008020265027880669, 0.007942844182252884, 0.007549280300736427, 0.007812290918081999, 0.007450225297361612, 0.007407831959426403, 0.007279586978256702, 0.0072745149955153465, 0.008167965337634087, 0.007589119952172041, 0.006995009258389473, 0.007471284829080105, 0.007324442267417908, 0.006730350665748119, 0.007393878884613514, 0.007775159552693367, 0.008088719099760056, 0.007886853069067001, 0.008211405947804451, 0.008506998419761658, 0.0082350829616189, 0.008538282476365566, 0.008633255958557129, 0.009261300787329674, 0.009460194036364555, 0.00945599190890789, 0.009391503408551216, 0.009121019393205643, 0.01031311322003603, 0.010472428984940052, 0.009881405159831047, 0.010525863617658615, 0.010341573506593704, 0.010321320034563541, 0.010177523829042912, 0.010164839215576649, 0.010608283802866936, 0.010622247122228146, 0.010573310777544975, 0.010349856689572334, 0.010270063765347004, 0.010265333577990532, 0.0104304114356637, 0.010671365074813366, 0.00988086313009262, 0.009179830551147461, 0.008942287415266037, 0.0077376170083880424, 0.008012015372514725, 0.009245219640433788, 0.009343400597572327, 0.008011264726519585, 0.008006880059838295, 0.007793228141963482, 0.008055135607719421, 0.007770286872982979, 0.007996216416358948, 0.00801859050989151, 0.008011320605874062, 0.008139055222272873, 0.008233852684497833, 0.00841390248388052, 0.008643058128654957, 0.008871681988239288, 0.009117130190134048, 0.010590383782982826, 0.01050532702356577, 0.010805477388203144, 0.010757159441709518, 0.010617272928357124, 0.011266538873314857, 0.011717628687620163, 0.011762523092329502, 0.011884639039635658, 0.011612841859459877, 0.012176444754004478, 0.012539653107523918, 0.01284242607653141, 0.012868262827396393, 0.012507166713476181, 0.011846624314785004, 0.011149327270686626, 0.010584201663732529, 0.009465825743973255, 0.008815205655992031, 0.008142231032252312, 0.008024970069527626, 0.008093987591564655, 0.00860235933214426, 0.008425351232290268, 0.008538128808140755, 0.009382401593029499, 0.00891954731196165, 0.008824032731354237, 0.008539831265807152, 0.008569151163101196, 0.008721882477402687, 0.008608228527009487, 0.008542907424271107, 0.008371470496058464, 0.007984522730112076, 0.007798845414072275, 0.007665409706532955, 0.0075334105640649796, 0.0072929635643959045, 0.007462770212441683, 0.007633407600224018, 0.007849324494600296, 0.00793678592890501, 0.007992188446223736, 0.00825904868543148, 0.007966484874486923, 0.007999689318239689, 0.00785966869443655, 0.007968691177666187, 0.008215161971747875, 0.007883768528699875, 0.007823802530765533, 0.007984413765370846, 0.00827318150550127, 0.008257174864411354, 0.008253730833530426, 0.008202971890568733, 0.00857005175203085, 0.008260216563940048, 0.008372359909117222, 0.008428869768977165, 0.008283602073788643, 0.008116227574646473, 0.007639545015990734, 0.008223386481404305, 0.007905911654233932, 0.007580355741083622, 0.007885724306106567, 0.007931644096970558, 0.009043451398611069, 0.009932214394211769, 0.010602165013551712, 0.010455375537276268, 0.010748853906989098, 0.011116998270154, 0.011279062367975712, 0.010197957046329975, 0.009761877357959747, 0.009981033392250538, 0.010974699631333351, 0.0110903549939394, 0.009895621798932552, 0.008740400895476341, 0.008773372508585453, 0.008799536153674126, 0.008749659173190594, 0.008675764314830303, 0.008717469871044159, 0.009003918617963791, 0.008822711184620857, 0.008538552559912205, 0.008978666737675667, 0.009063038975000381, 0.0090532461181283, 0.009270935319364071, 0.009592322632670403, 0.009177226573228836, 0.009725856594741344, 0.01033925823867321, 0.009209751151502132, 0.009299985133111477, 0.009462790563702583, 0.009424075484275818, 0.009418372064828873, 0.009569218382239342, 0.00956791266798973, 0.009267129935324192, 0.009505398571491241, 0.00955457054078579, 0.009422414004802704, 0.009217821061611176, 0.009391806088387966, 0.01052453275769949, 0.01087864488363266, 0.01006827037781477, 0.009563161991536617, 0.009638326242566109, 0.009575553238391876, 0.009373031556606293, 0.009150305762887001, 0.009355905465781689, 0.009752403013408184, 0.010414245538413525, 0.010644765570759773, 0.011268376372754574, 0.011606277897953987, 0.011508719995617867, 0.01127721183001995, 0.010994484648108482, 0.011470031924545765, 0.011013960465788841, 0.010399802587926388, 0.010047569870948792, 0.00990217924118042, 0.009759228676557541, 0.009678201749920845, 0.009546780958771706, 0.009734271094202995, 0.009754576720297337, 0.009843104518949986, 0.010015621781349182, 0.009794104844331741, 0.009529899805784225, 0.007916077971458435, 0.008345512673258781, 0.008082821033895016, 0.008188635110855103, 0.008233528584241867, 0.008287589997053146, 0.008395259268581867, 0.008252745494246483, 0.008174099959433079, 0.008265615440905094, 0.007897385396063328, 0.008013864047825336, 0.007937885820865631, 0.007809337694197893, 0.008017215877771378, 0.008638536557555199, 0.009228714741766453, 0.008427782915532589, 0.008009171113371849, 0.008310814388096333, 0.008271068334579468, 0.008332102559506893, 0.008510895073413849, 0.008553261868655682, 0.008573945611715317, 0.008978728204965591, 0.009130530059337616, 0.009206272661685944, 0.009331248700618744, 0.009650958701968193, 0.009562586434185505, 0.009519152343273163, 0.00890994630753994, 0.009050093591213226, 0.009384751319885254, 0.009229830466210842, 0.009294684045016766, 0.0094555439427495, 0.0102805495262146, 0.010253289714455605, 0.010179154574871063, 0.010054624639451504, 0.004641752690076828]}
all losses in batch in validation:  {'loss': [0.018089795485138893, 0.018328383564949036, 0.018535621464252472, 0.019549664109945297, 0.018756166100502014, 0.01887429691851139, 0.019419632852077484, 0.018613168969750404, 0.01926281675696373, 0.01781289651989937, 0.01651480607688427, 0.016375042498111725, 0.01588989794254303, 0.01523805595934391, 0.015255567617714405, 0.015580741688609123, 0.016160767525434494, 0.0161831583827734, 0.015229055657982826, 0.015675026923418045, 0.017415404319763184, 0.02242710068821907, 0.01980474404990673, 0.021202940493822098, 0.019357234239578247, 0.0235854871571064, 0.032438963651657104, 0.026825739070773125, 0.021689198911190033, 0.021566763520240784, 0.02152416855096817, 0.02251525968313217, 0.024474818259477615, 0.025102993473410606, 0.02101786620914936, 0.020202066749334335, 0.01586611196398735, 0.01299547590315342, 0.012133724987506866, 0.012582933530211449, 0.013250401243567467, 0.014105604030191898, 0.012923561036586761, 0.010849099606275558, 0.011129231192171574, 0.01045156642794609, 0.00993593130260706, 0.010310152545571327, 0.010257938876748085, 0.010539796203374863, 0.010601164773106575, 0.010847244411706924, 0.010619256645441055, 0.010909327305853367, 0.010717106983065605, 0.01113300770521164, 0.010897528380155563, 0.011023323982954025, 0.011029601097106934, 0.01117822714149952, 0.011412056162953377, 0.010991480201482773, 0.011411448009312153, 0.011076031252741814, 0.011298855766654015, 0.011202126741409302, 0.011717762798070908, 0.011342347599565983, 0.011324984021484852, 0.011547936126589775, 0.01166718453168869, 0.011663231998682022, 0.011861206032335758, 0.012069659307599068, 0.012404805049300194, 0.012937350198626518, 0.012718498706817627, 0.012763124890625477, 0.012702036648988724, 0.012595394626259804, 0.01280982792377472, 0.013084358535706997, 0.013115079142153263, 0.013255635276436806, 0.013518238440155983, 0.01375206746160984, 0.013783613219857216, 0.013885782100260258, 0.014036230742931366, 0.014400428161025047, 0.01479448564350605, 0.015137497335672379, 0.015263402834534645, 0.01524958573281765, 0.01477757841348648, 0.014167645946145058, 0.013929696753621101, 0.014626985415816307, 0.014747992157936096, 0.014731494709849358, 0.015667598694562912, 0.016092747449874878, 0.01760140433907509, 0.015480565838515759, 0.01473961491137743, 0.015501044690608978, 0.015574432909488678, 0.0160662978887558, 0.01542389765381813, 0.014035005122423172, 0.013902751728892326, 0.01388400699943304, 0.013126954436302185, 0.013001776300370693, 0.012896571308374405, 0.013632970862090588, 0.013351027853786945, 0.013019301928579807, 0.013429928570985794, 0.01370878703892231, 0.013810697942972183, 0.014080887660384178, 0.01382803451269865, 0.01417524740099907, 0.013772835955023766, 0.013946646824479103, 0.014375509694218636, 0.015030445531010628, 0.014820145443081856, 0.01581600494682789, 0.015333018265664577, 0.015897512435913086, 0.016072625294327736, 0.01639517769217491, 0.0171034075319767, 0.018985208123922348, 0.02161555364727974, 0.023147644475102425, 0.021613262593746185, 0.02207281067967415, 0.024620413780212402, 0.022047588601708412, 0.02542453445494175, 0.02363063208758831, 0.022772464901208878, 0.020314432680606842, 0.018631935119628906, 0.018383029848337173, 0.019411934539675713, 0.023251881822943687, 0.02485005557537079, 0.029565149918198586, 0.031528130173683167, 0.028801321983337402, 0.025179797783493996, 0.019575349986553192, 0.020386237651109695, 0.019521325826644897, 0.02066223695874214, 0.011747380718588829, 0.01144280843436718, 0.01207407284528017, 0.014478107914328575, 0.011842675507068634, 0.01318542193621397, 0.014752306044101715, 0.012311205267906189, 0.013002349063754082, 0.01239844225347042, 0.013108470477163792, 0.014793487265706062, 0.014414414763450623, 0.015257483348250389, 0.01502168644219637, 0.014749675057828426, 0.015976592898368835, 0.016548587009310722, 0.01751786097884178, 0.01479761116206646, 0.014588925987482071, 0.01396279688924551, 0.014215754345059395, 0.014762979000806808, 0.014964574947953224, 0.01515309326350689, 0.013711647130548954, 0.015348970890045166, 0.016189079731702805, 0.015795264393091202, 0.014764916151762009, 0.014119226485490799, 0.016107195988297462, 0.013845070265233517, 0.01302153617143631, 0.015362421981990337, 0.014416240155696869, 0.01318017952144146, 0.014579663053154945, 0.013983957469463348, 0.014385582879185677, 0.014801371842622757, 0.014946073293685913, 0.015443297103047371, 0.016040774062275887, 0.017696663737297058, 0.015597673133015633, 0.016832973808050156, 0.017813850194215775, 0.015551567077636719, 0.016396021470427513, 0.014833576045930386, 0.015892677009105682, 0.01598247140645981, 0.014135031029582024, 0.014888148754835129, 0.014172399416565895, 0.01428273692727089, 0.013404414989054203, 0.012170687317848206, 0.013398775830864906, 0.013121488504111767, 0.012298960238695145, 0.010777818970382214, 0.01148800179362297, 0.010106216184794903, 0.009512693621218204, 0.01011143159121275, 0.012844538316130638, 0.011792276054620743, 0.009995459578931332, 0.011510017327964306, 0.012311305850744247, 0.010880783200263977, 0.011826276779174805, 0.012297172099351883, 0.010279202833771706, 0.010989174246788025, 0.013090628199279308, 0.010073255747556686, 0.012091495096683502, 0.010788414627313614, 0.009926623664796352, 0.012224406003952026, 0.010137796401977539, 0.01183992251753807, 0.010394095443189144, 0.010806107893586159, 0.010959874838590622, 0.011013273149728775, 0.011309903115034103, 0.010774124413728714, 0.01142254937440157, 0.011160818859934807, 0.010868387296795845, 0.011598806828260422, 0.010916090570390224, 0.013095304369926453, 0.012287789955735207, 0.011423020623624325, 0.01297069527208805, 0.013334637507796288, 0.012134179472923279, 0.013742709532380104, 0.014901460148394108, 0.015232475474476814, 0.015023892745375633, 0.01577458716928959, 0.01664978452026844, 0.01653370074927807, 0.01594622991979122, 0.016312530264258385, 0.01764911226928234, 0.01740957424044609, 0.018000666052103043, 0.018051519989967346, 0.01722346991300583, 0.0204362403601408, 0.020188264548778534, 0.0190453939139843, 0.021030472591519356, 0.020173391327261925, 0.020173732191324234, 0.019745759665966034, 0.019428454339504242, 0.021863317117094994, 0.022139139473438263, 0.02191200479865074, 0.022678086534142494, 0.02265731245279312, 0.023015864193439484, 0.022917792201042175, 0.024241670966148376, 0.022932957857847214, 0.023227417841553688, 0.02416105568408966, 0.022511780261993408, 0.02856481447815895, 0.03714091330766678, 0.04303932189941406, 0.026411686092615128, 0.027666723355650902, 0.019579892978072166, 0.019597142934799194, 0.01978403516113758, 0.019791780039668083, 0.02010433003306389, 0.01990422047674656, 0.020360657945275307, 0.020555511116981506, 0.020512528717517853, 0.0210145004093647, 0.021762244403362274, 0.022942449897527695, 0.029247043654322624, 0.029866576194763184, 0.027554761618375778, 0.027008816599845886, 0.02712225914001465, 0.028290368616580963, 0.028959114104509354, 0.02951669879257679, 0.02892676368355751, 0.03027993254363537, 0.03150953724980354, 0.03186488151550293, 0.03141199052333832, 0.030879568308591843, 0.030150320380926132, 0.028091225773096085, 0.027136491611599922, 0.026609143242239952, 0.023101702332496643, 0.020957378670573235, 0.018978992477059364, 0.01784977875649929, 0.016891740262508392, 0.01617521233856678, 0.01598544418811798, 0.016226448118686676, 0.01539730466902256, 0.01416800357401371, 0.014136549085378647, 0.014364700764417648, 0.014975689351558685, 0.015514137223362923, 0.014924181625247002, 0.014842299744486809, 0.01481991820037365, 0.014146905392408371, 0.013847872614860535, 0.013544201850891113, 0.013652216643095016, 0.01389312744140625, 0.013727836310863495, 0.01392089668661356, 0.014429028145968914, 0.014468323439359665, 0.014323337003588676, 0.014698974788188934, 0.013546722009778023, 0.013715468347072601, 0.013213936239480972, 0.01336788572371006, 0.013693469576537609, 0.013609777204692364, 0.013488869182765484, 0.013624477200210094, 0.013744142837822437, 0.013915236108005047, 0.013833882287144661, 0.013953584246337414, 0.014026246964931488, 0.014277923852205276, 0.014242026023566723, 0.014455752447247505, 0.014387061819434166, 0.014183136634528637, 0.013599767349660397, 0.014104967005550861, 0.012959571555256844, 0.012150097638368607, 0.012347487732768059, 0.01299508847296238, 0.015637746080756187, 0.017013724893331528, 0.019828692078590393, 0.02075335383415222, 0.024188965559005737, 0.027278339490294456, 0.0323466882109642, 0.026771066710352898, 0.02264147251844406, 0.021551599726080894, 0.025961820036172867, 0.025965217500925064, 0.019170626997947693, 0.015017785131931305, 0.015218965709209442, 0.015354656614363194, 0.01525016687810421, 0.015059242025017738, 0.015663564205169678, 0.015957430005073547, 0.015689760446548462, 0.015323634259402752, 0.016505463048815727, 0.016695242375135422, 0.016790367662906647, 0.01768275909125805, 0.01848522573709488, 0.018115956336259842, 0.017507361248135567, 0.017138227820396423, 0.016645027324557304, 0.016880497336387634, 0.017373014241456985, 0.016646694391965866, 0.01682538166642189, 0.016691261902451515, 0.01677621901035309, 0.016122620552778244, 0.01673993282020092, 0.017352383583784103, 0.016582051292061806, 0.016568239778280258, 0.016658738255500793, 0.016853053122758865, 0.017813507467508316, 0.018189366906881332, 0.017764143645763397, 0.017970530316233635, 0.017688065767288208, 0.01721099019050598, 0.01703798957169056, 0.01679227501153946, 0.017346389591693878, 0.018633229658007622, 0.019008051604032516, 0.019447186961770058, 0.019131477922201157, 0.01987072080373764, 0.020445529371500015, 0.019482698291540146, 0.01896066963672638, 0.01928069442510605, 0.019742129370570183, 0.019358795136213303, 0.019244909286499023, 0.019576270133256912, 0.019468655809760094, 0.019191406667232513, 0.020034048706293106, 0.020314712077379227, 0.019888965412974358, 0.020420879125595093, 0.020364010706543922, 0.02014080435037613, 0.01581287756562233, 0.016504419967532158, 0.015979677438735962, 0.01594702899456024, 0.01610158570110798, 0.016375962644815445, 0.017143545672297478, 0.017308544367551804, 0.01689867675304413, 0.01674973964691162, 0.01636705920100212, 0.016323156654834747, 0.01616363599896431, 0.01654539629817009, 0.01811334677040577, 0.0202375166118145, 0.020367026329040527, 0.01829800382256508, 0.01711447536945343, 0.01702878251671791, 0.016990508884191513, 0.017133254557847977, 0.017509665340185165, 0.018387289717793465, 0.01845719665288925, 0.019576240330934525, 0.01915956661105156, 0.019913814961910248, 0.020396538078784943, 0.021644363179802895, 0.02214319258928299, 0.022296171635389328, 0.021023409441113472, 0.021357335150241852, 0.022494565695524216, 0.020844804123044014, 0.020763516426086426, 0.022706445306539536, 0.022994514554739, 0.02238905243575573, 0.02208421751856804, 0.023718176409602165, 0.015707436949014664], 'L_si': [0.008867896161973476, 0.00902171153575182, 0.00910370796918869, 0.009780721738934517, 0.009253055788576603, 0.009351775981485844, 0.009670705534517765, 0.009154386818408966, 0.00945934560149908, 0.008644849993288517, 0.007786293979734182, 0.007628267165273428, 0.007250739261507988, 0.006778991315513849, 0.006697326898574829, 0.006844143848866224, 0.007128889672458172, 0.0072446851991117, 0.006760527845472097, 0.006885324139147997, 0.007921463809907436, 0.011852753348648548, 0.009537601843476295, 0.01053851842880249, 0.009110522456467152, 0.011866997927427292, 0.01940179616212845, 0.014321209862828255, 0.010186105035245419, 0.010146034881472588, 0.010167337022721767, 0.010823840275406837, 0.012370445765554905, 0.01304005365818739, 0.010762792080640793, 0.010410421527922153, 0.007301433943212032, 0.005374612286686897, 0.004824838601052761, 0.005075122695416212, 0.0054703811183571815, 0.006414140108972788, 0.005741489119827747, 0.0042674061842262745, 0.004406323656439781, 0.004009053111076355, 0.0037988557014614344, 0.004003625363111496, 0.0039785453118383884, 0.004068426322191954, 0.0039953249506652355, 0.0041469852440059185, 0.004138285294175148, 0.0042810263112187386, 0.00416432972997427, 0.004341321066021919, 0.004229583777487278, 0.004251809325069189, 0.004246964119374752, 0.00430269492790103, 0.00431922497227788, 0.004079438280314207, 0.004305779933929443, 0.004161936696618795, 0.004377319943159819, 0.004356896970421076, 0.004642353858798742, 0.0043535130098462105, 0.004383123479783535, 0.004525279626250267, 0.004605416674166918, 0.004589172545820475, 0.004732436500489712, 0.004949208348989487, 0.0050661745481193066, 0.005407128948718309, 0.005173079203814268, 0.0051560294814407825, 0.0050575812347233295, 0.00502295745536685, 0.005008892621845007, 0.005137791857123375, 0.005262323655188084, 0.005266405176371336, 0.005309665575623512, 0.005446621682494879, 0.005429390352219343, 0.0054495371878147125, 0.005578550975769758, 0.005759794730693102, 0.006135990377515554, 0.006368132773786783, 0.00639771344140172, 0.006386264692991972, 0.006018246989697218, 0.005692640319466591, 0.005569591652601957, 0.005983942653983831, 0.0058744922280311584, 0.0057682194747030735, 0.006233616732060909, 0.006413566879928112, 0.007057446055114269, 0.005972511135041714, 0.005648096092045307, 0.005859604105353355, 0.006046075373888016, 0.006243160925805569, 0.0057975309900939465, 0.005097281653434038, 0.005024399142712355, 0.005031798966228962, 0.004556754603981972, 0.00444148201495409, 0.00438065966591239, 0.004700235091149807, 0.004617325961589813, 0.0045219603925943375, 0.004641041625291109, 0.004814337473362684, 0.0049293190240859985, 0.005090756807476282, 0.005038827657699585, 0.005152324680238962, 0.004934077616780996, 0.005012224894016981, 0.00534052075818181, 0.005667938385158777, 0.005596993025392294, 0.006130505818873644, 0.00592946819961071, 0.0060487594455480576, 0.006200645584613085, 0.006352395750582218, 0.00668057007715106, 0.007994520477950573, 0.009588664397597313, 0.010253100655972958, 0.009037023410201073, 0.009307141415774822, 0.010616406798362732, 0.008998765610158443, 0.011747084558010101, 0.010458875447511673, 0.009997894056141376, 0.008874723687767982, 0.007802889682352543, 0.007935162633657455, 0.009064735844731331, 0.012676995247602463, 0.014264742843806744, 0.018791934475302696, 0.020873453468084335, 0.01820524036884308, 0.014989703893661499, 0.010448954068124294, 0.011112132109701633, 0.010678913444280624, 0.011480958200991154, 0.004496584180742502, 0.004156664479523897, 0.004650256596505642, 0.006312934216111898, 0.004453360103070736, 0.005311186425387859, 0.006251171696931124, 0.004676403012126684, 0.00529904942959547, 0.004992159083485603, 0.005430121906101704, 0.006464625708758831, 0.0062377736903727055, 0.00679697934538126, 0.006734338589012623, 0.006473341956734657, 0.007243075408041477, 0.007747839204967022, 0.008550085127353668, 0.006707984954118729, 0.006270701065659523, 0.0059793079271912575, 0.006168987136334181, 0.006504757329821587, 0.0066325427033007145, 0.006655468605458736, 0.005874737165868282, 0.0070893727242946625, 0.007724160794168711, 0.007356662768870592, 0.006601546425372362, 0.006189886946231127, 0.007612936198711395, 0.006148459389805794, 0.005599026568233967, 0.00718136690557003, 0.006494657602161169, 0.005631250329315662, 0.006770625710487366, 0.006180122494697571, 0.006747144274413586, 0.0071945469826459885, 0.007191227748990059, 0.007684419397264719, 0.008229796774685383, 0.00926014594733715, 0.007840728387236595, 0.008733213879168034, 0.009433276019990444, 0.007841883227229118, 0.008308038115501404, 0.0072138044051826, 0.007850349880754948, 0.007873772643506527, 0.006658193655312061, 0.007025425788015127, 0.006539277266710997, 0.006523875519633293, 0.00600216630846262, 0.00521704601123929, 0.005803839303553104, 0.005597786977887154, 0.005048057995736599, 0.00412345863878727, 0.004537689499557018, 0.0037493493873625994, 0.003379574278369546, 0.0037103602662682533, 0.005199776496738195, 0.00460516382008791, 0.0036513637751340866, 0.004485998768359423, 0.005046861711889505, 0.004215778782963753, 0.004721358884125948, 0.00499957287684083, 0.003921818919479847, 0.004303892608731985, 0.005397431552410126, 0.0036985776387155056, 0.0047819665633141994, 0.003990821540355682, 0.0035256436094641685, 0.004770405124872923, 0.003631369676440954, 0.004594929050654173, 0.0038292871322482824, 0.003995285835117102, 0.0040490454994142056, 0.004007504787296057, 0.004260476678609848, 0.004012057092040777, 0.004370617680251598, 0.004188219550997019, 0.004058729857206345, 0.004574669990688562, 0.004185631405562162, 0.005443540867418051, 0.005000704433768988, 0.004511818289756775, 0.0055220164358615875, 0.005743629764765501, 0.004962818697094917, 0.00586259551346302, 0.006494294852018356, 0.006696867756545544, 0.006538869347423315, 0.007042169105261564, 0.007446207106113434, 0.007511710282415152, 0.007103926967829466, 0.007364350836724043, 0.008137046359479427, 0.008067247457802296, 0.008425196632742882, 0.008509174920618534, 0.00803547352552414, 0.010049449279904366, 0.009827994741499424, 0.009174011647701263, 0.01046812068670988, 0.010027538985013962, 0.01012464240193367, 0.009918083436787128, 0.00987597368657589, 0.011556906625628471, 0.011727624572813511, 0.011673892848193645, 0.012496063485741615, 0.012532101944088936, 0.01276781689375639, 0.012547438032925129, 0.013547518290579319, 0.012746144086122513, 0.012787234038114548, 0.013447090052068233, 0.012287650257349014, 0.016273967921733856, 0.022488800808787346, 0.027089443057775497, 0.015231047756969929, 0.015859784558415413, 0.011033076792955399, 0.01130668818950653, 0.011749157682061195, 0.011811517179012299, 0.012075993232429028, 0.011964583769440651, 0.012314073741436005, 0.012437194585800171, 0.012345337308943272, 0.012681383639574051, 0.013096632435917854, 0.013742804527282715, 0.017825454473495483, 0.01814989745616913, 0.016748348250985146, 0.016503755003213882, 0.016675151884555817, 0.017496995627880096, 0.01784488558769226, 0.018269335851073265, 0.01777579076588154, 0.019120406359434128, 0.01992163062095642, 0.01992543414235115, 0.019080139696598053, 0.01845269277691841, 0.018025454133749008, 0.016406390815973282, 0.015948757529258728, 0.015896568074822426, 0.01338004507124424, 0.011905008926987648, 0.01054743304848671, 0.009543310850858688, 0.00880599394440651, 0.007754683960229158, 0.0076269470155239105, 0.007574643008410931, 0.00631451141089201, 0.005735782440751791, 0.0055846646428108215, 0.0056577324867248535, 0.005964674521237612, 0.006319570820778608, 0.005908228922635317, 0.0059096054174005985, 0.006033859681338072, 0.00567166181281209, 0.005530937574803829, 0.005456718150526285, 0.005565352272242308, 0.005764366593211889, 0.005513956770300865, 0.005590074695646763, 0.006091590039432049, 0.006146675441414118, 0.005984738003462553, 0.006162606179714203, 0.005368602927774191, 0.005423700902611017, 0.005355904344469309, 0.005371822509914637, 0.005535464733839035, 0.005445619113743305, 0.005345250479876995, 0.005381791852414608, 0.0054891398176550865, 0.005567091517150402, 0.0054803891107439995, 0.0055578844621777534, 0.005626296624541283, 0.005894755478948355, 0.005809100344777107, 0.005946171935647726, 0.005890831351280212, 0.005908826366066933, 0.005746065638959408, 0.005887188948690891, 0.005049303639680147, 0.004693269729614258, 0.00493117980659008, 0.00550831900909543, 0.007111787796020508, 0.007723536342382431, 0.009339709766209126, 0.010410444810986519, 0.013136443682014942, 0.015242444351315498, 0.019094379618763924, 0.015402523800730705, 0.012736404314637184, 0.011710379272699356, 0.01455574482679367, 0.014103405177593231, 0.00952799804508686, 0.006686184089630842, 0.006806981284171343, 0.00692862831056118, 0.0069746519438922405, 0.006846704054623842, 0.007269407156854868, 0.007469083182513714, 0.00729257520288229, 0.007095005363225937, 0.00786934606730938, 0.007970520295202732, 0.008069567382335663, 0.00863319355994463, 0.00914862472563982, 0.009012297727167606, 0.008421380072832108, 0.008135422132909298, 0.007841572165489197, 0.008011621423065662, 0.008266214281320572, 0.007666692137718201, 0.007823135703802109, 0.007729609962552786, 0.007678369991481304, 0.007336543872952461, 0.007794317789375782, 0.008242106065154076, 0.007675901986658573, 0.007657235022634268, 0.00768341775983572, 0.007829845882952213, 0.008543453179299831, 0.008845759555697441, 0.008421092294156551, 0.008405243046581745, 0.008155548945069313, 0.007915149442851543, 0.007843174040317535, 0.007656039670109749, 0.008059372194111347, 0.008883400820195675, 0.009137405082583427, 0.009330691769719124, 0.009188400581479073, 0.009724621661007404, 0.01004890538752079, 0.009489115327596664, 0.009267276152968407, 0.009637339040637016, 0.009903118014335632, 0.00975389126688242, 0.009700602851808071, 0.009931305423378944, 0.009836975485086441, 0.00966428779065609, 0.01021853368729353, 0.01038302667438984, 0.010182615369558334, 0.010563289746642113, 0.010559871792793274, 0.01060226559638977, 0.008059105835855007, 0.00855699647217989, 0.008233679458498955, 0.00810632761567831, 0.008051779121160507, 0.008092287927865982, 0.0084646912291646, 0.008533274754881859, 0.008218735456466675, 0.008095868863165379, 0.007910871878266335, 0.007978149689733982, 0.007865916937589645, 0.008120925165712833, 0.008985448628664017, 0.010340993292629719, 0.010548208840191364, 0.009194129146635532, 0.008646621368825436, 0.008550436235964298, 0.0086475545540452, 0.008773637935519218, 0.008836355991661549, 0.009425228461623192, 0.009493346326053143, 0.010185458697378635, 0.009755399078130722, 0.01045563630759716, 0.010911189951002598, 0.011777937412261963, 0.01221698522567749, 0.012312827631831169, 0.011489327996969223, 0.011712118983268738, 0.012560207396745682, 0.011241942644119263, 0.011293409392237663, 0.012703878805041313, 0.012793069705367088, 0.01211235485970974, 0.011986987665295601, 0.013479211367666721, 0.011126299388706684], 'L_grad': [0.009221899323165417, 0.009306671097874641, 0.009431913495063782, 0.00976894237101078, 0.009503109380602837, 0.009522520937025547, 0.009748928248882294, 0.009458782151341438, 0.00980347115546465, 0.009168045595288277, 0.0087285116314888, 0.008746775798499584, 0.008639159612357616, 0.008459064178168774, 0.008558240719139576, 0.008736597374081612, 0.009031877852976322, 0.008938472718000412, 0.008468528278172016, 0.00878970231860876, 0.009493939578533173, 0.010574346408247948, 0.010267142206430435, 0.010664422065019608, 0.010246711783111095, 0.011718488298356533, 0.013037169352173805, 0.01250452920794487, 0.01150309294462204, 0.01142072957009077, 0.011356830596923828, 0.011691419407725334, 0.012104371562600136, 0.012062939815223217, 0.010255074128508568, 0.009791645221412182, 0.008564677089452744, 0.0076208640821278095, 0.007308886386454105, 0.007507810369133949, 0.007780020125210285, 0.0076914639212191105, 0.0071820723824203014, 0.006581693887710571, 0.0067229075357317924, 0.006442513782531023, 0.006137075833976269, 0.006306527182459831, 0.006279393564909697, 0.006471369881182909, 0.006605839356780052, 0.006700259633362293, 0.00648097088560462, 0.006628300994634628, 0.006552776787430048, 0.00679168663918972, 0.006667944602668285, 0.006771514657884836, 0.006782637443393469, 0.0068755317479372025, 0.007092831656336784, 0.0069120414555072784, 0.0071056680753827095, 0.006914094090461731, 0.006921535357832909, 0.006845230236649513, 0.007075408939272165, 0.006988834589719772, 0.006941860541701317, 0.007022656034678221, 0.007061767391860485, 0.00707405898720026, 0.0071287695318460464, 0.007120450958609581, 0.0073386300355196, 0.0075302207842469215, 0.007545419503003359, 0.007607095409184694, 0.007644455414265394, 0.007572437170892954, 0.007800935767591, 0.007946566678583622, 0.00785275548696518, 0.007989230565726757, 0.00820857286453247, 0.008305445313453674, 0.00835422333329916, 0.008436244912445545, 0.008457680232822895, 0.008640633895993233, 0.008658494800329208, 0.008769364096224308, 0.008865689858794212, 0.00886332057416439, 0.00875933188945055, 0.008475005626678467, 0.008360105566680431, 0.008643043227493763, 0.008873499929904938, 0.008963274769484997, 0.009433981031179428, 0.00967918150126934, 0.01054395828396082, 0.009508054703474045, 0.009091518819332123, 0.009641440585255623, 0.009528357535600662, 0.009823136031627655, 0.009626367129385471, 0.008937723003327847, 0.008878352120518684, 0.008852208033204079, 0.008570199832320213, 0.008560294285416603, 0.008515911176800728, 0.00893273577094078, 0.008733701892197132, 0.00849734153598547, 0.008788886480033398, 0.008894450031220913, 0.008881378918886185, 0.008990130387246609, 0.008789206854999065, 0.009022923186421394, 0.008838757872581482, 0.00893442239612341, 0.009034989401698112, 0.009362506680190563, 0.009223151952028275, 0.009685499593615532, 0.009403550066053867, 0.009848752990365028, 0.009871979244053364, 0.010042782872915268, 0.010422837920486927, 0.01099068857729435, 0.012026889249682426, 0.012894543819129467, 0.012576239183545113, 0.012765670195221901, 0.014004007913172245, 0.013048822991549969, 0.013677449896931648, 0.013171756640076637, 0.012774571776390076, 0.01143970899283886, 0.010829044505953789, 0.010447868146002293, 0.010347198694944382, 0.010574886575341225, 0.01058531180024147, 0.01077321544289589, 0.01065467856824398, 0.010596082545816898, 0.010190093889832497, 0.009126396849751472, 0.009274105541408062, 0.008842412382364273, 0.009181277826428413, 0.007250797003507614, 0.00728614442050457, 0.0074238162487745285, 0.008165174163877964, 0.007389315403997898, 0.00787423551082611, 0.008501134812831879, 0.007634802255779505, 0.007703299168497324, 0.00740628270432353, 0.007678348571062088, 0.008328861556947231, 0.008176641538739204, 0.00846050400286913, 0.008287347853183746, 0.008276333101093769, 0.008733516559004784, 0.0088007478043437, 0.008967776782810688, 0.008089626207947731, 0.008318224921822548, 0.007983488962054253, 0.008046766743063927, 0.008258221670985222, 0.008332032710313797, 0.008497624658048153, 0.007836909964680672, 0.008259598165750504, 0.008464918471872807, 0.008438601158559322, 0.008163370192050934, 0.00792934000492096, 0.008494259789586067, 0.007696610875427723, 0.007422509603202343, 0.008181055076420307, 0.007921582087874413, 0.007548929192125797, 0.00780903734266758, 0.007803834974765778, 0.007638438604772091, 0.0076068248599767685, 0.0077548460103571415, 0.007758878171443939, 0.007810977287590504, 0.008436516858637333, 0.00775694428011775, 0.008099760860204697, 0.008380573242902756, 0.0077096838504076, 0.00808798335492611, 0.007619771640747786, 0.00804232805967331, 0.008108697831630707, 0.007476837374269962, 0.007862722501158714, 0.007633121684193611, 0.0077588618732988834, 0.007402248680591583, 0.006953640840947628, 0.007594936527311802, 0.007523701526224613, 0.007250902242958546, 0.006654360331594944, 0.006950311828404665, 0.006356867030262947, 0.006133119575679302, 0.006401071324944496, 0.007644761353731155, 0.007187112234532833, 0.006344095803797245, 0.007024018559604883, 0.007264444138854742, 0.006665004882961512, 0.007104918360710144, 0.007297599222511053, 0.006357384379953146, 0.0066852811723947525, 0.007693196646869183, 0.0063746776431798935, 0.00730952899903059, 0.0067975930869579315, 0.006400980055332184, 0.007454000413417816, 0.0065064262598752975, 0.007244993466883898, 0.006564808543771505, 0.006810822524130344, 0.006910828873515129, 0.007005767896771431, 0.007049426902085543, 0.0067620668560266495, 0.007051931694149971, 0.006972599774599075, 0.0068096574395895, 0.007024137303233147, 0.006730459164828062, 0.0076517630368471146, 0.007287085987627506, 0.00691120233386755, 0.007448679301887751, 0.007591007277369499, 0.0071713607758283615, 0.007880114018917084, 0.008407165296375751, 0.00853560771793127, 0.008485023863613605, 0.008732417598366737, 0.009203577414155006, 0.00902199000120163, 0.008842302486300468, 0.008948178961873055, 0.009512065909802914, 0.00934232771396637, 0.009575468488037586, 0.009542345069348812, 0.00918799638748169, 0.010386791080236435, 0.010360268875956535, 0.009871382266283035, 0.010562351904809475, 0.010145852342247963, 0.010049090720713139, 0.009827675297856331, 0.009552479721605778, 0.010306410491466522, 0.010411515831947327, 0.01023811288177967, 0.010182023048400879, 0.010125209577381611, 0.010248048231005669, 0.010370355099439621, 0.010694151744246483, 0.010186814703047276, 0.01044018380343914, 0.010713966563344002, 0.010224130004644394, 0.01229084748774767, 0.014652112498879433, 0.015949878841638565, 0.011180637404322624, 0.011806938797235489, 0.008546816185116768, 0.008290455676615238, 0.008034877479076385, 0.007980262860655785, 0.008028337731957436, 0.007939636707305908, 0.008046584203839302, 0.00811831559985876, 0.008167190477252007, 0.008333117701113224, 0.008665611036121845, 0.009199644438922405, 0.01142158918082714, 0.01171667780727148, 0.010806414298713207, 0.01050506066530943, 0.010447107255458832, 0.010793372057378292, 0.011114228516817093, 0.011247362941503525, 0.011150973848998547, 0.01115952618420124, 0.011587906628847122, 0.01193944551050663, 0.012331850826740265, 0.012426875531673431, 0.01212486531585455, 0.011684834025800228, 0.011187734082341194, 0.010712575167417526, 0.009721658192574978, 0.009052369743585587, 0.008431559428572655, 0.008306467905640602, 0.008085746318101883, 0.008420528843998909, 0.008358498103916645, 0.00865180604159832, 0.00908279325813055, 0.008432220667600632, 0.008551884442567825, 0.008706968277692795, 0.009011014364659786, 0.009194566868245602, 0.009015953168272972, 0.008932694792747498, 0.00878605805337429, 0.008475243113934994, 0.008316935040056705, 0.008087484166026115, 0.008086864836513996, 0.008128760382533073, 0.00821387954056263, 0.008330821990966797, 0.008337438106536865, 0.008321648463606834, 0.00833859946578741, 0.008536368608474731, 0.00817811954766512, 0.008291766978800297, 0.00785803236067295, 0.00799606367945671, 0.008158004842698574, 0.008164158090949059, 0.008143618702888489, 0.008242685347795486, 0.00825500302016735, 0.008348144590854645, 0.008353493176400661, 0.00839569978415966, 0.008399950340390205, 0.008383168838918209, 0.008432925678789616, 0.008509580977261066, 0.008496230468153954, 0.008274310268461704, 0.007853701710700989, 0.00821777805685997, 0.007910267449915409, 0.007456827908754349, 0.0074163079261779785, 0.007486768998205662, 0.00852595828473568, 0.009290188550949097, 0.010488981381058693, 0.010342909954488277, 0.01105252280831337, 0.012035895138978958, 0.01325230672955513, 0.011368542909622192, 0.009905068203806877, 0.009841220453381538, 0.011406074278056622, 0.011861811392009258, 0.009642628952860832, 0.00833160150796175, 0.008411984890699387, 0.008426028303802013, 0.008275515399873257, 0.008212538436055183, 0.008394156582653522, 0.008488345891237259, 0.008397184312343597, 0.008228628896176815, 0.008636116981506348, 0.00872472207993269, 0.00872079934924841, 0.00904956553131342, 0.009336601942777634, 0.009103657677769661, 0.00908598117530346, 0.00900280475616455, 0.008803455159068108, 0.008868876844644547, 0.009106799960136414, 0.008980002254247665, 0.009002246893942356, 0.008961651474237442, 0.009097849018871784, 0.008786075748503208, 0.008945615030825138, 0.009110277518630028, 0.008906149305403233, 0.008911004289984703, 0.008975321426987648, 0.009023208171129227, 0.00927005335688591, 0.009343607351183891, 0.009343050420284271, 0.00956528726965189, 0.00953251775354147, 0.009295839816331863, 0.009194815531373024, 0.00913623534142971, 0.009287018328905106, 0.009749828837811947, 0.009870647452771664, 0.010116495192050934, 0.009943077340722084, 0.010146099142730236, 0.010396623983979225, 0.009993583895266056, 0.009693393483757973, 0.009643355384469032, 0.00983901135623455, 0.009604904800653458, 0.009544306434690952, 0.009644963778555393, 0.009631680324673653, 0.009527117945253849, 0.009815515950322151, 0.009931684471666813, 0.009706350043416023, 0.00985758937895298, 0.009804138913750648, 0.009538539685308933, 0.0077537717297673225, 0.007947423495352268, 0.007745997980237007, 0.007840702310204506, 0.008049806579947472, 0.008283673785626888, 0.008678854443132877, 0.00877526868134737, 0.008679940365254879, 0.008653871715068817, 0.008456187322735786, 0.00834500603377819, 0.008297719061374664, 0.008424472063779831, 0.009127898141741753, 0.00989652331918478, 0.009818816557526588, 0.009103873744606972, 0.00846785306930542, 0.008478347212076187, 0.008342955261468887, 0.008359616622328758, 0.008673309348523617, 0.008962061256170273, 0.008963851258158684, 0.009390782564878464, 0.009404167532920837, 0.009458177722990513, 0.00948534905910492, 0.009866425767540932, 0.0099262073636055, 0.009983344003558159, 0.009534081444144249, 0.00964521523565054, 0.009934359230101109, 0.009602861478924751, 0.009470107033848763, 0.010002567432820797, 0.010201443918049335, 0.01027669757604599, 0.010097229853272438, 0.010238965041935444, 0.004581138491630554]}
all losses in batch in validation:  {'loss': [0.01728447712957859, 0.01830604299902916, 0.018718034029006958, 0.019027436152100563, 0.0177767276763916, 0.018666379153728485, 0.01923142746090889, 0.018160279840230942, 0.018230807036161423, 0.01741888001561165, 0.01665092445909977, 0.016324715688824654, 0.01622527465224266, 0.015780648216605186, 0.015325237065553665, 0.015328114852309227, 0.015602119266986847, 0.016060926020145416, 0.01570821739733219, 0.015558012761175632, 0.016315430402755737, 0.016153771430253983, 0.01582467183470726, 0.01570296660065651, 0.015881292521953583, 0.018175024539232254, 0.019820457324385643, 0.02010500803589821, 0.02016696147620678, 0.021706925705075264, 0.02167176827788353, 0.022429052740335464, 0.0231788270175457, 0.02470662258565426, 0.021391525864601135, 0.026279188692569733, 0.028024950996041298, 0.01558388490229845, 0.013051580637693405, 0.013697711750864983, 0.014369610697031021, 0.014656443148851395, 0.012700273655354977, 0.011119204573333263, 0.01120811328291893, 0.0105449128895998, 0.009949326515197754, 0.010309932753443718, 0.010479580610990524, 0.010629858821630478, 0.010652813129127026, 0.010872405022382736, 0.010391865856945515, 0.010732080787420273, 0.010381120257079601, 0.010705159977078438, 0.010572840459644794, 0.010934237390756607, 0.010740993544459343, 0.011130726896226406, 0.01140153594315052, 0.01088005118072033, 0.011117348447442055, 0.01067381165921688, 0.010847285389900208, 0.010731003247201443, 0.011274440214037895, 0.010963295586407185, 0.011007589288055897, 0.011028753593564034, 0.011181592009961605, 0.01113133318722248, 0.011359565891325474, 0.011393850669264793, 0.011739721521735191, 0.012415644712746143, 0.01231992058455944, 0.012557735666632652, 0.012642872519791126, 0.012388204224407673, 0.01262335292994976, 0.012862693518400192, 0.013002533465623856, 0.013368402607738972, 0.013627147302031517, 0.013820391148328781, 0.013646000996232033, 0.013507042080163956, 0.013377728872001171, 0.01369709987193346, 0.014200814068317413, 0.014319906942546368, 0.014463813044130802, 0.014093969017267227, 0.013688611797988415, 0.01319403387606144, 0.013005842454731464, 0.013547565788030624, 0.013923890888690948, 0.01372360810637474, 0.014652302488684654, 0.014324001967906952, 0.01580025814473629, 0.014729859307408333, 0.013722985982894897, 0.013803215697407722, 0.01383720152080059, 0.014699963852763176, 0.014913177117705345, 0.013743285089731216, 0.013544115237891674, 0.013368768617510796, 0.012346669100224972, 0.012138986960053444, 0.011973125860095024, 0.012746594846248627, 0.012230196967720985, 0.011899441480636597, 0.012245465070009232, 0.012395868077874184, 0.01267663948237896, 0.013065558858215809, 0.012979146093130112, 0.01328365970402956, 0.013293779455125332, 0.013635728508234024, 0.013581270352005959, 0.013628127053380013, 0.014299599453806877, 0.015613382682204247, 0.015498431399464607, 0.01610666513442993, 0.01661902666091919, 0.016685044392943382, 0.016436303034424782, 0.01844271831214428, 0.02147776633501053, 0.023753471672534943, 0.02053295448422432, 0.02102244272828102, 0.021698355674743652, 0.020235031843185425, 0.02607942745089531, 0.023634295910596848, 0.022826235741376877, 0.01891372725367546, 0.016548898071050644, 0.018135521560907364, 0.017635177820920944, 0.01919625699520111, 0.020673677325248718, 0.021534353494644165, 0.01995457150042057, 0.018281053751707077, 0.014069218188524246, 0.01573696732521057, 0.013751817867159843, 0.0148959681391716, 0.014745848253369331, 0.013841364532709122, 0.013844296336174011, 0.014085821807384491, 0.015965376049280167, 0.014519362710416317, 0.016194220632314682, 0.01652689278125763, 0.015687957406044006, 0.015137912705540657, 0.015539937652647495, 0.015502385795116425, 0.016173353418707848, 0.015947362408041954, 0.016869667917490005, 0.016437578946352005, 0.016890209168195724, 0.016335567459464073, 0.016713658347725868, 0.01668837107717991, 0.015326661989092827, 0.015233353711664677, 0.014302851632237434, 0.014392828568816185, 0.013992254622280598, 0.014472798444330692, 0.014354480430483818, 0.01358515303581953, 0.013409813866019249, 0.013296620920300484, 0.013856286182999611, 0.014078812673687935, 0.01294829323887825, 0.013769001699984074, 0.012357842177152634, 0.012729398906230927, 0.012685192748904228, 0.012719152495265007, 0.012031635269522667, 0.012743712402880192, 0.013918837532401085, 0.014110948890447617, 0.014165585860610008, 0.014410367235541344, 0.014301286078989506, 0.014834865927696228, 0.015327390283346176, 0.01527337171137333, 0.016438543796539307, 0.016366951167583466, 0.014413509517908096, 0.015237990766763687, 0.014653902500867844, 0.015325631015002728, 0.016258984804153442, 0.014448817819356918, 0.015349384397268295, 0.015374789945781231, 0.015258428640663624, 0.014534411951899529, 0.013068417087197304, 0.01436351053416729, 0.01345299743115902, 0.012910652905702591, 0.012089681811630726, 0.013376753777265549, 0.012091931886970997, 0.011125372722744942, 0.011698130518198013, 0.014915399253368378, 0.013915332034230232, 0.011487176641821861, 0.012820562347769737, 0.012986174784600735, 0.011638767085969448, 0.012726062908768654, 0.013508307747542858, 0.010947261936962605, 0.011326403357088566, 0.012980224564671516, 0.010278780944645405, 0.011792711913585663, 0.009929578751325607, 0.009090125560760498, 0.011076502501964569, 0.008851559832692146, 0.01015322096645832, 0.009237210266292095, 0.009701180271804333, 0.010201032273471355, 0.010859989561140537, 0.010873517021536827, 0.010376101359724998, 0.011506030336022377, 0.01113075390458107, 0.010746719315648079, 0.010904373601078987, 0.010491536930203438, 0.012306186370551586, 0.011770911514759064, 0.010516069829463959, 0.011925561353564262, 0.011766495183110237, 0.010504478588700294, 0.01235038973391056, 0.013303672894835472, 0.013732481747865677, 0.013370497152209282, 0.014331757090985775, 0.01500449888408184, 0.014794159680604935, 0.014656569808721542, 0.015231570228934288, 0.016387350857257843, 0.01707274653017521, 0.017567168921232224, 0.017224904149770737, 0.016718918457627296, 0.019799698144197464, 0.019847217947244644, 0.018716471269726753, 0.021072596311569214, 0.020247718319296837, 0.020248260349035263, 0.019728239625692368, 0.019613446667790413, 0.021405864506959915, 0.021707862615585327, 0.021981192752718925, 0.022749945521354675, 0.022769715636968613, 0.022772911936044693, 0.02273670956492424, 0.024134032428264618, 0.023216746747493744, 0.022083161398768425, 0.02400548756122589, 0.021999482065439224, 0.027496423572301865, 0.028782807290554047, 0.02563965879380703, 0.02011050283908844, 0.021007347851991653, 0.018831459805369377, 0.018380098044872284, 0.019034812226891518, 0.019136110320687294, 0.019260503351688385, 0.01935064047574997, 0.019718967378139496, 0.02068585529923439, 0.020557792857289314, 0.0210689976811409, 0.02169964089989662, 0.022076081484556198, 0.026545900851488113, 0.02486022561788559, 0.025671033188700676, 0.025225521996617317, 0.02538040280342102, 0.026969637721776962, 0.027648476883769035, 0.028025111183524132, 0.028269173577427864, 0.028567558154463768, 0.030170779675245285, 0.031201481819152832, 0.03838986158370972, 0.03058532625436783, 0.02979922853410244, 0.029709432274103165, 0.027735713869333267, 0.025985440239310265, 0.022925082594156265, 0.021202856674790382, 0.01712813973426819, 0.016854602843523026, 0.016391655430197716, 0.01547136902809143, 0.01457197219133377, 0.014729376882314682, 0.015070110559463501, 0.013935043476521969, 0.013830814510583878, 0.013746963813900948, 0.013594361022114754, 0.013644526712596416, 0.01330648921430111, 0.013253850862383842, 0.013059113174676895, 0.012500392273068428, 0.012092094868421555, 0.011720005422830582, 0.011555533856153488, 0.011815710924565792, 0.01211539376527071, 0.01254819706082344, 0.01320077944546938, 0.013299034908413887, 0.013471846468746662, 0.013801706954836845, 0.01258089393377304, 0.012708771973848343, 0.012705348432064056, 0.012563321739435196, 0.0131413284689188, 0.013343142345547676, 0.01315984595566988, 0.013001210056245327, 0.013317231088876724, 0.013605157844722271, 0.013436151668429375, 0.013385591097176075, 0.013812212273478508, 0.013549204915761948, 0.013594013638794422, 0.014274096116423607, 0.013869400136172771, 0.01379744429141283, 0.013147522695362568, 0.013372953049838543, 0.012647295370697975, 0.01167720090597868, 0.01183336041867733, 0.012201515026390553, 0.014674448408186436, 0.015824954956769943, 0.017635924741625786, 0.017310544848442078, 0.017771808430552483, 0.018782813102006912, 0.01911727711558342, 0.018192779272794724, 0.018703646957874298, 0.018997367471456528, 0.02112913504242897, 0.020619623363018036, 0.01748555153608322, 0.015680141746997833, 0.015614645555615425, 0.015859104692935944, 0.015951909124851227, 0.015722019597887993, 0.015965502709150314, 0.01621597819030285, 0.015884120017290115, 0.015501811169087887, 0.016792848706245422, 0.017038721591234207, 0.017550978809595108, 0.018259763717651367, 0.023450389504432678, 0.026003580540418625, 0.027509599924087524, 0.0241159126162529, 0.019271789118647575, 0.019333872944116592, 0.018882887437939644, 0.020479079335927963, 0.019977863878011703, 0.018676094710826874, 0.017973285168409348, 0.017186664044857025, 0.017965173348784447, 0.0186601635068655, 0.01713549718260765, 0.017294127494096756, 0.01948631927371025, 0.02233736962080002, 0.024929307401180267, 0.023256070911884308, 0.021939417347311974, 0.021722594276070595, 0.024030625820159912, 0.021739967167377472, 0.02353517711162567, 0.027480565011501312, 0.02804812602698803, 0.03520185500383377, 0.033602524548769, 0.03517714515328407, 0.032980598509311676, 0.03158928081393242, 0.0315939299762249, 0.030301544815301895, 0.03125220909714699, 0.03275320306420326, 0.027518441900610924, 0.027968082576990128, 0.024786923080682755, 0.023410551249980927, 0.02322164550423622, 0.02428453043103218, 0.022233586758375168, 0.021424297243356705, 0.020750125870108604, 0.02244320884346962, 0.021523602306842804, 0.02142171561717987, 0.016669999808073044, 0.017099104821681976, 0.01797984167933464, 0.020533910021185875, 0.02219400741159916, 0.02426973171532154, 0.026082949712872505, 0.0270349383354187, 0.030643532052636147, 0.0375017412006855, 0.03183027729392052, 0.03477857634425163, 0.03503802418708801, 0.03078003227710724, 0.031678102910518646, 0.03159070760011673, 0.027512257918715477, 0.02616945281624794, 0.024638473987579346, 0.02203786000609398, 0.025460239499807358, 0.024017002433538437, 0.02198868617415428, 0.022912632673978806, 0.020316869020462036, 0.020690811797976494, 0.021253958344459534, 0.02317594550549984, 0.022188056260347366, 0.024441152811050415, 0.024527590721845627, 0.02649436891078949, 0.025054562836885452, 0.025758694857358932, 0.02656734362244606, 0.025097966194152832, 0.026341557502746582, 0.023979119956493378, 0.02496417984366417, 0.02332676574587822, 0.02061246708035469, 0.022775817662477493, 0.0159352608025074], 'L_si': [0.008258342742919922, 0.008955026976764202, 0.009203960187733173, 0.009447846561670303, 0.008590121753513813, 0.00926410686224699, 0.009575305506587029, 0.008951456286013126, 0.008970026858150959, 0.008498085662722588, 0.008022529073059559, 0.007738081738352776, 0.007652153726667166, 0.007282628212124109, 0.006988502573221922, 0.00689067505300045, 0.007097411435097456, 0.007382032927125692, 0.007181451190263033, 0.007123594172298908, 0.00756149273365736, 0.007575434632599354, 0.007086365483701229, 0.0070248497650027275, 0.0070719039067626, 0.008319931104779243, 0.009325861930847168, 0.009256984107196331, 0.00913288351148367, 0.010044509544968605, 0.010043447837233543, 0.0105287479236722, 0.011149155907332897, 0.012490592896938324, 0.010549105703830719, 0.01437570620328188, 0.01640920899808407, 0.006888663396239281, 0.005287712439894676, 0.005725970026105642, 0.006206555292010307, 0.006751935929059982, 0.005598338320851326, 0.004429944790899754, 0.004479939583688974, 0.004138144664466381, 0.0038411736022681, 0.004018350970000029, 0.004060771316289902, 0.004080558195710182, 0.003997035324573517, 0.0041374764405190945, 0.004022218286991119, 0.004189378581941128, 0.0039946455508470535, 0.004168089013546705, 0.00408182991668582, 0.004241212736815214, 0.0041229031048715115, 0.004267480224370956, 0.004308679606765509, 0.004002313129603863, 0.004146160092204809, 0.003970447462052107, 0.00410368200391531, 0.004070392344146967, 0.004356688819825649, 0.0041023725643754005, 0.00415392592549324, 0.004181216936558485, 0.004264389164745808, 0.0042152246460318565, 0.0043713925406336784, 0.00445557152852416, 0.0046148584224283695, 0.005063672550022602, 0.00492487195879221, 0.005025900434702635, 0.0049789645709097385, 0.0048066978342831135, 0.004839410539716482, 0.004992786794900894, 0.005160822533071041, 0.005302177742123604, 0.00531598087400198, 0.005431575700640678, 0.00535763381049037, 0.005353938322514296, 0.005286933854222298, 0.005500360392034054, 0.005779758561402559, 0.005826250649988651, 0.005943158641457558, 0.005819998681545258, 0.005489037372171879, 0.005302506033331156, 0.005112643353641033, 0.005410824436694384, 0.005475203040987253, 0.005237580742686987, 0.0057251472026109695, 0.005460119806230068, 0.006243275012820959, 0.005743182729929686, 0.0051778932102024555, 0.005157580133527517, 0.005219876766204834, 0.0056660957634449005, 0.005744630005210638, 0.005079413298517466, 0.0049163056537508965, 0.004868179094046354, 0.004337682388722897, 0.004245649091899395, 0.0041366457007825375, 0.004425953608006239, 0.004179161507636309, 0.004058610647916794, 0.004123020451515913, 0.004230804741382599, 0.004382371436804533, 0.004571286030113697, 0.004596419632434845, 0.004756432957947254, 0.004680002108216286, 0.004815340507775545, 0.004850320052355528, 0.004845902323722839, 0.005220528692007065, 0.005895120557397604, 0.005911773070693016, 0.00612973514944315, 0.006383289583027363, 0.006464122328907251, 0.006336869206279516, 0.007696386892348528, 0.009587076492607594, 0.010433755815029144, 0.008306171745061874, 0.008476239629089832, 0.008824216201901436, 0.007881756871938705, 0.012178905308246613, 0.010336385108530521, 0.00971680786460638, 0.007908524945378304, 0.006685660686343908, 0.00802010577172041, 0.008295878767967224, 0.009766501374542713, 0.010558043606579304, 0.011513665318489075, 0.010411012917757034, 0.009335138835012913, 0.006450376007705927, 0.0075971949845552444, 0.006118851713836193, 0.007103463169187307, 0.007050055544823408, 0.006187828257679939, 0.006123390980064869, 0.006386110093444586, 0.0076772370375692844, 0.00649003591388464, 0.007766688242554665, 0.007807188667356968, 0.0072434404864907265, 0.007105282042175531, 0.007389922626316547, 0.007220617961138487, 0.007619247306138277, 0.007610253524035215, 0.008241470903158188, 0.007975985296070576, 0.008364809677004814, 0.007893485017120838, 0.008282013237476349, 0.008228715509176254, 0.0073011196218431, 0.007004380226135254, 0.006533517036587, 0.006608608178794384, 0.006211478263139725, 0.006591956131160259, 0.0064145163632929325, 0.006018093787133694, 0.006008449010550976, 0.005965908523648977, 0.006164747290313244, 0.0063608563505113125, 0.005612723995000124, 0.006051297765225172, 0.005273737944662571, 0.005541830789297819, 0.0054689995013177395, 0.005413820035755634, 0.00497704790905118, 0.005507064517587423, 0.0061997901648283005, 0.006508976686745882, 0.006683864630758762, 0.006771743297576904, 0.006728527136147022, 0.007168048992753029, 0.007374738808721304, 0.007466795388609171, 0.008241331204771996, 0.008138006553053856, 0.006840310525149107, 0.00733677064999938, 0.0070088692009449005, 0.007337257266044617, 0.007919489406049252, 0.00679166940972209, 0.007340326439589262, 0.0073141371831297874, 0.0070876264944672585, 0.00674790795892477, 0.0056654782965779305, 0.006408470217138529, 0.005967163015156984, 0.005472856108099222, 0.004874187055975199, 0.005719724111258984, 0.0050440579652786255, 0.004479000344872475, 0.004848421551287174, 0.00664043053984642, 0.006020359229296446, 0.00469637755304575, 0.005306949373334646, 0.00532340444624424, 0.004605576395988464, 0.005190697032958269, 0.005671169608831406, 0.004280860535800457, 0.0044722724705934525, 0.00530827883630991, 0.0037950382102280855, 0.004573271609842777, 0.00353091093711555, 0.0030738709028810263, 0.004156539682298899, 0.002948679495602846, 0.0036880336701869965, 0.0031864868942648172, 0.003460761159658432, 0.0036774398759007454, 0.004052931442856789, 0.004134473390877247, 0.003887110622599721, 0.004577053710818291, 0.004383563529700041, 0.0041543422266840935, 0.0042894878424704075, 0.003974718041718006, 0.005107790231704712, 0.004837650340050459, 0.004058735445141792, 0.0050079734064638615, 0.004943784326314926, 0.0041523585096001625, 0.005231635645031929, 0.005759452003985643, 0.005996503867208958, 0.005732828285545111, 0.006355153396725655, 0.006680510472506285, 0.006605419330298901, 0.0065021030604839325, 0.0068878293968737125, 0.0075555723160505295, 0.008006539195775986, 0.008320480585098267, 0.008117279969155788, 0.007774763274937868, 0.009684347547590733, 0.00961978267878294, 0.009021342732012272, 0.010549686849117279, 0.010055258870124817, 0.010208540596067905, 0.009899036027491093, 0.009971593506634235, 0.01129409670829773, 0.011563745327293873, 0.011799048632383347, 0.012674089521169662, 0.012629423290491104, 0.012603565119206905, 0.0124149639159441, 0.013486199080944061, 0.01289334986358881, 0.012115716002881527, 0.013476962223649025, 0.012060043402016163, 0.015352703630924225, 0.016397852450609207, 0.014179591089487076, 0.01087945420295, 0.011535029858350754, 0.010566361248493195, 0.010633498430252075, 0.011328790336847305, 0.011478839442133904, 0.011608516797423363, 0.011704014614224434, 0.012009451165795326, 0.012708261609077454, 0.012658491730690002, 0.013003259897232056, 0.013346929103136063, 0.013440445065498352, 0.016061298549175262, 0.015185642056167126, 0.015583077445626259, 0.015463659539818764, 0.015654180198907852, 0.016567159444093704, 0.017025064677000046, 0.017255209386348724, 0.017300352454185486, 0.017803169786930084, 0.01892857626080513, 0.019216977059841156, 0.024328168481588364, 0.01799219660460949, 0.01752850040793419, 0.01734735630452633, 0.016250595450401306, 0.015348467975854874, 0.013193200342357159, 0.01202545315027237, 0.009213312529027462, 0.008775738067924976, 0.008431565016508102, 0.007328237406909466, 0.006630743388086557, 0.006368696223944426, 0.005933447275310755, 0.005248752422630787, 0.005245053209364414, 0.005124021787196398, 0.005066828336566687, 0.005105990916490555, 0.004802116192877293, 0.004729354754090309, 0.0048448811285197735, 0.004629973787814379, 0.004489072598516941, 0.004307544324547052, 0.004223331809043884, 0.004459129646420479, 0.004529330879449844, 0.004624775145202875, 0.005068601109087467, 0.0052591837011277676, 0.005278497934341431, 0.005452011711895466, 0.0046143545769155025, 0.004627857357263565, 0.004821132402867079, 0.004709315020591021, 0.005032580345869064, 0.005078926682472229, 0.004973072558641434, 0.00488987285643816, 0.005168544128537178, 0.00531400553882122, 0.005223576445132494, 0.005244571715593338, 0.005533857736736536, 0.005475013982504606, 0.005416532978415489, 0.005854785908013582, 0.0056374408304691315, 0.005735601298511028, 0.0055428482592105865, 0.005499153397977352, 0.004933228716254234, 0.004431300796568394, 0.004597522784024477, 0.004933211952447891, 0.006339432671666145, 0.006935844197869301, 0.007940097711980343, 0.00801780354231596, 0.008435475639998913, 0.009046822786331177, 0.009289020672440529, 0.00931335799396038, 0.009907852858304977, 0.009902733378112316, 0.01092432253062725, 0.010195383802056313, 0.008209886029362679, 0.007009941153228283, 0.007029014173895121, 0.007208035793155432, 0.0073561882600188255, 0.007152778096497059, 0.00734905106946826, 0.007428438868373632, 0.007205143105238676, 0.007024768739938736, 0.007843438535928726, 0.008068048395216465, 0.008341078646481037, 0.008708121255040169, 0.012308529578149319, 0.01458157692104578, 0.01541410107165575, 0.012700301595032215, 0.00928417406976223, 0.009393506683409214, 0.009040558710694313, 0.009975631721317768, 0.009626850485801697, 0.008720100857317448, 0.008282569237053394, 0.007681640330702066, 0.008095357567071915, 0.00867555383592844, 0.00783758144825697, 0.0078589404001832, 0.00937583763152361, 0.011344203725457191, 0.013434845954179764, 0.012198306620121002, 0.011285513639450073, 0.010916244238615036, 0.012621864676475525, 0.010905811563134193, 0.012062236666679382, 0.014940152876079082, 0.015343617647886276, 0.021155234426259995, 0.01976003497838974, 0.021099990233778954, 0.01890101470053196, 0.017703164368867874, 0.017633892595767975, 0.0167243629693985, 0.017758885398507118, 0.018985236063599586, 0.014674223959445953, 0.015172170475125313, 0.013045632280409336, 0.012054074555635452, 0.011977814137935638, 0.012657598592340946, 0.011350550688803196, 0.010882629081606865, 0.010331314988434315, 0.011344971135258675, 0.010774899274110794, 0.011143806390464306, 0.008556976914405823, 0.008830120787024498, 0.009257139638066292, 0.010799115523695946, 0.011662956327199936, 0.013162123039364815, 0.014428663067519665, 0.01512119174003601, 0.01774420775473118, 0.02338559180498123, 0.019353516399860382, 0.02234082855284214, 0.02279176190495491, 0.018724437803030014, 0.019669877365231514, 0.01943632960319519, 0.015375889837741852, 0.014617360197007656, 0.013593641109764576, 0.011427312158048153, 0.014337384141981602, 0.013124469667673111, 0.011261866427958012, 0.01200218964368105, 0.010321131907403469, 0.010678870603442192, 0.010980280116200447, 0.012625152245163918, 0.011859605088829994, 0.01332343090325594, 0.013491470366716385, 0.015030951239168644, 0.01434516254812479, 0.014695883728563786, 0.01531452126801014, 0.014165043830871582, 0.014891649596393108, 0.013408813625574112, 0.014071405865252018, 0.01255203876644373, 0.010949037037789822, 0.012789690867066383, 0.01137983426451683], 'L_grad': [0.009026134386658669, 0.009351015090942383, 0.00951407477259636, 0.00957958959043026, 0.009186605922877789, 0.00940227322280407, 0.009656122885644436, 0.00920882262289524, 0.009260781109333038, 0.008920795284211636, 0.00862839538604021, 0.008586633950471878, 0.008573120459914207, 0.00849801953881979, 0.00833673495799303, 0.008437439799308777, 0.008504708297550678, 0.008678892627358437, 0.008526766672730446, 0.008434418588876724, 0.008753938600420952, 0.008578337728977203, 0.008738307282328606, 0.008678115904331207, 0.008809387683868408, 0.00985509343445301, 0.010494595393538475, 0.010848024860024452, 0.01103407796472311, 0.011662416160106659, 0.011628319509327412, 0.011900304816663265, 0.012029672041535378, 0.012216029688715935, 0.010842420160770416, 0.011903483420610428, 0.01161574199795723, 0.00869522150605917, 0.007763867732137442, 0.007971742190420628, 0.008163055405020714, 0.007904507219791412, 0.007101935334503651, 0.00668925978243351, 0.006728173233568668, 0.006406768225133419, 0.006108153145760298, 0.006291581783443689, 0.0064188092947006226, 0.006549300625920296, 0.006655777804553509, 0.006734929047524929, 0.006369647569954395, 0.006542701739817858, 0.006386474706232548, 0.0065370709635317326, 0.006491010542958975, 0.00669302511960268, 0.0066180904395878315, 0.00686324667185545, 0.007092856802046299, 0.0068777380511164665, 0.006971188820898533, 0.006703364197164774, 0.00674360292032361, 0.006660610903054476, 0.006917750928550959, 0.006860923022031784, 0.006853663362562656, 0.006847536191344261, 0.006917202845215797, 0.006916108075529337, 0.006988173350691795, 0.006938278675079346, 0.007124863564968109, 0.007351972162723541, 0.007395049091428518, 0.007531835697591305, 0.007663907948881388, 0.007581506390124559, 0.007783942390233278, 0.007869906723499298, 0.007841710932552814, 0.008066224865615368, 0.008311166428029537, 0.008388815447688103, 0.008288366720080376, 0.008153104223310947, 0.008090795017778873, 0.008196739479899406, 0.008421055972576141, 0.008493656292557716, 0.008520654402673244, 0.00827397033572197, 0.008199574425816536, 0.007891528308391571, 0.007893199101090431, 0.008136741816997528, 0.008448688313364983, 0.008486027829349041, 0.008927155286073685, 0.008863882161676884, 0.009556983597576618, 0.00898667611181736, 0.00854509323835373, 0.008645635098218918, 0.008617324754595757, 0.009033868089318275, 0.009168547578155994, 0.008663872256875038, 0.008627809584140778, 0.008500589057803154, 0.008008986711502075, 0.007893337868154049, 0.007836480624973774, 0.008320641703903675, 0.00805103499442339, 0.007840830832719803, 0.008122445084154606, 0.008165063336491585, 0.00829426757991314, 0.008494272828102112, 0.008382726460695267, 0.008527226746082306, 0.008613777346909046, 0.008820387534797192, 0.008730949833989143, 0.008782224729657173, 0.009079070761799812, 0.00971826259046793, 0.009586658328771591, 0.009976929984986782, 0.010235738009214401, 0.010220922529697418, 0.010099434293806553, 0.010746330954134464, 0.01189068891108036, 0.013319716788828373, 0.01222678180783987, 0.012546202167868614, 0.012874139472842216, 0.012353274039924145, 0.013900521211326122, 0.013297909870743752, 0.013109428808093071, 0.011005201376974583, 0.009863236919045448, 0.01011541485786438, 0.00933929905295372, 0.009429754689335823, 0.01011563464999199, 0.01002068817615509, 0.009543558582663536, 0.00894591398537159, 0.007618841715157032, 0.008139771409332752, 0.00763296615332365, 0.007792504504323006, 0.0076957931742072105, 0.007653535809367895, 0.007720905356109142, 0.007699711713939905, 0.00828813947737217, 0.008029326796531677, 0.008427533321082592, 0.008719705045223236, 0.008444515988230705, 0.008032631129026413, 0.008150015026330948, 0.00828176736831665, 0.008554105646908283, 0.008337109349668026, 0.008628196083009243, 0.008461592718958855, 0.00852539949119091, 0.008442082442343235, 0.00843164511024952, 0.008459655568003654, 0.00802554190158844, 0.008228973485529423, 0.007769335061311722, 0.007784220855683088, 0.007780776359140873, 0.007880842313170433, 0.007939964532852173, 0.007567059248685837, 0.007401364855468273, 0.007330712862312794, 0.007691538892686367, 0.007717955857515335, 0.007335569243878126, 0.007717703934758902, 0.007084104232490063, 0.00718756765127182, 0.007216192781925201, 0.007305332459509373, 0.007054587826132774, 0.0072366478852927685, 0.007719046901911497, 0.007601971738040447, 0.007481720764189959, 0.007638623937964439, 0.0075727589428424835, 0.007666816934943199, 0.007952651008963585, 0.0078065767884254456, 0.008197212591767311, 0.008228945545852184, 0.007573199458420277, 0.00790121965110302, 0.007645033299922943, 0.00798837374895811, 0.008339496329426765, 0.007657147943973541, 0.008009057492017746, 0.008060652762651443, 0.008170802146196365, 0.007786503992974758, 0.007402938790619373, 0.007955040782690048, 0.0074858348816633224, 0.0074377963319420815, 0.007215494755655527, 0.007657029666006565, 0.007047873921692371, 0.006646372377872467, 0.006849708966910839, 0.008274968713521957, 0.007894972339272499, 0.006790799088776112, 0.007513612974435091, 0.007662770338356495, 0.007033190689980984, 0.0075353654101490974, 0.007837138138711452, 0.0066664014011621475, 0.006854130886495113, 0.007671945728361607, 0.006483742967247963, 0.007219440303742886, 0.006398667581379414, 0.006016254890710115, 0.006919962354004383, 0.0059028808027505875, 0.006465186830610037, 0.006050723604857922, 0.006240419112145901, 0.00652359239757061, 0.006807058118283749, 0.0067390440963208675, 0.006488990969955921, 0.006928976159542799, 0.0067471908405423164, 0.0065923770889639854, 0.006614885292947292, 0.006516818888485432, 0.007198396138846874, 0.0069332607090473175, 0.006457333918660879, 0.006917587481439114, 0.006822710856795311, 0.006352120079100132, 0.007118753623217344, 0.007544220425188541, 0.007735977880656719, 0.007637668401002884, 0.00797660369426012, 0.008323987945914268, 0.008188740350306034, 0.00815446674823761, 0.008343741297721863, 0.008831778541207314, 0.009066207334399223, 0.009246688336133957, 0.009107625111937523, 0.008944155648350716, 0.010115351527929306, 0.01022743433713913, 0.009695128537714481, 0.010522909462451935, 0.01019245944917202, 0.010039720684289932, 0.009829203598201275, 0.009641853161156178, 0.010111767798662186, 0.010144118219614029, 0.010182144120335579, 0.010075856000185013, 0.010140292346477509, 0.010169347748160362, 0.010321746580302715, 0.010647834278643131, 0.01032339595258236, 0.009967445395886898, 0.010528524406254292, 0.009939437732100487, 0.01214371994137764, 0.012384955771267414, 0.011460067704319954, 0.009231049567461014, 0.0094723179936409, 0.008265098556876183, 0.007746600545942783, 0.007706021890044212, 0.0076572708785533905, 0.007651985622942448, 0.007646624930202961, 0.007709517143666744, 0.007977593690156937, 0.007899301126599312, 0.008065737783908844, 0.008352710865437984, 0.008635636419057846, 0.010484602302312851, 0.00967458263039589, 0.010087955743074417, 0.009761862456798553, 0.009726223535835743, 0.010402478277683258, 0.01062341220676899, 0.010769901797175407, 0.010968821123242378, 0.010764388367533684, 0.011242203414440155, 0.011984504759311676, 0.014061691239476204, 0.012593130581080914, 0.012270728126168251, 0.012362075969576836, 0.011485118418931961, 0.010636972263455391, 0.009731883183121681, 0.009177403524518013, 0.007914826273918152, 0.008078865706920624, 0.007960090413689613, 0.008143131621181965, 0.007941228337585926, 0.008360680192708969, 0.009136663749814034, 0.008686291053891182, 0.008585761301219463, 0.008622941561043262, 0.008527533151209354, 0.008538535796105862, 0.008504373021423817, 0.008524496108293533, 0.008214232511818409, 0.007870418950915337, 0.007603022735565901, 0.007412461098283529, 0.007332202047109604, 0.007356581278145313, 0.007586062885820866, 0.007923422381281853, 0.008132178336381912, 0.008039850741624832, 0.008193348534405231, 0.00834969524294138, 0.007966538891196251, 0.008080914616584778, 0.007884216494858265, 0.007854007184505463, 0.008108748123049736, 0.008264215663075447, 0.008186773397028446, 0.008111337199807167, 0.008148686960339546, 0.00829115230590105, 0.008212575688958168, 0.008141019381582737, 0.008278354071080685, 0.008074191398918629, 0.008177480660378933, 0.008419310674071312, 0.00823195930570364, 0.008061842992901802, 0.007604674436151981, 0.00787379965186119, 0.007714067120105028, 0.007245900109410286, 0.007235837168991566, 0.007268303073942661, 0.00833501573652029, 0.008889111690223217, 0.009695827029645443, 0.009292742237448692, 0.00933633279055357, 0.009735990315675735, 0.009828256443142891, 0.008879421278834343, 0.00879579409956932, 0.009094635024666786, 0.01020481251180172, 0.010424238629639149, 0.009275665506720543, 0.008670201525092125, 0.008585631847381592, 0.008651068434119225, 0.008595719933509827, 0.008569241501390934, 0.008616451174020767, 0.008787538856267929, 0.008678976446390152, 0.00847704242914915, 0.00894941110163927, 0.008970672264695168, 0.009209899231791496, 0.009551642462611198, 0.011141860857605934, 0.01142200268805027, 0.0120954979211092, 0.01141561008989811, 0.009987615048885345, 0.009940367192029953, 0.00984232872724533, 0.01050344854593277, 0.010351013392210007, 0.009955993853509426, 0.009690716862678528, 0.009505023248493671, 0.009869815781712532, 0.009984609670937061, 0.009297914803028107, 0.00943518616259098, 0.010110481642186642, 0.010993165895342827, 0.011494461447000504, 0.011057764291763306, 0.0106539037078619, 0.010806350037455559, 0.011408762075006962, 0.010834155604243279, 0.011472939513623714, 0.012540413066744804, 0.012704508379101753, 0.014046620577573776, 0.013842489570379257, 0.01407715491950512, 0.014079584740102291, 0.01388611551374197, 0.01396003644913435, 0.013577181845903397, 0.01349332369863987, 0.013767967000603676, 0.01284421794116497, 0.012795912101864815, 0.011741289868950844, 0.011356476694345474, 0.011243830434978008, 0.01162693090736866, 0.010883036069571972, 0.01054166816174984, 0.01041881088167429, 0.011098237708210945, 0.01074870303273201, 0.01027791015803814, 0.008113022893667221, 0.008268984034657478, 0.008722702972590923, 0.00973479449748993, 0.010531051084399223, 0.011107608675956726, 0.01165428664535284, 0.011913747526705265, 0.012899324297904968, 0.01411614939570427, 0.012476760894060135, 0.012437747791409492, 0.012246264144778252, 0.01205559354275465, 0.012008224613964558, 0.012154379859566689, 0.012136368080973625, 0.01155209168791771, 0.011044831946492195, 0.010610546916723251, 0.011122854426503181, 0.010892532765865326, 0.010726818814873695, 0.01091044396162033, 0.009995736181735992, 0.010011941194534302, 0.010273678228259087, 0.010550793260335922, 0.010328452102839947, 0.011117720976471901, 0.011036120355129242, 0.011463416740298271, 0.010709401220083237, 0.011062810197472572, 0.01125282235443592, 0.01093292236328125, 0.011449908837676048, 0.010570306330919266, 0.010892773047089577, 0.010774726048111916, 0.009663430973887444, 0.009986125864088535, 0.004555427469313145]}
all losses in batch in validation:  {'loss': [0.023489732295274734, 0.0246177539229393, 0.024311140179634094, 0.024208318442106247, 0.023912280797958374, 0.02484000474214554, 0.024389691650867462, 0.02365819364786148, 0.02320425771176815, 0.021870408207178116, 0.020497409626841545, 0.018955517560243607, 0.018542271107435226, 0.01670573092997074, 0.016567520797252655, 0.016533423215150833, 0.01593976840376854, 0.015690268948674202, 0.014783426187932491, 0.015027342364192009, 0.016846440732479095, 0.02005673572421074, 0.019185572862625122, 0.021150309592485428, 0.017599698156118393, 0.023091908544301987, 0.03215073049068451, 0.02671416476368904, 0.019210364669561386, 0.019566107541322708, 0.019812820479273796, 0.02111021801829338, 0.021590132266283035, 0.0234827920794487, 0.018302347511053085, 0.017928963527083397, 0.015358847565948963, 0.012852932326495647, 0.012187681160867214, 0.012899048626422882, 0.01350806001573801, 0.013790427707135677, 0.01222735270857811, 0.010863304138183594, 0.011263683438301086, 0.010507136583328247, 0.009824102744460106, 0.0101506058126688, 0.010265259072184563, 0.010466143488883972, 0.010451871901750565, 0.010473877191543579, 0.010469178669154644, 0.010804574005305767, 0.010653335601091385, 0.010844578966498375, 0.010616308078169823, 0.010724404826760292, 0.010738391429185867, 0.010832849889993668, 0.011066719889640808, 0.010608965530991554, 0.01095234788954258, 0.010784129612147808, 0.011011509224772453, 0.011016585864126682, 0.01152094267308712, 0.011217465624213219, 0.011145452037453651, 0.011299986392259598, 0.011550315655767918, 0.01156373880803585, 0.012086030095815659, 0.012014629319310188, 0.012475332245230675, 0.013104455545544624, 0.012879946269094944, 0.012777652591466904, 0.012658130377531052, 0.012481249868869781, 0.012675237841904163, 0.012800239026546478, 0.012921754270792007, 0.01305694691836834, 0.013295302167534828, 0.01340223103761673, 0.013426389545202255, 0.013337308540940285, 0.013266362249851227, 0.013497692532837391, 0.013864679262042046, 0.014342082664370537, 0.014247559010982513, 0.014151954092085361, 0.013456672430038452, 0.013065630570054054, 0.012720943428575993, 0.013166387565433979, 0.013440180569887161, 0.013626492582261562, 0.014278475195169449, 0.014154640026390553, 0.015548205003142357, 0.014736304059624672, 0.014001503586769104, 0.014341035857796669, 0.01404199656099081, 0.014975262805819511, 0.01471516489982605, 0.013748040422797203, 0.013287192210555077, 0.013196520507335663, 0.012307469733059406, 0.01202472299337387, 0.011775210499763489, 0.012751927599310875, 0.012233078479766846, 0.012089001014828682, 0.012409163638949394, 0.01264127902686596, 0.012868601828813553, 0.01293084118515253, 0.013021005317568779, 0.013298865407705307, 0.012972149066627026, 0.013514148071408272, 0.01380022894591093, 0.013872149400413036, 0.014605703763663769, 0.015367621555924416, 0.01496666856110096, 0.015281503088772297, 0.015543217770755291, 0.01567171700298786, 0.016172170639038086, 0.018270408734679222, 0.020994141697883606, 0.023379091173410416, 0.021071139723062515, 0.021784428507089615, 0.022883472964167595, 0.020800095051527023, 0.026484500616788864, 0.021754514425992966, 0.020836692303419113, 0.01853097416460514, 0.018018538132309914, 0.018312225118279457, 0.01782611571252346, 0.020956281572580338, 0.021739594638347626, 0.024821609258651733, 0.0233211237937212, 0.022419165819883347, 0.019911030307412148, 0.018668783828616142, 0.018439099192619324, 0.016415026038885117, 0.016511833295226097, 0.012965116649866104, 0.012207135558128357, 0.012905236333608627, 0.013885930180549622, 0.012598766013979912, 0.013603948056697845, 0.015042073093354702, 0.013297926634550095, 0.013534441590309143, 0.013038665987551212, 0.013721374794840813, 0.014151068404316902, 0.013598956167697906, 0.014279214665293694, 0.014676174148917198, 0.014787450432777405, 0.015066823922097683, 0.015042541548609734, 0.014886695891618729, 0.01336335763335228, 0.01323060505092144, 0.013361808843910694, 0.013895129784941673, 0.014161084778606892, 0.014090826734900475, 0.013988537713885307, 0.012215103954076767, 0.012110985815525055, 0.012006028555333614, 0.012451780959963799, 0.012777544558048248, 0.012418834492564201, 0.013551697134971619, 0.012646066024899483, 0.012204259634017944, 0.013675717636942863, 0.0136969443410635, 0.0131904361769557, 0.01393626444041729, 0.015130115672945976, 0.014734295196831226, 0.015266552567481995, 0.015914596617221832, 0.01655622199177742, 0.016917813569307327, 0.018264267593622208, 0.016647446900606155, 0.017917446792125702, 0.018586112186312675, 0.016565442085266113, 0.018506202846765518, 0.017156850546598434, 0.017152510583400726, 0.01893494836986065, 0.015923449769616127, 0.01592699997127056, 0.015952646732330322, 0.015369094908237457, 0.01498513575643301, 0.01351567916572094, 0.014834682457149029, 0.013875501230359077, 0.013655034825205803, 0.011858439072966576, 0.013549907132983208, 0.012519065290689468, 0.011347065679728985, 0.012319039553403854, 0.014822904020547867, 0.01348639465868473, 0.011402906849980354, 0.01218805555254221, 0.012536168098449707, 0.011559989303350449, 0.013066636398434639, 0.014098105952143669, 0.01125639770179987, 0.012285798788070679, 0.014390408992767334, 0.010882318951189518, 0.011274829506874084, 0.00934306625276804, 0.008803566917777061, 0.011679185554385185, 0.009027116000652313, 0.010524244979023933, 0.009251220151782036, 0.010015304200351238, 0.010314875282347202, 0.010696896351873875, 0.010613089427351952, 0.010266348719596863, 0.01099921390414238, 0.010648859664797783, 0.010099301114678383, 0.010510263964533806, 0.009772867895662785, 0.011684726923704147, 0.010871263220906258, 0.009406669065356255, 0.011299904435873032, 0.011787121184170246, 0.010565909557044506, 0.012320384383201599, 0.013458906672894955, 0.01399208977818489, 0.013388244435191154, 0.01400311104953289, 0.014613298699259758, 0.014498491771519184, 0.014377479441463947, 0.015112482011318207, 0.015999527648091316, 0.01614966057240963, 0.01717372052371502, 0.016670290380716324, 0.01607445627450943, 0.018714522942900658, 0.018725130707025528, 0.01761815696954727, 0.019942205399274826, 0.01909123733639717, 0.018738534301519394, 0.018025316298007965, 0.01786750927567482, 0.019533101469278336, 0.019915562123060226, 0.019524436444044113, 0.02046481892466545, 0.020537706092000008, 0.02053162083029747, 0.020901724696159363, 0.02208561822772026, 0.02081388607621193, 0.01768631301820278, 0.01786414161324501, 0.015634551644325256, 0.01587519980967045, 0.01624417118728161, 0.016496650874614716, 0.016134336590766907, 0.016490867361426353, 0.01641448587179184, 0.01661740243434906, 0.016917580738663673, 0.01715557463467121, 0.017634574323892593, 0.017878424376249313, 0.018609818071126938, 0.01939251646399498, 0.019461646676063538, 0.019857224076986313, 0.020490465685725212, 0.02099010720849037, 0.02354000136256218, 0.0242779478430748, 0.025215625762939453, 0.025084741413593292, 0.02530032768845558, 0.026291323825716972, 0.02727687545120716, 0.02713080309331417, 0.027343494817614555, 0.028745485469698906, 0.029873521998524666, 0.029478352516889572, 0.028729258105158806, 0.028473986312747, 0.027647366747260094, 0.02542719431221485, 0.02431088499724865, 0.023269515484571457, 0.019883818924427032, 0.017695710062980652, 0.015513526275753975, 0.015255192294716835, 0.015160633251070976, 0.015361258760094643, 0.015078635886311531, 0.015496253967285156, 0.014710464514791965, 0.014209329150617123, 0.014537998475134373, 0.014080583117902279, 0.013596066273748875, 0.013628287240862846, 0.013304978609085083, 0.013620346784591675, 0.013174728490412235, 0.012361908331513405, 0.0122675821185112, 0.011972729116678238, 0.011839705519378185, 0.011858101934194565, 0.012172579765319824, 0.012868110090494156, 0.013629022985696793, 0.01354055106639862, 0.013336321339011192, 0.013652374967932701, 0.01258087158203125, 0.012753592804074287, 0.012492761947214603, 0.012424369342625141, 0.012923849746584892, 0.012651877477765083, 0.01267317309975624, 0.012619217857718468, 0.012817968614399433, 0.01326620765030384, 0.013270734809339046, 0.013629361987113953, 0.013850962743163109, 0.01390100922435522, 0.014174052514135838, 0.01470961794257164, 0.014235490001738071, 0.013816999271512032, 0.013499608263373375, 0.013435193337500095, 0.012553255073726177, 0.012072451412677765, 0.012133634649217129, 0.013117576017975807, 0.015989448875188828, 0.017443280667066574, 0.019617412239313126, 0.019878661260008812, 0.020128197968006134, 0.02054114080965519, 0.022428156808018684, 0.021759670227766037, 0.021605124697089195, 0.021112773567438126, 0.023371748626232147, 0.02251875028014183, 0.01862845942378044, 0.015036705881357193, 0.014956962317228317, 0.014858013018965721, 0.015084600076079369, 0.014967627823352814, 0.015230790711939335, 0.015870895236730576, 0.015628065913915634, 0.015299366787075996, 0.016060715541243553, 0.016245288774371147, 0.01636175438761711, 0.017653614282608032, 0.017958253622055054, 0.017540065571665764, 0.01756460778415203, 0.017970889806747437, 0.018021322786808014, 0.01813390664756298, 0.018044453114271164, 0.016833964735269547, 0.01697426475584507, 0.017394259572029114, 0.017302360385656357, 0.016766251996159554, 0.016929564997553825, 0.017372697591781616, 0.016527384519577026, 0.01609071157872677, 0.01639106683433056, 0.016209067776799202, 0.01652762107551098, 0.016984717920422554, 0.017104819416999817, 0.016666220501065254, 0.016127467155456543, 0.015557548962533474, 0.015862787142395973, 0.016451293602585793, 0.01742754690349102, 0.018505606800317764, 0.018902521580457687, 0.021026387810707092, 0.020151209086179733, 0.020074322819709778, 0.020906418561935425, 0.020071707665920258, 0.019050471484661102, 0.01942024752497673, 0.020107656717300415, 0.020234353840351105, 0.020438821986317635, 0.01934901997447014, 0.019490471109747887, 0.019175920635461807, 0.020321829244494438, 0.0202205590903759, 0.01931307464838028, 0.019986897706985474, 0.019925374537706375, 0.020609993487596512, 0.016305796802043915, 0.016948780044913292, 0.016493696719408035, 0.01637333072721958, 0.01630660705268383, 0.016994059085845947, 0.018007203936576843, 0.01781618967652321, 0.016816051676869392, 0.016682632267475128, 0.015686696395277977, 0.015761729329824448, 0.015686355531215668, 0.01564389280974865, 0.01604350283741951, 0.01687280461192131, 0.018276501446962357, 0.0166274756193161, 0.015411332249641418, 0.016230782493948936, 0.016514945775270462, 0.016932303085923195, 0.017094802111387253, 0.018035192042589188, 0.01804676465690136, 0.01846909150481224, 0.01798194646835327, 0.01937205344438553, 0.019776612520217896, 0.020892292261123657, 0.021210044622421265, 0.021070748567581177, 0.020334459841251373, 0.020622696727514267, 0.022575948387384415, 0.020620808005332947, 0.020998431369662285, 0.020943596959114075, 0.02223113924264908, 0.02183370105922222, 0.02036495879292488, 0.021304287016391754, 0.014712213538587093], 'L_si': [0.013265757821500301, 0.014116286300122738, 0.013792403042316437, 0.013741306960582733, 0.013532944954931736, 0.014188635163009167, 0.0137449586763978, 0.013268939219415188, 0.012836267240345478, 0.011877520009875298, 0.010872356593608856, 0.00968069676309824, 0.009313268586993217, 0.007950310595333576, 0.007852138951420784, 0.007773110177367926, 0.0073740482330322266, 0.007226693909615278, 0.006653014570474625, 0.0067175342701375484, 0.007920079864561558, 0.010478152893483639, 0.009608251042664051, 0.011065489612519741, 0.008278892375528812, 0.012074150145053864, 0.01969972997903824, 0.01451018638908863, 0.008672225289046764, 0.008965670131146908, 0.009129461832344532, 0.009880433790385723, 0.010358263738453388, 0.011944469064474106, 0.008792771026492119, 0.008650938048958778, 0.006773189641535282, 0.0053254710510373116, 0.0049897488206624985, 0.005407040938735008, 0.005840232130140066, 0.006200323812663555, 0.005330206826329231, 0.004317599348723888, 0.004528418183326721, 0.004110981244593859, 0.0037869750522077084, 0.0039353701286017895, 0.004001141060143709, 0.00405320106074214, 0.003969980403780937, 0.004053049720823765, 0.004125582054257393, 0.004276452586054802, 0.004160889890044928, 0.004269024357199669, 0.004121328238397837, 0.004167234059423208, 0.004121972247958183, 0.004173166584223509, 0.0041995784267783165, 0.003962033428251743, 0.004156613256782293, 0.004055742174386978, 0.004242917988449335, 0.0042364029213786125, 0.004490543156862259, 0.004260464105755091, 0.004276486113667488, 0.004363552201539278, 0.004544178023934364, 0.00456702895462513, 0.004888128489255905, 0.004880228079855442, 0.005074372515082359, 0.005514528602361679, 0.0053003523498773575, 0.005228875670582056, 0.005146005190908909, 0.005016770679503679, 0.0050684260204434395, 0.005157532636076212, 0.005239557009190321, 0.005224608350545168, 0.005269019398838282, 0.005348869599401951, 0.005325133912265301, 0.005323354620486498, 0.005266005638986826, 0.005429673939943314, 0.005663819145411253, 0.005942829418927431, 0.005819273181259632, 0.00584039930254221, 0.005375778302550316, 0.005158716347068548, 0.004960660822689533, 0.005160115659236908, 0.005138203967362642, 0.005177470855414867, 0.005560144782066345, 0.005361533723771572, 0.006016212049871683, 0.005676985252648592, 0.005253737326711416, 0.005299417767673731, 0.0052644312381744385, 0.005646310281008482, 0.005513657815754414, 0.005062916316092014, 0.004840865731239319, 0.004795356187969446, 0.004290144890546799, 0.00417565880343318, 0.004026883281767368, 0.004380146507173777, 0.004193467553704977, 0.004165302962064743, 0.004244329407811165, 0.004383379593491554, 0.004507595207542181, 0.004575719125568867, 0.0046835183165967464, 0.004750434774905443, 0.004597350023686886, 0.004994649905711412, 0.005171210505068302, 0.005224907770752907, 0.005565343424677849, 0.00598937040194869, 0.005847100168466568, 0.005851307883858681, 0.005953171290457249, 0.0061071040108799934, 0.006325951777398586, 0.007659165188670158, 0.009301580488681793, 0.01036611758172512, 0.0087339011952281, 0.009120370261371136, 0.009516661986708641, 0.008419545367360115, 0.013118602335453033, 0.009810230694711208, 0.008845629170536995, 0.007943103089928627, 0.007651551626622677, 0.008102213963866234, 0.00836666114628315, 0.011065557599067688, 0.011587844230234623, 0.014314431697130203, 0.013265140354633331, 0.012698564678430557, 0.0107466671615839, 0.009862124919891357, 0.00964884553104639, 0.008358621969819069, 0.00849203485995531, 0.0056314109824597836, 0.005175549071282148, 0.005720000248402357, 0.006393085233867168, 0.005348776932805777, 0.006043991539627314, 0.006972750648856163, 0.005827825982123613, 0.006146240048110485, 0.005909265484660864, 0.006209191400557756, 0.00633710203692317, 0.006220513954758644, 0.0065966444090008736, 0.007003190461546183, 0.0070091914385557175, 0.0071285562589764595, 0.0071694813668727875, 0.007127711549401283, 0.00612434558570385, 0.005825213622301817, 0.005975596606731415, 0.00632394477725029, 0.006460868753492832, 0.006455876398831606, 0.006258722860366106, 0.00520199304446578, 0.005218615755438805, 0.005161946639418602, 0.005382762756198645, 0.005619480274617672, 0.005404991563409567, 0.006106914486736059, 0.0056206840090453625, 0.005319995805621147, 0.006302457302808762, 0.00634272675961256, 0.005915765650570393, 0.006550136022269726, 0.0072859241627156734, 0.007215527817606926, 0.007813283242285252, 0.008209751918911934, 0.008800654672086239, 0.009203854948282242, 0.01006034854799509, 0.009050557389855385, 0.009900111705064774, 0.010199842974543571, 0.008912422694265842, 0.010095405392348766, 0.009229063056409359, 0.009135788306593895, 0.010264795273542404, 0.008169717155396938, 0.008180977776646614, 0.008202534168958664, 0.007699168752878904, 0.007521825842559338, 0.006460422649979591, 0.007193021476268768, 0.006682899780571461, 0.006507248617708683, 0.005273249000310898, 0.006286838091909885, 0.0057509723119437695, 0.00507828313857317, 0.005710199940949678, 0.0069992924109101295, 0.006125762593001127, 0.004942603874951601, 0.005235988646745682, 0.005394869949668646, 0.004944576416164637, 0.00583655247464776, 0.00645054504275322, 0.004786748439073563, 0.005371767096221447, 0.006525599863380194, 0.004471300169825554, 0.004568260163068771, 0.0034136944450438023, 0.0030650210101157427, 0.004555517807602882, 0.0030975560657680035, 0.0038379847537726164, 0.0031615127809345722, 0.0035514954943209887, 0.0036792124155908823, 0.0038506125565618277, 0.0038549923337996006, 0.003657217603176832, 0.004070103168487549, 0.003853646107017994, 0.003594629466533661, 0.003911194391548634, 0.003481804160401225, 0.004693671595305204, 0.004261175636202097, 0.0033653134014457464, 0.004565729293972254, 0.004860582295805216, 0.004124602302908897, 0.005159599240869284, 0.00583160575479269, 0.0061526489444077015, 0.005755482241511345, 0.006177264731377363, 0.006365112029016018, 0.006395329721271992, 0.006278775632381439, 0.006736505310982466, 0.007218020502477884, 0.007422174327075481, 0.007980233989655972, 0.0077429828234016895, 0.00740466732531786, 0.009064413607120514, 0.008970226161181927, 0.0082817068323493, 0.009796909056603909, 0.009308877401053905, 0.009197943843901157, 0.008730027824640274, 0.008729536086320877, 0.00993184745311737, 0.01025699358433485, 0.010039285756647587, 0.011103528551757336, 0.01114247739315033, 0.011060202494263649, 0.011186781339347363, 0.012162323109805584, 0.01149046327918768, 0.009535607881844044, 0.009752652607858181, 0.008537965826690197, 0.00858270563185215, 0.008806758560240269, 0.008909158408641815, 0.008754377253353596, 0.008997878059744835, 0.009041920304298401, 0.009342730045318604, 0.009812863543629646, 0.010040419176220894, 0.010411016643047333, 0.010589510202407837, 0.011183708906173706, 0.01178436167538166, 0.011852165684103966, 0.012040521018207073, 0.012308605015277863, 0.012520577758550644, 0.014303077012300491, 0.014784260652959347, 0.015211188234388828, 0.015048268251121044, 0.015326791442930698, 0.0159201268106699, 0.01644626446068287, 0.01622927188873291, 0.01641722396016121, 0.01755918189883232, 0.018337015062570572, 0.0176379531621933, 0.016690969467163086, 0.01627292111515999, 0.016109472140669823, 0.01452423445880413, 0.013906494714319706, 0.013407793827354908, 0.01095645222812891, 0.009630260057747364, 0.008058345876634121, 0.007691666949540377, 0.007597319316118956, 0.007237872574478388, 0.00699019618332386, 0.006919118110090494, 0.005707328207790852, 0.005330645479261875, 0.0055333273485302925, 0.005273985676467419, 0.005013579502701759, 0.005042994860559702, 0.004751683212816715, 0.004927744623273611, 0.004945726133882999, 0.004576859530061483, 0.004551001358777285, 0.004440759774297476, 0.004454104229807854, 0.0045800479128956795, 0.004695434123277664, 0.004969166591763496, 0.005474512930959463, 0.005437871441245079, 0.0052302828989923, 0.005351703148335218, 0.004714372102171183, 0.004791501443833113, 0.004943355917930603, 0.004831485450267792, 0.005094174295663834, 0.004958511330187321, 0.004968201741576195, 0.004908083938062191, 0.005038234405219555, 0.0053252167999744415, 0.005329621955752373, 0.005529499612748623, 0.005718078464269638, 0.00578355323523283, 0.005842589773237705, 0.00621881103143096, 0.005908661521971226, 0.0058409227058291435, 0.005835430230945349, 0.005529205314815044, 0.0048496415838599205, 0.004536790773272514, 0.004645638167858124, 0.005409596022218466, 0.007259815465658903, 0.00809234008193016, 0.009338722564280033, 0.00982544757425785, 0.010043934918940067, 0.01034579798579216, 0.011959478259086609, 0.012150628492236137, 0.012198112905025482, 0.011634036898612976, 0.012811615131795406, 0.011709787882864475, 0.009154796600341797, 0.006743492092937231, 0.006697813980281353, 0.0065922182984650135, 0.006823402363806963, 0.006743392441421747, 0.006982131861150265, 0.007295053917914629, 0.00706162815913558, 0.006924739107489586, 0.007416128646582365, 0.007574405986815691, 0.007757555693387985, 0.00858246348798275, 0.008729110471904278, 0.008583109825849533, 0.008310908451676369, 0.008613647893071175, 0.008764917962253094, 0.00880176480859518, 0.008742420934140682, 0.007906189188361168, 0.007995770312845707, 0.008225196972489357, 0.008042914792895317, 0.0076927379705011845, 0.007779701612889767, 0.008063665591180325, 0.007544541731476784, 0.0073173874989151955, 0.007513867225497961, 0.007414424326270819, 0.007697926834225655, 0.007963128387928009, 0.007983689196407795, 0.007730515673756599, 0.007344172336161137, 0.006915469653904438, 0.007110898848623037, 0.007349294610321522, 0.007927639409899712, 0.008618514984846115, 0.008729093708097935, 0.010093728080391884, 0.009594284929335117, 0.009664000943303108, 0.01024665404111147, 0.009677925147116184, 0.009100893512368202, 0.009469314478337765, 0.010033765807747841, 0.0102669857442379, 0.010393623262643814, 0.00960080698132515, 0.009909778833389282, 0.009755358099937439, 0.010495186783373356, 0.010527894832193851, 0.010000239126384258, 0.010484439320862293, 0.010538904927670956, 0.01122113224118948, 0.008684077300131321, 0.009127256460487843, 0.008917565457522869, 0.008685700595378876, 0.008455784991383553, 0.008737917989492416, 0.00907719973474741, 0.00891075562685728, 0.00815567560493946, 0.008140412159264088, 0.007664188742637634, 0.007850106805562973, 0.007712988182902336, 0.007803347427397966, 0.00804953370243311, 0.008596455678343773, 0.009513098746538162, 0.008417810313403606, 0.007794809993356466, 0.008294777944684029, 0.008594322018325329, 0.008916931226849556, 0.00885493028908968, 0.009244938381016254, 0.009266708046197891, 0.009773563593626022, 0.009273940697312355, 0.01007971353828907, 0.010570274665951729, 0.011311334557831287, 0.01178825180977583, 0.011764057911932468, 0.011186232790350914, 0.011445755138993263, 0.01286276150494814, 0.011280622333288193, 0.011657091788947582, 0.01147861871868372, 0.012413183227181435, 0.011998815461993217, 0.010997078381478786, 0.011862803250551224, 0.010386298410594463], 'L_grad': [0.010223973542451859, 0.010501467622816563, 0.010518737137317657, 0.010467012412846088, 0.010379336774349213, 0.010651368647813797, 0.010644732974469662, 0.010389255359768867, 0.010367990471422672, 0.009992888197302818, 0.009625053033232689, 0.009274819865822792, 0.009229001589119434, 0.008755420334637165, 0.008715382777154446, 0.00876031257212162, 0.008565720170736313, 0.008463574573397636, 0.008130411617457867, 0.008309807628393173, 0.008926360867917538, 0.0095785828307271, 0.009577322751283646, 0.010084819979965687, 0.009320804849267006, 0.011017758399248123, 0.012450998649001122, 0.01220397837460041, 0.010538138449192047, 0.010600436478853226, 0.010683358646929264, 0.011229785159230232, 0.011231869459152222, 0.011538323014974594, 0.009509576484560966, 0.009278025478124619, 0.008585657924413681, 0.007527461275458336, 0.007197932340204716, 0.007492007687687874, 0.007667827885597944, 0.007590103894472122, 0.0068971458822488785, 0.006545704789459705, 0.006735265254974365, 0.006396155338734388, 0.006037128157913685, 0.006215235218405724, 0.0062641180120408535, 0.006412941962480545, 0.006481891963630915, 0.006420827936381102, 0.006343596614897251, 0.006528121419250965, 0.006492446176707745, 0.006575555074959993, 0.006494980305433273, 0.0065571703016757965, 0.006616419646888971, 0.006659683771431446, 0.006867141462862492, 0.006646932102739811, 0.006795734632760286, 0.00672838743776083, 0.0067685917019844055, 0.00678018294274807, 0.0070303999818861485, 0.006957001518458128, 0.006868965458124876, 0.0069364337250590324, 0.007006137631833553, 0.006996710319072008, 0.007197901606559753, 0.007134401239454746, 0.007400959730148315, 0.007589926943182945, 0.0075795939192175865, 0.007548776920884848, 0.007512125186622143, 0.0074644796550273895, 0.007606811821460724, 0.007642706856131554, 0.007682196795940399, 0.007832339033484459, 0.008026283234357834, 0.008053361438214779, 0.008101255632936954, 0.008013954386115074, 0.008000357076525688, 0.008068018592894077, 0.00820086058229208, 0.008399253711104393, 0.008428285829722881, 0.008311554789543152, 0.008080894127488136, 0.007906913757324219, 0.007760282605886459, 0.008006271906197071, 0.008301977068185806, 0.008449021726846695, 0.008718330413103104, 0.00879310630261898, 0.009531993418931961, 0.009059319272637367, 0.0087477657943964, 0.009041618555784225, 0.008777565322816372, 0.009328952059149742, 0.009201507084071636, 0.008685124106705189, 0.008446326479315758, 0.00840116385370493, 0.008017324842512608, 0.007849064655601978, 0.0077483272179961205, 0.008371780626475811, 0.008039610460400581, 0.007923698052763939, 0.00816483423113823, 0.008257899433374405, 0.008361006155610085, 0.008355122059583664, 0.00833748746663332, 0.008548430167138577, 0.00837479904294014, 0.008519497700035572, 0.008629018440842628, 0.00864724162966013, 0.00904036033898592, 0.009378251619637012, 0.009119568392634392, 0.009430195204913616, 0.009590046480298042, 0.009564612992107868, 0.009846217930316925, 0.010611243546009064, 0.011692560277879238, 0.013012973591685295, 0.01233723759651184, 0.012664057314395905, 0.013366810977458954, 0.012380548752844334, 0.01336589828133583, 0.011944284662604332, 0.011991063132882118, 0.010587871074676514, 0.010366986505687237, 0.010210011154413223, 0.00945945456624031, 0.009890723042190075, 0.010151749476790428, 0.01050717756152153, 0.010055983439087868, 0.00972060114145279, 0.009164363145828247, 0.008806658908724785, 0.008790254592895508, 0.008056404069066048, 0.008019798435270786, 0.007333705201745033, 0.007031586021184921, 0.007185235619544983, 0.007492844946682453, 0.0072499895468354225, 0.007559956517070532, 0.008069322444498539, 0.0074701011180877686, 0.007388201542198658, 0.0071294005028903484, 0.007512183859944344, 0.00781396683305502, 0.007378442212939262, 0.00768257025629282, 0.007672983221709728, 0.007778258994221687, 0.007938267663121223, 0.007873060181736946, 0.007758984342217445, 0.00723901204764843, 0.0074053918942809105, 0.007386212237179279, 0.007571185007691383, 0.0077002160251140594, 0.007634950801730156, 0.007729814387857914, 0.007013110443949699, 0.006892369594424963, 0.006844081915915012, 0.007069017738103867, 0.007158064283430576, 0.007013843394815922, 0.007444783113896847, 0.0070253824815154076, 0.006884263828396797, 0.007373260799795389, 0.007354217581450939, 0.007274670526385307, 0.007386128418147564, 0.007844191044569016, 0.0075187673792243, 0.007453268859535456, 0.007704843766987324, 0.007755568251013756, 0.007713957689702511, 0.008203919045627117, 0.007596890442073345, 0.008017335087060928, 0.008386269211769104, 0.007653019856661558, 0.008410796523094177, 0.00792778842151165, 0.008016721345484257, 0.008670153096318245, 0.007753732148557901, 0.007746022194623947, 0.007750111632049084, 0.007669925689697266, 0.0074633099138736725, 0.007055256515741348, 0.0076416609808802605, 0.007192600984126329, 0.00714778620749712, 0.0065851896069943905, 0.007263069041073322, 0.006768093444406986, 0.006268782541155815, 0.006608839146792889, 0.007823611609637737, 0.007360631600022316, 0.006460303440690041, 0.006952066905796528, 0.0071412986144423485, 0.006615413352847099, 0.007230083458125591, 0.0076475609093904495, 0.006469649262726307, 0.006914031691849232, 0.007864809595048428, 0.006411018781363964, 0.006706569343805313, 0.0059293718077242374, 0.005738546140491962, 0.007123667746782303, 0.0059295594692230225, 0.006686260458081961, 0.006089706905186176, 0.006463808473199606, 0.006635663099586964, 0.006846283562481403, 0.006758097559213638, 0.006609130650758743, 0.006929110735654831, 0.006795213092118502, 0.006504671182483435, 0.00659907003864646, 0.006291063502430916, 0.006991054862737656, 0.006610088050365448, 0.0060413554310798645, 0.006734175607562065, 0.00692653888836503, 0.006441307254135609, 0.007160784676671028, 0.007627300918102264, 0.007839440368115902, 0.00763276219367981, 0.00782584585249424, 0.00824818667024374, 0.008103162050247192, 0.008098703809082508, 0.008375976234674454, 0.00878150761127472, 0.008727486245334148, 0.009193486534059048, 0.008927308022975922, 0.008669788017868996, 0.009650109335780144, 0.009754904545843601, 0.009336449205875397, 0.010145295411348343, 0.009782359004020691, 0.009540590457618237, 0.009295289404690266, 0.009137973189353943, 0.00960125308483839, 0.00965856947004795, 0.009485151618719101, 0.00936129130423069, 0.009395228698849678, 0.009471418336033821, 0.009714942425489426, 0.009923294186592102, 0.009323423728346825, 0.008150705136358738, 0.008111489936709404, 0.007096584886312485, 0.007292494643479586, 0.007437413092702627, 0.007587491534650326, 0.007379958871752024, 0.0074929893016815186, 0.007372564636170864, 0.007274671457707882, 0.007104717195034027, 0.00711515499278903, 0.007223556749522686, 0.007288915105164051, 0.007426109164953232, 0.007608155254274607, 0.0076094819232821465, 0.007816702127456665, 0.00818186067044735, 0.008469529449939728, 0.009236925281584263, 0.009493686258792877, 0.0100044384598732, 0.010036474093794823, 0.009973535314202309, 0.010371197015047073, 0.010830610990524292, 0.01090153120458126, 0.010926270857453346, 0.011186303570866585, 0.011536506935954094, 0.011840400286018848, 0.01203828863799572, 0.012201065197587013, 0.011537894606590271, 0.01090295985341072, 0.010404390282928944, 0.009861720725893974, 0.008927365764975548, 0.008065450936555862, 0.007455180399119854, 0.007563525810837746, 0.007563313934952021, 0.008123386651277542, 0.008088439702987671, 0.00857713632285595, 0.009003136307001114, 0.008878683671355247, 0.00900467112660408, 0.00880659744143486, 0.008582486771047115, 0.008585291914641857, 0.008553295396268368, 0.008692602626979351, 0.008229002356529236, 0.007785049267113209, 0.007716581225395203, 0.007531969342380762, 0.007385601289570332, 0.007278054021298885, 0.00747714564204216, 0.00789894349873066, 0.008154509589076042, 0.008102679625153542, 0.008106037974357605, 0.008300671353936195, 0.00786649901419878, 0.007962091825902462, 0.007549406029284, 0.007592883892357349, 0.007829675450921059, 0.00769336661323905, 0.007704970892518759, 0.007711133919656277, 0.007779734209179878, 0.007940990850329399, 0.007941112853586674, 0.00809986237436533, 0.00813288427889347, 0.00811745598912239, 0.008331462740898132, 0.008490806445479393, 0.008326828479766846, 0.007976076565682888, 0.007664177566766739, 0.007905988022685051, 0.007703613489866257, 0.0075356606394052505, 0.007487996481359005, 0.007707980461418629, 0.008729633875191212, 0.009350941516458988, 0.010278689675033092, 0.010053213685750961, 0.010084263980388641, 0.01019534282386303, 0.010468678548932076, 0.0096090417355299, 0.009407011792063713, 0.00947873666882515, 0.010560132563114166, 0.010808962397277355, 0.00947366189211607, 0.00829321425408125, 0.008259148336946964, 0.008265795186161995, 0.008261197246611118, 0.008224235847592354, 0.00824865885078907, 0.008575841784477234, 0.008566437289118767, 0.00837462767958641, 0.0086445864289999, 0.008670883253216743, 0.008604197762906551, 0.009071150794625282, 0.00922914408147335, 0.00895695574581623, 0.009253699332475662, 0.009357241913676262, 0.009256403893232346, 0.0093321418389678, 0.009302032180130482, 0.008927776478230953, 0.008978494442999363, 0.009169062599539757, 0.009259444661438465, 0.009073513559997082, 0.009149863384664059, 0.009309032931923866, 0.008982841856777668, 0.008773324079811573, 0.00887719914317131, 0.00879464391618967, 0.008829694241285324, 0.009021589532494545, 0.009121130220592022, 0.008935704827308655, 0.008783294819295406, 0.008642079308629036, 0.008751888759434223, 0.00910199899226427, 0.009499907493591309, 0.00988709181547165, 0.010173426941037178, 0.010932658798992634, 0.01055692508816719, 0.010410322807729244, 0.010659764520823956, 0.010393782518804073, 0.009949577040970325, 0.009950932115316391, 0.010073891840875149, 0.009967368096113205, 0.01004519872367382, 0.009748212061822414, 0.009580692276358604, 0.009420562535524368, 0.009826642461121082, 0.009692664258182049, 0.009312834590673447, 0.009502459317445755, 0.009386470541357994, 0.009388862177729607, 0.007621718570590019, 0.00782152358442545, 0.0075761303305625916, 0.007687630131840706, 0.007850822061300278, 0.008256141096353531, 0.008930005133152008, 0.008905434049665928, 0.008660376071929932, 0.008542219176888466, 0.008022507652640343, 0.007911622524261475, 0.007973367348313332, 0.007840544916689396, 0.007993968203663826, 0.008276349864900112, 0.008763402700424194, 0.00820966437458992, 0.0076165227219462395, 0.007936004549264908, 0.007920622825622559, 0.008015371859073639, 0.008239871822297573, 0.008790253661572933, 0.008780056610703468, 0.008695528842508793, 0.008708004839718342, 0.009292339906096458, 0.009206337854266167, 0.00958095770329237, 0.009421792812645435, 0.009306689724326134, 0.009148227982223034, 0.009176940657198429, 0.00971318781375885, 0.009340186603367329, 0.009341339580714703, 0.00946497730910778, 0.009817956946790218, 0.009834885597229004, 0.009367880411446095, 0.00944148376584053, 0.00432591512799263]}
Saving current best: model_best.pth.tar ...
all losses in batch in validation:  {'loss': [0.0235288105905056, 0.023558469489216805, 0.02433217316865921, 0.024797707796096802, 0.024752087891101837, 0.025404177606105804, 0.024320363998413086, 0.02360101044178009, 0.023625938221812248, 0.021784864366054535, 0.020559897646307945, 0.019184451550245285, 0.01886521652340889, 0.0174148790538311, 0.01740662008523941, 0.01750771515071392, 0.01623312383890152, 0.016771703958511353, 0.015580790117383003, 0.01616629585623741, 0.017702430486679077, 0.02052910625934601, 0.018507136031985283, 0.02062424086034298, 0.018109701573848724, 0.02188277058303356, 0.031592853367328644, 0.027166154235601425, 0.02046145498752594, 0.020691893994808197, 0.0210102591663599, 0.022923514246940613, 0.02330809459090233, 0.024135423824191093, 0.020242352038621902, 0.018787672743201256, 0.01633452996611595, 0.013043154962360859, 0.012851557694375515, 0.013496998697519302, 0.013570887967944145, 0.014483707025647163, 0.012764405459165573, 0.010897639207541943, 0.011236302554607391, 0.010415390133857727, 0.009809136390686035, 0.010179867967963219, 0.010212380439043045, 0.010410348884761333, 0.010452615097165108, 0.010683281347155571, 0.010415852069854736, 0.010818790644407272, 0.010568724945187569, 0.010799853131175041, 0.010749796405434608, 0.010940000414848328, 0.010807531885802746, 0.011012809351086617, 0.011323797516524792, 0.010934805497527122, 0.011141782626509666, 0.010863236151635647, 0.010951866395771503, 0.01091490127146244, 0.011397676542401314, 0.010842634364962578, 0.010805315338075161, 0.011041671968996525, 0.011371377855539322, 0.011442041955888271, 0.011782463639974594, 0.011899345554411411, 0.012399998493492603, 0.012917635962367058, 0.012903239578008652, 0.012985745444893837, 0.012852199375629425, 0.012702681124210358, 0.01273778174072504, 0.013144795782864094, 0.013254627585411072, 0.013722077012062073, 0.01373893953859806, 0.013481051661074162, 0.013252903707325459, 0.01329093612730503, 0.013229543343186378, 0.013837909325957298, 0.01440432108938694, 0.01462259329855442, 0.014828740619122982, 0.014394674450159073, 0.014034291729331017, 0.013489307835698128, 0.013333851471543312, 0.013889371417462826, 0.014218555763363838, 0.014266567304730415, 0.015515662729740143, 0.01563503034412861, 0.01740257814526558, 0.016280971467494965, 0.015653647482395172, 0.015949472784996033, 0.01598074659705162, 0.016704071313142776, 0.015715409070253372, 0.01461840607225895, 0.014257995411753654, 0.014276007190346718, 0.013522371649742126, 0.01315765269100666, 0.012983874417841434, 0.01390078291296959, 0.013263850472867489, 0.013008272275328636, 0.013410241343080997, 0.013810358941555023, 0.013790028169751167, 0.013670616783201694, 0.013736204244196415, 0.014318235218524933, 0.01369926892220974, 0.01376391015946865, 0.014193929731845856, 0.014370117336511612, 0.014546528458595276, 0.01593390479683876, 0.014991753734648228, 0.015765119343996048, 0.015934627503156662, 0.01610068418085575, 0.016910962760448456, 0.018328934907913208, 0.021243812516331673, 0.023136354982852936, 0.022688573226332664, 0.023072004318237305, 0.026727907359600067, 0.02387438714504242, 0.029290009289979935, 0.02579614147543907, 0.026303529739379883, 0.023030085489153862, 0.01859860308468342, 0.018600210547447205, 0.02081158757209778, 0.02452057972550392, 0.026058871299028397, 0.027070267125964165, 0.025893699377775192, 0.02364841103553772, 0.02105513960123062, 0.017235785722732544, 0.017204536125063896, 0.016379037871956825, 0.01692287251353264, 0.016359956935048103, 0.01573587954044342, 0.01623758114874363, 0.01745927706360817, 0.01666305586695671, 0.017502397298812866, 0.01799112744629383, 0.017472652718424797, 0.017070211470127106, 0.017465829849243164, 0.01799009181559086, 0.018130067735910416, 0.018393002450466156, 0.01912049390375614, 0.01833946257829666, 0.01891724392771721, 0.018431583419442177, 0.0188396405428648, 0.019537849351763725, 0.0181269608438015, 0.018471650779247284, 0.017592649906873703, 0.017730507999658585, 0.01812298595905304, 0.018642477691173553, 0.018560821190476418, 0.017580565065145493, 0.01621125265955925, 0.016486648470163345, 0.017974648624658585, 0.018824022263288498, 0.017898010089993477, 0.01905621588230133, 0.01841522380709648, 0.01898464746773243, 0.019264796748757362, 0.019469909369945526, 0.0194673091173172, 0.01942955143749714, 0.02000141143798828, 0.020113449543714523, 0.0197698175907135, 0.019980471581220627, 0.020495913922786713, 0.02098577655851841, 0.02170790359377861, 0.02082858234643936, 0.02115650847554207, 0.02147788181900978, 0.01944413036108017, 0.021377544850111008, 0.02059013769030571, 0.020308446139097214, 0.021864280104637146, 0.019237609580159187, 0.019140496850013733, 0.018497880548238754, 0.018550409004092216, 0.018241029232740402, 0.016843661665916443, 0.018201496452093124, 0.01803564839065075, 0.01718267798423767, 0.015596309676766396, 0.016329597681760788, 0.01550903171300888, 0.01436577457934618, 0.014869512990117073, 0.01690569519996643, 0.016773708164691925, 0.015397563576698303, 0.0159737691283226, 0.015740063041448593, 0.014790062792599201, 0.0161360464990139, 0.016859296709299088, 0.01443595252931118, 0.01478568371385336, 0.016949228942394257, 0.013498306274414062, 0.014624815434217453, 0.012702046893537045, 0.012026823125779629, 0.014555193483829498, 0.011413134634494781, 0.013422178104519844, 0.012569889426231384, 0.01222989521920681, 0.01244272943586111, 0.012483705766499043, 0.012315141037106514, 0.01191001944243908, 0.012459074147045612, 0.011851208284497261, 0.01162385568022728, 0.012388630770146847, 0.011558283120393753, 0.013428851962089539, 0.012421171180903912, 0.01165739819407463, 0.013247017748653889, 0.013016827404499054, 0.012096459977328777, 0.014088183641433716, 0.014743635430932045, 0.01545705832540989, 0.015068858861923218, 0.016391713172197342, 0.017061486840248108, 0.01640699803829193, 0.016260232776403427, 0.017146900296211243, 0.017432045191526413, 0.017217591404914856, 0.018106603994965553, 0.017722707241773605, 0.01680605113506317, 0.019901810213923454, 0.020131412893533707, 0.019146721810102463, 0.021102789789438248, 0.020263977348804474, 0.020244378596544266, 0.019554603844881058, 0.019451582804322243, 0.021336328238248825, 0.02163482829928398, 0.02220686711370945, 0.022533800452947617, 0.022703006863594055, 0.022698909044265747, 0.022647764533758163, 0.023624999448657036, 0.022170960903167725, 0.019153030589222908, 0.01909429207444191, 0.017396818846464157, 0.017435351386666298, 0.01778964325785637, 0.017520738765597343, 0.01732967048883438, 0.018016675487160683, 0.01805228739976883, 0.01822592504322529, 0.018629223108291626, 0.019067466259002686, 0.01945945993065834, 0.019495882093906403, 0.020069783553481102, 0.020586110651493073, 0.020970631390810013, 0.021473173052072525, 0.02212940715253353, 0.022622663527727127, 0.02555304951965809, 0.025666192173957825, 0.02647201344370842, 0.026294570416212082, 0.02611379325389862, 0.02726290374994278, 0.028463473543524742, 0.028301963582634926, 0.0281703881919384, 0.029479505494236946, 0.030835408717393875, 0.030819930136203766, 0.029763909056782722, 0.02958107553422451, 0.028388909995555878, 0.02650276944041252, 0.025435442104935646, 0.024439077824354172, 0.021296270191669464, 0.019014641642570496, 0.01632612571120262, 0.01593463122844696, 0.015675537288188934, 0.015581771731376648, 0.015148431062698364, 0.01493330392986536, 0.014611821621656418, 0.013346055522561073, 0.013385012745857239, 0.013092411682009697, 0.013205910101532936, 0.01365780457854271, 0.013179891742765903, 0.013171716593205929, 0.012977000325918198, 0.012250736355781555, 0.011913599446415901, 0.011877031065523624, 0.011981766670942307, 0.012195275165140629, 0.012546531856060028, 0.012948460876941681, 0.01343066431581974, 0.013136489316821098, 0.01317901536822319, 0.013573828153312206, 0.012728679925203323, 0.012824280187487602, 0.012773575261235237, 0.012390485033392906, 0.013316310942173004, 0.01349671185016632, 0.01300598494708538, 0.012602445669472218, 0.013006867840886116, 0.013374549336731434, 0.013231033459305763, 0.013263370841741562, 0.01339318510144949, 0.013740021735429764, 0.013859018683433533, 0.014023257419466972, 0.01374523714184761, 0.01342039555311203, 0.013052293099462986, 0.012643136084079742, 0.012339282780885696, 0.012575670145452023, 0.012955203652381897, 0.013255766592919827, 0.016227256506681442, 0.01762097142636776, 0.019500944763422012, 0.019786784425377846, 0.021379372105002403, 0.024399874731898308, 0.02574251778423786, 0.023564301431179047, 0.02435963973402977, 0.024278126657009125, 0.025309419259428978, 0.024686546996235847, 0.020003583282232285, 0.01626734621822834, 0.016216479241847992, 0.016077803447842598, 0.016220998018980026, 0.016018392518162727, 0.01639719121158123, 0.017082035541534424, 0.016995038837194443, 0.016416113823652267, 0.01718674972653389, 0.01690957322716713, 0.016940098255872726, 0.0178518146276474, 0.01902586966753006, 0.01835501194000244, 0.01806807704269886, 0.018777376040816307, 0.019216332584619522, 0.018786855041980743, 0.018913088366389275, 0.017698615789413452, 0.01781773939728737, 0.018028687685728073, 0.017579834908246994, 0.016966840252280235, 0.018149565905332565, 0.018037371337413788, 0.01719231903553009, 0.0167322289198637, 0.017304707318544388, 0.01708170399069786, 0.017542898654937744, 0.017881304025650024, 0.018174167722463608, 0.01853218860924244, 0.018044739961624146, 0.017351875081658363, 0.017408078536391258, 0.017722737044095993, 0.019090328365564346, 0.020141448825597763, 0.020386628806591034, 0.02054295688867569, 0.020536212250590324, 0.020914284512400627, 0.022162798792123795, 0.020862918347120285, 0.020098526030778885, 0.01980322226881981, 0.01996009051799774, 0.019825346767902374, 0.019663352519273758, 0.01972970739006996, 0.019221734255552292, 0.020097481086850166, 0.021054469048976898, 0.022045889869332314, 0.02174041047692299, 0.0208454430103302, 0.02092553675174713, 0.02093876153230667, 0.016773374751210213, 0.017539620399475098, 0.01697978377342224, 0.01704159751534462, 0.017411354929208755, 0.017438985407352448, 0.01817774772644043, 0.017541363835334778, 0.016600120812654495, 0.016653697937726974, 0.016361508518457413, 0.01633063703775406, 0.016272047534585, 0.016376148909330368, 0.01721486635506153, 0.017637545242905617, 0.0191671010106802, 0.01801932230591774, 0.017115890979766846, 0.017597747966647148, 0.018086396157741547, 0.018407396972179413, 0.019472040235996246, 0.020836804062128067, 0.02039199322462082, 0.02095412090420723, 0.019810039550065994, 0.020572854205965996, 0.020593393594026566, 0.021645504981279373, 0.021835219115018845, 0.021148230880498886, 0.021247252821922302, 0.020972341299057007, 0.021263403818011284, 0.020974550396203995, 0.020795747637748718, 0.021010618656873703, 0.021178049966692924, 0.021638300269842148, 0.02108496055006981, 0.022719837725162506, 0.016765423119068146], 'L_si': [0.013164153322577477, 0.013156125321984291, 0.013675922527909279, 0.014073350466787815, 0.014055397361516953, 0.01453749556094408, 0.013635562732815742, 0.013170081190764904, 0.013127777725458145, 0.011817574501037598, 0.010912077501416206, 0.009835355915129185, 0.00953502394258976, 0.008420445024967194, 0.008416232652962208, 0.008362830616533756, 0.00748433219268918, 0.0078323008492589, 0.007085788995027542, 0.007374824956059456, 0.00830916315317154, 0.01058223843574524, 0.008942240849137306, 0.010482825338840485, 0.008586650714278221, 0.010962012223899364, 0.018983792513608932, 0.014842759817838669, 0.009370251558721066, 0.009571965783834457, 0.009816194884479046, 0.011059190146625042, 0.011537282727658749, 0.01234185229986906, 0.01015688106417656, 0.009335163049399853, 0.00753313722088933, 0.005500772036612034, 0.005362297408282757, 0.005731781013309956, 0.00579841760918498, 0.006712864153087139, 0.005710689350962639, 0.0042450763285160065, 0.0044435434974730015, 0.004070716444402933, 0.0037636554334312677, 0.0039362977258861065, 0.003933885134756565, 0.003955608233809471, 0.003908992279320955, 0.004034063313156366, 0.004014069680124521, 0.004234825726598501, 0.0040871212258934975, 0.004179175943136215, 0.004137314856052399, 0.0042225089855492115, 0.004149889573454857, 0.004230918828397989, 0.004295904189348221, 0.0040880474261939526, 0.004178970120847225, 0.004030395299196243, 0.004162030294537544, 0.004171151667833328, 0.004430718719959259, 0.004050858784466982, 0.004087008535861969, 0.004210012033581734, 0.004392479080706835, 0.004403481259942055, 0.0046121845953166485, 0.004730585031211376, 0.004971557296812534, 0.005285585764795542, 0.00519717950373888, 0.005191453732550144, 0.0050510806031525135, 0.004962995648384094, 0.00489345658570528, 0.005168169736862183, 0.005266767460852861, 0.005472276359796524, 0.0053900377824902534, 0.005320965312421322, 0.005177387036383152, 0.005176994018256664, 0.005183673929423094, 0.0055100638419389725, 0.00584803381934762, 0.005939291324466467, 0.006035066209733486, 0.005827000364661217, 0.005618125665932894, 0.005245347041636705, 0.0051340446807444096, 0.0053263818845152855, 0.00540193123742938, 0.005244969390332699, 0.005911840125918388, 0.005847377702593803, 0.006663252599537373, 0.006091780960559845, 0.005837613716721535, 0.005884493701159954, 0.005992630962282419, 0.006400149781256914, 0.005861376412212849, 0.0053907218389213085, 0.005177902057766914, 0.005130726844072342, 0.004717869218438864, 0.004560794681310654, 0.0044403234496712685, 0.004815893713384867, 0.004555817693471909, 0.004489011596888304, 0.004620966501533985, 0.004769999999552965, 0.004819328431040049, 0.004799044691026211, 0.004866228438913822, 0.005088794976472855, 0.004767707549035549, 0.0047995904460549355, 0.005094658583402634, 0.0051959846168756485, 0.005348825361579657, 0.006034215912222862, 0.005600489675998688, 0.005915686953812838, 0.006021262612193823, 0.00615521939471364, 0.0066002714447677135, 0.007417554035782814, 0.009056756272912025, 0.009906480088829994, 0.009301040321588516, 0.009535080753266811, 0.011779062449932098, 0.00994963850826025, 0.014087610878050327, 0.011472397483885288, 0.011852126568555832, 0.01040593720972538, 0.007800455670803785, 0.007985212840139866, 0.00999747309833765, 0.013464834541082382, 0.014756192453205585, 0.016107307747006416, 0.01553019043058157, 0.013646088540554047, 0.01148501317948103, 0.00863643828779459, 0.008520031347870827, 0.008117463439702988, 0.00839710608124733, 0.007868735119700432, 0.0073464843444526196, 0.00773301487788558, 0.008639809675514698, 0.007900737226009369, 0.008669707924127579, 0.008798433467745781, 0.00838955957442522, 0.008354278281331062, 0.008780580945312977, 0.008976789191365242, 0.009015979245305061, 0.00929438415914774, 0.00978265143930912, 0.00926655437797308, 0.009737396612763405, 0.009309039451181889, 0.009619399905204773, 0.01020275242626667, 0.009170640259981155, 0.009257316589355469, 0.00877691525965929, 0.008864580653607845, 0.009085031226277351, 0.009531036950647831, 0.009313574060797691, 0.008750077337026596, 0.007893742993474007, 0.008140422403812408, 0.009073557332158089, 0.009700221009552479, 0.009121718816459179, 0.00981848407536745, 0.009588558226823807, 0.01001996174454689, 0.010179758071899414, 0.010348981246352196, 0.010292152874171734, 0.010552328079938889, 0.010863634757697582, 0.011151344515383244, 0.010945027694106102, 0.011002088896930218, 0.011478004045784473, 0.01198451966047287, 0.01236345898360014, 0.011844229884445667, 0.012059560045599937, 0.012216467410326004, 0.010715529322624207, 0.012019632384181023, 0.011480347253382206, 0.011114997789263725, 0.012201578356325626, 0.01030871830880642, 0.010098428465425968, 0.009633724577724934, 0.009491963312029839, 0.009334774687886238, 0.008322564885020256, 0.009176322259008884, 0.009007588028907776, 0.00826788879930973, 0.007298918440937996, 0.007862838916480541, 0.007341092452406883, 0.006623996887356043, 0.007156305480748415, 0.008240793831646442, 0.008023494854569435, 0.007310180459171534, 0.0075109126046299934, 0.00730846356600523, 0.0068796249106526375, 0.007720654830336571, 0.008149882778525352, 0.006701792124658823, 0.0069115422666072845, 0.00796840526163578, 0.006018674932420254, 0.006452545057982206, 0.005141060799360275, 0.0046836985275149345, 0.006064451299607754, 0.004260024521499872, 0.005360133480280638, 0.004891064949333668, 0.004677097778767347, 0.004795584827661514, 0.004777740687131882, 0.0047613768838346004, 0.004506584722548723, 0.004831845872104168, 0.004522518254816532, 0.00443646963685751, 0.004914586432278156, 0.004440561402589083, 0.005602648481726646, 0.005055893212556839, 0.004578887484967709, 0.005673631094396114, 0.005535990931093693, 0.004936018493026495, 0.0060962773859500885, 0.006482393946498632, 0.006852421443909407, 0.0065368893556296825, 0.007333382964134216, 0.007613045163452625, 0.007404026109725237, 0.007236527279019356, 0.007819389924407005, 0.008008993230760098, 0.007969604805111885, 0.008518396876752377, 0.008338076062500477, 0.00781361386179924, 0.009727345779538155, 0.009773429483175278, 0.00927325151860714, 0.010557040572166443, 0.01015939749777317, 0.010230992920696735, 0.009775700978934765, 0.009861758910119534, 0.011223767884075642, 0.011482160538434982, 0.011969201266765594, 0.012563792057335377, 0.012640311382710934, 0.012574156746268272, 0.012372558005154133, 0.013218875974416733, 0.012360386550426483, 0.010447624139487743, 0.010534301400184631, 0.009651394560933113, 0.009638499468564987, 0.00982824619859457, 0.009646860882639885, 0.009492577984929085, 0.010063914582133293, 0.010223928838968277, 0.010493693873286247, 0.010925191454589367, 0.011322734877467155, 0.011632483452558517, 0.011637082323431969, 0.012129131704568863, 0.012470140121877193, 0.01272660493850708, 0.01302280742675066, 0.013362940400838852, 0.013539997860789299, 0.01568002998828888, 0.015717968344688416, 0.01615969091653824, 0.016018982976675034, 0.015981197357177734, 0.016687393188476562, 0.017473284155130386, 0.017208093777298927, 0.017144829034805298, 0.018376540392637253, 0.01927151530981064, 0.018742885440587997, 0.017618779093027115, 0.017211945727467537, 0.016669031232595444, 0.015435200184583664, 0.014845658093690872, 0.014382726512849331, 0.012074030004441738, 0.010611135512590408, 0.008736923336982727, 0.00831305980682373, 0.008069230243563652, 0.007428570184856653, 0.007048231549561024, 0.006539488211274147, 0.005665566306561232, 0.00498688081279397, 0.005021415185183287, 0.004859478212893009, 0.004906998015940189, 0.005109809339046478, 0.004717203788459301, 0.004662300460040569, 0.004714635666459799, 0.004431423731148243, 0.004299061372876167, 0.004348623100668192, 0.004502968862652779, 0.004748768638819456, 0.004835830070078373, 0.004928453825414181, 0.005283175501972437, 0.005260556470602751, 0.005183617118746042, 0.0053517017513513565, 0.004842799622565508, 0.00486854650080204, 0.004992940928786993, 0.004692242480814457, 0.005278733093291521, 0.005371348466724157, 0.0050311461091041565, 0.004818827845156193, 0.005094138439744711, 0.005322324112057686, 0.005240052472800016, 0.005242935847491026, 0.005397485569119453, 0.005605166777968407, 0.005567080806940794, 0.0057489387691020966, 0.005605156533420086, 0.005493822507560253, 0.005385525990277529, 0.004937393590807915, 0.004714666400104761, 0.005004568956792355, 0.005387758836150169, 0.005674677900969982, 0.007561260834336281, 0.008364117704331875, 0.009387481957674026, 0.009890719316899776, 0.01101505383849144, 0.013114512898027897, 0.014260070398449898, 0.01343152392655611, 0.014181659556925297, 0.013790315017104149, 0.014254121109843254, 0.013328317552804947, 0.010157193057239056, 0.007620545104146004, 0.00757188256829977, 0.007459891494363546, 0.0076343039982020855, 0.007478917017579079, 0.007793868891894817, 0.00822413619607687, 0.008102599531412125, 0.007820965722203255, 0.00832353625446558, 0.008065253496170044, 0.008174377493560314, 0.008730406872928143, 0.009466332383453846, 0.009201657958328724, 0.008725728839635849, 0.009265173226594925, 0.009530718438327312, 0.009235809557139874, 0.009280897676944733, 0.008373900316655636, 0.00851687602698803, 0.00866826344281435, 0.008226761594414711, 0.007825635373592377, 0.00851864367723465, 0.008510596118867397, 0.007975457236170769, 0.007645246107131243, 0.008002595975995064, 0.007914167828857899, 0.008279531262814999, 0.008519641123712063, 0.008670332841575146, 0.00879785418510437, 0.008366959169507027, 0.007860662415623665, 0.00795048289000988, 0.008113090880215168, 0.00903450045734644, 0.009778066538274288, 0.009863080456852913, 0.009833584539592266, 0.009966615587472916, 0.010419569909572601, 0.01124102808535099, 0.010410984978079796, 0.009944319725036621, 0.009925113059580326, 0.010064516216516495, 0.01012389361858368, 0.01004277728497982, 0.009994883090257645, 0.009799706749618053, 0.010536707937717438, 0.011148963123559952, 0.011830930598080158, 0.011662069708108902, 0.01117664109915495, 0.011287975125014782, 0.011487873271107674, 0.008990030735731125, 0.009560518898069859, 0.009159669280052185, 0.00912447925657034, 0.00913805328309536, 0.009013225324451923, 0.009469824843108654, 0.00902324728667736, 0.008332701399922371, 0.00837163906544447, 0.008167452178895473, 0.008184651844203472, 0.008148454129695892, 0.008285777643322945, 0.008884488604962826, 0.009228290058672428, 0.010064858943223953, 0.009359782561659813, 0.008879723958671093, 0.009096415713429451, 0.009516357444226742, 0.009532652795314789, 0.01005489844828844, 0.010815054178237915, 0.01054950337857008, 0.011017929762601852, 0.010344349779188633, 0.011040935292840004, 0.01123779732733965, 0.011951521970331669, 0.012211977504193783, 0.01178708765655756, 0.011800744570791721, 0.011540870182216167, 0.011676673777401447, 0.011325990781188011, 0.011293523013591766, 0.0114254429936409, 0.011532902717590332, 0.011564620770514011, 0.011236264370381832, 0.012624982744455338, 0.012052211910486221], 'L_grad': [0.010364657267928123, 0.010402344167232513, 0.010656250640749931, 0.010724358260631561, 0.01069668959826231, 0.010866682976484299, 0.010684801265597343, 0.010430930182337761, 0.010498160496354103, 0.009967290796339512, 0.009647820144891739, 0.009349096566438675, 0.009330191649496555, 0.008994434028863907, 0.008990386500954628, 0.009144884534180164, 0.008748792111873627, 0.008939402177929878, 0.008495001122355461, 0.00879147183150053, 0.009393267333507538, 0.009946867823600769, 0.009564895182847977, 0.010141415521502495, 0.009523050859570503, 0.010920758359134197, 0.012609060853719711, 0.012323393486440182, 0.0110912024974823, 0.01111992821097374, 0.011194064281880856, 0.011864325031638145, 0.01177081186324358, 0.011793571524322033, 0.010085470974445343, 0.009452509693801403, 0.008801393210887909, 0.007542382925748825, 0.007489260286092758, 0.007765217684209347, 0.0077724698930978775, 0.007770842872560024, 0.007053716573864222, 0.006652562879025936, 0.006792758591473103, 0.006344674155116081, 0.006045481190085411, 0.006243569776415825, 0.006278495769947767, 0.006454740650951862, 0.006543622352182865, 0.006649217568337917, 0.006401781924068928, 0.006583964917808771, 0.006481603719294071, 0.006620676722377539, 0.006612482015043497, 0.006717491429299116, 0.006657642312347889, 0.006781890522688627, 0.007027893327176571, 0.006846758536994457, 0.006962812040001154, 0.0068328408524394035, 0.006789836101233959, 0.006743749603629112, 0.006966958288103342, 0.006791775114834309, 0.006718306802213192, 0.006831659935414791, 0.006978899240493774, 0.007038560695946217, 0.007170279044657946, 0.007168760523200035, 0.007428441196680069, 0.007632050197571516, 0.007706060074269772, 0.0077942912466824055, 0.007801119238138199, 0.007739685010164976, 0.00784432515501976, 0.007976626046001911, 0.007987860590219498, 0.008249800652265549, 0.008348901756107807, 0.00816008634865284, 0.008075516670942307, 0.008113942109048367, 0.008045868948101997, 0.008327845484018326, 0.008556287735700607, 0.008683301508426666, 0.008793674409389496, 0.008567674085497856, 0.008416165597736835, 0.008243960328400135, 0.008199806325137615, 0.00856298953294754, 0.00881662406027317, 0.009021597914397717, 0.009603822603821754, 0.009787652641534805, 0.010739326477050781, 0.010189191438257694, 0.009816034696996212, 0.010064978152513504, 0.009988116100430489, 0.01030392199754715, 0.009854033589363098, 0.009227683767676353, 0.00908009335398674, 0.009145280346274376, 0.00880450289696455, 0.008596858009696007, 0.008543550968170166, 0.009084888733923435, 0.00870803277939558, 0.008519260212779045, 0.008789274841547012, 0.009040359407663345, 0.008970700204372406, 0.008871572092175484, 0.008869975805282593, 0.009229440242052078, 0.00893156137317419, 0.008964319713413715, 0.009099271148443222, 0.009174132719635963, 0.009197702631354332, 0.009899687953293324, 0.00939126405864954, 0.009849431924521923, 0.009913365356624126, 0.009945464320480824, 0.010310690850019455, 0.010911380872130394, 0.012187056243419647, 0.013229874894022942, 0.013387532904744148, 0.013536923564970493, 0.014948845840990543, 0.013924749568104744, 0.015202399343252182, 0.014323743060231209, 0.014451402239501476, 0.012624148279428482, 0.010798146948218346, 0.010614998638629913, 0.010814114473760128, 0.01105574518442154, 0.011302677914500237, 0.010962959378957748, 0.010363509878516197, 0.010002322494983673, 0.009570126421749592, 0.008599348366260529, 0.00868450477719307, 0.008261574432253838, 0.008525765500962734, 0.008491221815347672, 0.008389394730329514, 0.008504565805196762, 0.008819466456770897, 0.008762319572269917, 0.008832689374685287, 0.00919269397854805, 0.009083093143999577, 0.008715933188796043, 0.008685247972607613, 0.009013302624225616, 0.00911408755928278, 0.009098619222640991, 0.009337842464447021, 0.009072907269001007, 0.009179847314953804, 0.009122543968260288, 0.009220240637660027, 0.009335096925497055, 0.008956320583820343, 0.00921433325856924, 0.008815735578536987, 0.008865928277373314, 0.009037954732775688, 0.009111440740525723, 0.009247247129678726, 0.008830488659441471, 0.008317509666085243, 0.008346226066350937, 0.008901090361177921, 0.009123802185058594, 0.008776291273534298, 0.009237732738256454, 0.008826665580272675, 0.00896468572318554, 0.009085038676857948, 0.00912092812359333, 0.00917515717446804, 0.00887722335755825, 0.009137775748968124, 0.008962105959653854, 0.008824790827929974, 0.008978381752967834, 0.00901790987700224, 0.00900125689804554, 0.009344445541501045, 0.00898435153067112, 0.009096948429942131, 0.009261413477361202, 0.008728600107133389, 0.009357912465929985, 0.009109791368246078, 0.009193448349833488, 0.009662700816988945, 0.008928891271352768, 0.00904206745326519, 0.008864155039191246, 0.009058445692062378, 0.008906254544854164, 0.008521095849573612, 0.009025173261761665, 0.009028060361742973, 0.008914790116250515, 0.0082973912358284, 0.008466757833957672, 0.008167939260601997, 0.007741777691990137, 0.007713207975029945, 0.008664902299642563, 0.008750214241445065, 0.008087383583188057, 0.008462856523692608, 0.008431598544120789, 0.007910437881946564, 0.00841539166867733, 0.008709413930773735, 0.00773415993899107, 0.007874141447246075, 0.008980822749435902, 0.0074796308763325214, 0.008172270841896534, 0.007560986094176769, 0.007343124598264694, 0.008490742184221745, 0.007153109647333622, 0.008062045089900494, 0.0076788244768977165, 0.00755279790610075, 0.007647144608199596, 0.007705965079367161, 0.007553763687610626, 0.007403434254229069, 0.007627228274941444, 0.007328690029680729, 0.007187386509031057, 0.0074740443378686905, 0.00711772171780467, 0.007826203480362892, 0.007365277968347073, 0.007078510709106922, 0.007573386654257774, 0.0074808369390666485, 0.007160441484302282, 0.007991906255483627, 0.008261241018772125, 0.00860463734716177, 0.008531969040632248, 0.009058330208063126, 0.009448441676795483, 0.009002972394227982, 0.009023706428706646, 0.009327509440481663, 0.00942305289208889, 0.009247987531125546, 0.009588207118213177, 0.009384632110595703, 0.008992437273263931, 0.0101744644343853, 0.010357983410358429, 0.009873470291495323, 0.01054574828594923, 0.010104579851031303, 0.01001338567584753, 0.009778903797268867, 0.00958982389420271, 0.010112560354173183, 0.010152668692171574, 0.010237665846943855, 0.009970007464289665, 0.010062695480883121, 0.010124752297997475, 0.010275205597281456, 0.010406123474240303, 0.009810575284063816, 0.008705406449735165, 0.008559990674257278, 0.007745423354208469, 0.007796852383762598, 0.007961397990584373, 0.007873877882957458, 0.007837092503905296, 0.00795276090502739, 0.007828358560800552, 0.0077322316356003284, 0.007704032585024834, 0.007744730915874243, 0.007826975546777248, 0.00785879883915186, 0.007940651848912239, 0.008115971460938454, 0.008244026452302933, 0.00845036655664444, 0.00876646675169468, 0.009082665666937828, 0.00987301953136921, 0.009948224760591984, 0.010312322527170181, 0.010275586508214474, 0.010132594965398312, 0.010575511492788792, 0.010990189388394356, 0.011093869805335999, 0.011025560088455677, 0.011102965101599693, 0.011563893407583237, 0.012077045626938343, 0.012145129963755608, 0.012369129806756973, 0.011719879694283009, 0.011067569255828857, 0.010589784011244774, 0.010056350380182266, 0.0092222411185503, 0.008403507061302662, 0.007589203305542469, 0.00762157142162323, 0.00760630751028657, 0.008153201080858707, 0.00810019951313734, 0.008393815718591213, 0.008946254849433899, 0.00835917517542839, 0.008363597095012665, 0.008232933469116688, 0.008298912085592747, 0.008547995239496231, 0.008462687954306602, 0.00850941613316536, 0.008262365125119686, 0.007819312624633312, 0.007614538539201021, 0.0075284079648554325, 0.007478797808289528, 0.007446506526321173, 0.007710701785981655, 0.0080200070515275, 0.00814748927950859, 0.00787593238055706, 0.00799539778381586, 0.00822212640196085, 0.007885879836976528, 0.007955733686685562, 0.007780634798109531, 0.007698242552578449, 0.008037577383220196, 0.008125362917780876, 0.007974838837981224, 0.007783617824316025, 0.007912728935480118, 0.008052225224673748, 0.007990981452167034, 0.008020434528589249, 0.007995699532330036, 0.008134854957461357, 0.008291937410831451, 0.008274318650364876, 0.008140080608427525, 0.007926573045551777, 0.007666767109185457, 0.007705742493271828, 0.007624615915119648, 0.007571101188659668, 0.007567444816231728, 0.007581088691949844, 0.008665995672345161, 0.009256853722035885, 0.010113461874425411, 0.00989606510847807, 0.010364318266510963, 0.011285361833870411, 0.011482447385787964, 0.010132776573300362, 0.010177979245781898, 0.010487811639904976, 0.011055298149585724, 0.0113582294434309, 0.009846391156315804, 0.008646801114082336, 0.008644597604870796, 0.008617911487817764, 0.008586694486439228, 0.008539475500583649, 0.008603322319686413, 0.008857900276780128, 0.008892438374459743, 0.008595147170126438, 0.00886321347206831, 0.00884432066231966, 0.008765721693634987, 0.009121406823396683, 0.009559538215398788, 0.009153354912996292, 0.009342348203063011, 0.009512202814221382, 0.009685615077614784, 0.009551044553518295, 0.009632190689444542, 0.009324715472757816, 0.009300864301621914, 0.009360423311591148, 0.009353074245154858, 0.009141204878687859, 0.009630921296775341, 0.009526776149868965, 0.009216860868036747, 0.009086983278393745, 0.009302111342549324, 0.009167536161839962, 0.00926336832344532, 0.009361661970615387, 0.009503835812211037, 0.00973433442413807, 0.009677780792117119, 0.009491212666034698, 0.009457595646381378, 0.00960964523255825, 0.010055826976895332, 0.0103633813560009, 0.010523547418415546, 0.010709372349083424, 0.010569596663117409, 0.010494714602828026, 0.010921770706772804, 0.01045193336904049, 0.01015420537441969, 0.009878109209239483, 0.009895573370158672, 0.00970145408064127, 0.009620574302971363, 0.009734824299812317, 0.009422026574611664, 0.009560773149132729, 0.009905504994094372, 0.010214959271252155, 0.010078341700136662, 0.009668802842497826, 0.009637562558054924, 0.009450888261198997, 0.007783344481140375, 0.007979100570082664, 0.007820114493370056, 0.007917117327451706, 0.008273301646113396, 0.008425761014223099, 0.00870792381465435, 0.008518116548657417, 0.008267419412732124, 0.00828205794095993, 0.008194055408239365, 0.008145984262228012, 0.008123593404889107, 0.008090371266007423, 0.008330377750098705, 0.008409255184233189, 0.009102242067456245, 0.008659539744257927, 0.008236166089773178, 0.008501332253217697, 0.00857003778219223, 0.00887474324554205, 0.009417140856385231, 0.010021750815212727, 0.009842490777373314, 0.009936191141605377, 0.009465690702199936, 0.009531918913125992, 0.009355597198009491, 0.009693983942270279, 0.009623240679502487, 0.009361142292618752, 0.009446507319808006, 0.009431472048163414, 0.009586730040609837, 0.009648560546338558, 0.009502224624156952, 0.009585174731910229, 0.009645147249102592, 0.010073680430650711, 0.009848697111010551, 0.010094855912029743, 0.004713211674243212]}
all losses in batch in validation:  {'loss': [0.02068265527486801, 0.020617704838514328, 0.02111871913075447, 0.021631043404340744, 0.02208726480603218, 0.02233774960041046, 0.02255738154053688, 0.021882835775613785, 0.021552257239818573, 0.021481629461050034, 0.019870784133672714, 0.01887485198676586, 0.01828926056623459, 0.0169123075902462, 0.01652245596051216, 0.01632341742515564, 0.016602085903286934, 0.01682358607649803, 0.01585671678185463, 0.015755698084831238, 0.017934538424015045, 0.02178969793021679, 0.019374411553144455, 0.01997368410229683, 0.017176492139697075, 0.019046448171138763, 0.02655572071671486, 0.02619306743144989, 0.020450951531529427, 0.020717211067676544, 0.02065511979162693, 0.021602727472782135, 0.022947723045945168, 0.023152878507971764, 0.018233295530080795, 0.019038125872612, 0.016005223616957664, 0.013780190609395504, 0.012647111900150776, 0.013747833669185638, 0.014332469552755356, 0.014529183506965637, 0.012405620887875557, 0.010835425928235054, 0.011268723756074905, 0.010458866134285927, 0.009716308675706387, 0.01018083281815052, 0.010198100470006466, 0.010326055809855461, 0.010339134372770786, 0.010522126220166683, 0.010533897206187248, 0.01074749045073986, 0.010285554453730583, 0.010529555380344391, 0.010296717286109924, 0.010451576672494411, 0.010279790498316288, 0.010449478402733803, 0.01071251556277275, 0.010312264785170555, 0.010723680257797241, 0.010531536303460598, 0.010783715173602104, 0.01068651769310236, 0.011150583624839783, 0.010884009301662445, 0.010710066184401512, 0.010842034593224525, 0.01114373654127121, 0.011240717954933643, 0.011639725416898727, 0.011660940945148468, 0.012161984108388424, 0.012526994571089745, 0.012325167655944824, 0.01250301394611597, 0.012510139495134354, 0.012376401573419571, 0.012716342695057392, 0.01277824304997921, 0.013053489848971367, 0.013209788128733635, 0.01341195311397314, 0.013467594981193542, 0.013397984206676483, 0.01335566584020853, 0.013002671301364899, 0.013537359423935413, 0.013974830508232117, 0.01409733947366476, 0.01442471332848072, 0.014125697314739227, 0.01329091563820839, 0.01322069764137268, 0.012927091680467129, 0.013502076268196106, 0.013702912256121635, 0.01371865812689066, 0.014386353082954884, 0.014791708439588547, 0.016246307641267776, 0.014801450073719025, 0.01423652283847332, 0.014490162953734398, 0.014460732229053974, 0.01532747969031334, 0.014760179445147514, 0.01373413484543562, 0.013616912066936493, 0.013538917526602745, 0.012507565319538116, 0.012078114785254002, 0.012221841141581535, 0.013530564494431019, 0.01287473738193512, 0.012323119677603245, 0.012758803553879261, 0.01308184303343296, 0.013196544721722603, 0.01322011835873127, 0.013710986822843552, 0.013742292299866676, 0.013601561076939106, 0.013441763818264008, 0.013756193220615387, 0.013519436120986938, 0.014197474345564842, 0.015235234051942825, 0.014501431956887245, 0.015236160717904568, 0.015740614384412766, 0.015986783429980278, 0.016334036365151405, 0.017984982579946518, 0.02155270241200924, 0.022387901321053505, 0.020099952816963196, 0.02037701942026615, 0.022985123097896576, 0.020794034004211426, 0.024402189999818802, 0.021542485803365707, 0.022879822179675102, 0.017760097980499268, 0.01636887900531292, 0.01587720215320587, 0.01744638942182064, 0.02041184902191162, 0.022359348833560944, 0.026611115783452988, 0.02656228467822075, 0.02451171725988388, 0.02091389149427414, 0.019129427149891853, 0.019636349752545357, 0.018613502383232117, 0.018801771104335785, 0.013763166032731533, 0.01241537556052208, 0.013823793269693851, 0.015053553506731987, 0.013201402500271797, 0.014417603611946106, 0.014429728500545025, 0.013889419846236706, 0.013989433646202087, 0.013247399590909481, 0.014039571397006512, 0.014556026086211205, 0.014024597592651844, 0.015013672411441803, 0.01429351419210434, 0.0148943942040205, 0.01524139940738678, 0.015296777710318565, 0.01522741373628378, 0.01407168060541153, 0.01428767666220665, 0.013422378338873386, 0.014024835079908371, 0.013817583210766315, 0.013929005712270737, 0.01447418425232172, 0.013715224340558052, 0.01410619542002678, 0.014086911454796791, 0.014618175104260445, 0.014940531924366951, 0.013654667884111404, 0.014956935308873653, 0.014289788901805878, 0.01409236341714859, 0.014776481315493584, 0.014772674068808556, 0.014394350349903107, 0.014324021525681019, 0.015126384794712067, 0.014872167259454727, 0.015210650861263275, 0.014771935530006886, 0.015077898278832436, 0.016595875844359398, 0.017230099067091942, 0.01665017195045948, 0.017363060265779495, 0.017720205709338188, 0.016447998583316803, 0.017877329140901566, 0.017065545544028282, 0.01768336072564125, 0.01898176595568657, 0.01662066951394081, 0.016077440232038498, 0.015838077291846275, 0.015330959111452103, 0.01503068022429943, 0.01404955517500639, 0.01564180850982666, 0.014697875827550888, 0.014080418273806572, 0.01204399298876524, 0.013369034975767136, 0.012130305171012878, 0.011106794700026512, 0.012014245614409447, 0.014452051371335983, 0.013177364133298397, 0.01178784854710102, 0.012355472892522812, 0.01237199641764164, 0.010731049813330173, 0.012149665504693985, 0.013373039662837982, 0.010584842413663864, 0.011431638151407242, 0.013639201410114765, 0.010404417291283607, 0.011777820996940136, 0.010044321417808533, 0.009789778850972652, 0.012257779017090797, 0.009637565352022648, 0.011310024186968803, 0.010179986245930195, 0.010566388256847858, 0.010930513963103294, 0.01102006807923317, 0.01110774464905262, 0.010377993807196617, 0.011104721575975418, 0.010828135535120964, 0.010348155163228512, 0.01102832518517971, 0.010382775217294693, 0.012384350411593914, 0.011287088505923748, 0.010288309305906296, 0.012002691626548767, 0.012002101168036461, 0.011063534766435623, 0.013020900078117847, 0.013859594240784645, 0.014444753527641296, 0.013578090816736221, 0.014956877566874027, 0.014981143176555634, 0.015174590051174164, 0.015270791947841644, 0.015456130728125572, 0.016603827476501465, 0.01676703616976738, 0.01791130006313324, 0.017547395080327988, 0.016891077160835266, 0.019639357924461365, 0.020044632256031036, 0.01888824999332428, 0.021249372512102127, 0.020501866936683655, 0.02038443647325039, 0.01944703236222267, 0.019345954060554504, 0.02122996374964714, 0.02121887356042862, 0.021239038556814194, 0.02204185351729393, 0.02294342964887619, 0.024454768747091293, 0.027412619441747665, 0.03484684228897095, 0.039592888206243515, 0.04465905949473381, 0.05587378889322281, 0.06173881143331528, 0.0585331991314888, 0.06054484844207764, 0.05109403654932976, 0.05001235753297806, 0.04392129182815552, 0.03252924606204033, 0.02248072437942028, 0.018919765949249268, 0.019364405423402786, 0.019894108176231384, 0.019884441047906876, 0.0205395370721817, 0.021189888939261436, 0.021418265998363495, 0.021768463775515556, 0.022446904331445694, 0.02373892441391945, 0.030438855290412903, 0.02776911109685898, 0.02689775452017784, 0.02666591666638851, 0.026695381850004196, 0.027492865920066833, 0.02797689661383629, 0.02819541096687317, 0.02817375399172306, 0.029295431450009346, 0.03023713454604149, 0.030452508479356766, 0.02952077053487301, 0.028490953147411346, 0.02784232422709465, 0.026250915601849556, 0.02525998093187809, 0.024251900613307953, 0.021611835807561874, 0.01965959742665291, 0.016762441024184227, 0.01608814112842083, 0.01620732620358467, 0.016163455322384834, 0.01593729481101036, 0.015642594546079636, 0.014832079410552979, 0.013944204896688461, 0.013637563213706017, 0.013244032859802246, 0.013664121739566326, 0.014370951801538467, 0.014072281308472157, 0.013673460111021996, 0.012483255937695503, 0.012039784342050552, 0.011537797749042511, 0.0110930185765028, 0.011327934451401234, 0.011435041204094887, 0.011895349249243736, 0.01245761476457119, 0.012978985905647278, 0.012916486710309982, 0.013149495236575603, 0.013504423201084137, 0.012883851304650307, 0.012735063210129738, 0.012842632830142975, 0.012961489148437977, 0.013490159064531326, 0.013688143342733383, 0.013101469725370407, 0.012723476625978947, 0.013154763728380203, 0.013362177647650242, 0.013210042379796505, 0.013308318331837654, 0.013838140293955803, 0.013875087723135948, 0.014058541506528854, 0.01427505724132061, 0.013907101936638355, 0.013603704050183296, 0.012973787263035774, 0.013720329850912094, 0.013015354052186012, 0.012879082933068275, 0.012932942248880863, 0.012926347553730011, 0.015583330765366554, 0.01682211644947529, 0.018829431384801865, 0.019475765526294708, 0.02005968987941742, 0.020346445962786674, 0.02282196655869484, 0.020140210166573524, 0.019931171089410782, 0.02031226083636284, 0.022335421293973923, 0.02113071270287037, 0.018297433853149414, 0.015788814052939415, 0.016198858618736267, 0.015957482159137726, 0.01593819446861744, 0.01563255861401558, 0.01630580425262451, 0.016210196539759636, 0.015497835353016853, 0.015266453847289085, 0.015974512323737144, 0.016256626695394516, 0.016560707241296768, 0.0169670432806015, 0.01929115131497383, 0.01987473852932453, 0.019403813406825066, 0.01736881583929062, 0.01653953269124031, 0.018846098333597183, 0.01904485747218132, 0.018734045326709747, 0.01914854161441326, 0.016308017075061798, 0.016351189464330673, 0.016301574185490608, 0.016663193702697754, 0.01745336502790451, 0.01651928573846817, 0.016499245539307594, 0.017230387777090073, 0.019962169229984283, 0.021790649741888046, 0.01841758005321026, 0.017890991643071175, 0.019392920657992363, 0.020508702844381332, 0.021390754729509354, 0.019126582890748978, 0.01843900978565216, 0.02125900238752365, 0.025291526690125465, 0.030679410323500633, 0.03433635085821152, 0.029619768261909485, 0.028948791325092316, 0.026806119829416275, 0.025104662403464317, 0.027834247797727585, 0.0315866693854332, 0.025836441665887833, 0.02962629683315754, 0.0264337956905365, 0.028228823095560074, 0.029741700738668442, 0.03323734551668167, 0.03389672189950943, 0.03289822116494179, 0.033357955515384674, 0.0361221544444561, 0.03388988599181175, 0.030295079573988914, 0.02478119544684887, 0.02724885195493698, 0.02829686924815178, 0.02761758863925934, 0.028680166229605675, 0.030277635902166367, 0.03145032748579979, 0.030923986807465553, 0.03176756203174591, 0.035206861793994904, 0.03429553657770157, 0.04002848267555237, 0.04069384187459946, 0.03916821628808975, 0.04121934622526169, 0.03732994943857193, 0.030187219381332397, 0.02642964944243431, 0.0238056443631649, 0.02039060927927494, 0.018344251438975334, 0.01867038942873478, 0.017814666032791138, 0.018055245280265808, 0.01813787966966629, 0.018963268026709557, 0.018768157809972763, 0.018449844792485237, 0.019256088882684708, 0.019860686734318733, 0.019590353593230247, 0.02017941139638424, 0.020056653767824173, 0.0198691263794899, 0.020524561405181885, 0.01971454918384552, 0.02048978954553604, 0.021367091685533524, 0.023088324815034866, 0.022469857707619667, 0.021735046058893204, 0.022555869072675705, 0.016010675579309464], 'L_si': [0.010827499441802502, 0.010702445171773434, 0.01105761993676424, 0.01148366928100586, 0.011896711774170399, 0.012084499932825565, 0.012137589044868946, 0.011653470806777477, 0.011410881765186787, 0.011381623335182667, 0.010384546592831612, 0.009635461494326591, 0.009182796813547611, 0.008126266300678253, 0.007836704142391682, 0.007612394168972969, 0.00769823556765914, 0.007785313297063112, 0.007311826106160879, 0.007205487694591284, 0.008542667143046856, 0.011328800581395626, 0.009356441907584667, 0.009720750153064728, 0.007727201096713543, 0.008768314495682716, 0.014411800540983677, 0.0137687548995018, 0.00926697626709938, 0.009479762986302376, 0.009490630589425564, 0.00999409332871437, 0.011152803897857666, 0.01150185614824295, 0.008645501919090748, 0.009301730431616306, 0.00704928720369935, 0.005883948877453804, 0.005232744850218296, 0.005724660586565733, 0.006306158844381571, 0.006759330164641142, 0.005356261506676674, 0.004242543131113052, 0.004486513789743185, 0.00410542031750083, 0.003721643006429076, 0.003924523945897818, 0.0039384737610816956, 0.003960026428103447, 0.0039038360118865967, 0.00402010977268219, 0.004113518167287111, 0.004215903114527464, 0.003943216986954212, 0.004056533332914114, 0.003894743975251913, 0.003997601568698883, 0.003904584562405944, 0.003958425484597683, 0.004005100578069687, 0.0037637914065271616, 0.004005074501037598, 0.003934095613658428, 0.004136251285672188, 0.0040950472466647625, 0.0043205698020756245, 0.004084581974893808, 0.004045540001243353, 0.00410543754696846, 0.004288624972105026, 0.00433738250285387, 0.004539182409644127, 0.004596201237291098, 0.004846121650189161, 0.0051227170042693615, 0.00492182606831193, 0.0050206733867526054, 0.004956993740051985, 0.0048455665819346905, 0.004906606860458851, 0.0049918959848582745, 0.005264182109385729, 0.0052845673635602, 0.005234657786786556, 0.005307960789650679, 0.005329832434654236, 0.005333150736987591, 0.005205290857702494, 0.005459879525005817, 0.005764303728938103, 0.005781377665698528, 0.005973004270344973, 0.005833908915519714, 0.005341618787497282, 0.005205424502491951, 0.004969914443790913, 0.0052531398832798, 0.005305271130055189, 0.0052461521700024605, 0.005586807616055012, 0.005714635830372572, 0.006249284837394953, 0.005518879275768995, 0.005412362981587648, 0.0053849290125072, 0.00546714011579752, 0.005905694793909788, 0.005553690250962973, 0.004974275827407837, 0.004953577183187008, 0.004910191986709833, 0.00432628532871604, 0.004163319244980812, 0.004149418789893389, 0.004641757346689701, 0.0043679517693817616, 0.004199588671326637, 0.004374292679131031, 0.0045240712352097034, 0.004592353943735361, 0.0046339319087564945, 0.00492741446942091, 0.004928123205900192, 0.0047884751111269, 0.004771445412188768, 0.004997534677386284, 0.004936775658279657, 0.005254561547189951, 0.00575706223025918, 0.005429432261735201, 0.005742593668401241, 0.005966553930193186, 0.00615269597619772, 0.006366955116391182, 0.007248898036777973, 0.009341361001133919, 0.009626845829188824, 0.008081544190645218, 0.008125551044940948, 0.009732738137245178, 0.008414440788328648, 0.011094124987721443, 0.00921411719173193, 0.010361913591623306, 0.007422252092510462, 0.006699343211948872, 0.006735100876539946, 0.008453224785625935, 0.010997653007507324, 0.012575201690196991, 0.01600699871778488, 0.01610669307410717, 0.014443540945649147, 0.011445960029959679, 0.010029204189777374, 0.010489494539797306, 0.010040171444416046, 0.01020054891705513, 0.0061856647953391075, 0.005237097851932049, 0.006281139794737101, 0.007152750622481108, 0.0058012958616018295, 0.006657235790044069, 0.006638025399297476, 0.0063431840389966965, 0.006461003795266151, 0.006053459830582142, 0.006509365513920784, 0.006757380906492472, 0.006453054957091808, 0.007099692244082689, 0.006595160346478224, 0.006906912662088871, 0.00705224322155118, 0.007147421129047871, 0.0072128623723983765, 0.006450900807976723, 0.006354185286909342, 0.005852272734045982, 0.006315956823527813, 0.00610401201993227, 0.006211574655026197, 0.006376957520842552, 0.005958017893135548, 0.006361952051520348, 0.006409699562937021, 0.006771139334887266, 0.007015703245997429, 0.006152973044663668, 0.006971926428377628, 0.0066993581131100655, 0.006627892609685659, 0.0070397136732935905, 0.0070730638690292835, 0.006749842315912247, 0.006900234613567591, 0.007443462032824755, 0.00741561921313405, 0.007804649882018566, 0.007319004274904728, 0.007617366965860128, 0.008883161470293999, 0.009092282503843307, 0.00886544119566679, 0.00939946062862873, 0.009615719318389893, 0.00867306999862194, 0.009495416656136513, 0.00888148695230484, 0.0091017484664917, 0.009920788928866386, 0.008412991650402546, 0.007977581582963467, 0.007793862838298082, 0.007296861615031958, 0.007131125312298536, 0.0065107159316539764, 0.0073385778814554214, 0.006776353809982538, 0.0063700503669679165, 0.005092935636639595, 0.0059397267177701, 0.005121550057083368, 0.004626874346286058, 0.005178756546229124, 0.006515205837786198, 0.0057641747407615185, 0.0048972563818097115, 0.00516523839905858, 0.0051567996852099895, 0.004291786812245846, 0.005094842053949833, 0.005840076599270105, 0.00415895227342844, 0.004641108680516481, 0.005877478048205376, 0.004060221370309591, 0.004674958065152168, 0.0036171304527670145, 0.003463938133791089, 0.004789124242961407, 0.0033524830359965563, 0.004262953530997038, 0.0036278252955526114, 0.0038769629318267107, 0.004065103828907013, 0.004087353590875864, 0.00418200995773077, 0.003826275933533907, 0.004260594956576824, 0.004101966507732868, 0.00391633715480566, 0.004320143721997738, 0.003882915712893009, 0.005154973827302456, 0.004570510238409042, 0.0039123729802668095, 0.005045921076089144, 0.005031167063862085, 0.004387090913951397, 0.00552553404122591, 0.006003688555210829, 0.006312601268291473, 0.005770356860011816, 0.0066125961020588875, 0.006529937498271465, 0.006688773166388273, 0.006690980400890112, 0.006887925788760185, 0.007552670780569315, 0.007731947116553783, 0.008376114070415497, 0.008190257474780083, 0.00781259499490261, 0.0095091937109828, 0.009664866141974926, 0.008955012075603008, 0.010492801666259766, 0.010091034695506096, 0.01012255996465683, 0.009545785374939442, 0.009628514759242535, 0.0109604736790061, 0.01102952379733324, 0.01106529962271452, 0.01192876324057579, 0.012434085831046104, 0.013376462273299694, 0.015365011990070343, 0.02117224968969822, 0.025386689230799675, 0.030001776292920113, 0.038894183933734894, 0.04387824609875679, 0.040841858834028244, 0.042431026697158813, 0.03393591195344925, 0.03284658491611481, 0.027690524235367775, 0.018859397619962692, 0.012771730311214924, 0.011068886145949364, 0.011457191780209541, 0.011883414350450039, 0.011895290575921535, 0.012363847345113754, 0.012846674770116806, 0.013018539175391197, 0.01325489766895771, 0.013582642190158367, 0.0140386326238513, 0.018331261351704597, 0.016304293647408485, 0.01592344418168068, 0.015905143693089485, 0.016073130071163177, 0.01649561896920204, 0.016624189913272858, 0.016727179288864136, 0.016724860295653343, 0.017750490456819534, 0.018331777304410934, 0.01808004267513752, 0.016949236392974854, 0.016198094934225082, 0.0158592090010643, 0.014865349978208542, 0.014360613189637661, 0.013977768830955029, 0.012173641473054886, 0.010798214003443718, 0.00891641341149807, 0.008139262907207012, 0.008294522762298584, 0.007860846817493439, 0.007707526441663504, 0.007323619443923235, 0.005900354124605656, 0.005368305370211601, 0.005193058401346207, 0.004970583599060774, 0.005118118599057198, 0.005446839611977339, 0.0051917461678385735, 0.004964187275618315, 0.004591946490108967, 0.004420832730829716, 0.004186173900961876, 0.0039722491055727005, 0.004165223799645901, 0.004344784189015627, 0.004571177996695042, 0.004820730537176132, 0.0051749576814472675, 0.005163633264601231, 0.005279357545077801, 0.005443528760224581, 0.005030426662415266, 0.0048621478490531445, 0.005068131722509861, 0.0050674667581915855, 0.005416168365627527, 0.005510269198566675, 0.0050813984125852585, 0.004861841909587383, 0.005158205516636372, 0.005333412438631058, 0.005220114253461361, 0.005301924422383308, 0.005618504714220762, 0.005697982385754585, 0.005723139271140099, 0.005936732515692711, 0.0057645440101623535, 0.00572969438508153, 0.005504390224814415, 0.0056989374570548534, 0.00509754428640008, 0.005040267948061228, 0.005174209829419851, 0.005317606031894684, 0.006936498451977968, 0.0076202573254704475, 0.008716126903891563, 0.009449112229049206, 0.009838202968239784, 0.010166922584176064, 0.011829805560410023, 0.01069412101060152, 0.010716941207647324, 0.010579144582152367, 0.01186544168740511, 0.010622700676321983, 0.008818580769002438, 0.007210901472717524, 0.00746807549148798, 0.007373829372227192, 0.0074624535627663136, 0.007251891307532787, 0.0077433278784155846, 0.007636680733412504, 0.007111493498086929, 0.0070481994189321995, 0.007420526817440987, 0.007557732053101063, 0.007723542861640453, 0.007870890200138092, 0.009250296279788017, 0.009762413799762726, 0.009304719045758247, 0.008014541119337082, 0.007553146220743656, 0.008971123956143856, 0.00913395918905735, 0.008953620679676533, 0.009122474119067192, 0.007384398020803928, 0.007329045794904232, 0.007253654301166534, 0.007516322657465935, 0.008070576936006546, 0.007532697170972824, 0.00753764109686017, 0.007902893237769604, 0.009721853770315647, 0.011086947284638882, 0.008756410330533981, 0.008376621641218662, 0.009238272905349731, 0.009890912100672722, 0.010540603660047054, 0.008952276781201363, 0.00838943850249052, 0.010190559551119804, 0.013036360964179039, 0.017136430367827415, 0.020156651735305786, 0.01611930876970291, 0.015417014248669147, 0.013644486665725708, 0.012528833001852036, 0.014729427173733711, 0.01794002763926983, 0.013451853767037392, 0.01618187502026558, 0.014103572815656662, 0.015337775461375713, 0.016496799886226654, 0.01909055933356285, 0.01954687386751175, 0.018603218719363213, 0.019143488258123398, 0.0211984571069479, 0.01939622312784195, 0.017223920673131943, 0.013887053355574608, 0.015690691769123077, 0.016557594761252403, 0.015776116400957108, 0.016604667529463768, 0.018405407667160034, 0.019309671595692635, 0.018955683335661888, 0.019714443013072014, 0.021810632199048996, 0.020821018144488335, 0.025797957554459572, 0.026254737749695778, 0.024445608258247375, 0.0262022465467453, 0.02290014736354351, 0.01701798290014267, 0.014211430214345455, 0.012661177664995193, 0.010287630371749401, 0.009271949529647827, 0.009439103305339813, 0.008934658020734787, 0.009282001294195652, 0.009417228400707245, 0.00997774675488472, 0.009636527858674526, 0.009581007063388824, 0.010220922529697418, 0.010619258508086205, 0.010599036701023579, 0.010943399742245674, 0.010979018174111843, 0.010807081125676632, 0.011198225431144238, 0.010567374527454376, 0.011192936450242996, 0.011861198581755161, 0.01299610361456871, 0.01228238269686699, 0.011680272407829762, 0.012615608982741833, 0.011405562050640583], 'L_grad': [0.009855154901742935, 0.009915259666740894, 0.01006109919399023, 0.010147374123334885, 0.010190553963184357, 0.01025325059890747, 0.01041979156434536, 0.010229365900158882, 0.010141374543309212, 0.010100005194544792, 0.009486237540841103, 0.00923939049243927, 0.009106464684009552, 0.008786042220890522, 0.008685750886797905, 0.00871102325618267, 0.008903849869966507, 0.009038273245096207, 0.008544890210032463, 0.008550210855901241, 0.00939187128096819, 0.010460897348821163, 0.010017969645559788, 0.010252934880554676, 0.009449291042983532, 0.010278133675456047, 0.012143919244408607, 0.012424311600625515, 0.011183975264430046, 0.011237447150051594, 0.011164489202201366, 0.011608634144067764, 0.011794919148087502, 0.011651022359728813, 0.009587793610990047, 0.009736396372318268, 0.008955935947597027, 0.0078962417319417, 0.00741436704993248, 0.008023172616958618, 0.008026310242712498, 0.007769853807985783, 0.007049358915537596, 0.006592883262783289, 0.006782209500670433, 0.006353445816785097, 0.005994665436446667, 0.00625630933791399, 0.00625962670892477, 0.006366029381752014, 0.00643529836088419, 0.006502016447484493, 0.006420379504561424, 0.006531587801873684, 0.006342337466776371, 0.0064730215817689896, 0.0064019737765192986, 0.006453975103795528, 0.0063752057030797005, 0.00649105291813612, 0.006707414984703064, 0.006548473611474037, 0.0067186057567596436, 0.00659744068980217, 0.006647463887929916, 0.006591470446437597, 0.006830013357102871, 0.006799427326768637, 0.006664525717496872, 0.006736597511917353, 0.0068551115691661835, 0.006903335452079773, 0.007100543472915888, 0.007064739242196083, 0.007315862458199263, 0.007404277101159096, 0.007403341121971607, 0.007482340559363365, 0.0075531452894210815, 0.007530834525823593, 0.007809735834598541, 0.007786347530782223, 0.007789308205246925, 0.007925220765173435, 0.008177295327186584, 0.008159633725881577, 0.008068151772022247, 0.00802251510322094, 0.007797379978001118, 0.008077479898929596, 0.008210526779294014, 0.008315961807966232, 0.008451709523797035, 0.008291788399219513, 0.007949297316372395, 0.00801527313888073, 0.007957177236676216, 0.008248936384916306, 0.008397640660405159, 0.008472505956888199, 0.008799545466899872, 0.009077072143554688, 0.009997022338211536, 0.009282570332288742, 0.008824159391224384, 0.00910523347556591, 0.008993592113256454, 0.009421784430742264, 0.009206488728523254, 0.008759859018027782, 0.008663334883749485, 0.0086287260055542, 0.00818127952516079, 0.00791479554027319, 0.008072422817349434, 0.008888807147741318, 0.008506786078214645, 0.008123531006276608, 0.00838451087474823, 0.008557772263884544, 0.008604190312325954, 0.008586186915636063, 0.008783572353422642, 0.008814169093966484, 0.008813085965812206, 0.008670317940413952, 0.008758658543229103, 0.008582659997045994, 0.008942912332713604, 0.009478172287344933, 0.009072000160813332, 0.009493567049503326, 0.009774059988558292, 0.009834087453782558, 0.009967081248760223, 0.01073608361184597, 0.01221134141087532, 0.012761055491864681, 0.012018408626317978, 0.012251468375325203, 0.013252385891973972, 0.012379592284560204, 0.013308064080774784, 0.012328367680311203, 0.012517908588051796, 0.010337846353650093, 0.009669535793364048, 0.009142100811004639, 0.008993164636194706, 0.009414196014404297, 0.009784147143363953, 0.01060411799699068, 0.010455592535436153, 0.010068176314234734, 0.009467930532991886, 0.009100222960114479, 0.00914685521274805, 0.00857333093881607, 0.00860122311860323, 0.0075775012373924255, 0.007178278174251318, 0.007542653474956751, 0.007900803349912167, 0.007400107104331255, 0.007760367356240749, 0.007791703101247549, 0.007546235807240009, 0.007528429850935936, 0.007193939760327339, 0.007530205883085728, 0.0077986447140574455, 0.007571542635560036, 0.007913980633020401, 0.007698354311287403, 0.00798748154193163, 0.008189156651496887, 0.008149356581270695, 0.008014551363885403, 0.007620779797434807, 0.007933491840958595, 0.007570105604827404, 0.007708877790719271, 0.007713571190834045, 0.007717431522905827, 0.008097226731479168, 0.007757206447422504, 0.007744243368506432, 0.0076772114261984825, 0.007847036235034466, 0.007924828678369522, 0.007501695305109024, 0.007985008880496025, 0.007590430788695812, 0.007464471273124218, 0.007736767642199993, 0.007699609734117985, 0.00764450803399086, 0.007423786912113428, 0.007682923227548599, 0.007456548046320677, 0.007406000979244709, 0.007452931255102158, 0.007460531312972307, 0.007712714374065399, 0.008137816563248634, 0.00778473075479269, 0.007963599637150764, 0.008104486390948296, 0.007774927653372288, 0.008381912484765053, 0.008184058591723442, 0.008581613190472126, 0.009060976095497608, 0.00820767693221569, 0.008099857717752457, 0.00804421491920948, 0.008034097030758858, 0.007899554446339607, 0.007538839243352413, 0.008303229697048664, 0.007921521551907063, 0.007710368372499943, 0.006951057352125645, 0.007429308723658323, 0.007008755579590797, 0.006479920353740454, 0.00683548953384161, 0.007936845533549786, 0.007413189392536879, 0.006890591699630022, 0.0071902344934642315, 0.007215196266770363, 0.006439263001084328, 0.007054823450744152, 0.007532963529229164, 0.006425890140235424, 0.006790529936552048, 0.0077617233619093895, 0.006344195920974016, 0.007102862931787968, 0.006427191197872162, 0.006325840950012207, 0.007468654308468103, 0.006285082548856735, 0.007047071121633053, 0.00655216071754694, 0.006689425557851791, 0.006865410134196281, 0.006932714022696018, 0.00692573469132185, 0.0065517183393239975, 0.006844126619398594, 0.0067261685617268085, 0.0064318180084228516, 0.0067081814631819725, 0.006499859970062971, 0.007229376584291458, 0.006716578267514706, 0.006375936791300774, 0.006956771016120911, 0.006970933638513088, 0.006676443852484226, 0.007495366036891937, 0.007855905219912529, 0.008132152259349823, 0.007807733956724405, 0.00834428146481514, 0.008451205678284168, 0.008485817350447178, 0.008579811081290245, 0.008568204939365387, 0.009051157161593437, 0.009035088121891022, 0.009535186924040318, 0.00935713853687048, 0.009078482165932655, 0.01013016328215599, 0.010379765182733536, 0.009933238849043846, 0.010756571777164936, 0.010410832241177559, 0.01026187650859356, 0.009901247918605804, 0.009717440232634544, 0.010269491001963615, 0.010189348831772804, 0.010173738934099674, 0.010113091208040714, 0.01050934474915266, 0.011078305542469025, 0.012047608382999897, 0.013674591667950153, 0.01420619897544384, 0.014657284133136272, 0.016979603096842766, 0.017860563471913338, 0.017691340297460556, 0.018113819882273674, 0.01715812459588051, 0.0171657744795084, 0.016230767592787743, 0.013669849373400211, 0.009708994068205357, 0.00785087887197733, 0.00790721457451582, 0.00801069289445877, 0.007989149540662766, 0.008175688795745373, 0.00834321416914463, 0.008399727754294872, 0.008513566106557846, 0.008864263072609901, 0.009700292721390724, 0.01210759300738573, 0.011464816518127918, 0.010974311269819736, 0.010760772973299026, 0.010622251778841019, 0.010997246019542217, 0.01135270670056343, 0.011468231678009033, 0.011448893696069717, 0.011544940993189812, 0.011905357241630554, 0.012372465804219246, 0.012571534141898155, 0.012292858213186264, 0.011983116157352924, 0.011385565623641014, 0.010899367742240429, 0.010274132713675499, 0.009438195265829563, 0.008861382491886616, 0.007846027612686157, 0.007948878221213818, 0.007912803441286087, 0.008302608504891396, 0.008229768835008144, 0.008318975567817688, 0.008931725285947323, 0.00857589952647686, 0.00844450481235981, 0.008273448795080185, 0.008546003140509129, 0.008924111723899841, 0.008880535140633583, 0.008709272369742393, 0.007891309447586536, 0.007618951611220837, 0.007351623848080635, 0.007120769936591387, 0.007162710651755333, 0.007090257480740547, 0.007324171252548695, 0.007636884227395058, 0.007804027758538723, 0.007752853911370039, 0.007870137691497803, 0.008060894906520844, 0.007853424176573753, 0.007872914895415306, 0.007774501107633114, 0.007894022390246391, 0.008073990233242512, 0.008177874609827995, 0.008020071312785149, 0.007861634716391563, 0.007996558211743832, 0.008028765209019184, 0.007989928126335144, 0.008006393909454346, 0.008219635114073753, 0.008177105337381363, 0.008335402235388756, 0.0083383247256279, 0.008142557926476002, 0.00787400919944048, 0.007469397038221359, 0.008021391928195953, 0.00791781023144722, 0.007838815450668335, 0.007758732419461012, 0.007608741521835327, 0.008646831847727299, 0.00920185912400484, 0.010113305412232876, 0.010026654228568077, 0.010221486911177635, 0.010179523378610611, 0.010992161929607391, 0.009446089155972004, 0.009214229881763458, 0.009733116254210472, 0.010469978675246239, 0.010508012026548386, 0.009478852152824402, 0.008577913045883179, 0.008730783127248287, 0.008583653718233109, 0.008475740440189838, 0.008380668237805367, 0.008562477305531502, 0.008573515340685844, 0.008386341854929924, 0.008218253962695599, 0.008553985506296158, 0.008698895573616028, 0.00883716531097889, 0.00909615308046341, 0.010040855035185814, 0.010112324729561806, 0.010099094361066818, 0.009354273788630962, 0.008986387401819229, 0.009874973446130753, 0.00991089828312397, 0.00978042371571064, 0.01002606749534607, 0.008923619985580444, 0.009022144600749016, 0.009047919884324074, 0.009146870113909245, 0.009382788091897964, 0.008986588567495346, 0.008961604908108711, 0.009327493607997894, 0.010240315459668636, 0.01070370152592659, 0.009661169722676277, 0.009514370001852512, 0.010154647752642632, 0.010617789812386036, 0.0108501510694623, 0.01017430704087019, 0.010049572214484215, 0.011068442836403847, 0.012255165725946426, 0.013542979955673218, 0.014179697260260582, 0.013500460423529148, 0.013531776145100594, 0.013161632232367992, 0.012575829401612282, 0.013104820623993874, 0.013646639883518219, 0.012384587898850441, 0.01344442181289196, 0.012330221943557262, 0.01289104763418436, 0.013244899921119213, 0.01414678618311882, 0.01434984989464283, 0.01429500337690115, 0.014214466325938702, 0.014923696406185627, 0.014493662863969803, 0.013071158900856972, 0.010894142091274261, 0.011558160185813904, 0.01173927541822195, 0.011841471306979656, 0.012075498700141907, 0.011872227303683758, 0.012140655890107155, 0.011968303471803665, 0.012053117156028748, 0.013396227732300758, 0.013474518433213234, 0.014230525121092796, 0.014439105987548828, 0.014722609892487526, 0.015017097815871239, 0.01442980207502842, 0.013169236481189728, 0.012218218296766281, 0.011144466698169708, 0.01010297890752554, 0.009072301909327507, 0.009231286123394966, 0.008880007080733776, 0.00877324491739273, 0.008720651268959045, 0.008985521271824837, 0.009131630882620811, 0.008868837729096413, 0.009035165421664715, 0.009241428226232529, 0.008991316892206669, 0.009236011654138565, 0.009077636525034904, 0.009062046185135841, 0.009326335974037647, 0.009147174656391144, 0.00929685402661562, 0.009505894035100937, 0.010092220269143581, 0.010187475010752678, 0.010054772719740868, 0.009940260089933872, 0.004605113994330168]}
